company_id,company_name,ticker,isin,sector,country,overall_score_pct,raw_points_out_of_34,measures_met_yes,measures_partial,measures_no,1.1a-ai-strategic-priority__verdict,1.1a-ai-strategic-priority__score,1.1-ai-strategy-objectives__verdict,1.1-ai-strategy-objectives__score,1.2-ai-competitive-driver__verdict,1.2-ai-competitive-driver__score,1.3-ai-technology-differentiation__verdict,1.3-ai-technology-differentiation__score,1.4-ai-regulation-readiness__verdict,1.4-ai-regulation-readiness__score,2.1a-ai-use-cases-qualitative__verdict,2.1a-ai-use-cases-qualitative__score,2.1-ai-use-cases-count__verdict,2.1-ai-use-cases-count__score,2.2a-ai-production-deployment__verdict,2.2a-ai-production-deployment__score,2.2-ai-production-pilot-breakdown__verdict,2.2-ai-production-pilot-breakdown__score,2.3-ai-use-case-descriptions__verdict,2.3-ai-use-case-descriptions__score,3.1a-ai-board-discussion__verdict,3.1a-ai-board-discussion__score,3.1-board-oversight-ai-charter__verdict,3.1-board-oversight-ai-charter__score,3.2-ai-leadership-accountability__verdict,3.2-ai-leadership-accountability__score,3.3-ai-governance-committees__verdict,3.3-ai-governance-committees__score,3.4-ai-safety-robustness__verdict,3.4-ai-safety-robustness__score,4.1a-ai-policy-internal__verdict,4.1a-ai-policy-internal__score,4.1-ai-policy-published__verdict,4.1-ai-policy-published__score,4.2-operationalisation-ai-principles__verdict,4.2-operationalisation-ai-principles__score,4.3-data-security-privacy-ai__verdict,4.3-data-security-privacy-ai__score,4.4-third-party-ai-risk__verdict,4.4-third-party-ai-risk__score,5.1a-ai-kpis-qualitative__verdict,5.1a-ai-kpis-qualitative__score,5.1-ai-kpis-quantified__verdict,5.1-ai-kpis-quantified__score,5.2a-ai-financial-impact-qualitative__verdict,5.2a-ai-financial-impact-qualitative__score,5.2-ai-financial-impact-quantified__verdict,5.2-ai-financial-impact-quantified__score,6.1a-ai-reskilling-commitment__verdict,6.1a-ai-reskilling-commitment__score,6.1-ai-reskilling-programme__verdict,6.1-ai-reskilling-programme__score,6.2-ai-training-headcount__verdict,6.2-ai-training-headcount__score,7.1-strategic-ai-partnerships__verdict,7.1-strategic-ai-partnerships__score,8.1-ai-literacy-community__verdict,8.1-ai-literacy-community__score,8.2-ai-public-policy-advocacy__verdict,8.2-ai-public-policy-advocacy__score,9.1-ai-risk-factor-disclosure__verdict,9.1-ai-risk-factor-disclosure__score,9.2-ai-capex-rd-quantified__verdict,9.2-ai-capex-rd-quantified__score,9.3-ai-business-model-risk__verdict,9.3-ai-business-model-risk__score,9.4-ai-incident-disclosure__verdict,9.4-ai-incident-disclosure__score
1914,360 Security Technology Inc.,,CNE100002RZ2,Technology,CHINA,5.9,2.0,2,1,31,No,0.0,No,0.0,No,0.0,No,0.0,Partial,0.0,Yes,1.0,No,0.0,No,0.0,No,0.0,Yes,1.0,No,0.0,No,0.0,No,0.0,No,0.0,No,0.0,No,0.0,No,0.0,No,0.0,No,0.0,No,0.0,No,0.0,No,0.0,No,0.0,No,0.0,No,0.0,No,0.0,No,0.0,No,0.0,No,0.0,No,0.0,No,0.0,No,0.0,No,0.0,No,0.0
1871,"37 INTERACTIVE ENTERTAINMENT NETWORK TECHNOLOGY GROUP CO.,LTD.",,CNE1000010N2,Consumer Discretion,CHINA,4.4,1.5,0,3,31,Partial,0.5,No,0.0,No,0.0,No,0.0,No,0.0,Partial,0.5,No,0.0,No,0.0,No,0.0,Partial,0.5,No,0.0,No,0.0,No,0.0,No,0.0,No,0.0,No,0.0,No,0.0,No,0.0,No,0.0,No,0.0,No,0.0,No,0.0,No,0.0,No,0.0,No,0.0,No,0.0,No,0.0,No,0.0,No,0.0,No,0.0,No,0.0,No,0.0,No,0.0,No,0.0
158,3I GROUP PLC,,GB00B1YW4409,Financials,UNITED KINGDOM,11.8,4.0,4,1,29,No,0.0,No,0.0,No,0.0,Yes,1.0,No,0.0,Yes,1.0,No,0.0,No,0.0,No,0.0,No,0.0,Yes,1.0,No,0.0,No,0.0,No,0.0,No,0.0,Yes,1.0,Partial,0.0,No,0.0,No,0.0,No,0.0,No,0.0,No,0.0,No,0.0,No,0.0,No,0.0,No,0.0,No,0.0,No,0.0,No,0.0,No,0.0,No,0.0,No,0.0,No,0.0,No,0.0
815,3M COMPANY,,US88579Y1010,Industrials,UNITED STATES,11.8,4.0,4,1,29,No,0.0,No,0.0,No,0.0,No,0.0,Partial,0.0,Yes,1.0,No,0.0,No,0.0,No,0.0,No,0.0,Yes,1.0,Yes,1.0,No,0.0,No,0.0,No,0.0,No,0.0,No,0.0,No,0.0,No,0.0,No,0.0,No,0.0,No,0.0,No,0.0,No,0.0,No,0.0,No,0.0,No,0.0,No,0.0,No,0.0,No,0.0,Yes,1.0,No,0.0,No,0.0,No,0.0
1634,3SBio Inc.,,KYG8875G1029,Health Care,HONG KONG,2.9,1.0,1,0,33,No,0.0,No,0.0,No,0.0,No,0.0,No,0.0,No,0.0,No,0.0,No,0.0,No,0.0,No,0.0,No,0.0,No,0.0,No,0.0,No,0.0,No,0.0,No,0.0,No,0.0,No,0.0,No,0.0,No,0.0,No,0.0,No,0.0,No,0.0,No,0.0,No,0.0,No,0.0,No,0.0,No,0.0,No,0.0,No,0.0,Yes,1.0,No,0.0,No,0.0,No,0.0
816,AAC TECHNOLOGIES HOLDINGS INC.,,KYG2953R1149,Technology,HONG KONG,0.0,0.0,0,0,34,No,0.0,No,0.0,No,0.0,No,0.0,No,0.0,No,0.0,No,0.0,No,0.0,No,0.0,No,0.0,No,0.0,No,0.0,No,0.0,No,0.0,No,0.0,No,0.0,No,0.0,No,0.0,No,0.0,No,0.0,No,0.0,No,0.0,No,0.0,No,0.0,No,0.0,No,0.0,No,0.0,No,0.0,No,0.0,No,0.0,No,0.0,No,0.0,No,0.0,No,0.0
817,ABB INDIA LIMITED,,INE117A01022,Industrials,INDIA,8.8,3.0,3,0,31,No,0.0,No,0.0,No,0.0,No,0.0,No,0.0,Yes,1.0,No,0.0,No,0.0,No,0.0,Yes,1.0,No,0.0,No,0.0,No,0.0,No,0.0,No,0.0,No,0.0,No,0.0,No,0.0,No,0.0,No,0.0,No,0.0,No,0.0,No,0.0,No,0.0,No,0.0,No,0.0,No,0.0,Yes,1.0,No,0.0,No,0.0,No,0.0,No,0.0,No,0.0,No,0.0
23,ABB Ltd,,CH0012221716,Industrials,SWITZERLAND,14.7,5.0,5,0,29,Yes,1.0,No,0.0,No,0.0,No,0.0,No,0.0,Yes,1.0,Yes,1.0,Yes,1.0,No,0.0,Yes,1.0,No,0.0,No,0.0,No,0.0,No,0.0,No,0.0,No,0.0,No,0.0,No,0.0,No,0.0,No,0.0,No,0.0,No,0.0,No,0.0,No,0.0,No,0.0,No,0.0,No,0.0,No,0.0,No,0.0,No,0.0,No,0.0,No,0.0,No,0.0,No,0.0
831,ABBOTT LABORATORIES,,US0028241000,Health Care,UNITED STATES,19.1,6.5,6,2,26,No,0.0,No,0.0,No,0.0,No,0.0,No,0.0,Yes,1.0,No,0.0,Yes,1.0,No,0.0,No,0.0,No,0.0,No,0.0,No,0.0,Yes,1.0,Yes,1.0,Partial,0.5,Yes,1.0,Partial,0.0,Yes,1.0,No,0.0,No,0.0,No,0.0,No,0.0,No,0.0,No,0.0,No,0.0,No,0.0,No,0.0,No,0.0,No,0.0,No,0.0,No,0.0,No,0.0,No,0.0
1941,ABBVIE INC.,,US00287Y1091,Health Care,UNITED STATES,0.0,0.0,0,0,34,No,0.0,No,0.0,No,0.0,No,0.0,No,0.0,No,0.0,No,0.0,No,0.0,No,0.0,No,0.0,No,0.0,No,0.0,No,0.0,No,0.0,No,0.0,No,0.0,No,0.0,No,0.0,No,0.0,No,0.0,No,0.0,No,0.0,No,0.0,No,0.0,No,0.0,No,0.0,No,0.0,No,0.0,No,0.0,No,0.0,No,0.0,No,0.0,No,0.0,No,0.0
1809,ABN AMRO Bank N.V.,,NL0011540547,Financials,NETHERLANDS,29.4,10.0,10,1,23,Yes,1.0,No,0.0,No,0.0,Yes,1.0,Yes,1.0,Yes,1.0,No,0.0,Yes,1.0,No,0.0,Yes,1.0,No,0.0,No,0.0,No,0.0,No,0.0,No,0.0,Yes,1.0,No,0.0,No,0.0,No,0.0,Yes,1.0,Yes,1.0,No,0.0,No,0.0,No,0.0,Yes,1.0,No,0.0,No,0.0,No,0.0,No,0.0,Partial,0.0,No,0.0,No,0.0,No,0.0,No,0.0
1432,AB Sagax,,SE0005127818,Real Estate,SWEDEN,0.0,0.0,0,0,34,No,0.0,No,0.0,No,0.0,No,0.0,No,0.0,No,0.0,No,0.0,No,0.0,No,0.0,No,0.0,No,0.0,No,0.0,No,0.0,No,0.0,No,0.0,No,0.0,No,0.0,No,0.0,No,0.0,No,0.0,No,0.0,No,0.0,No,0.0,No,0.0,No,0.0,No,0.0,No,0.0,No,0.0,No,0.0,No,0.0,No,0.0,No,0.0,No,0.0,No,0.0
818,ABSA GROUP LIMITED,,ZAE000255915,Financials,SOUTH AFRICA,8.8,3.0,3,1,30,No,0.0,No,0.0,No,0.0,No,0.0,No,0.0,Yes,1.0,No,0.0,No,0.0,No,0.0,No,0.0,No,0.0,No,0.0,No,0.0,No,0.0,No,0.0,Yes,1.0,Yes,1.0,Partial,0.0,No,0.0,No,0.0,No,0.0,No,0.0,No,0.0,No,0.0,No,0.0,No,0.0,No,0.0,No,0.0,No,0.0,No,0.0,No,0.0,No,0.0,No,0.0,No,0.0
832,Abu Dhabi Commercial Bank PJSC,,AEA000201011,Financials,UNITED ARAB EMIRATES,10.3,3.5,3,1,30,No,0.0,No,0.0,No,0.0,No,0.0,No,0.0,Partial,0.5,No,0.0,Yes,1.0,No,0.0,Yes,1.0,No,0.0,No,0.0,No,0.0,No,0.0,No,0.0,No,0.0,No,0.0,No,0.0,No,0.0,No,0.0,Yes,1.0,No,0.0,No,0.0,No,0.0,No,0.0,No,0.0,No,0.0,No,0.0,No,0.0,No,0.0,No,0.0,No,0.0,No,0.0,No,0.0
833,Abu Dhabi Islamic Bank PJSC,,AEA000801018,Financials,UNITED ARAB EMIRATES,20.6,7.0,7,0,27,Yes,1.0,No,0.0,Yes,1.0,Yes,1.0,No,0.0,Yes,1.0,No,0.0,Yes,1.0,No,0.0,No,0.0,Yes,1.0,No,0.0,No,0.0,No,0.0,No,0.0,No,0.0,No,0.0,No,0.0,No,0.0,No,0.0,No,0.0,No,0.0,No,0.0,No,0.0,Yes,1.0,No,0.0,No,0.0,No,0.0,No,0.0,No,0.0,No,0.0,No,0.0,No,0.0,No,0.0
2145,ABU DHABI NATIONAL OIL COMPANY FOR DISTRIBUTION PJSC,,AEA006101017,Energy,UNITED ARAB EMIRATES,41.2,14.0,14,0,20,Yes,1.0,No,0.0,Yes,1.0,No,0.0,No,0.0,Yes,1.0,No,0.0,Yes,1.0,No,0.0,Yes,1.0,No,0.0,No,0.0,No,0.0,No,0.0,Yes,1.0,Yes,1.0,Yes,1.0,Yes,1.0,Yes,1.0,Yes,1.0,Yes,1.0,No,0.0,Yes,1.0,No,0.0,Yes,1.0,No,0.0,No,0.0,No,0.0,No,0.0,No,0.0,No,0.0,No,0.0,No,0.0,No,0.0
1770,"Accelink Technologies Co., Ltd.",,CNE100000F87,Telecommunications,CHINA,11.8,4.0,4,0,30,Yes,1.0,No,0.0,No,0.0,No,0.0,No,0.0,Yes,1.0,No,0.0,Yes,1.0,No,0.0,No,0.0,No,0.0,No,0.0,No,0.0,No,0.0,No,0.0,No,0.0,No,0.0,No,0.0,No,0.0,No,0.0,No,0.0,No,0.0,No,0.0,No,0.0,No,0.0,No,0.0,No,0.0,Yes,1.0,No,0.0,No,0.0,No,0.0,No,0.0,No,0.0,No,0.0
219,ACCENTURE PUBLIC LIMITED COMPANY,,IE00B4BNMY34,Industrials,UNITED STATES,41.2,14.0,14,0,20,Yes,1.0,No,0.0,No,0.0,Yes,1.0,No,0.0,Yes,1.0,No,0.0,No,0.0,No,0.0,No,0.0,Yes,1.0,Yes,1.0,Yes,1.0,Yes,1.0,Yes,1.0,Yes,1.0,Yes,1.0,Yes,1.0,No,0.0,Yes,1.0,No,0.0,No,0.0,No,0.0,No,0.0,Yes,1.0,No,0.0,No,0.0,No,0.0,No,0.0,No,0.0,Yes,1.0,No,0.0,No,0.0,No,0.0
275,"Acciona, S.A.",,ES0125220311,Industrials,SPAIN,0.0,0.0,0,0,34,No,0.0,No,0.0,No,0.0,No,0.0,No,0.0,No,0.0,No,0.0,No,0.0,No,0.0,No,0.0,No,0.0,No,0.0,No,0.0,No,0.0,No,0.0,No,0.0,No,0.0,No,0.0,No,0.0,No,0.0,No,0.0,No,0.0,No,0.0,No,0.0,No,0.0,No,0.0,No,0.0,No,0.0,No,0.0,No,0.0,No,0.0,No,0.0,No,0.0,No,0.0
669,ACCOR SA,,FR0000120404,Consumer Discretion,FRANCE,25.0,8.5,8,1,25,Yes,1.0,No,0.0,Yes,1.0,Partial,0.5,No,0.0,Yes,1.0,Yes,1.0,Yes,1.0,No,0.0,Yes,1.0,No,0.0,No,0.0,No,0.0,No,0.0,No,0.0,No,0.0,No,0.0,No,0.0,No,0.0,No,0.0,Yes,1.0,No,0.0,Yes,1.0,No,0.0,No,0.0,No,0.0,No,0.0,No,0.0,No,0.0,No,0.0,No,0.0,No,0.0,No,0.0,No,0.0
686,ACCTON TECHNOLOGY CORPORATION,,TW0002345006,Telecommunications,TAIWAN,11.8,4.0,4,0,30,No,0.0,No,0.0,No,0.0,No,0.0,No,0.0,Yes,1.0,No,0.0,Yes,1.0,No,0.0,Yes,1.0,No,0.0,No,0.0,No,0.0,No,0.0,No,0.0,No,0.0,No,0.0,No,0.0,No,0.0,No,0.0,No,0.0,No,0.0,No,0.0,No,0.0,No,0.0,No,0.0,No,0.0,Yes,1.0,No,0.0,No,0.0,No,0.0,No,0.0,No,0.0,No,0.0
2320,ACM Research Shanghai Inc,,CNE100004ZD8,Technology,CHINA,0.0,0.0,0,0,34,No,0.0,No,0.0,No,0.0,No,0.0,No,0.0,No,0.0,No,0.0,No,0.0,No,0.0,No,0.0,No,0.0,No,0.0,No,0.0,No,0.0,No,0.0,No,0.0,No,0.0,No,0.0,No,0.0,No,0.0,No,0.0,No,0.0,No,0.0,No,0.0,No,0.0,No,0.0,No,0.0,No,0.0,No,0.0,No,0.0,No,0.0,No,0.0,No,0.0,No,0.0
820,"ACS, Actividades de Construccion y Servicios, S.A.",,ES0167050915,Industrials,SPAIN,11.8,4.0,4,0,30,Yes,1.0,No,0.0,Yes,1.0,No,0.0,No,0.0,Yes,1.0,No,0.0,No,0.0,No,0.0,No,0.0,No,0.0,No,0.0,No,0.0,No,0.0,No,0.0,No,0.0,No,0.0,No,0.0,No,0.0,No,0.0,No,0.0,No,0.0,No,0.0,No,0.0,No,0.0,No,0.0,No,0.0,Yes,1.0,No,0.0,No,0.0,No,0.0,No,0.0,No,0.0,No,0.0
1987,ACWA POWER Company SJSC,,SA15CGS10H12,Utilities,SAUDI ARABIA,11.8,4.0,4,0,30,No,0.0,No,0.0,No,0.0,No,0.0,No,0.0,Yes,1.0,No,0.0,Yes,1.0,No,0.0,Yes,1.0,No,0.0,No,0.0,No,0.0,No,0.0,No,0.0,No,0.0,No,0.0,No,0.0,No,0.0,No,0.0,Yes,1.0,No,0.0,No,0.0,No,0.0,No,0.0,No,0.0,No,0.0,No,0.0,No,0.0,No,0.0,No,0.0,No,0.0,No,0.0,No,0.0
147,ADANI ENTERPRISES LIMITED,,IN9423A01048,Industrials,INDIA,1.5,0.5,0,1,33,No,0.0,No,0.0,No,0.0,No,0.0,No,0.0,Partial,0.5,No,0.0,No,0.0,No,0.0,No,0.0,No,0.0,No,0.0,No,0.0,No,0.0,No,0.0,No,0.0,No,0.0,No,0.0,No,0.0,No,0.0,No,0.0,No,0.0,No,0.0,No,0.0,No,0.0,No,0.0,No,0.0,No,0.0,No,0.0,No,0.0,No,0.0,No,0.0,No,0.0,No,0.0
1301,ADANI PORTS AND SPECIAL ECONOMIC ZONE LIMITED,,INE742F01042,Industrials,INDIA,11.8,4.0,4,0,30,No,0.0,No,0.0,No,0.0,No,0.0,No,0.0,Yes,1.0,No,0.0,Yes,1.0,No,0.0,Yes,1.0,Yes,1.0,No,0.0,No,0.0,No,0.0,No,0.0,No,0.0,No,0.0,No,0.0,No,0.0,No,0.0,No,0.0,No,0.0,No,0.0,No,0.0,No,0.0,No,0.0,No,0.0,No,0.0,No,0.0,No,0.0,No,0.0,No,0.0,No,0.0,No,0.0
1757,ADANI POWER LIMITED,,INE814H01029,Utilities,INDIA,11.8,4.0,4,0,30,No,0.0,No,0.0,No,0.0,No,0.0,No,0.0,Yes,1.0,No,0.0,Yes,1.0,No,0.0,No,0.0,No,0.0,No,0.0,No,0.0,No,0.0,No,0.0,No,0.0,No,0.0,No,0.0,No,0.0,No,0.0,Yes,1.0,No,0.0,No,0.0,No,0.0,No,0.0,No,0.0,No,0.0,No,0.0,No,0.0,No,0.0,Yes,1.0,No,0.0,No,0.0,No,0.0
834,Addtech AB,,SE0014781795,Industrials,SWEDEN,0.0,0.0,0,0,34,No,0.0,No,0.0,No,0.0,No,0.0,No,0.0,No,0.0,No,0.0,No,0.0,No,0.0,No,0.0,No,0.0,No,0.0,No,0.0,No,0.0,No,0.0,No,0.0,No,0.0,No,0.0,No,0.0,No,0.0,No,0.0,No,0.0,No,0.0,No,0.0,No,0.0,No,0.0,No,0.0,No,0.0,No,0.0,No,0.0,No,0.0,No,0.0,No,0.0,No,0.0
2389,ADES Holding Company Listed Joint Stock Company,,SA55SG6H5716,Energy,SAUDI ARABIA,11.8,4.0,4,0,30,No,0.0,No,0.0,No,0.0,No,0.0,No,0.0,Yes,1.0,No,0.0,Yes,1.0,No,0.0,Yes,1.0,No,0.0,No,0.0,No,0.0,No,0.0,No,0.0,No,0.0,No,0.0,No,0.0,No,0.0,No,0.0,Yes,1.0,No,0.0,No,0.0,No,0.0,No,0.0,No,0.0,No,0.0,No,0.0,No,0.0,No,0.0,No,0.0,No,0.0,No,0.0,No,0.0
443,adidas AG,,DE000A1EWWW0,Consumer Discretion,GERMANY,5.9,2.0,2,0,32,No,0.0,No,0.0,No,0.0,No,0.0,No,0.0,Yes,1.0,No,0.0,No,0.0,No,0.0,No,0.0,Yes,1.0,No,0.0,No,0.0,No,0.0,No,0.0,No,0.0,No,0.0,No,0.0,No,0.0,No,0.0,No,0.0,No,0.0,No,0.0,No,0.0,No,0.0,No,0.0,No,0.0,No,0.0,No,0.0,No,0.0,No,0.0,No,0.0,No,0.0,No,0.0
2007,ADITYA BIRLA CAPITAL LIMITED,,INE674K01013,Financials,INDIA,35.3,12.0,12,0,22,No,0.0,No,0.0,No,0.0,Yes,1.0,No,0.0,Yes,1.0,No,0.0,Yes,1.0,No,0.0,Yes,1.0,No,0.0,No,0.0,No,0.0,No,0.0,Yes,1.0,Yes,1.0,Yes,1.0,Yes,1.0,Yes,1.0,No,0.0,Yes,1.0,Yes,1.0,No,0.0,No,0.0,Yes,1.0,No,0.0,No,0.0,No,0.0,No,0.0,No,0.0,No,0.0,No,0.0,No,0.0,No,0.0
835,ADMIRAL GROUP PLC,,GB00B02J6398,Financials,UNITED KINGDOM,2.9,1.0,1,0,33,No,0.0,No,0.0,No,0.0,No,0.0,No,0.0,No,0.0,No,0.0,No,0.0,No,0.0,No,0.0,No,0.0,No,0.0,No,0.0,No,0.0,No,0.0,No,0.0,No,0.0,No,0.0,No,0.0,No,0.0,No,0.0,No,0.0,No,0.0,No,0.0,No,0.0,No,0.0,No,0.0,No,0.0,No,0.0,No,0.0,No,0.0,No,0.0,Yes,1.0,No,0.0
2315,ADNOC DRILLING COMPANY P.J.S.C.,,AEA007301012,Energy,UNITED ARAB EMIRATES,17.6,6.0,6,0,28,Yes,1.0,No,0.0,Yes,1.0,No,0.0,No,0.0,Yes,1.0,Yes,1.0,No,0.0,No,0.0,Yes,1.0,No,0.0,No,0.0,No,0.0,No,0.0,No,0.0,No,0.0,No,0.0,No,0.0,No,0.0,No,0.0,No,0.0,No,0.0,Yes,1.0,No,0.0,No,0.0,No,0.0,No,0.0,No,0.0,No,0.0,No,0.0,No,0.0,No,0.0,No,0.0,No,0.0
2371,ADNOC Gas PLC,,AEE01195A234,Energy,UNITED ARAB EMIRATES,32.4,11.0,11,0,23,Yes,1.0,Yes,1.0,Yes,1.0,No,0.0,No,0.0,Yes,1.0,No,0.0,Yes,1.0,No,0.0,Yes,1.0,No,0.0,No,0.0,No,0.0,No,0.0,No,0.0,No,0.0,No,0.0,No,0.0,No,0.0,No,0.0,Yes,1.0,Yes,1.0,Yes,1.0,Yes,1.0,No,0.0,No,0.0,No,0.0,Yes,1.0,No,0.0,No,0.0,No,0.0,No,0.0,No,0.0,No,0.0
2361,ADNOC Logistics & Services PLC,,AEE01268A239,Industrials,UNITED ARAB EMIRATES,17.6,6.0,6,0,28,Yes,1.0,No,0.0,Yes,1.0,No,0.0,No,0.0,Yes,1.0,No,0.0,Yes,1.0,No,0.0,Yes,1.0,No,0.0,No,0.0,No,0.0,No,0.0,No,0.0,No,0.0,No,0.0,No,0.0,No,0.0,No,0.0,Yes,1.0,No,0.0,No,0.0,No,0.0,No,0.0,No,0.0,No,0.0,No,0.0,No,0.0,No,0.0,No,0.0,No,0.0,No,0.0,No,0.0
709,ADOBE INC.,,US00724F1012,Technology,UNITED STATES,29.4,10.0,10,0,24,Yes,1.0,No,0.0,Yes,1.0,No,0.0,No,0.0,Yes,1.0,No,0.0,No,0.0,No,0.0,Yes,1.0,Yes,1.0,No,0.0,No,0.0,No,0.0,No,0.0,Yes,1.0,Yes,1.0,Yes,1.0,No,0.0,No,0.0,No,0.0,No,0.0,No,0.0,No,0.0,No,0.0,No,0.0,No,0.0,Yes,1.0,No,0.0,No,0.0,Yes,1.0,No,0.0,No,0.0,No,0.0
836,ADVANCED INFO SERVICE PUBLIC COMPANY LIMITED,,TH0268010Z03,Telecommunications,THAILAND,23.5,8.0,8,0,26,Yes,1.0,No,0.0,Yes,1.0,No,0.0,No,0.0,Yes,1.0,No,0.0,Yes,1.0,No,0.0,Yes,1.0,No,0.0,No,0.0,No,0.0,No,0.0,No,0.0,Yes,1.0,Yes,1.0,No,0.0,Yes,1.0,No,0.0,No,0.0,No,0.0,No,0.0,No,0.0,No,0.0,No,0.0,No,0.0,No,0.0,No,0.0,No,0.0,No,0.0,No,0.0,No,0.0,No,0.0
31,"ADVANCED MICRO DEVICES, INC.",,US0079031078,Technology,UNITED STATES,33.8,11.5,9,6,19,Yes,1.0,No,0.0,Yes,1.0,No,0.0,Partial,0.0,Partial,0.5,No,0.0,Partial,0.5,No,0.0,No,0.0,No,0.0,No,0.0,No,0.0,No,0.0,No,0.0,Yes,1.0,Partial,0.5,Yes,1.0,Partial,0.5,No,0.0,Yes,1.0,Yes,1.0,No,0.0,No,0.0,No,0.0,No,0.0,No,0.0,Yes,1.0,No,0.0,Yes,1.0,Yes,1.0,Partial,0.5,No,0.0,No,0.0
2219,Advanced Micro-Fabrication Equipment Inc China,,CNE100003MM9,Technology,CHINA,8.8,3.0,3,0,31,No,0.0,No,0.0,No,0.0,No,0.0,No,0.0,Yes,1.0,No,0.0,Yes,1.0,No,0.0,Yes,1.0,No,0.0,No,0.0,No,0.0,No,0.0,No,0.0,No,0.0,No,0.0,No,0.0,No,0.0,No,0.0,No,0.0,No,0.0,No,0.0,No,0.0,No,0.0,No,0.0,No,0.0,No,0.0,No,0.0,No,0.0,No,0.0,No,0.0,No,0.0,No,0.0
837,"ADVANTECH Co., Ltd.",,TW0002395001,Technology,TAIWAN,26.5,9.0,7,4,23,Partial,0.5,No,0.0,No,0.0,No,0.0,No,0.0,Partial,0.5,No,0.0,Yes,1.0,No,0.0,Partial,0.5,No,0.0,No,0.0,No,0.0,Yes,1.0,No,0.0,No,0.0,Partial,0.5,No,0.0,No,0.0,No,0.0,Yes,1.0,No,0.0,Yes,1.0,Yes,1.0,Yes,1.0,No,0.0,No,0.0,Yes,1.0,No,0.0,No,0.0,No,0.0,No,0.0,No,0.0,No,0.0
464,ADVANTEST CORPORATION,,JP3122400009,Technology,JAPAN,11.8,4.0,4,0,30,Yes,1.0,No,0.0,No,0.0,No,0.0,No,0.0,Yes,1.0,No,0.0,Yes,1.0,No,0.0,Yes,1.0,No,0.0,No,0.0,No,0.0,No,0.0,No,0.0,No,0.0,No,0.0,No,0.0,No,0.0,No,0.0,No,0.0,No,0.0,No,0.0,No,0.0,No,0.0,No,0.0,No,0.0,No,0.0,No,0.0,No,0.0,No,0.0,No,0.0,No,0.0,No,0.0
2168,Adyen N.V.,,NL0012969182,Industrials,NETHERLANDS,17.6,6.0,6,0,28,Yes,1.0,No,0.0,Yes,1.0,No,0.0,No,0.0,Yes,1.0,No,0.0,Yes,1.0,No,0.0,Yes,1.0,No,0.0,No,0.0,No,0.0,No,0.0,No,0.0,No,0.0,No,0.0,No,0.0,No,0.0,No,0.0,No,0.0,No,0.0,Yes,1.0,No,0.0,No,0.0,No,0.0,No,0.0,No,0.0,No,0.0,No,0.0,No,0.0,No,0.0,No,0.0,No,0.0
978,"AECC AVIATION POWER CO,LTD",,CNE000000JW1,Industrials,CHINA,0.0,0.0,0,0,34,No,0.0,No,0.0,No,0.0,No,0.0,No,0.0,No,0.0,No,0.0,No,0.0,No,0.0,No,0.0,No,0.0,No,0.0,No,0.0,No,0.0,No,0.0,No,0.0,No,0.0,No,0.0,No,0.0,No,0.0,No,0.0,No,0.0,No,0.0,No,0.0,No,0.0,No,0.0,No,0.0,No,0.0,No,0.0,No,0.0,No,0.0,No,0.0,No,0.0,No,0.0
821,AECOM,,US00766T1007,Industrials,UNITED STATES,13.2,4.5,4,1,29,No,0.0,No,0.0,No,0.0,No,0.0,No,0.0,Yes,1.0,No,0.0,Yes,1.0,No,0.0,Yes,1.0,No,0.0,No,0.0,No,0.0,No,0.0,No,0.0,No,0.0,No,0.0,No,0.0,No,0.0,No,0.0,No,0.0,No,0.0,Partial,0.5,No,0.0,No,0.0,No,0.0,No,0.0,Yes,1.0,No,0.0,No,0.0,No,0.0,No,0.0,No,0.0,No,0.0
2390,AEGON LTD.,,BMG0112X1056,Financials,NETHERLANDS,5.9,2.0,2,0,32,No,0.0,No,0.0,No,0.0,No,0.0,No,0.0,No,0.0,No,0.0,No,0.0,No,0.0,No,0.0,Yes,1.0,No,0.0,No,0.0,No,0.0,No,0.0,No,0.0,No,0.0,No,0.0,No,0.0,No,0.0,No,0.0,No,0.0,No,0.0,No,0.0,No,0.0,No,0.0,No,0.0,No,0.0,No,0.0,Yes,1.0,No,0.0,No,0.0,No,0.0,No,0.0
2034,"Aena, S.M.E., S.A.",,ES0105046017,Industrials,SPAIN,8.8,3.0,3,0,31,No,0.0,No,0.0,No,0.0,No,0.0,No,0.0,No,0.0,No,0.0,No,0.0,No,0.0,No,0.0,No,0.0,No,0.0,No,0.0,No,0.0,No,0.0,Yes,1.0,Yes,1.0,No,0.0,No,0.0,No,0.0,No,0.0,No,0.0,No,0.0,No,0.0,No,0.0,No,0.0,No,0.0,No,0.0,No,0.0,No,0.0,No,0.0,No,0.0,No,0.0,Yes,1.0
838,"AEON CO.,LTD.",,JP3388200002,Consumer Staples,JAPAN,5.9,2.0,2,0,32,No,0.0,No,0.0,No,0.0,No,0.0,No,0.0,Yes,1.0,No,0.0,No,0.0,No,0.0,No,0.0,No,0.0,No,0.0,No,0.0,No,0.0,No,0.0,No,0.0,No,0.0,No,0.0,No,0.0,No,0.0,No,0.0,No,0.0,No,0.0,No,0.0,Yes,1.0,No,0.0,No,0.0,No,0.0,No,0.0,No,0.0,No,0.0,No,0.0,No,0.0,No,0.0
839,AerCap Holdings N.V.,,NL0000687663,Industrials,UNITED STATES,0.0,0.0,0,0,34,No,0.0,No,0.0,No,0.0,No,0.0,No,0.0,No,0.0,No,0.0,No,0.0,No,0.0,No,0.0,No,0.0,No,0.0,No,0.0,No,0.0,No,0.0,No,0.0,No,0.0,No,0.0,No,0.0,No,0.0,No,0.0,No,0.0,No,0.0,No,0.0,No,0.0,No,0.0,No,0.0,No,0.0,No,0.0,No,0.0,No,0.0,No,0.0,No,0.0,No,0.0
840,AEROPORTS DE PARIS SA,,FR0010340141,Industrials,FRANCE,2.9,1.0,1,0,33,No,0.0,No,0.0,No,0.0,No,0.0,No,0.0,Yes,1.0,No,0.0,No,0.0,No,0.0,No,0.0,No,0.0,No,0.0,No,0.0,No,0.0,No,0.0,No,0.0,No,0.0,No,0.0,No,0.0,No,0.0,No,0.0,No,0.0,No,0.0,No,0.0,No,0.0,No,0.0,No,0.0,No,0.0,No,0.0,No,0.0,No,0.0,No,0.0,No,0.0,No,0.0
2436,"AFFIRM HOLDINGS, INC.",,US00827B1061,Industrials,UNITED STATES,14.7,5.0,5,0,29,No,0.0,No,0.0,Yes,1.0,Yes,1.0,No,0.0,No,0.0,No,0.0,No,0.0,No,0.0,No,0.0,No,0.0,No,0.0,No,0.0,No,0.0,No,0.0,No,0.0,No,0.0,No,0.0,No,0.0,No,0.0,Yes,1.0,No,0.0,Yes,1.0,No,0.0,No,0.0,No,0.0,No,0.0,No,0.0,No,0.0,No,0.0,Yes,1.0,No,0.0,No,0.0,No,0.0
18,AFLAC INCORPORATED,,US0010551028,Financials,UNITED STATES,8.8,3.0,3,1,30,No,0.0,No,0.0,No,0.0,No,0.0,Partial,0.0,No,0.0,No,0.0,No,0.0,No,0.0,No,0.0,No,0.0,No,0.0,No,0.0,No,0.0,No,0.0,Yes,1.0,No,0.0,No,0.0,No,0.0,Yes,1.0,No,0.0,No,0.0,No,0.0,No,0.0,No,0.0,No,0.0,No,0.0,No,0.0,No,0.0,No,0.0,Yes,1.0,No,0.0,No,0.0,No,0.0
870,AGC Inc.,,JP3112000009,Industrials,JAPAN,16.2,5.5,3,5,26,No,0.0,No,0.0,No,0.0,Yes,1.0,No,0.0,Partial,0.5,No,0.0,No,0.0,No,0.0,Partial,0.5,No,0.0,No,0.0,No,0.0,No,0.0,No,0.0,Partial,0.5,Partial,0.5,No,0.0,Yes,1.0,No,0.0,No,0.0,No,0.0,No,0.0,No,0.0,Partial,0.5,Yes,1.0,No,0.0,No,0.0,No,0.0,No,0.0,No,0.0,No,0.0,No,0.0,No,0.0
1099,AGEAS SA,,BE0974264930,Financials,BELGIUM,23.5,8.0,8,0,26,Yes,1.0,No,0.0,No,0.0,Yes,1.0,No,0.0,Yes,1.0,No,0.0,Yes,1.0,No,0.0,Yes,1.0,No,0.0,No,0.0,No,0.0,No,0.0,No,0.0,Yes,1.0,Yes,1.0,Yes,1.0,No,0.0,No,0.0,No,0.0,No,0.0,No,0.0,No,0.0,No,0.0,No,0.0,No,0.0,No,0.0,No,0.0,No,0.0,No,0.0,No,0.0,No,0.0,No,0.0
271,"AGILENT TECHNOLOGIES, INC.",,US00846U1016,Health Care,UNITED STATES,16.2,5.5,5,1,28,Yes,1.0,No,0.0,No,0.0,Yes,1.0,No,0.0,Partial,0.5,No,0.0,No,0.0,No,0.0,Yes,1.0,No,0.0,No,0.0,No,0.0,No,0.0,No,0.0,No,0.0,No,0.0,No,0.0,No,0.0,No,0.0,No,0.0,No,0.0,No,0.0,No,0.0,No,0.0,No,0.0,No,0.0,No,0.0,No,0.0,No,0.0,Yes,1.0,No,0.0,Yes,1.0,No,0.0
2401,AGNICO EAGLE MINES LIMITED,,CA0084741085,Basic Materials,CANADA,0.0,0.0,0,0,34,No,0.0,No,0.0,No,0.0,No,0.0,No,0.0,No,0.0,No,0.0,No,0.0,No,0.0,No,0.0,No,0.0,No,0.0,No,0.0,No,0.0,No,0.0,No,0.0,No,0.0,No,0.0,No,0.0,No,0.0,No,0.0,No,0.0,No,0.0,No,0.0,No,0.0,No,0.0,No,0.0,No,0.0,No,0.0,No,0.0,No,0.0,No,0.0,No,0.0,No,0.0
1965,AGRICULTURAL BANK OF CHINA LIMITED,,CNE100000RJ0,Financials,CHINA,10.3,3.5,3,1,30,Partial,0.5,No,0.0,No,0.0,No,0.0,No,0.0,Yes,1.0,No,0.0,Yes,1.0,No,0.0,Yes,1.0,No,0.0,No,0.0,No,0.0,No,0.0,No,0.0,No,0.0,No,0.0,No,0.0,No,0.0,No,0.0,No,0.0,No,0.0,No,0.0,No,0.0,No,0.0,No,0.0,No,0.0,No,0.0,No,0.0,No,0.0,No,0.0,No,0.0,No,0.0,No,0.0
1846,AIA Group Limited,,HK0000069689,Financials,HONG KONG,33.8,11.5,9,5,20,Yes,1.0,No,0.0,No,0.0,Yes,1.0,No,0.0,Partial,0.5,No,0.0,Yes,1.0,No,0.0,Partial,0.5,Yes,1.0,Yes,1.0,No,0.0,No,0.0,No,0.0,Yes,1.0,Partial,0.5,Yes,1.0,Yes,1.0,Yes,1.0,Partial,0.5,No,0.0,Partial,0.5,No,0.0,No,0.0,No,0.0,No,0.0,No,0.0,No,0.0,No,0.0,No,0.0,No,0.0,No,0.0,No,0.0
2147,AIB GROUP PUBLIC LIMITED COMPANY,,IE00BF0L3536,Financials,IRELAND,32.4,11.0,11,0,23,Yes,1.0,No,0.0,No,0.0,No,0.0,Yes,1.0,Yes,1.0,No,0.0,Yes,1.0,No,0.0,Yes,1.0,Yes,1.0,No,0.0,No,0.0,No,0.0,No,0.0,Yes,1.0,Yes,1.0,Yes,1.0,No,0.0,Yes,1.0,No,0.0,No,0.0,No,0.0,No,0.0,No,0.0,No,0.0,No,0.0,No,0.0,No,0.0,No,0.0,Yes,1.0,No,0.0,No,0.0,No,0.0
1786,"Aier Eye Hospital Group Co., Ltd.",,CNE100000GR6,Health Care,CHINA,11.8,4.0,4,0,30,Yes,1.0,No,0.0,No,0.0,No,0.0,No,0.0,Yes,1.0,No,0.0,No,0.0,No,0.0,Yes,1.0,No,0.0,No,0.0,No,0.0,No,0.0,No,0.0,No,0.0,No,0.0,No,0.0,No,0.0,No,0.0,No,0.0,No,0.0,No,0.0,No,0.0,No,0.0,No,0.0,No,0.0,No,0.0,No,0.0,No,0.0,Yes,1.0,No,0.0,No,0.0,No,0.0
841,AIR ARABIA PJSC,,AEA003001012,Consumer Discretion,UNITED ARAB EMIRATES,0.0,0.0,0,0,34,No,0.0,No,0.0,No,0.0,No,0.0,No,0.0,No,0.0,No,0.0,No,0.0,No,0.0,No,0.0,No,0.0,No,0.0,No,0.0,No,0.0,No,0.0,No,0.0,No,0.0,No,0.0,No,0.0,No,0.0,No,0.0,No,0.0,No,0.0,No,0.0,No,0.0,No,0.0,No,0.0,No,0.0,No,0.0,No,0.0,No,0.0,No,0.0,No,0.0,No,0.0
2087,"AIRBNB, INC.",,US0090661010,Consumer Discretion,UNITED STATES,20.6,7.0,7,0,27,No,0.0,No,0.0,No,0.0,Yes,1.0,Yes,1.0,No,0.0,No,0.0,No,0.0,No,0.0,Yes,1.0,No,0.0,No,0.0,No,0.0,No,0.0,No,0.0,Yes,1.0,Yes,1.0,No,0.0,No,0.0,No,0.0,No,0.0,No,0.0,No,0.0,No,0.0,No,0.0,No,0.0,No,0.0,No,0.0,No,0.0,Yes,1.0,Yes,1.0,No,0.0,No,0.0,No,0.0
114,Airbus SE,,NL0000235190,Industrials,FRANCE,2.9,1.0,1,0,33,No,0.0,No,0.0,No,0.0,No,0.0,No,0.0,No,0.0,No,0.0,No,0.0,No,0.0,No,0.0,Yes,1.0,No,0.0,No,0.0,No,0.0,No,0.0,No,0.0,No,0.0,No,0.0,No,0.0,No,0.0,No,0.0,No,0.0,No,0.0,No,0.0,No,0.0,No,0.0,No,0.0,No,0.0,No,0.0,No,0.0,No,0.0,No,0.0,No,0.0,No,0.0
677,Air China Limited,,CNE000001NN0,Consumer Discretion,CHINA,8.8,3.0,3,0,31,No,0.0,No,0.0,No,0.0,No,0.0,No,0.0,Yes,1.0,No,0.0,Yes,1.0,No,0.0,Yes,1.0,No,0.0,No,0.0,No,0.0,No,0.0,No,0.0,No,0.0,No,0.0,No,0.0,No,0.0,No,0.0,No,0.0,No,0.0,No,0.0,No,0.0,No,0.0,No,0.0,No,0.0,No,0.0,No,0.0,No,0.0,No,0.0,No,0.0,No,0.0,No,0.0
719,Airports of Thailand Public Company Limited,,TH0765010Z08,Industrials,THAILAND,2.9,1.0,1,0,33,No,0.0,No,0.0,No,0.0,No,0.0,No,0.0,No,0.0,No,0.0,No,0.0,No,0.0,No,0.0,No,0.0,No,0.0,No,0.0,No,0.0,No,0.0,No,0.0,No,0.0,No,0.0,No,0.0,No,0.0,No,0.0,No,0.0,No,0.0,No,0.0,No,0.0,No,0.0,No,0.0,No,0.0,No,0.0,No,0.0,No,0.0,No,0.0,Yes,1.0,No,0.0
842,"AIR PRODUCTS AND CHEMICALS, INC.",,US0091581068,Basic Materials,UNITED STATES,5.9,2.0,2,0,32,No,0.0,No,0.0,No,0.0,No,0.0,No,0.0,No,0.0,No,0.0,No,0.0,No,0.0,No,0.0,No,0.0,No,0.0,No,0.0,No,0.0,No,0.0,No,0.0,No,0.0,No,0.0,No,0.0,No,0.0,No,0.0,No,0.0,No,0.0,No,0.0,No,0.0,No,0.0,No,0.0,No,0.0,No,0.0,No,0.0,Yes,1.0,No,0.0,Yes,1.0,No,0.0
1860,AIRTAC INTERNATIONAL GROUP,,KYG014081064,Industrials,TAIWAN,0.0,0.0,0,0,34,No,0.0,No,0.0,No,0.0,No,0.0,No,0.0,No,0.0,No,0.0,No,0.0,No,0.0,No,0.0,No,0.0,No,0.0,No,0.0,No,0.0,No,0.0,No,0.0,No,0.0,No,0.0,No,0.0,No,0.0,No,0.0,No,0.0,No,0.0,No,0.0,No,0.0,No,0.0,No,0.0,No,0.0,No,0.0,No,0.0,No,0.0,No,0.0,No,0.0,No,0.0
2217,AIRTEL AFRICA PLC,,GB00BKDRYJ47,Telecommunications,UNITED KINGDOM,2.9,1.0,1,0,33,No,0.0,No,0.0,No,0.0,No,0.0,No,0.0,No,0.0,No,0.0,No,0.0,No,0.0,No,0.0,No,0.0,No,0.0,No,0.0,No,0.0,No,0.0,No,0.0,No,0.0,No,0.0,No,0.0,No,0.0,No,0.0,No,0.0,No,0.0,No,0.0,No,0.0,No,0.0,No,0.0,No,0.0,No,0.0,No,0.0,Yes,1.0,No,0.0,No,0.0,No,0.0
823,AISIN CORPORATION,,JP3102000001,Consumer Discretion,JAPAN,7.4,2.5,1,3,30,Yes,1.0,No,0.0,No,0.0,No,0.0,No,0.0,Partial,0.5,No,0.0,Partial,0.5,No,0.0,Partial,0.5,No,0.0,No,0.0,No,0.0,No,0.0,No,0.0,No,0.0,No,0.0,No,0.0,No,0.0,No,0.0,No,0.0,No,0.0,No,0.0,No,0.0,No,0.0,No,0.0,No,0.0,No,0.0,No,0.0,No,0.0,No,0.0,No,0.0,No,0.0,No,0.0
843,"Ajinomoto Co., Inc.",,JP3119600009,Consumer Staples,JAPAN,11.8,4.0,4,1,29,No,0.0,No,0.0,No,0.0,No,0.0,No,0.0,Yes,1.0,No,0.0,Yes,1.0,No,0.0,Yes,1.0,No,0.0,No,0.0,No,0.0,No,0.0,No,0.0,No,0.0,No,0.0,No,0.0,No,0.0,No,0.0,No,0.0,No,0.0,No,0.0,No,0.0,Partial,0.0,No,0.0,No,0.0,No,0.0,No,0.0,No,0.0,Yes,1.0,No,0.0,No,0.0,No,0.0
85,AKBANK TURK ANONIM SIRKETI,,TRAAKBNK91N6,Financials,TURKEY,39.7,13.5,12,3,19,No,0.0,No,0.0,No,0.0,Yes,1.0,Yes,1.0,Yes,1.0,Yes,1.0,Yes,1.0,No,0.0,Yes,1.0,No,0.0,No,0.0,No,0.0,No,0.0,Yes,1.0,Yes,1.0,Partial,0.5,Yes,1.0,Yes,1.0,Yes,1.0,Yes,1.0,No,0.0,No,0.0,No,0.0,Partial,0.5,No,0.0,No,0.0,No,0.0,Partial,0.5,No,0.0,No,0.0,No,0.0,No,0.0,No,0.0
1724,AKER BP ASA,,NO0010345853,Energy,NORWAY,26.5,9.0,9,1,24,Yes,1.0,Partial,0.0,No,0.0,No,0.0,No,0.0,Yes,1.0,No,0.0,Yes,1.0,No,0.0,Yes,1.0,No,0.0,No,0.0,No,0.0,No,0.0,No,0.0,Yes,1.0,Yes,1.0,Yes,1.0,No,0.0,No,0.0,Yes,1.0,No,0.0,No,0.0,No,0.0,Yes,1.0,No,0.0,No,0.0,No,0.0,No,0.0,No,0.0,No,0.0,No,0.0,No,0.0,No,0.0
2247,Akeso Inc,,KYG0146B1032,Health Care,HONG KONG,0.0,0.0,0,0,34,No,0.0,No,0.0,No,0.0,No,0.0,No,0.0,No,0.0,No,0.0,No,0.0,No,0.0,No,0.0,No,0.0,No,0.0,No,0.0,No,0.0,No,0.0,No,0.0,No,0.0,No,0.0,No,0.0,No,0.0,No,0.0,No,0.0,No,0.0,No,0.0,No,0.0,No,0.0,No,0.0,No,0.0,No,0.0,No,0.0,No,0.0,No,0.0,No,0.0,No,0.0
1175,Aktiebolaget Industrivarden,,SE0000107203,Financials,SWEDEN,0.0,0.0,0,0,34,No,0.0,No,0.0,No,0.0,No,0.0,No,0.0,No,0.0,No,0.0,No,0.0,No,0.0,No,0.0,No,0.0,No,0.0,No,0.0,No,0.0,No,0.0,No,0.0,No,0.0,No,0.0,No,0.0,No,0.0,No,0.0,No,0.0,No,0.0,No,0.0,No,0.0,No,0.0,No,0.0,No,0.0,No,0.0,No,0.0,No,0.0,No,0.0,No,0.0,No,0.0
559,Aktiebolaget SKF,,SE0000108227,Basic Materials,SWEDEN,0.0,0.0,0,0,34,No,0.0,No,0.0,No,0.0,No,0.0,No,0.0,No,0.0,No,0.0,No,0.0,No,0.0,No,0.0,No,0.0,No,0.0,No,0.0,No,0.0,No,0.0,No,0.0,No,0.0,No,0.0,No,0.0,No,0.0,No,0.0,No,0.0,No,0.0,No,0.0,No,0.0,No,0.0,No,0.0,No,0.0,No,0.0,No,0.0,No,0.0,No,0.0,No,0.0,No,0.0
568,Aktiebolaget Volvo,,SE0000115446,Industrials,SWEDEN,20.6,7.0,7,0,27,No,0.0,No,0.0,No,0.0,No,0.0,Yes,1.0,Yes,1.0,No,0.0,Yes,1.0,No,0.0,Yes,1.0,No,0.0,No,0.0,No,0.0,No,0.0,Yes,1.0,Yes,1.0,No,0.0,Yes,1.0,No,0.0,No,0.0,No,0.0,No,0.0,No,0.0,No,0.0,No,0.0,No,0.0,No,0.0,No,0.0,No,0.0,No,0.0,No,0.0,No,0.0,No,0.0,No,0.0
844,Akzo Nobel N.V.,,NL0013267909,Basic Materials,NETHERLANDS,35.3,12.0,12,0,22,Yes,1.0,No,0.0,Yes,1.0,No,0.0,No,0.0,Yes,1.0,Yes,1.0,Yes,1.0,No,0.0,Yes,1.0,No,0.0,No,0.0,No,0.0,No,0.0,Yes,1.0,No,0.0,Yes,1.0,Yes,1.0,Yes,1.0,No,0.0,Yes,1.0,No,0.0,No,0.0,No,0.0,No,0.0,No,0.0,No,0.0,No,0.0,No,0.0,No,0.0,Yes,1.0,No,0.0,No,0.0,No,0.0
2425,ALAMOS GOLD INC.,,CA0115321089,Basic Materials,CANADA,0.0,0.0,0,0,34,No,0.0,No,0.0,No,0.0,No,0.0,No,0.0,No,0.0,No,0.0,No,0.0,No,0.0,No,0.0,No,0.0,No,0.0,No,0.0,No,0.0,No,0.0,No,0.0,No,0.0,No,0.0,No,0.0,No,0.0,No,0.0,No,0.0,No,0.0,No,0.0,No,0.0,No,0.0,No,0.0,No,0.0,No,0.0,No,0.0,No,0.0,No,0.0,No,0.0,No,0.0
1862,Alchip Technologies Ltd,,KYG022421088,Technology,TAIWAN,14.7,5.0,5,0,29,Yes,1.0,No,0.0,Yes,1.0,No,0.0,No,0.0,Yes,1.0,No,0.0,Yes,1.0,No,0.0,No,0.0,No,0.0,No,0.0,No,0.0,No,0.0,No,0.0,No,0.0,No,0.0,No,0.0,No,0.0,No,0.0,No,0.0,No,0.0,Yes,1.0,No,0.0,No,0.0,No,0.0,No,0.0,No,0.0,No,0.0,No,0.0,No,0.0,No,0.0,No,0.0,No,0.0
2206,Alcon AG,,CH0432492467,Health Care,SWITZERLAND,14.7,5.0,5,1,28,No,0.0,No,0.0,No,0.0,Yes,1.0,Partial,0.0,Yes,1.0,No,0.0,No,0.0,No,0.0,Yes,1.0,No,0.0,No,0.0,No,0.0,No,0.0,No,0.0,No,0.0,No,0.0,No,0.0,No,0.0,No,0.0,No,0.0,No,0.0,No,0.0,No,0.0,No,0.0,No,0.0,No,0.0,No,0.0,No,0.0,No,0.0,Yes,1.0,No,0.0,Yes,1.0,No,0.0
401,ALDAR PROPERTIES PJSC,,AEA002001013,Real Estate,UNITED ARAB EMIRATES,8.8,3.0,3,0,31,Yes,1.0,No,0.0,No,0.0,No,0.0,No,0.0,Yes,1.0,No,0.0,Yes,1.0,No,0.0,No,0.0,No,0.0,No,0.0,No,0.0,No,0.0,No,0.0,No,0.0,No,0.0,No,0.0,No,0.0,No,0.0,No,0.0,No,0.0,No,0.0,No,0.0,No,0.0,No,0.0,No,0.0,No,0.0,No,0.0,No,0.0,No,0.0,No,0.0,No,0.0,No,0.0
845,Alfa Laval AB,,SE0000695876,Industrials,SWEDEN,11.8,4.0,4,0,30,Yes,1.0,No,0.0,No,0.0,No,0.0,No,0.0,Yes,1.0,No,0.0,Yes,1.0,No,0.0,Yes,1.0,No,0.0,No,0.0,No,0.0,No,0.0,No,0.0,No,0.0,No,0.0,No,0.0,No,0.0,No,0.0,No,0.0,No,0.0,No,0.0,No,0.0,No,0.0,No,0.0,No,0.0,No,0.0,No,0.0,No,0.0,No,0.0,No,0.0,No,0.0,No,0.0
1829,Alibaba Group Holding Limited,,KYG017191142,Consumer Discretion,CHINA,38.2,13.0,13,0,21,Yes,1.0,No,0.0,Yes,1.0,No,0.0,No,0.0,Yes,1.0,No,0.0,Yes,1.0,No,0.0,Yes,1.0,No,0.0,No,0.0,No,0.0,No,0.0,No,0.0,No,0.0,Yes,1.0,Yes,1.0,No,0.0,No,0.0,Yes,1.0,Yes,1.0,Yes,1.0,Yes,1.0,No,0.0,No,0.0,No,0.0,Yes,1.0,No,0.0,No,0.0,Yes,1.0,No,0.0,No,0.0,No,0.0
942,ALIBABA HEALTH INFORMATION TECHNOLOGY LIMITED,,BMG0171K1018,Consumer Staples,HONG KONG,2.9,1.0,1,0,33,No,0.0,No,0.0,No,0.0,No,0.0,No,0.0,No,0.0,No,0.0,No,0.0,No,0.0,No,0.0,No,0.0,No,0.0,No,0.0,No,0.0,No,0.0,No,0.0,No,0.0,No,0.0,No,0.0,No,0.0,No,0.0,No,0.0,No,0.0,No,0.0,No,0.0,No,0.0,No,0.0,No,0.0,No,0.0,No,0.0,Yes,1.0,No,0.0,No,0.0,No,0.0
847,ALIMENTATION COUCHE-TARD INC.,,CA01626P1484,Consumer Discretion,CANADA,2.9,1.0,1,0,33,No,0.0,No,0.0,No,0.0,No,0.0,No,0.0,No,0.0,No,0.0,No,0.0,No,0.0,No,0.0,Yes,1.0,No,0.0,No,0.0,No,0.0,No,0.0,No,0.0,No,0.0,No,0.0,No,0.0,No,0.0,No,0.0,No,0.0,No,0.0,No,0.0,No,0.0,No,0.0,No,0.0,No,0.0,No,0.0,No,0.0,No,0.0,No,0.0,No,0.0,No,0.0
1734,ALINMA BANK SJSC,,SA122050HV19,Financials,SAUDI ARABIA,11.8,4.0,2,5,27,Yes,1.0,No,0.0,Yes,1.0,Partial,0.0,No,0.0,Partial,0.5,No,0.0,Partial,0.5,No,0.0,Partial,0.5,No,0.0,No,0.0,No,0.0,No,0.0,No,0.0,No,0.0,No,0.0,No,0.0,No,0.0,No,0.0,No,0.0,No,0.0,No,0.0,No,0.0,Partial,0.5,No,0.0,No,0.0,No,0.0,No,0.0,No,0.0,No,0.0,No,0.0,No,0.0,No,0.0
2018,ALKEM LABORATORIES LIMITED,,INE540L01014,Health Care,INDIA,0.0,0.0,0,0,34,No,0.0,No,0.0,No,0.0,No,0.0,No,0.0,No,0.0,No,0.0,No,0.0,No,0.0,No,0.0,No,0.0,No,0.0,No,0.0,No,0.0,No,0.0,No,0.0,No,0.0,No,0.0,No,0.0,No,0.0,No,0.0,No,0.0,No,0.0,No,0.0,No,0.0,No,0.0,No,0.0,No,0.0,No,0.0,No,0.0,No,0.0,No,0.0,No,0.0,No,0.0
1966,ALLEGION PUBLIC LIMITED COMPANY,,IE00BFRT3W74,Industrials,UNITED STATES,11.8,4.0,4,0,30,No,0.0,No,0.0,No,0.0,Yes,1.0,No,0.0,Yes,1.0,No,0.0,No,0.0,No,0.0,No,0.0,Yes,1.0,No,0.0,No,0.0,No,0.0,No,0.0,No,0.0,No,0.0,No,0.0,No,0.0,No,0.0,No,0.0,No,0.0,No,0.0,No,0.0,No,0.0,No,0.0,No,0.0,No,0.0,No,0.0,No,0.0,Yes,1.0,No,0.0,No,0.0,No,0.0
2275,Allegro.eu SA,,LU2237380790,Consumer Discretion,POLAND,51.5,17.5,17,1,16,Yes,1.0,Yes,1.0,Yes,1.0,No,0.0,Yes,1.0,Partial,0.5,Yes,1.0,Yes,1.0,No,0.0,Yes,1.0,No,0.0,No,0.0,No,0.0,No,0.0,Yes,1.0,Yes,1.0,Yes,1.0,Yes,1.0,Yes,1.0,Yes,1.0,Yes,1.0,Yes,1.0,No,0.0,No,0.0,Yes,1.0,No,0.0,No,0.0,No,0.0,Yes,1.0,No,0.0,No,0.0,No,0.0,No,0.0,No,0.0
538,ALLIANT ENERGY CORPORATION,,US0188021085,Utilities,UNITED STATES,0.0,0.0,0,0,34,No,0.0,No,0.0,No,0.0,No,0.0,No,0.0,No,0.0,No,0.0,No,0.0,No,0.0,No,0.0,No,0.0,No,0.0,No,0.0,No,0.0,No,0.0,No,0.0,No,0.0,No,0.0,No,0.0,No,0.0,No,0.0,No,0.0,No,0.0,No,0.0,No,0.0,No,0.0,No,0.0,No,0.0,No,0.0,No,0.0,No,0.0,No,0.0,No,0.0,No,0.0
848,Allianz SE,,DE0008404005,Financials,GERMANY,27.9,9.5,7,5,22,Yes,1.0,No,0.0,No,0.0,No,0.0,Partial,0.5,Yes,1.0,No,0.0,Yes,1.0,No,0.0,Yes,1.0,Yes,1.0,No,0.0,No,0.0,No,0.0,Yes,1.0,Partial,0.5,Partial,0.5,Yes,1.0,Partial,0.5,Partial,0.5,No,0.0,No,0.0,No,0.0,No,0.0,No,0.0,No,0.0,No,0.0,No,0.0,No,0.0,No,0.0,No,0.0,No,0.0,No,0.0,No,0.0
2450,Allwyn AG,,GRS419003009,Consumer Discretion,GREECE,14.7,5.0,5,1,28,Yes,1.0,No,0.0,No,0.0,No,0.0,No,0.0,Yes,1.0,No,0.0,Yes,1.0,No,0.0,Yes,1.0,No,0.0,No,0.0,No,0.0,No,0.0,No,0.0,Yes,1.0,No,0.0,Partial,0.0,No,0.0,No,0.0,No,0.0,No,0.0,No,0.0,No,0.0,No,0.0,No,0.0,No,0.0,No,0.0,No,0.0,No,0.0,No,0.0,No,0.0,No,0.0,No,0.0
850,Almarai Company SJSC,,SA000A0ETHT1,Consumer Staples,SAUDI ARABIA,23.5,8.0,8,1,25,Yes,1.0,No,0.0,Yes,1.0,No,0.0,Partial,0.0,Yes,1.0,No,0.0,Yes,1.0,No,0.0,Yes,1.0,No,0.0,No,0.0,No,0.0,No,0.0,No,0.0,Yes,1.0,No,0.0,Yes,1.0,No,0.0,No,0.0,No,0.0,No,0.0,No,0.0,No,0.0,No,0.0,No,0.0,No,0.0,Yes,1.0,No,0.0,No,0.0,No,0.0,No,0.0,No,0.0,No,0.0
851,"ALNYLAM PHARMACEUTICALS, INC.",,US02043Q1076,Health Care,UNITED STATES,35.3,12.0,11,2,21,Yes,1.0,No,0.0,No,0.0,Yes,1.0,No,0.0,Yes,1.0,No,0.0,No,0.0,No,0.0,Yes,1.0,Yes,1.0,No,0.0,No,0.0,Yes,1.0,No,0.0,Yes,1.0,Partial,0.5,Yes,1.0,Yes,1.0,No,0.0,Yes,1.0,No,0.0,No,0.0,No,0.0,No,0.0,No,0.0,No,0.0,Yes,1.0,No,0.0,No,0.0,Partial,0.5,No,0.0,No,0.0,No,0.0
2298,ALPHA BANK S.A.,,GRS830003000,Financials,GREECE,0.0,0.0,0,0,34,No,0.0,No,0.0,No,0.0,No,0.0,No,0.0,No,0.0,No,0.0,No,0.0,No,0.0,No,0.0,No,0.0,No,0.0,No,0.0,No,0.0,No,0.0,No,0.0,No,0.0,No,0.0,No,0.0,No,0.0,No,0.0,No,0.0,No,0.0,No,0.0,No,0.0,No,0.0,No,0.0,No,0.0,No,0.0,No,0.0,No,0.0,No,0.0,No,0.0,No,0.0
2063,ALPHABET INC.,,US02079K3059,Technology,UNITED STATES,26.5,9.0,9,1,24,Yes,1.0,No,0.0,No,0.0,No,0.0,Partial,0.0,Yes,1.0,No,0.0,Yes,1.0,No,0.0,No,0.0,Yes,1.0,No,0.0,No,0.0,No,0.0,Yes,1.0,Yes,1.0,Yes,1.0,Yes,1.0,No,0.0,No,0.0,No,0.0,No,0.0,No,0.0,No,0.0,No,0.0,No,0.0,No,0.0,No,0.0,No,0.0,No,0.0,Yes,1.0,No,0.0,No,0.0,No,0.0
811,AL RAJHI BANKING AND INVESTMENT CORPORATION SJSC,,SA0007879113,Financials,SAUDI ARABIA,7.4,2.5,0,5,29,Partial,0.5,No,0.0,No,0.0,No,0.0,No,0.0,Partial,0.5,No,0.0,Partial,0.5,No,0.0,Partial,0.5,No,0.0,No,0.0,No,0.0,No,0.0,No,0.0,No,0.0,No,0.0,No,0.0,No,0.0,No,0.0,Partial,0.5,No,0.0,No,0.0,No,0.0,No,0.0,No,0.0,No,0.0,No,0.0,No,0.0,No,0.0,No,0.0,No,0.0,No,0.0,No,0.0
209,AlRayan Bank Q.P.S.C.,,QA000A0M8VM3,Financials,QATAR,11.8,4.0,3,2,29,Yes,1.0,No,0.0,No,0.0,No,0.0,No,0.0,Yes,1.0,No,0.0,No,0.0,No,0.0,Yes,1.0,No,0.0,No,0.0,No,0.0,No,0.0,No,0.0,Partial,0.5,No,0.0,No,0.0,No,0.0,No,0.0,No,0.0,No,0.0,No,0.0,No,0.0,No,0.0,No,0.0,No,0.0,Partial,0.5,No,0.0,No,0.0,No,0.0,No,0.0,No,0.0,No,0.0
664,ALSTOM SA,,FR0010220475,Industrials,FRANCE,44.1,15.0,15,1,18,Yes,1.0,No,0.0,Yes,1.0,Yes,1.0,Partial,0.0,Yes,1.0,No,0.0,Yes,1.0,No,0.0,Yes,1.0,No,0.0,No,0.0,Yes,1.0,No,0.0,No,0.0,Yes,1.0,Yes,1.0,No,0.0,No,0.0,No,0.0,Yes,1.0,Yes,1.0,Yes,1.0,No,0.0,Yes,1.0,No,0.0,No,0.0,No,0.0,Yes,1.0,Yes,1.0,No,0.0,No,0.0,No,0.0,No,0.0
2421,AltaGas Ltd.,,CA0213611001,Utilities,CANADA,8.8,3.0,3,0,31,No,0.0,No,0.0,No,0.0,No,0.0,No,0.0,No,0.0,No,0.0,No,0.0,No,0.0,No,0.0,Yes,1.0,Yes,1.0,No,0.0,No,0.0,No,0.0,Yes,1.0,No,0.0,No,0.0,No,0.0,No,0.0,No,0.0,No,0.0,No,0.0,No,0.0,No,0.0,No,0.0,No,0.0,No,0.0,No,0.0,No,0.0,No,0.0,No,0.0,No,0.0,No,0.0
2017,Alteogen Inc,,KR7196170005,Health Care,SOUTH KOREA,0.0,0.0,0,0,34,No,0.0,No,0.0,No,0.0,No,0.0,No,0.0,No,0.0,No,0.0,No,0.0,No,0.0,No,0.0,No,0.0,No,0.0,No,0.0,No,0.0,No,0.0,No,0.0,No,0.0,No,0.0,No,0.0,No,0.0,No,0.0,No,0.0,No,0.0,No,0.0,No,0.0,No,0.0,No,0.0,No,0.0,No,0.0,No,0.0,No,0.0,No,0.0,No,0.0,No,0.0
852,"Altria Group, Inc.",,US02209S1033,Consumer Staples,UNITED STATES,5.9,2.0,2,0,32,No,0.0,No,0.0,No,0.0,No,0.0,No,0.0,No,0.0,No,0.0,No,0.0,No,0.0,No,0.0,Yes,1.0,No,0.0,No,0.0,No,0.0,No,0.0,No,0.0,No,0.0,No,0.0,No,0.0,No,0.0,No,0.0,No,0.0,No,0.0,No,0.0,No,0.0,No,0.0,No,0.0,No,0.0,No,0.0,No,0.0,Yes,1.0,No,0.0,No,0.0,No,0.0
703,Aluminum Corporation of China Limited,,CNE1000000T0,Basic Materials,CHINA,17.6,6.0,6,0,28,Yes,1.0,No,0.0,No,0.0,No,0.0,No,0.0,Yes,1.0,No,0.0,Yes,1.0,No,0.0,Yes,1.0,No,0.0,No,0.0,No,0.0,No,0.0,No,0.0,No,0.0,No,0.0,No,0.0,No,0.0,No,0.0,No,0.0,No,0.0,Yes,1.0,No,0.0,No,0.0,No,0.0,No,0.0,Yes,1.0,No,0.0,No,0.0,No,0.0,No,0.0,No,0.0,No,0.0
1825,"Amadeus IT Group, S.A.",,ES0109067019,Technology,SPAIN,36.8,12.5,12,1,21,No,0.0,No,0.0,No,0.0,Yes,1.0,Yes,1.0,Yes,1.0,No,0.0,No,0.0,No,0.0,Yes,1.0,No,0.0,No,0.0,No,0.0,Yes,1.0,Yes,1.0,Partial,0.5,Yes,1.0,Yes,1.0,Yes,1.0,No,0.0,No,0.0,No,0.0,No,0.0,No,0.0,Yes,1.0,Yes,1.0,No,0.0,No,0.0,No,0.0,Yes,1.0,No,0.0,No,0.0,No,0.0,No,0.0
853,"AMAZON.COM, INC.",,US0231351067,Consumer Discretion,UNITED STATES,55.9,19.0,19,0,15,Yes,1.0,No,0.0,No,0.0,Yes,1.0,Yes,1.0,Yes,1.0,No,0.0,Yes,1.0,No,0.0,Yes,1.0,Yes,1.0,Yes,1.0,No,0.0,No,0.0,Yes,1.0,Yes,1.0,Yes,1.0,Yes,1.0,Yes,1.0,Yes,1.0,No,0.0,No,0.0,No,0.0,No,0.0,Yes,1.0,Yes,1.0,No,0.0,No,0.0,Yes,1.0,Yes,1.0,Yes,1.0,No,0.0,No,0.0,No,0.0
1782,AMBEV S.A.,,BRABEVACNOR1,Consumer Staples,BRAZIL,0.0,0.0,0,0,34,No,0.0,No,0.0,No,0.0,No,0.0,No,0.0,No,0.0,No,0.0,No,0.0,No,0.0,No,0.0,No,0.0,No,0.0,No,0.0,No,0.0,No,0.0,No,0.0,No,0.0,No,0.0,No,0.0,No,0.0,No,0.0,No,0.0,No,0.0,No,0.0,No,0.0,No,0.0,No,0.0,No,0.0,No,0.0,No,0.0,No,0.0,No,0.0,No,0.0,No,0.0
854,AMBUJA CEMENTS LIMITED,,INE079A01024,Industrials,INDIA,17.6,6.0,6,0,28,Yes,1.0,No,0.0,Yes,1.0,No,0.0,No,0.0,Yes,1.0,No,0.0,Yes,1.0,No,0.0,Yes,1.0,No,0.0,No,0.0,No,0.0,No,0.0,No,0.0,No,0.0,No,0.0,No,0.0,No,0.0,No,0.0,Yes,1.0,No,0.0,No,0.0,No,0.0,No,0.0,No,0.0,No,0.0,No,0.0,No,0.0,No,0.0,No,0.0,No,0.0,No,0.0,No,0.0
2214,AMCOR PLC,,JE00BV7DQ550,Industrials,UNITED STATES,2.9,1.0,1,1,32,No,0.0,No,0.0,No,0.0,No,0.0,No,0.0,Yes,1.0,No,0.0,No,0.0,No,0.0,Partial,0.0,No,0.0,No,0.0,No,0.0,No,0.0,No,0.0,No,0.0,No,0.0,No,0.0,No,0.0,No,0.0,No,0.0,No,0.0,No,0.0,No,0.0,No,0.0,No,0.0,No,0.0,No,0.0,No,0.0,No,0.0,No,0.0,No,0.0,No,0.0,No,0.0
855,AMEREN CORPORATION,,US0236081024,Utilities,UNITED STATES,17.6,6.0,6,0,28,No,0.0,No,0.0,No,0.0,No,0.0,No,0.0,Yes,1.0,No,0.0,No,0.0,No,0.0,Yes,1.0,No,0.0,No,0.0,No,0.0,No,0.0,No,0.0,Yes,1.0,Yes,1.0,No,0.0,Yes,1.0,No,0.0,No,0.0,No,0.0,No,0.0,No,0.0,No,0.0,No,0.0,No,0.0,No,0.0,No,0.0,No,0.0,Yes,1.0,No,0.0,No,0.0,No,0.0
856,"America Movil, S.A.B. de C.V.",,MX01AM050019,Telecommunications,MEXICO,5.9,2.0,2,0,32,No,0.0,No,0.0,No,0.0,No,0.0,No,0.0,No,0.0,No,0.0,No,0.0,No,0.0,No,0.0,No,0.0,No,0.0,No,0.0,No,0.0,No,0.0,No,0.0,No,0.0,No,0.0,No,0.0,No,0.0,No,0.0,No,0.0,No,0.0,No,0.0,No,0.0,No,0.0,No,0.0,No,0.0,Yes,1.0,No,0.0,Yes,1.0,No,0.0,No,0.0,No,0.0
419,"AMERICAN ELECTRIC POWER COMPANY, INC.",,US0255371017,Utilities,UNITED STATES,10.3,3.5,2,3,29,No,0.0,No,0.0,No,0.0,No,0.0,No,0.0,No,0.0,No,0.0,No,0.0,No,0.0,No,0.0,Partial,0.5,Partial,0.5,No,0.0,No,0.0,No,0.0,Yes,1.0,Yes,1.0,No,0.0,No,0.0,No,0.0,No,0.0,No,0.0,No,0.0,No,0.0,No,0.0,No,0.0,No,0.0,No,0.0,No,0.0,No,0.0,Partial,0.5,No,0.0,No,0.0,No,0.0
857,AMERICAN EXPRESS COMPANY,,US0258161092,Industrials,UNITED STATES,47.1,16.0,14,4,16,Yes,1.0,No,0.0,Yes,1.0,Yes,1.0,Partial,0.5,Yes,1.0,No,0.0,Yes,1.0,No,0.0,Yes,1.0,Yes,1.0,Yes,1.0,No,0.0,Yes,1.0,No,0.0,Partial,0.5,Partial,0.5,Partial,0.5,No,0.0,Yes,1.0,Yes,1.0,No,0.0,Yes,1.0,No,0.0,Yes,1.0,No,0.0,No,0.0,No,0.0,No,0.0,No,0.0,Yes,1.0,No,0.0,No,0.0,No,0.0
858,"AMERICAN INTERNATIONAL GROUP, INC.",,US0268747849,Financials,UNITED STATES,38.2,13.0,13,1,20,No,0.0,No,0.0,Yes,1.0,Yes,1.0,Partial,0.0,Yes,1.0,No,0.0,Yes,1.0,No,0.0,Yes,1.0,Yes,1.0,No,0.0,No,0.0,Yes,1.0,No,0.0,Yes,1.0,Yes,1.0,Yes,1.0,No,0.0,Yes,1.0,No,0.0,No,0.0,No,0.0,No,0.0,No,0.0,No,0.0,No,0.0,No,0.0,No,0.0,No,0.0,Yes,1.0,No,0.0,Yes,1.0,No,0.0
859,AMERICAN TOWER CORPORATION,,US03027X1000,Real Estate,UNITED STATES,7.4,2.5,2,2,30,No,0.0,No,0.0,No,0.0,No,0.0,Partial,0.0,No,0.0,No,0.0,No,0.0,No,0.0,No,0.0,Yes,1.0,No,0.0,No,0.0,No,0.0,No,0.0,No,0.0,No,0.0,No,0.0,No,0.0,No,0.0,No,0.0,No,0.0,No,0.0,No,0.0,No,0.0,No,0.0,No,0.0,No,0.0,No,0.0,No,0.0,Partial,0.5,No,0.0,Yes,1.0,No,0.0
1632,"AMERICAN WATER WORKS COMPANY, INC.",,US0304201033,Utilities,UNITED STATES,2.9,1.0,1,0,33,No,0.0,No,0.0,No,0.0,No,0.0,No,0.0,Yes,1.0,No,0.0,No,0.0,No,0.0,No,0.0,No,0.0,No,0.0,No,0.0,No,0.0,No,0.0,No,0.0,No,0.0,No,0.0,No,0.0,No,0.0,No,0.0,No,0.0,No,0.0,No,0.0,No,0.0,No,0.0,No,0.0,No,0.0,No,0.0,No,0.0,No,0.0,No,0.0,No,0.0,No,0.0
860,"AMERIPRISE FINANCIAL, INC.",,US03076C1062,Financials,UNITED STATES,8.8,3.0,3,1,30,No,0.0,No,0.0,No,0.0,Yes,1.0,Partial,0.0,No,0.0,No,0.0,No,0.0,No,0.0,No,0.0,Yes,1.0,No,0.0,No,0.0,No,0.0,No,0.0,No,0.0,No,0.0,No,0.0,No,0.0,No,0.0,No,0.0,No,0.0,No,0.0,No,0.0,No,0.0,No,0.0,No,0.0,No,0.0,No,0.0,No,0.0,Yes,1.0,No,0.0,No,0.0,No,0.0
425,"AMETEK, INC.",,US0311001004,Industrials,UNITED STATES,0.0,0.0,0,0,34,No,0.0,No,0.0,No,0.0,No,0.0,No,0.0,No,0.0,No,0.0,No,0.0,No,0.0,No,0.0,No,0.0,No,0.0,No,0.0,No,0.0,No,0.0,No,0.0,No,0.0,No,0.0,No,0.0,No,0.0,No,0.0,No,0.0,No,0.0,No,0.0,No,0.0,No,0.0,No,0.0,No,0.0,No,0.0,No,0.0,No,0.0,No,0.0,No,0.0,No,0.0
668,AMGEN INC.,,US0311621009,Health Care,UNITED STATES,44.1,15.0,15,0,19,Yes,1.0,No,0.0,Yes,1.0,Yes,1.0,Yes,1.0,Yes,1.0,No,0.0,No,0.0,No,0.0,Yes,1.0,Yes,1.0,No,0.0,Yes,1.0,Yes,1.0,No,0.0,Yes,1.0,Yes,1.0,Yes,1.0,Yes,1.0,Yes,1.0,No,0.0,No,0.0,No,0.0,No,0.0,No,0.0,No,0.0,No,0.0,No,0.0,No,0.0,No,0.0,Yes,1.0,No,0.0,No,0.0,No,0.0
2221,Amlogic Shanghai Co Ltd,,CNE100003LZ3,Technology,CHINA,5.9,2.0,2,1,31,No,0.0,No,0.0,No,0.0,No,0.0,Partial,0.0,Yes,1.0,No,0.0,No,0.0,No,0.0,No,0.0,No,0.0,No,0.0,No,0.0,No,0.0,No,0.0,No,0.0,No,0.0,No,0.0,No,0.0,No,0.0,No,0.0,No,0.0,No,0.0,No,0.0,No,0.0,No,0.0,No,0.0,No,0.0,No,0.0,No,0.0,Yes,1.0,No,0.0,No,0.0,No,0.0
825,AMMB HOLDINGS BERHAD,,MYL1015OO006,Financials,MALAYSIA,10.3,3.5,1,5,28,Yes,1.0,No,0.0,No,0.0,No,0.0,No,0.0,Partial,0.5,No,0.0,No,0.0,No,0.0,Partial,0.5,No,0.0,No,0.0,No,0.0,No,0.0,No,0.0,Partial,0.5,Partial,0.5,Partial,0.5,No,0.0,No,0.0,No,0.0,No,0.0,No,0.0,No,0.0,No,0.0,No,0.0,No,0.0,No,0.0,No,0.0,No,0.0,No,0.0,No,0.0,No,0.0,No,0.0
861,AMOREPACIFIC CORPORATION,,KR7090430000,Consumer Discretion,SOUTH KOREA,11.8,4.0,4,0,30,Yes,1.0,No,0.0,No,0.0,No,0.0,No,0.0,Yes,1.0,No,0.0,Yes,1.0,No,0.0,Yes,1.0,No,0.0,No,0.0,No,0.0,No,0.0,No,0.0,No,0.0,No,0.0,No,0.0,No,0.0,No,0.0,No,0.0,No,0.0,No,0.0,No,0.0,No,0.0,No,0.0,No,0.0,No,0.0,No,0.0,No,0.0,No,0.0,No,0.0,No,0.0,No,0.0
17,AMPHENOL CORPORATION,,US0320951017,Technology,UNITED STATES,8.8,3.0,3,0,31,No,0.0,No,0.0,Yes,1.0,No,0.0,No,0.0,Yes,1.0,No,0.0,No,0.0,No,0.0,No,0.0,No,0.0,No,0.0,No,0.0,No,0.0,No,0.0,No,0.0,No,0.0,No,0.0,No,0.0,No,0.0,No,0.0,No,0.0,No,0.0,No,0.0,No,0.0,No,0.0,No,0.0,No,0.0,No,0.0,No,0.0,Yes,1.0,No,0.0,No,0.0,No,0.0
2422,Amrize AG,,CH1430134226,Industrials,SWITZERLAND,2.9,1.0,1,0,33,No,0.0,No,0.0,No,0.0,No,0.0,No,0.0,No,0.0,No,0.0,No,0.0,No,0.0,No,0.0,No,0.0,No,0.0,No,0.0,No,0.0,No,0.0,No,0.0,No,0.0,No,0.0,No,0.0,No,0.0,No,0.0,No,0.0,No,0.0,No,0.0,No,0.0,No,0.0,No,0.0,No,0.0,No,0.0,No,0.0,Yes,1.0,No,0.0,No,0.0,No,0.0
1978,AMUNDI SA,,FR0004125920,Financials,FRANCE,32.4,11.0,10,3,21,Yes,1.0,No,0.0,No,0.0,No,0.0,Partial,0.0,Yes,1.0,No,0.0,Yes,1.0,No,0.0,Yes,1.0,Yes,1.0,No,0.0,No,0.0,Yes,1.0,No,0.0,Yes,1.0,Partial,0.5,Partial,0.5,Yes,1.0,Yes,1.0,Yes,1.0,No,0.0,No,0.0,No,0.0,No,0.0,No,0.0,No,0.0,No,0.0,No,0.0,No,0.0,No,0.0,No,0.0,No,0.0,No,0.0
824,ANA HOLDINGS INC.,,JP3429800000,Consumer Discretion,JAPAN,35.3,12.0,12,1,21,No,0.0,No,0.0,No,0.0,No,0.0,No,0.0,Yes,1.0,No,0.0,Yes,1.0,No,0.0,Yes,1.0,No,0.0,No,0.0,Partial,0.0,No,0.0,No,0.0,Yes,1.0,Yes,1.0,Yes,1.0,Yes,1.0,Yes,1.0,Yes,1.0,Yes,1.0,No,0.0,No,0.0,Yes,1.0,No,0.0,No,0.0,No,0.0,No,0.0,No,0.0,Yes,1.0,No,0.0,No,0.0,No,0.0
862,"ANALOG DEVICES, INC.",,US0326541051,Technology,UNITED STATES,0.0,0.0,0,0,34,No,0.0,No,0.0,No,0.0,No,0.0,No,0.0,No,0.0,No,0.0,No,0.0,No,0.0,No,0.0,No,0.0,No,0.0,No,0.0,No,0.0,No,0.0,No,0.0,No,0.0,No,0.0,No,0.0,No,0.0,No,0.0,No,0.0,No,0.0,No,0.0,No,0.0,No,0.0,No,0.0,No,0.0,No,0.0,No,0.0,No,0.0,No,0.0,No,0.0,No,0.0
615,"ANGEL YEAST CO., LTD",,CNE0000014G0,Consumer Staples,CHINA,0.0,0.0,0,0,34,No,0.0,No,0.0,No,0.0,No,0.0,No,0.0,No,0.0,No,0.0,No,0.0,No,0.0,No,0.0,No,0.0,No,0.0,No,0.0,No,0.0,No,0.0,No,0.0,No,0.0,No,0.0,No,0.0,No,0.0,No,0.0,No,0.0,No,0.0,No,0.0,No,0.0,No,0.0,No,0.0,No,0.0,No,0.0,No,0.0,No,0.0,No,0.0,No,0.0,No,0.0
34,ANGLO AMERICAN PLC,,GB00BTK05J60,Basic Materials,UNITED KINGDOM,26.5,9.0,9,0,25,Yes,1.0,No,0.0,No,0.0,Yes,1.0,No,0.0,Yes,1.0,No,0.0,Yes,1.0,No,0.0,Yes,1.0,No,0.0,No,0.0,No,0.0,No,0.0,Yes,1.0,Yes,1.0,No,0.0,Yes,1.0,No,0.0,No,0.0,Yes,1.0,No,0.0,No,0.0,No,0.0,No,0.0,No,0.0,No,0.0,No,0.0,No,0.0,No,0.0,No,0.0,No,0.0,No,0.0,No,0.0
2388,ANGLOGOLD ASHANTI PLC,,GB00BRXH2664,Basic Materials,SOUTH AFRICA,8.8,3.0,3,0,31,Yes,1.0,No,0.0,No,0.0,No,0.0,No,0.0,No,0.0,No,0.0,No,0.0,No,0.0,No,0.0,No,0.0,No,0.0,No,0.0,No,0.0,No,0.0,Yes,1.0,Yes,1.0,No,0.0,No,0.0,No,0.0,No,0.0,No,0.0,No,0.0,No,0.0,No,0.0,No,0.0,No,0.0,No,0.0,No,0.0,No,0.0,No,0.0,No,0.0,No,0.0,No,0.0
548,ANHEUSER-BUSCH INBEV SA,,BE0974293251,Consumer Staples,BELGIUM,16.2,5.5,5,1,28,No,0.0,No,0.0,No,0.0,No,0.0,No,0.0,Partial,0.5,No,0.0,Yes,1.0,No,0.0,Yes,1.0,No,0.0,No,0.0,No,0.0,No,0.0,No,0.0,No,0.0,No,0.0,No,0.0,No,0.0,No,0.0,Yes,1.0,No,0.0,No,0.0,No,0.0,Yes,1.0,No,0.0,No,0.0,No,0.0,No,0.0,No,0.0,Yes,1.0,No,0.0,No,0.0,No,0.0
458,ANHUI CONCH CEMENT COMPANY LIMITED,,CNE0000019V8,Industrials,CHINA,17.6,6.0,6,0,28,Yes,1.0,No,0.0,No,0.0,No,0.0,No,0.0,Yes,1.0,No,0.0,Yes,1.0,No,0.0,Yes,1.0,No,0.0,No,0.0,No,0.0,No,0.0,No,0.0,No,0.0,No,0.0,No,0.0,No,0.0,No,0.0,No,0.0,No,0.0,No,0.0,No,0.0,No,0.0,Yes,1.0,No,0.0,Yes,1.0,No,0.0,No,0.0,No,0.0,No,0.0,No,0.0,No,0.0
863,ANHUI GUJING DISTILLERY COMPANY LIMITED,,CNE000000MD5,Consumer Staples,CHINA,14.7,5.0,5,0,29,Yes,1.0,No,0.0,No,0.0,No,0.0,No,0.0,Yes,1.0,No,0.0,Yes,1.0,No,0.0,Yes,1.0,No,0.0,No,0.0,No,0.0,No,0.0,No,0.0,No,0.0,No,0.0,No,0.0,No,0.0,No,0.0,Yes,1.0,No,0.0,No,0.0,No,0.0,No,0.0,No,0.0,No,0.0,No,0.0,No,0.0,No,0.0,No,0.0,No,0.0,No,0.0,No,0.0
732,"Anhui Jianghuai Automobile Group Corp., Ltd.",,CNE0000018M9,Consumer Discretion,CHINA,5.9,2.0,2,0,32,No,0.0,No,0.0,No,0.0,No,0.0,No,0.0,Yes,1.0,No,0.0,No,0.0,No,0.0,No,0.0,No,0.0,No,0.0,No,0.0,No,0.0,No,0.0,No,0.0,No,0.0,No,0.0,No,0.0,No,0.0,No,0.0,No,0.0,No,0.0,No,0.0,No,0.0,No,0.0,No,0.0,Yes,1.0,No,0.0,No,0.0,No,0.0,No,0.0,No,0.0,No,0.0
2220,"Anji Microelectronics Technology (Shanghai) Co., Ltd.",,CNE100003ML1,Technology,CHINA,0.0,0.0,0,0,34,No,0.0,No,0.0,No,0.0,No,0.0,No,0.0,No,0.0,No,0.0,No,0.0,No,0.0,No,0.0,No,0.0,No,0.0,No,0.0,No,0.0,No,0.0,No,0.0,No,0.0,No,0.0,No,0.0,No,0.0,No,0.0,No,0.0,No,0.0,No,0.0,No,0.0,No,0.0,No,0.0,No,0.0,No,0.0,No,0.0,No,0.0,No,0.0,No,0.0,No,0.0
2170,"Anker Innovations Technology Co., Ltd",,CNE1000047B9,Consumer Discretion,CHINA,32.4,11.0,11,0,23,Yes,1.0,No,0.0,No,0.0,Yes,1.0,Yes,1.0,Yes,1.0,No,0.0,No,0.0,No,0.0,Yes,1.0,No,0.0,No,0.0,No,0.0,No,0.0,Yes,1.0,Yes,1.0,Yes,1.0,Yes,1.0,Yes,1.0,No,0.0,No,0.0,No,0.0,No,0.0,No,0.0,No,0.0,No,0.0,No,0.0,Yes,1.0,No,0.0,No,0.0,No,0.0,No,0.0,No,0.0,No,0.0
648,"ANNALY CAPITAL MANAGEMENT, INC.",,US0357108390,Financials,UNITED STATES,5.9,2.0,2,1,31,No,0.0,No,0.0,No,0.0,Partial,0.0,No,0.0,No,0.0,No,0.0,No,0.0,No,0.0,No,0.0,Yes,1.0,No,0.0,No,0.0,No,0.0,No,0.0,No,0.0,No,0.0,No,0.0,No,0.0,No,0.0,No,0.0,No,0.0,No,0.0,No,0.0,No,0.0,No,0.0,No,0.0,No,0.0,No,0.0,No,0.0,Yes,1.0,No,0.0,No,0.0,No,0.0
260,ANTA SPORTS PRODUCTS LIMITED,,KYG040111059,Consumer Discretion,HONG KONG,11.8,4.0,2,4,28,Partial,0.5,No,0.0,No,0.0,No,0.0,No,0.0,Partial,0.5,No,0.0,Partial,0.5,No,0.0,Partial,0.5,No,0.0,No,0.0,No,0.0,No,0.0,No,0.0,Yes,1.0,Yes,1.0,No,0.0,No,0.0,No,0.0,No,0.0,No,0.0,No,0.0,No,0.0,No,0.0,No,0.0,No,0.0,No,0.0,No,0.0,No,0.0,No,0.0,No,0.0,No,0.0,No,0.0
864,ANTOFAGASTA PLC,,GB0000456144,Basic Materials,UNITED KINGDOM,5.9,2.0,2,0,32,No,0.0,No,0.0,No,0.0,No,0.0,No,0.0,Yes,1.0,No,0.0,No,0.0,No,0.0,Yes,1.0,No,0.0,No,0.0,No,0.0,No,0.0,No,0.0,No,0.0,No,0.0,No,0.0,No,0.0,No,0.0,No,0.0,No,0.0,No,0.0,No,0.0,No,0.0,No,0.0,No,0.0,No,0.0,No,0.0,No,0.0,No,0.0,No,0.0,No,0.0,No,0.0
2366,ANZ GROUP HOLDINGS LIMITED,,AU000000ANZ3,Financials,AUSTRALIA,35.3,12.0,11,2,21,Yes,1.0,No,0.0,No,0.0,Yes,1.0,Partial,0.5,Yes,1.0,No,0.0,Yes,1.0,No,0.0,Yes,1.0,Yes,1.0,No,0.0,No,0.0,No,0.0,No,0.0,Yes,1.0,No,0.0,Yes,1.0,No,0.0,No,0.0,Yes,1.0,No,0.0,No,0.0,No,0.0,Yes,1.0,No,0.0,No,0.0,Yes,1.0,No,0.0,Partial,0.5,No,0.0,No,0.0,No,0.0,No,0.0
2245,AON PUBLIC LIMITED COMPANY,,IE00BLP1HW54,Financials,UNITED STATES,23.5,8.0,8,2,24,Yes,1.0,No,0.0,No,0.0,Yes,1.0,Partial,0.0,Yes,1.0,No,0.0,No,0.0,No,0.0,No,0.0,No,0.0,No,0.0,No,0.0,No,0.0,No,0.0,Yes,1.0,Yes,1.0,Yes,1.0,No,0.0,Partial,0.0,No,0.0,No,0.0,No,0.0,No,0.0,Yes,1.0,No,0.0,No,0.0,No,0.0,No,0.0,No,0.0,Yes,1.0,No,0.0,No,0.0,No,0.0
2078,APA Group,,AU000000APA1,Energy,AUSTRALIA,0.0,0.0,0,0,34,No,0.0,No,0.0,No,0.0,No,0.0,No,0.0,No,0.0,No,0.0,No,0.0,No,0.0,No,0.0,No,0.0,No,0.0,No,0.0,No,0.0,No,0.0,No,0.0,No,0.0,No,0.0,No,0.0,No,0.0,No,0.0,No,0.0,No,0.0,No,0.0,No,0.0,No,0.0,No,0.0,No,0.0,No,0.0,No,0.0,No,0.0,No,0.0,No,0.0,No,0.0
241,APL APOLLO TUBES LIMITED,,INE702C01027,Basic Materials,INDIA,0.0,0.0,0,0,34,No,0.0,No,0.0,No,0.0,No,0.0,No,0.0,No,0.0,No,0.0,No,0.0,No,0.0,No,0.0,No,0.0,No,0.0,No,0.0,No,0.0,No,0.0,No,0.0,No,0.0,No,0.0,No,0.0,No,0.0,No,0.0,No,0.0,No,0.0,No,0.0,No,0.0,No,0.0,No,0.0,No,0.0,No,0.0,No,0.0,No,0.0,No,0.0,No,0.0,No,0.0
826,A.P. MOELLER - MAERSK A/S,,DK0010244508,Industrials,DENMARK,16.2,5.5,4,3,27,Yes,1.0,No,0.0,No,0.0,No,0.0,No,0.0,Yes,1.0,No,0.0,Yes,1.0,No,0.0,No,0.0,No,0.0,No,0.0,No,0.0,No,0.0,No,0.0,Partial,0.5,Partial,0.5,Partial,0.5,No,0.0,No,0.0,No,0.0,No,0.0,No,0.0,No,0.0,No,0.0,No,0.0,No,0.0,No,0.0,No,0.0,No,0.0,No,0.0,No,0.0,Yes,1.0,No,0.0
2331,"APOLLO GLOBAL MANAGEMENT, INC.",,US03769M1062,Financials,UNITED STATES,19.1,6.5,6,1,27,No,0.0,No,0.0,No,0.0,No,0.0,No,0.0,Yes,1.0,No,0.0,No,0.0,No,0.0,No,0.0,No,0.0,Yes,1.0,No,0.0,Yes,1.0,No,0.0,Yes,1.0,Yes,1.0,Partial,0.5,No,0.0,No,0.0,No,0.0,No,0.0,No,0.0,No,0.0,Yes,1.0,No,0.0,No,0.0,No,0.0,No,0.0,No,0.0,No,0.0,No,0.0,No,0.0,No,0.0
865,APOLLO HOSPITALS ENTERPRISE LIMITED,,INE437A01024,Health Care,INDIA,25.0,8.5,8,1,25,Yes,1.0,No,0.0,No,0.0,Yes,1.0,No,0.0,Yes,1.0,No,0.0,Yes,1.0,No,0.0,Partial,0.5,No,0.0,No,0.0,No,0.0,No,0.0,No,0.0,Yes,1.0,Yes,1.0,Yes,1.0,No,0.0,No,0.0,No,0.0,No,0.0,No,0.0,No,0.0,No,0.0,No,0.0,No,0.0,Yes,1.0,No,0.0,No,0.0,No,0.0,No,0.0,No,0.0,No,0.0
866,APPLE INC.,,US0378331005,Technology,UNITED STATES,35.3,12.0,11,2,21,Yes,1.0,No,0.0,No,0.0,No,0.0,No,0.0,Yes,1.0,No,0.0,Yes,1.0,No,0.0,Yes,1.0,Yes,1.0,No,0.0,Yes,1.0,No,0.0,Yes,1.0,Partial,0.5,Partial,0.5,Yes,1.0,No,0.0,No,0.0,Yes,1.0,No,0.0,No,0.0,No,0.0,No,0.0,No,0.0,No,0.0,Yes,1.0,No,0.0,No,0.0,Yes,1.0,No,0.0,No,0.0,No,0.0
227,"APPLIED MATERIALS, INC.",,US0382221051,Technology,UNITED STATES,0.0,0.0,0,0,34,No,0.0,No,0.0,No,0.0,No,0.0,No,0.0,No,0.0,No,0.0,No,0.0,No,0.0,No,0.0,No,0.0,No,0.0,No,0.0,No,0.0,No,0.0,No,0.0,No,0.0,No,0.0,No,0.0,No,0.0,No,0.0,No,0.0,No,0.0,No,0.0,No,0.0,No,0.0,No,0.0,No,0.0,No,0.0,No,0.0,No,0.0,No,0.0,No,0.0,No,0.0
2183,APPLOVIN CORPORATION,,US03831W1080,Technology,UNITED STATES,20.6,7.0,6,2,26,Yes,1.0,No,0.0,Yes,1.0,No,0.0,No,0.0,Yes,1.0,No,0.0,Partial,0.5,No,0.0,Yes,1.0,Yes,1.0,Partial,0.5,No,0.0,No,0.0,No,0.0,No,0.0,No,0.0,No,0.0,No,0.0,No,0.0,No,0.0,No,0.0,No,0.0,No,0.0,No,0.0,No,0.0,No,0.0,No,0.0,No,0.0,No,0.0,Yes,1.0,No,0.0,No,0.0,No,0.0
2398,APR Co Ltd,,KR7278470000,Consumer Discretion,SOUTH KOREA,0.0,0.0,0,0,34,No,0.0,No,0.0,No,0.0,No,0.0,No,0.0,No,0.0,No,0.0,No,0.0,No,0.0,No,0.0,No,0.0,No,0.0,No,0.0,No,0.0,No,0.0,No,0.0,No,0.0,No,0.0,No,0.0,No,0.0,No,0.0,No,0.0,No,0.0,No,0.0,No,0.0,No,0.0,No,0.0,No,0.0,No,0.0,No,0.0,No,0.0,No,0.0,No,0.0,No,0.0
2420,APTIV PLC,,JE00BTDN8H13,Consumer Discretion,UNITED STATES,10.3,3.5,3,1,30,No,0.0,No,0.0,Partial,0.5,Yes,1.0,No,0.0,No,0.0,No,0.0,No,0.0,No,0.0,Yes,1.0,No,0.0,No,0.0,No,0.0,No,0.0,No,0.0,No,0.0,No,0.0,No,0.0,No,0.0,No,0.0,No,0.0,No,0.0,No,0.0,No,0.0,Yes,1.0,No,0.0,No,0.0,No,0.0,No,0.0,No,0.0,No,0.0,No,0.0,No,0.0,No,0.0
2288,APT Medical Inc,,CNE100004C45,Health Care,CHINA,0.0,0.0,0,0,34,No,0.0,No,0.0,No,0.0,No,0.0,No,0.0,No,0.0,No,0.0,No,0.0,No,0.0,No,0.0,No,0.0,No,0.0,No,0.0,No,0.0,No,0.0,No,0.0,No,0.0,No,0.0,No,0.0,No,0.0,No,0.0,No,0.0,No,0.0,No,0.0,No,0.0,No,0.0,No,0.0,No,0.0,No,0.0,No,0.0,No,0.0,No,0.0,No,0.0,No,0.0
2316,Arabian Internet and Communications Services Company SJSC,,SA15CIBJGH12,Technology,SAUDI ARABIA,8.8,3.0,3,0,31,No,0.0,No,0.0,No,0.0,No,0.0,No,0.0,Yes,1.0,No,0.0,No,0.0,No,0.0,Yes,1.0,No,0.0,No,0.0,No,0.0,No,0.0,No,0.0,No,0.0,No,0.0,No,0.0,No,0.0,No,0.0,No,0.0,No,0.0,No,0.0,No,0.0,No,0.0,No,0.0,No,0.0,Yes,1.0,No,0.0,No,0.0,No,0.0,No,0.0,No,0.0,No,0.0
867,Arab National Bank SJSC,,SA0007879105,Financials,SAUDI ARABIA,5.9,2.0,2,0,32,No,0.0,No,0.0,No,0.0,No,0.0,No,0.0,No,0.0,No,0.0,No,0.0,No,0.0,Yes,1.0,No,0.0,No,0.0,No,0.0,No,0.0,No,0.0,No,0.0,No,0.0,No,0.0,No,0.0,No,0.0,No,0.0,No,0.0,No,0.0,No,0.0,No,0.0,No,0.0,No,0.0,Yes,1.0,No,0.0,No,0.0,No,0.0,No,0.0,No,0.0,No,0.0
115,"Arca Continental, S.A.B. de C.V.",,MX01AC100006,Consumer Staples,MEXICO,11.8,4.0,3,2,29,No,0.0,No,0.0,No,0.0,No,0.0,No,0.0,Partial,0.5,No,0.0,Yes,1.0,No,0.0,Partial,0.5,No,0.0,No,0.0,No,0.0,No,0.0,No,0.0,No,0.0,No,0.0,No,0.0,No,0.0,No,0.0,Yes,1.0,No,0.0,Yes,1.0,No,0.0,No,0.0,No,0.0,No,0.0,No,0.0,No,0.0,No,0.0,No,0.0,No,0.0,No,0.0,No,0.0
868,ArcelorMittal SA,,LU1598757687,Basic Materials,NETHERLANDS,32.4,11.0,11,0,23,No,0.0,No,0.0,No,0.0,Yes,1.0,No,0.0,Yes,1.0,No,0.0,Yes,1.0,No,0.0,Yes,1.0,Yes,1.0,No,0.0,No,0.0,Yes,1.0,No,0.0,Yes,1.0,No,0.0,No,0.0,No,0.0,No,0.0,Yes,1.0,No,0.0,Yes,1.0,No,0.0,Yes,1.0,No,0.0,No,0.0,No,0.0,No,0.0,No,0.0,Yes,1.0,No,0.0,No,0.0,No,0.0
532,ARCH CAPITAL GROUP LTD.,,BMG0450A1053,Financials,UNITED STATES,30.9,10.5,8,5,21,Partial,0.5,No,0.0,No,0.0,Yes,1.0,Partial,0.5,Yes,1.0,No,0.0,Yes,1.0,No,0.0,Yes,1.0,Yes,1.0,No,0.0,No,0.0,Partial,0.5,No,0.0,Partial,0.5,Yes,1.0,Partial,0.5,No,0.0,No,0.0,No,0.0,No,0.0,No,0.0,No,0.0,Yes,1.0,No,0.0,No,0.0,No,0.0,No,0.0,No,0.0,Yes,1.0,No,0.0,No,0.0,No,0.0
675,ARCHER-DANIELS-MIDLAND COMPANY.,,US0394831020,Consumer Staples,UNITED STATES,11.8,4.0,4,1,29,No,0.0,No,0.0,No,0.0,Yes,1.0,Partial,0.0,Yes,1.0,No,0.0,No,0.0,No,0.0,No,0.0,Yes,1.0,No,0.0,No,0.0,No,0.0,No,0.0,No,0.0,No,0.0,No,0.0,No,0.0,No,0.0,No,0.0,No,0.0,No,0.0,No,0.0,No,0.0,No,0.0,No,0.0,No,0.0,No,0.0,No,0.0,Yes,1.0,No,0.0,No,0.0,No,0.0
1964,ARC RESOURCES LTD.,,CA00208D4084,Energy,CANADA,2.9,1.0,1,0,33,No,0.0,No,0.0,No,0.0,No,0.0,No,0.0,No,0.0,No,0.0,No,0.0,No,0.0,No,0.0,No,0.0,No,0.0,No,0.0,No,0.0,No,0.0,No,0.0,No,0.0,No,0.0,No,0.0,No,0.0,No,0.0,No,0.0,No,0.0,No,0.0,No,0.0,No,0.0,No,0.0,No,0.0,No,0.0,No,0.0,Yes,1.0,No,0.0,No,0.0,No,0.0
1992,ARES MANAGEMENT CORPORATION,,US03990B1017,Financials,UNITED STATES,17.6,6.0,6,0,28,No,0.0,No,0.0,No,0.0,Yes,1.0,Yes,1.0,Yes,1.0,No,0.0,No,0.0,No,0.0,No,0.0,Yes,1.0,No,0.0,No,0.0,No,0.0,No,0.0,No,0.0,No,0.0,No,0.0,No,0.0,No,0.0,No,0.0,No,0.0,No,0.0,No,0.0,No,0.0,No,0.0,No,0.0,No,0.0,No,0.0,No,0.0,Yes,1.0,No,0.0,Yes,1.0,No,0.0
1997,argenx SE,,NL0010832176,Health Care,BELGIUM,2.9,1.0,1,1,32,No,0.0,No,0.0,No,0.0,No,0.0,No,0.0,No,0.0,No,0.0,Yes,1.0,No,0.0,Partial,0.0,No,0.0,No,0.0,No,0.0,No,0.0,No,0.0,No,0.0,No,0.0,No,0.0,No,0.0,No,0.0,No,0.0,No,0.0,No,0.0,No,0.0,No,0.0,No,0.0,No,0.0,No,0.0,No,0.0,No,0.0,No,0.0,No,0.0,No,0.0,No,0.0
1989,"ARISTA NETWORKS, INC.",,US0404132054,Telecommunications,UNITED STATES,14.7,5.0,5,0,29,No,0.0,No,0.0,No,0.0,No,0.0,No,0.0,Yes,1.0,No,0.0,No,0.0,No,0.0,No,0.0,No,0.0,No,0.0,No,0.0,Yes,1.0,No,0.0,Yes,1.0,No,0.0,Yes,1.0,No,0.0,No,0.0,No,0.0,No,0.0,No,0.0,No,0.0,No,0.0,No,0.0,No,0.0,No,0.0,No,0.0,No,0.0,Yes,1.0,No,0.0,No,0.0,No,0.0
26,ARISTOCRAT LEISURE LIMITED,,AU000000ALL7,Consumer Discretion,AUSTRALIA,20.6,7.0,7,1,26,Yes,1.0,No,0.0,No,0.0,Yes,1.0,No,0.0,Yes,1.0,No,0.0,Yes,1.0,No,0.0,Yes,1.0,No,0.0,No,0.0,No,0.0,Partial,0.0,No,0.0,Yes,1.0,No,0.0,No,0.0,No,0.0,No,0.0,Yes,1.0,No,0.0,No,0.0,No,0.0,No,0.0,No,0.0,No,0.0,No,0.0,No,0.0,No,0.0,No,0.0,No,0.0,No,0.0,No,0.0
424,ARTHUR J. GALLAGHER & CO.,,US3635761097,Financials,UNITED STATES,19.1,6.5,6,1,27,No,0.0,No,0.0,No,0.0,No,0.0,Yes,1.0,Yes,1.0,No,0.0,No,0.0,No,0.0,No,0.0,Yes,1.0,No,0.0,No,0.0,No,0.0,No,0.0,Yes,1.0,No,0.0,Partial,0.5,No,0.0,No,0.0,No,0.0,No,0.0,No,0.0,No,0.0,No,0.0,No,0.0,No,0.0,No,0.0,No,0.0,No,0.0,Yes,1.0,No,0.0,Yes,1.0,No,0.0
430,"Asahi Group Holdings, Ltd.",,JP3116000005,Consumer Staples,JAPAN,4.4,1.5,0,3,31,No,0.0,No,0.0,No,0.0,No,0.0,No,0.0,Partial,0.5,No,0.0,No,0.0,No,0.0,Partial,0.5,No,0.0,No,0.0,No,0.0,No,0.0,No,0.0,No,0.0,No,0.0,No,0.0,No,0.0,No,0.0,No,0.0,No,0.0,No,0.0,No,0.0,No,0.0,No,0.0,No,0.0,Partial,0.5,No,0.0,No,0.0,No,0.0,No,0.0,No,0.0,No,0.0
708,ASAHI KASEI CORPORATION,,JP3111200006,Basic Materials,JAPAN,0.0,0.0,0,0,34,No,0.0,No,0.0,No,0.0,No,0.0,No,0.0,No,0.0,No,0.0,No,0.0,No,0.0,No,0.0,No,0.0,No,0.0,No,0.0,No,0.0,No,0.0,No,0.0,No,0.0,No,0.0,No,0.0,No,0.0,No,0.0,No,0.0,No,0.0,No,0.0,No,0.0,No,0.0,No,0.0,No,0.0,No,0.0,No,0.0,No,0.0,No,0.0,No,0.0,No,0.0
239,ASELSAN ELEKTRONIK SANAYI VE TICARET ANONIM SIRKETI,,TRAASELS91H2,Industrials,TURKEY,0.0,0.0,0,0,34,No,0.0,No,0.0,No,0.0,No,0.0,No,0.0,No,0.0,No,0.0,No,0.0,No,0.0,No,0.0,No,0.0,No,0.0,No,0.0,No,0.0,No,0.0,No,0.0,No,0.0,No,0.0,No,0.0,No,0.0,No,0.0,No,0.0,No,0.0,No,0.0,No,0.0,No,0.0,No,0.0,No,0.0,No,0.0,No,0.0,No,0.0,No,0.0,No,0.0,No,0.0
2159,"ASE Technology Holding Co., Ltd.",,TW0003711008,Technology,TAIWAN,5.9,2.0,2,0,32,Yes,1.0,No,0.0,No,0.0,No,0.0,No,0.0,Yes,1.0,No,0.0,No,0.0,No,0.0,No,0.0,No,0.0,No,0.0,No,0.0,No,0.0,No,0.0,No,0.0,No,0.0,No,0.0,No,0.0,No,0.0,No,0.0,No,0.0,No,0.0,No,0.0,No,0.0,No,0.0,No,0.0,No,0.0,No,0.0,No,0.0,No,0.0,No,0.0,No,0.0,No,0.0
238,ASHOK LEYLAND LIMITED,,INE208A01029,Industrials,INDIA,14.7,5.0,5,0,29,Yes,1.0,No,0.0,Yes,1.0,No,0.0,No,0.0,Yes,1.0,No,0.0,Yes,1.0,No,0.0,Yes,1.0,No,0.0,No,0.0,No,0.0,No,0.0,No,0.0,No,0.0,No,0.0,No,0.0,No,0.0,No,0.0,No,0.0,No,0.0,No,0.0,No,0.0,No,0.0,No,0.0,No,0.0,No,0.0,No,0.0,No,0.0,No,0.0,No,0.0,No,0.0,No,0.0
872,Asia Cement Corporation,,TW0001102002,Industrials,TAIWAN,17.6,6.0,6,0,28,Yes,1.0,No,0.0,No,0.0,No,0.0,No,0.0,Yes,1.0,No,0.0,Yes,1.0,No,0.0,Yes,1.0,No,0.0,No,0.0,No,0.0,No,0.0,No,0.0,No,0.0,No,0.0,No,0.0,No,0.0,No,0.0,No,0.0,No,0.0,No,0.0,No,0.0,Yes,1.0,Yes,1.0,No,0.0,No,0.0,No,0.0,No,0.0,No,0.0,No,0.0,No,0.0,No,0.0
873,ASIAN PAINTS LIMITED,,INE021A01026,Industrials,INDIA,4.4,1.5,1,1,32,No,0.0,No,0.0,No,0.0,No,0.0,No,0.0,No,0.0,No,0.0,No,0.0,No,0.0,No,0.0,Partial,0.5,No,0.0,No,0.0,No,0.0,No,0.0,Yes,1.0,No,0.0,No,0.0,No,0.0,No,0.0,No,0.0,No,0.0,No,0.0,No,0.0,No,0.0,No,0.0,No,0.0,No,0.0,No,0.0,No,0.0,No,0.0,No,0.0,No,0.0,No,0.0
718,"Asia Vital Components Co., Ltd.",,TW0003017000,Technology,TAIWAN,0.0,0.0,0,0,34,No,0.0,No,0.0,No,0.0,No,0.0,No,0.0,No,0.0,No,0.0,No,0.0,No,0.0,No,0.0,No,0.0,No,0.0,No,0.0,No,0.0,No,0.0,No,0.0,No,0.0,No,0.0,No,0.0,No,0.0,No,0.0,No,0.0,No,0.0,No,0.0,No,0.0,No,0.0,No,0.0,No,0.0,No,0.0,No,0.0,No,0.0,No,0.0,No,0.0,No,0.0
827,ASICS Corporation,,JP3118000003,Consumer Discretion,JAPAN,5.9,2.0,2,0,32,No,0.0,No,0.0,No,0.0,No,0.0,Yes,1.0,No,0.0,No,0.0,No,0.0,No,0.0,No,0.0,No,0.0,No,0.0,No,0.0,No,0.0,No,0.0,No,0.0,No,0.0,No,0.0,No,0.0,No,0.0,No,0.0,No,0.0,No,0.0,No,0.0,No,0.0,No,0.0,No,0.0,No,0.0,No,0.0,No,0.0,Yes,1.0,No,0.0,No,0.0,No,0.0
270,ASM International N.V.,,NL0000334118,Technology,NETHERLANDS,2.9,1.0,1,0,33,No,0.0,No,0.0,No,0.0,No,0.0,No,0.0,Yes,1.0,No,0.0,No,0.0,No,0.0,No,0.0,No,0.0,No,0.0,No,0.0,No,0.0,No,0.0,No,0.0,No,0.0,No,0.0,No,0.0,No,0.0,No,0.0,No,0.0,No,0.0,No,0.0,No,0.0,No,0.0,No,0.0,No,0.0,No,0.0,No,0.0,No,0.0,No,0.0,No,0.0,No,0.0
828,ASML Holding N.V.,,NL0010273215,Technology,NETHERLANDS,35.3,12.0,12,0,22,Yes,1.0,No,0.0,Yes,1.0,No,0.0,No,0.0,Yes,1.0,No,0.0,Yes,1.0,No,0.0,Yes,1.0,Yes,1.0,No,0.0,No,0.0,No,0.0,No,0.0,Yes,1.0,Yes,1.0,Yes,1.0,Yes,1.0,No,0.0,No,0.0,No,0.0,No,0.0,No,0.0,No,0.0,No,0.0,No,0.0,Yes,1.0,No,0.0,No,0.0,Yes,1.0,No,0.0,No,0.0,No,0.0
1926,Aspeed Technology Inc,,TW0005274005,Technology,TAIWAN,8.8,3.0,3,0,31,No,0.0,No,0.0,Yes,1.0,No,0.0,No,0.0,Yes,1.0,No,0.0,No,0.0,No,0.0,Yes,1.0,No,0.0,No,0.0,No,0.0,No,0.0,No,0.0,No,0.0,No,0.0,No,0.0,No,0.0,No,0.0,No,0.0,No,0.0,No,0.0,No,0.0,No,0.0,No,0.0,No,0.0,No,0.0,No,0.0,No,0.0,No,0.0,No,0.0,No,0.0,No,0.0
1774,ASR Nederland N.V.,,NL0011872643,Financials,NETHERLANDS,20.6,7.0,7,1,26,Yes,1.0,No,0.0,Yes,1.0,No,0.0,Partial,0.0,Yes,1.0,No,0.0,Yes,1.0,No,0.0,Yes,1.0,No,0.0,No,0.0,No,0.0,No,0.0,No,0.0,No,0.0,Yes,1.0,No,0.0,No,0.0,No,0.0,No,0.0,No,0.0,No,0.0,No,0.0,Yes,1.0,No,0.0,No,0.0,No,0.0,No,0.0,No,0.0,No,0.0,No,0.0,No,0.0,No,0.0
228,ASSA ABLOY AB,,SE0007100581,Industrials,SWEDEN,11.8,4.0,4,0,30,No,0.0,No,0.0,No,0.0,No,0.0,No,0.0,Yes,1.0,No,0.0,No,0.0,No,0.0,Yes,1.0,No,0.0,No,0.0,No,0.0,No,0.0,No,0.0,Yes,1.0,Yes,1.0,No,0.0,No,0.0,No,0.0,No,0.0,No,0.0,No,0.0,No,0.0,No,0.0,No,0.0,No,0.0,No,0.0,No,0.0,No,0.0,No,0.0,No,0.0,No,0.0,No,0.0
874,ASSECO POLAND SPOLKA AKCYJNA,,PLSOFTB00016,Technology,POLAND,5.9,2.0,2,1,31,No,0.0,No,0.0,No,0.0,Partial,0.0,No,0.0,Yes,1.0,No,0.0,No,0.0,No,0.0,Yes,1.0,No,0.0,No,0.0,No,0.0,No,0.0,No,0.0,No,0.0,No,0.0,No,0.0,No,0.0,No,0.0,No,0.0,No,0.0,No,0.0,No,0.0,No,0.0,No,0.0,No,0.0,No,0.0,No,0.0,No,0.0,No,0.0,No,0.0,No,0.0,No,0.0
426,ASSICURAZIONI GENERALI SOCIETA PER AZIONI,,IT0000062072,Financials,ITALY,27.9,9.5,8,3,23,Yes,1.0,No,0.0,No,0.0,Partial,0.5,No,0.0,Yes,1.0,No,0.0,Yes,1.0,No,0.0,Yes,1.0,No,0.0,No,0.0,No,0.0,No,0.0,No,0.0,Yes,1.0,Partial,0.5,Partial,0.5,No,0.0,Yes,1.0,Yes,1.0,No,0.0,No,0.0,No,0.0,Yes,1.0,No,0.0,No,0.0,No,0.0,No,0.0,No,0.0,No,0.0,No,0.0,No,0.0,No,0.0
27,ASSOCIATED BRITISH FOODS PLC,,GB0006731235,Consumer Staples,UNITED KINGDOM,0.0,0.0,0,0,34,No,0.0,No,0.0,No,0.0,No,0.0,No,0.0,No,0.0,No,0.0,No,0.0,No,0.0,No,0.0,No,0.0,No,0.0,No,0.0,No,0.0,No,0.0,No,0.0,No,0.0,No,0.0,No,0.0,No,0.0,No,0.0,No,0.0,No,0.0,No,0.0,No,0.0,No,0.0,No,0.0,No,0.0,No,0.0,No,0.0,No,0.0,No,0.0,No,0.0,No,0.0
875,Astellas Pharma Inc.,,JP3942400007,Health Care,JAPAN,5.9,2.0,2,0,32,No,0.0,No,0.0,No,0.0,No,0.0,No,0.0,Yes,1.0,No,0.0,No,0.0,No,0.0,Yes,1.0,No,0.0,No,0.0,No,0.0,No,0.0,No,0.0,No,0.0,No,0.0,No,0.0,No,0.0,No,0.0,No,0.0,No,0.0,No,0.0,No,0.0,No,0.0,No,0.0,No,0.0,No,0.0,No,0.0,No,0.0,No,0.0,No,0.0,No,0.0,No,0.0
2399,"Astera Labs, Inc",,US04626A1034,Technology,UNITED STATES,5.9,2.0,2,1,31,No,0.0,No,0.0,No,0.0,No,0.0,Partial,0.0,Yes,1.0,No,0.0,No,0.0,No,0.0,No,0.0,No,0.0,No,0.0,No,0.0,No,0.0,No,0.0,No,0.0,No,0.0,No,0.0,No,0.0,No,0.0,No,0.0,No,0.0,No,0.0,No,0.0,No,0.0,No,0.0,No,0.0,Yes,1.0,No,0.0,No,0.0,No,0.0,No,0.0,No,0.0,No,0.0
43,ASTRAL LIMITED,,INE006I01046,Industrials,INDIA,0.0,0.0,0,0,34,No,0.0,No,0.0,No,0.0,No,0.0,No,0.0,No,0.0,No,0.0,No,0.0,No,0.0,No,0.0,No,0.0,No,0.0,No,0.0,No,0.0,No,0.0,No,0.0,No,0.0,No,0.0,No,0.0,No,0.0,No,0.0,No,0.0,No,0.0,No,0.0,No,0.0,No,0.0,No,0.0,No,0.0,No,0.0,No,0.0,No,0.0,No,0.0,No,0.0,No,0.0
877,ASTRAZENECA PLC,,GB0009895292,Health Care,UNITED KINGDOM,39.7,13.5,13,2,19,No,0.0,No,0.0,Yes,1.0,No,0.0,Yes,1.0,Yes,1.0,No,0.0,Yes,1.0,No,0.0,No,0.0,No,0.0,No,0.0,No,0.0,No,0.0,No,0.0,Yes,1.0,Partial,0.5,Yes,1.0,No,0.0,Yes,1.0,No,0.0,Yes,1.0,Yes,1.0,Partial,0.0,Yes,1.0,Yes,1.0,No,0.0,No,0.0,No,0.0,Yes,1.0,Yes,1.0,No,0.0,No,0.0,No,0.0
2223,"AST SPACEMOBILE, INC.",,US00217D1000,Telecommunications,UNITED STATES,0.0,0.0,0,0,34,No,0.0,No,0.0,No,0.0,No,0.0,No,0.0,No,0.0,No,0.0,No,0.0,No,0.0,No,0.0,No,0.0,No,0.0,No,0.0,No,0.0,No,0.0,No,0.0,No,0.0,No,0.0,No,0.0,No,0.0,No,0.0,No,0.0,No,0.0,No,0.0,No,0.0,No,0.0,No,0.0,No,0.0,No,0.0,No,0.0,No,0.0,No,0.0,No,0.0,No,0.0
489,ASUSTEK COMPUTER INCORPORATION,,TW0002357001,Technology,TAIWAN,13.2,4.5,4,1,29,Partial,0.5,No,0.0,Yes,1.0,No,0.0,No,0.0,Yes,1.0,No,0.0,No,0.0,No,0.0,No,0.0,No,0.0,No,0.0,No,0.0,No,0.0,No,0.0,No,0.0,No,0.0,Yes,1.0,No,0.0,No,0.0,No,0.0,No,0.0,No,0.0,No,0.0,Yes,1.0,No,0.0,No,0.0,No,0.0,No,0.0,No,0.0,No,0.0,No,0.0,No,0.0,No,0.0
829,ASX LIMITED,,AU000000ASX7,Financials,AUSTRALIA,4.4,1.5,1,1,32,No,0.0,No,0.0,No,0.0,No,0.0,No,0.0,Partial,0.5,No,0.0,No,0.0,No,0.0,Yes,1.0,No,0.0,No,0.0,No,0.0,No,0.0,No,0.0,No,0.0,No,0.0,No,0.0,No,0.0,No,0.0,No,0.0,No,0.0,No,0.0,No,0.0,No,0.0,No,0.0,No,0.0,No,0.0,No,0.0,No,0.0,No,0.0,No,0.0,No,0.0,No,0.0
394,ATKINSREALIS GROUP INC,,CA04764T1049,Industrials,CANADA,25.0,8.5,8,1,25,Yes,1.0,No,0.0,Yes,1.0,No,0.0,No,0.0,Yes,1.0,No,0.0,Yes,1.0,No,0.0,Yes,1.0,Partial,0.5,No,0.0,No,0.0,No,0.0,No,0.0,No,0.0,No,0.0,No,0.0,No,0.0,No,0.0,Yes,1.0,No,0.0,No,0.0,No,0.0,Yes,1.0,No,0.0,No,0.0,No,0.0,No,0.0,No,0.0,Yes,1.0,No,0.0,No,0.0,No,0.0
878,Atlas Copco Aktiebolag,,SE0017486889,Industrials,SWEDEN,11.8,4.0,4,1,29,No,0.0,No,0.0,No,0.0,Partial,0.0,No,0.0,No,0.0,No,0.0,No,0.0,No,0.0,No,0.0,No,0.0,No,0.0,No,0.0,No,0.0,No,0.0,Yes,1.0,Yes,1.0,No,0.0,Yes,1.0,No,0.0,No,0.0,No,0.0,No,0.0,No,0.0,No,0.0,No,0.0,No,0.0,No,0.0,No,0.0,No,0.0,Yes,1.0,No,0.0,No,0.0,No,0.0
2356,ATLASSIAN CORPORATION,,US0494681010,Technology,UNITED STATES,38.2,13.0,13,0,21,No,0.0,No,0.0,No,0.0,Yes,1.0,Yes,1.0,Yes,1.0,No,0.0,Yes,1.0,No,0.0,Yes,1.0,No,0.0,No,0.0,No,0.0,No,0.0,No,0.0,Yes,1.0,Yes,1.0,Yes,1.0,No,0.0,Yes,1.0,No,0.0,No,0.0,No,0.0,No,0.0,Yes,1.0,No,0.0,No,0.0,No,0.0,Yes,1.0,Yes,1.0,Yes,1.0,No,0.0,No,0.0,No,0.0
879,ATMOS ENERGY CORPORATION,,US0495601058,Utilities,UNITED STATES,0.0,0.0,0,0,34,No,0.0,No,0.0,No,0.0,No,0.0,No,0.0,No,0.0,No,0.0,No,0.0,No,0.0,No,0.0,No,0.0,No,0.0,No,0.0,No,0.0,No,0.0,No,0.0,No,0.0,No,0.0,No,0.0,No,0.0,No,0.0,No,0.0,No,0.0,No,0.0,No,0.0,No,0.0,No,0.0,No,0.0,No,0.0,No,0.0,No,0.0,No,0.0,No,0.0,No,0.0
830,AT&T INC.,,US00206R1023,Telecommunications,UNITED STATES,16.2,5.5,5,1,28,No,0.0,No,0.0,No,0.0,Yes,1.0,No,0.0,Partial,0.5,No,0.0,No,0.0,No,0.0,No,0.0,Yes,1.0,No,0.0,No,0.0,No,0.0,No,0.0,Yes,1.0,Yes,1.0,No,0.0,No,0.0,No,0.0,No,0.0,No,0.0,No,0.0,No,0.0,No,0.0,No,0.0,No,0.0,No,0.0,No,0.0,No,0.0,Yes,1.0,No,0.0,No,0.0,No,0.0
880,AUCKLAND INTERNATIONAL AIRPORT LIMITED,,NZAIAE0002S6,Industrials,NEW ZEALAND,5.9,2.0,1,2,31,No,0.0,No,0.0,No,0.0,No,0.0,No,0.0,Yes,1.0,No,0.0,Partial,0.5,No,0.0,Partial,0.5,No,0.0,No,0.0,No,0.0,No,0.0,No,0.0,No,0.0,No,0.0,No,0.0,No,0.0,No,0.0,No,0.0,No,0.0,No,0.0,No,0.0,No,0.0,No,0.0,No,0.0,No,0.0,No,0.0,No,0.0,No,0.0,No,0.0,No,0.0,No,0.0
881,AUROBINDO PHARMA LTD,,INE406A01037,Health Care,INDIA,14.7,5.0,5,0,29,No,0.0,No,0.0,No,0.0,No,0.0,No,0.0,Yes,1.0,No,0.0,Yes,1.0,No,0.0,Yes,1.0,No,0.0,No,0.0,No,0.0,No,0.0,No,0.0,No,0.0,No,0.0,No,0.0,No,0.0,No,0.0,Yes,1.0,No,0.0,No,0.0,No,0.0,Yes,1.0,No,0.0,No,0.0,No,0.0,No,0.0,No,0.0,No,0.0,No,0.0,No,0.0,No,0.0
1878,AU SMALL FINANCE BANK LIMITED,,INE949L01017,Financials,INDIA,11.8,4.0,4,0,30,No,0.0,No,0.0,No,0.0,No,0.0,No,0.0,Yes,1.0,No,0.0,Yes,1.0,No,0.0,Yes,1.0,No,0.0,No,0.0,No,0.0,No,0.0,No,0.0,No,0.0,No,0.0,No,0.0,No,0.0,No,0.0,Yes,1.0,No,0.0,No,0.0,No,0.0,No,0.0,No,0.0,No,0.0,No,0.0,No,0.0,No,0.0,No,0.0,No,0.0,No,0.0,No,0.0
882,"AUTODESK, INC.",,US0527691069,Technology,UNITED STATES,8.8,3.0,3,0,31,No,0.0,No,0.0,No,0.0,No,0.0,No,0.0,Yes,1.0,No,0.0,No,0.0,No,0.0,No,0.0,No,0.0,No,0.0,No,0.0,No,0.0,No,0.0,No,0.0,No,0.0,No,0.0,No,0.0,No,0.0,No,0.0,No,0.0,No,0.0,No,0.0,No,0.0,No,0.0,No,0.0,Yes,1.0,No,0.0,Yes,1.0,No,0.0,No,0.0,No,0.0,No,0.0
288,"AUTOMATIC DATA PROCESSING, INC.",,US0530151036,Industrials,UNITED STATES,39.7,13.5,13,1,20,Partial,0.5,No,0.0,No,0.0,Yes,1.0,Yes,1.0,Yes,1.0,No,0.0,Yes,1.0,No,0.0,Yes,1.0,No,0.0,No,0.0,No,0.0,Yes,1.0,Yes,1.0,No,0.0,Yes,1.0,Yes,1.0,Yes,1.0,No,0.0,Yes,1.0,No,0.0,No,0.0,No,0.0,No,0.0,No,0.0,No,0.0,Yes,1.0,No,0.0,No,0.0,Yes,1.0,No,0.0,No,0.0,No,0.0
2042,AUTOTRADER GROUP PLC,,GB00BVYVFW23,Technology,UNITED KINGDOM,5.9,2.0,2,1,31,No,0.0,No,0.0,No,0.0,Partial,0.0,No,0.0,No,0.0,No,0.0,No,0.0,No,0.0,Yes,1.0,No,0.0,No,0.0,No,0.0,No,0.0,No,0.0,No,0.0,No,0.0,No,0.0,No,0.0,No,0.0,Yes,1.0,No,0.0,No,0.0,No,0.0,No,0.0,No,0.0,No,0.0,No,0.0,No,0.0,No,0.0,No,0.0,No,0.0,No,0.0,No,0.0
244,"AUTOZONE, INC.",,US0533321024,Consumer Discretion,UNITED STATES,16.2,5.5,5,1,28,Partial,0.5,No,0.0,No,0.0,No,0.0,No,0.0,Yes,1.0,No,0.0,No,0.0,No,0.0,Yes,1.0,No,0.0,No,0.0,No,0.0,No,0.0,No,0.0,No,0.0,No,0.0,No,0.0,No,0.0,No,0.0,No,0.0,No,0.0,No,0.0,No,0.0,No,0.0,No,0.0,No,0.0,Yes,1.0,No,0.0,No,0.0,Yes,1.0,No,0.0,Yes,1.0,No,0.0
449,"AVALONBAY COMMUNITIES, INC.",,US0534841012,Real Estate,UNITED STATES,13.2,4.5,4,1,29,No,0.0,No,0.0,No,0.0,No,0.0,No,0.0,Partial,0.5,No,0.0,Yes,1.0,No,0.0,Yes,1.0,No,0.0,No,0.0,No,0.0,No,0.0,No,0.0,No,0.0,No,0.0,No,0.0,No,0.0,No,0.0,No,0.0,No,0.0,No,0.0,No,0.0,No,0.0,No,0.0,No,0.0,Yes,1.0,No,0.0,No,0.0,Yes,1.0,No,0.0,No,0.0,No,0.0
2175,"Avary Holding (Shenzhen) Co., Limited",,CNE100003GF5,Technology,CHINA,2.9,1.0,1,1,32,No,0.0,No,0.0,No,0.0,Partial,0.0,No,0.0,No,0.0,No,0.0,No,0.0,No,0.0,No,0.0,No,0.0,No,0.0,No,0.0,No,0.0,No,0.0,No,0.0,No,0.0,Yes,1.0,No,0.0,No,0.0,No,0.0,No,0.0,No,0.0,No,0.0,No,0.0,No,0.0,No,0.0,No,0.0,No,0.0,No,0.0,No,0.0,No,0.0,No,0.0,No,0.0
2057,AVENUE SUPERMARTS LIMITED,,INE192R01011,Consumer Staples,INDIA,0.0,0.0,0,0,34,No,0.0,No,0.0,No,0.0,No,0.0,No,0.0,No,0.0,No,0.0,No,0.0,No,0.0,No,0.0,No,0.0,No,0.0,No,0.0,No,0.0,No,0.0,No,0.0,No,0.0,No,0.0,No,0.0,No,0.0,No,0.0,No,0.0,No,0.0,No,0.0,No,0.0,No,0.0,No,0.0,No,0.0,No,0.0,No,0.0,No,0.0,No,0.0,No,0.0,No,0.0
647,AVERY DENNISON CORPORATION,,US0536111091,Basic Materials,UNITED STATES,8.8,3.0,1,4,29,No,0.0,No,0.0,No,0.0,No,0.0,No,0.0,Partial,0.5,No,0.0,Partial,0.5,No,0.0,Partial,0.5,No,0.0,No,0.0,No,0.0,No,0.0,No,0.0,Yes,1.0,No,0.0,No,0.0,No,0.0,No,0.0,No,0.0,No,0.0,No,0.0,No,0.0,No,0.0,No,0.0,No,0.0,No,0.0,No,0.0,No,0.0,Partial,0.5,No,0.0,No,0.0,No,0.0
470,AviChina Industry & Technology Company Limited,,CNE1000001Y8,Industrials,CHINA,5.9,2.0,2,0,32,No,0.0,No,0.0,No,0.0,No,0.0,No,0.0,Yes,1.0,No,0.0,No,0.0,No,0.0,Yes,1.0,No,0.0,No,0.0,No,0.0,No,0.0,No,0.0,No,0.0,No,0.0,No,0.0,No,0.0,No,0.0,No,0.0,No,0.0,No,0.0,No,0.0,No,0.0,No,0.0,No,0.0,No,0.0,No,0.0,No,0.0,No,0.0,No,0.0,No,0.0,No,0.0
883,AVIVA PLC,,GB00BPQY8M80,Financials,UNITED KINGDOM,17.6,6.0,5,2,27,Yes,1.0,No,0.0,Yes,1.0,No,0.0,No,0.0,Yes,1.0,No,0.0,No,0.0,No,0.0,No,0.0,No,0.0,No,0.0,No,0.0,No,0.0,Yes,1.0,Partial,0.5,Partial,0.5,No,0.0,No,0.0,No,0.0,No,0.0,No,0.0,No,0.0,No,0.0,No,0.0,No,0.0,No,0.0,Yes,1.0,No,0.0,No,0.0,No,0.0,No,0.0,No,0.0,No,0.0
1046,Avolta AG,,CH0023405456,Consumer Discretion,SWITZERLAND,2.9,1.0,1,0,33,No,0.0,No,0.0,No,0.0,No,0.0,No,0.0,Yes,1.0,No,0.0,No,0.0,No,0.0,No,0.0,No,0.0,No,0.0,No,0.0,No,0.0,No,0.0,No,0.0,No,0.0,No,0.0,No,0.0,No,0.0,No,0.0,No,0.0,No,0.0,No,0.0,No,0.0,No,0.0,No,0.0,No,0.0,No,0.0,No,0.0,No,0.0,No,0.0,No,0.0,No,0.0
24,AXA SA,,FR0000120628,Financials,FRANCE,19.1,6.5,6,2,26,Yes,1.0,No,0.0,No,0.0,Yes,1.0,Partial,0.0,Yes,1.0,No,0.0,Yes,1.0,No,0.0,Partial,0.5,Yes,1.0,No,0.0,No,0.0,No,0.0,No,0.0,No,0.0,No,0.0,No,0.0,No,0.0,No,0.0,No,0.0,No,0.0,No,0.0,No,0.0,No,0.0,No,0.0,No,0.0,Yes,1.0,No,0.0,No,0.0,No,0.0,No,0.0,No,0.0,No,0.0
959,AXIA Energia S.A.,,BRAXIAACNOR0,Utilities,BRAZIL,5.9,2.0,2,0,32,No,0.0,No,0.0,No,0.0,No,0.0,No,0.0,Yes,1.0,No,0.0,No,0.0,No,0.0,No,0.0,No,0.0,No,0.0,No,0.0,No,0.0,No,0.0,No,0.0,No,0.0,No,0.0,No,0.0,No,0.0,No,0.0,No,0.0,No,0.0,No,0.0,No,0.0,No,0.0,No,0.0,Yes,1.0,No,0.0,No,0.0,No,0.0,No,0.0,No,0.0,No,0.0
1646,AXIATA GROUP BERHAD,,MYL6888OO001,Telecommunications,MALAYSIA,32.4,11.0,11,1,22,Yes,1.0,No,0.0,No,0.0,Yes,1.0,No,0.0,Yes,1.0,No,0.0,Yes,1.0,No,0.0,Yes,1.0,Yes,1.0,No,0.0,No,0.0,No,0.0,No,0.0,Yes,1.0,Yes,1.0,Yes,1.0,No,0.0,Partial,0.0,Yes,1.0,No,0.0,No,0.0,No,0.0,Yes,1.0,No,0.0,No,0.0,No,0.0,No,0.0,No,0.0,No,0.0,No,0.0,No,0.0,No,0.0
687,AXIS BANK LIMITED,,INE238A01034,Financials,INDIA,14.7,5.0,3,4,27,Yes,1.0,No,0.0,No,0.0,No,0.0,No,0.0,Partial,0.5,Yes,1.0,Partial,0.5,No,0.0,Partial,0.5,No,0.0,No,0.0,No,0.0,No,0.0,No,0.0,No,0.0,No,0.0,No,0.0,No,0.0,No,0.0,Yes,1.0,No,0.0,Partial,0.5,No,0.0,No,0.0,No,0.0,No,0.0,No,0.0,No,0.0,No,0.0,No,0.0,No,0.0,No,0.0,No,0.0
583,"AXON ENTERPRISE, INC.",,US05464C1018,Industrials,UNITED STATES,44.1,15.0,15,1,18,Yes,1.0,No,0.0,No,0.0,No,0.0,Yes,1.0,Yes,1.0,No,0.0,Yes,1.0,No,0.0,Yes,1.0,Yes,1.0,Yes,1.0,No,0.0,Yes,1.0,Partial,0.0,Yes,1.0,Yes,1.0,Yes,1.0,No,0.0,No,0.0,Yes,1.0,No,0.0,Yes,1.0,No,0.0,No,0.0,No,0.0,No,0.0,No,0.0,No,0.0,Yes,1.0,Yes,1.0,No,0.0,No,0.0,No,0.0
717,AYALA CORPORATION,,PHY0486V1154,Real Estate,PHILIPPINES,14.7,5.0,5,0,29,Yes,1.0,No,0.0,No,0.0,No,0.0,No,0.0,No,0.0,No,0.0,No,0.0,No,0.0,No,0.0,No,0.0,No,0.0,No,0.0,Yes,1.0,No,0.0,Yes,1.0,Yes,1.0,Yes,1.0,No,0.0,No,0.0,No,0.0,No,0.0,No,0.0,No,0.0,No,0.0,No,0.0,No,0.0,No,0.0,No,0.0,No,0.0,No,0.0,No,0.0,No,0.0,No,0.0
884,AYALA LAND INC.,,PHY0488F1004,Real Estate,PHILIPPINES,2.9,1.0,1,0,33,No,0.0,No,0.0,No,0.0,No,0.0,No,0.0,No,0.0,No,0.0,No,0.0,No,0.0,No,0.0,No,0.0,No,0.0,No,0.0,No,0.0,No,0.0,No,0.0,No,0.0,No,0.0,No,0.0,No,0.0,No,0.0,No,0.0,No,0.0,No,0.0,No,0.0,No,0.0,No,0.0,No,0.0,No,0.0,No,0.0,Yes,1.0,No,0.0,No,0.0,No,0.0
1935,AYVENS SA,,FR0013258662,Consumer Discretion,FRANCE,11.8,4.0,4,1,29,Yes,1.0,No,0.0,Yes,1.0,Yes,1.0,No,0.0,Yes,1.0,No,0.0,No,0.0,No,0.0,Partial,0.0,No,0.0,No,0.0,No,0.0,No,0.0,No,0.0,No,0.0,No,0.0,No,0.0,No,0.0,No,0.0,No,0.0,No,0.0,No,0.0,No,0.0,No,0.0,No,0.0,No,0.0,No,0.0,No,0.0,No,0.0,No,0.0,No,0.0,No,0.0,No,0.0
1827,AZRIELI GROUP LTD.,,IL0011194789,Real Estate,ISRAEL,0.0,0.0,0,0,34,No,0.0,No,0.0,No,0.0,No,0.0,No,0.0,No,0.0,No,0.0,No,0.0,No,0.0,No,0.0,No,0.0,No,0.0,No,0.0,No,0.0,No,0.0,No,0.0,No,0.0,No,0.0,No,0.0,No,0.0,No,0.0,No,0.0,No,0.0,No,0.0,No,0.0,No,0.0,No,0.0,No,0.0,No,0.0,No,0.0,No,0.0,No,0.0,No,0.0,No,0.0
1749,"B3 S.A - Brasil, Bolsa, Balcao",,BRB3SAACNOR6,Financials,BRAZIL,8.8,3.0,1,4,29,No,0.0,No,0.0,No,0.0,No,0.0,No,0.0,Partial,0.5,No,0.0,Partial,0.5,No,0.0,Partial,0.5,Yes,1.0,No,0.0,No,0.0,No,0.0,No,0.0,No,0.0,No,0.0,No,0.0,No,0.0,No,0.0,No,0.0,No,0.0,No,0.0,No,0.0,No,0.0,No,0.0,No,0.0,Partial,0.5,No,0.0,No,0.0,No,0.0,No,0.0,No,0.0,No,0.0
435,BAE SYSTEMS PLC,,GB0002634946,Industrials,UNITED KINGDOM,0.0,0.0,0,0,34,No,0.0,No,0.0,No,0.0,No,0.0,No,0.0,No,0.0,No,0.0,No,0.0,No,0.0,No,0.0,No,0.0,No,0.0,No,0.0,No,0.0,No,0.0,No,0.0,No,0.0,No,0.0,No,0.0,No,0.0,No,0.0,No,0.0,No,0.0,No,0.0,No,0.0,No,0.0,No,0.0,No,0.0,No,0.0,No,0.0,No,0.0,No,0.0,No,0.0,No,0.0
1385,"BAIC BluePark New Energy Technology Co., Ltd.",,CNE000000LP1,Consumer Discretion,CHINA,8.8,3.0,3,0,31,No,0.0,No,0.0,No,0.0,No,0.0,No,0.0,Yes,1.0,No,0.0,No,0.0,No,0.0,Yes,1.0,No,0.0,No,0.0,No,0.0,No,0.0,No,0.0,No,0.0,No,0.0,No,0.0,No,0.0,No,0.0,No,0.0,No,0.0,No,0.0,No,0.0,No,0.0,No,0.0,No,0.0,Yes,1.0,No,0.0,No,0.0,No,0.0,No,0.0,No,0.0,No,0.0
1624,"BAIDU, INC.",,KYG070341048,Technology,CHINA,14.7,5.0,4,2,28,Yes,1.0,No,0.0,No,0.0,No,0.0,No,0.0,Partial,0.5,No,0.0,No,0.0,No,0.0,No,0.0,No,0.0,No,0.0,No,0.0,No,0.0,No,0.0,No,0.0,No,0.0,No,0.0,No,0.0,No,0.0,No,0.0,No,0.0,No,0.0,No,0.0,Yes,1.0,No,0.0,No,0.0,No,0.0,Yes,1.0,Partial,0.5,No,0.0,No,0.0,Yes,1.0,No,0.0
2110,"Baiyin Nonferrous Group Co., Ltd.",,CNE100002RP3,Basic Materials,CHINA,8.8,3.0,3,0,31,No,0.0,No,0.0,No,0.0,No,0.0,No,0.0,Yes,1.0,No,0.0,Yes,1.0,No,0.0,Yes,1.0,No,0.0,No,0.0,No,0.0,No,0.0,No,0.0,No,0.0,No,0.0,No,0.0,No,0.0,No,0.0,No,0.0,No,0.0,No,0.0,No,0.0,No,0.0,No,0.0,No,0.0,No,0.0,No,0.0,No,0.0,No,0.0,No,0.0,No,0.0,No,0.0
1733,BAJAJ AUTO LIMITED.,,INE917I01010,Consumer Discretion,INDIA,0.0,0.0,0,0,34,No,0.0,No,0.0,No,0.0,No,0.0,No,0.0,No,0.0,No,0.0,No,0.0,No,0.0,No,0.0,No,0.0,No,0.0,No,0.0,No,0.0,No,0.0,No,0.0,No,0.0,No,0.0,No,0.0,No,0.0,No,0.0,No,0.0,No,0.0,No,0.0,No,0.0,No,0.0,No,0.0,No,0.0,No,0.0,No,0.0,No,0.0,No,0.0,No,0.0,No,0.0
46,BAJAJ FINANCE LIMITED,,INE296A01032,Financials,INDIA,23.5,8.0,8,0,26,Yes,1.0,No,0.0,Yes,1.0,No,0.0,No,0.0,Yes,1.0,No,0.0,Yes,1.0,No,0.0,Yes,1.0,No,0.0,No,0.0,No,0.0,No,0.0,No,0.0,No,0.0,No,0.0,No,0.0,No,0.0,No,0.0,Yes,1.0,Yes,1.0,Yes,1.0,No,0.0,No,0.0,No,0.0,No,0.0,No,0.0,No,0.0,No,0.0,No,0.0,No,0.0,No,0.0,No,0.0
1730,BAJAJ FINSERV LIMITED,,INE918I01026,Financials,INDIA,20.6,7.0,7,0,27,Yes,1.0,No,0.0,Yes,1.0,No,0.0,No,0.0,Yes,1.0,No,0.0,Yes,1.0,No,0.0,Yes,1.0,No,0.0,No,0.0,No,0.0,No,0.0,No,0.0,No,0.0,Yes,1.0,No,0.0,No,0.0,No,0.0,No,0.0,No,0.0,Yes,1.0,No,0.0,No,0.0,No,0.0,No,0.0,No,0.0,No,0.0,No,0.0,No,0.0,No,0.0,No,0.0,No,0.0
893,BAJAJ HOLDINGS & INVESTMENT LIMITED.,,INE118A01012,Financials,INDIA,0.0,0.0,0,0,34,No,0.0,No,0.0,No,0.0,No,0.0,No,0.0,No,0.0,No,0.0,No,0.0,No,0.0,No,0.0,No,0.0,No,0.0,No,0.0,No,0.0,No,0.0,No,0.0,No,0.0,No,0.0,No,0.0,No,0.0,No,0.0,No,0.0,No,0.0,No,0.0,No,0.0,No,0.0,No,0.0,No,0.0,No,0.0,No,0.0,No,0.0,No,0.0,No,0.0,No,0.0
2130,BAKER HUGHES COMPANY,,US05722G1004,Energy,UNITED STATES,20.6,7.0,7,0,27,No,0.0,No,0.0,No,0.0,No,0.0,No,0.0,Yes,1.0,No,0.0,Yes,1.0,No,0.0,Yes,1.0,Yes,1.0,Yes,1.0,No,0.0,No,0.0,No,0.0,No,0.0,No,0.0,No,0.0,No,0.0,No,0.0,No,0.0,No,0.0,No,0.0,No,0.0,No,0.0,No,0.0,No,0.0,Yes,1.0,No,0.0,No,0.0,Yes,1.0,No,0.0,No,0.0,No,0.0
894,BALKRISHNA INDUSTRIES LIMITED,,INE787D01026,Consumer Discretion,INDIA,8.8,3.0,3,0,31,No,0.0,No,0.0,No,0.0,No,0.0,No,0.0,Yes,1.0,No,0.0,Yes,1.0,No,0.0,Yes,1.0,No,0.0,No,0.0,No,0.0,No,0.0,No,0.0,No,0.0,No,0.0,No,0.0,No,0.0,No,0.0,No,0.0,No,0.0,No,0.0,No,0.0,No,0.0,No,0.0,No,0.0,No,0.0,No,0.0,No,0.0,No,0.0,No,0.0,No,0.0,No,0.0
259,BALL CORPORATION,,US0584981064,Industrials,UNITED STATES,0.0,0.0,0,0,34,No,0.0,No,0.0,No,0.0,No,0.0,No,0.0,No,0.0,No,0.0,No,0.0,No,0.0,No,0.0,No,0.0,No,0.0,No,0.0,No,0.0,No,0.0,No,0.0,No,0.0,No,0.0,No,0.0,No,0.0,No,0.0,No,0.0,No,0.0,No,0.0,No,0.0,No,0.0,No,0.0,No,0.0,No,0.0,No,0.0,No,0.0,No,0.0,No,0.0,No,0.0
1699,BANCA MEDIOLANUM SPA,,IT0004776628,Financials,ITALY,20.6,7.0,7,1,26,No,0.0,No,0.0,No,0.0,Yes,1.0,Partial,0.0,Yes,1.0,No,0.0,Yes,1.0,No,0.0,Yes,1.0,Yes,1.0,No,0.0,No,0.0,No,0.0,No,0.0,Yes,1.0,No,0.0,No,0.0,No,0.0,No,0.0,Yes,1.0,No,0.0,No,0.0,No,0.0,No,0.0,No,0.0,No,0.0,No,0.0,No,0.0,No,0.0,No,0.0,No,0.0,No,0.0,No,0.0
895,BANCA MONTE DEI PASCHI DI SIENA S.P.A.,,IT0005508921,Financials,ITALY,8.8,3.0,3,0,31,No,0.0,No,0.0,No,0.0,No,0.0,No,0.0,Yes,1.0,No,0.0,Yes,1.0,No,0.0,Yes,1.0,No,0.0,No,0.0,No,0.0,No,0.0,No,0.0,No,0.0,No,0.0,No,0.0,No,0.0,No,0.0,No,0.0,No,0.0,No,0.0,No,0.0,No,0.0,No,0.0,No,0.0,No,0.0,No,0.0,No,0.0,No,0.0,No,0.0,No,0.0,No,0.0
896,"Banco Bilbao Vizcaya Argentaria, S.A.",,ES0113211835,Financials,SPAIN,41.2,14.0,14,0,20,Yes,1.0,No,0.0,Yes,1.0,Yes,1.0,Yes,1.0,Yes,1.0,Yes,1.0,Yes,1.0,No,0.0,Yes,1.0,No,0.0,No,0.0,No,0.0,No,0.0,Yes,1.0,Yes,1.0,Yes,1.0,Yes,1.0,No,0.0,No,0.0,Yes,1.0,No,0.0,No,0.0,No,0.0,Yes,1.0,No,0.0,No,0.0,No,0.0,No,0.0,No,0.0,No,0.0,No,0.0,No,0.0,No,0.0
2112,BANCO BPM SOCIETA PER AZIONI,,IT0005218380,Financials,ITALY,44.1,15.0,13,4,17,Yes,1.0,Partial,0.5,Yes,1.0,Partial,0.5,Yes,1.0,Yes,1.0,Partial,0.5,Yes,1.0,No,0.0,Yes,1.0,No,0.0,No,0.0,No,0.0,No,0.0,No,0.0,Yes,1.0,Yes,1.0,Yes,1.0,No,0.0,No,0.0,Partial,0.5,Yes,1.0,Yes,1.0,No,0.0,Yes,1.0,No,0.0,Yes,1.0,No,0.0,No,0.0,No,0.0,No,0.0,No,0.0,No,0.0,No,0.0
897,Banco Bradesco S.A.,,BRBBDCACNOR1,Financials,BRAZIL,41.2,14.0,14,0,20,Yes,1.0,No,0.0,Yes,1.0,Yes,1.0,No,0.0,Yes,1.0,No,0.0,Yes,1.0,No,0.0,Yes,1.0,No,0.0,No,0.0,No,0.0,No,0.0,No,0.0,Yes,1.0,Yes,1.0,Yes,1.0,No,0.0,No,0.0,Yes,1.0,No,0.0,Yes,1.0,No,0.0,Yes,1.0,Yes,1.0,No,0.0,Yes,1.0,No,0.0,No,0.0,No,0.0,No,0.0,No,0.0,No,0.0
1655,BANCO BTG PACTUAL S.A.,,BRBPACACNOR7,Financials,BRAZIL,0.0,0.0,0,0,34,No,0.0,No,0.0,No,0.0,No,0.0,No,0.0,No,0.0,No,0.0,No,0.0,No,0.0,No,0.0,No,0.0,No,0.0,No,0.0,No,0.0,No,0.0,No,0.0,No,0.0,No,0.0,No,0.0,No,0.0,No,0.0,No,0.0,No,0.0,No,0.0,No,0.0,No,0.0,No,0.0,No,0.0,No,0.0,No,0.0,No,0.0,No,0.0,No,0.0,No,0.0
898,"Banco Comercial Portugues, S.A.",,PTBCP0AM0015,Financials,PORTUGAL,0.0,0.0,0,1,33,No,0.0,No,0.0,No,0.0,No,0.0,Partial,0.0,No,0.0,No,0.0,No,0.0,No,0.0,No,0.0,No,0.0,No,0.0,No,0.0,No,0.0,No,0.0,No,0.0,No,0.0,No,0.0,No,0.0,No,0.0,No,0.0,No,0.0,No,0.0,No,0.0,No,0.0,No,0.0,No,0.0,No,0.0,No,0.0,No,0.0,No,0.0,No,0.0,No,0.0,No,0.0
900,Banco de Chile,,CLP0939W1081,Financials,CHILE,0.0,0.0,0,0,34,No,0.0,No,0.0,No,0.0,No,0.0,No,0.0,No,0.0,No,0.0,No,0.0,No,0.0,No,0.0,No,0.0,No,0.0,No,0.0,No,0.0,No,0.0,No,0.0,No,0.0,No,0.0,No,0.0,No,0.0,No,0.0,No,0.0,No,0.0,No,0.0,No,0.0,No,0.0,No,0.0,No,0.0,No,0.0,No,0.0,No,0.0,No,0.0,No,0.0,No,0.0
631,Banco de Credito e Inversiones,,CLP321331116,Financials,CHILE,35.3,12.0,12,0,22,Yes,1.0,No,0.0,Yes,1.0,Yes,1.0,No,0.0,Yes,1.0,No,0.0,Yes,1.0,No,0.0,Yes,1.0,No,0.0,No,0.0,No,0.0,No,0.0,No,0.0,Yes,1.0,Yes,1.0,Yes,1.0,No,0.0,No,0.0,Yes,1.0,No,0.0,No,0.0,No,0.0,Yes,1.0,No,0.0,No,0.0,No,0.0,No,0.0,No,0.0,Yes,1.0,No,0.0,No,0.0,No,0.0
901,"Banco de Sabadell, S.A.",,ES0113860A34,Financials,SPAIN,20.6,7.0,7,1,26,No,0.0,No,0.0,No,0.0,No,0.0,Partial,0.0,Yes,1.0,No,0.0,Yes,1.0,No,0.0,Yes,1.0,No,0.0,No,0.0,No,0.0,No,0.0,No,0.0,Yes,1.0,No,0.0,Yes,1.0,No,0.0,No,0.0,Yes,1.0,No,0.0,No,0.0,No,0.0,No,0.0,No,0.0,No,0.0,No,0.0,No,0.0,No,0.0,No,0.0,No,0.0,Yes,1.0,No,0.0
902,Banco do Brasil S.A,,BRBBASACNOR3,Financials,BRAZIL,45.6,15.5,15,1,18,Yes,1.0,No,0.0,No,0.0,Yes,1.0,No,0.0,Yes,1.0,Yes,1.0,Yes,1.0,No,0.0,Yes,1.0,No,0.0,No,0.0,Yes,1.0,No,0.0,Partial,0.5,Yes,1.0,Yes,1.0,Yes,1.0,No,0.0,Yes,1.0,Yes,1.0,No,0.0,No,0.0,No,0.0,Yes,1.0,Yes,1.0,No,0.0,Yes,1.0,No,0.0,No,0.0,No,0.0,No,0.0,No,0.0,No,0.0
294,Banco Santander-Chile,,CLP1506A1070,Financials,CHILE,8.8,3.0,3,0,31,Yes,1.0,No,0.0,No,0.0,No,0.0,No,0.0,Yes,1.0,No,0.0,No,0.0,No,0.0,Yes,1.0,No,0.0,No,0.0,No,0.0,No,0.0,No,0.0,No,0.0,No,0.0,No,0.0,No,0.0,No,0.0,No,0.0,No,0.0,No,0.0,No,0.0,No,0.0,No,0.0,No,0.0,No,0.0,No,0.0,No,0.0,No,0.0,No,0.0,No,0.0,No,0.0
899,"Banco Santander, S.A.",,ES0113900J37,Financials,SPAIN,17.6,6.0,5,4,25,Yes,1.0,No,0.0,Yes,1.0,No,0.0,Partial,0.5,Partial,0.5,No,0.0,Yes,1.0,No,0.0,No,0.0,Yes,1.0,No,0.0,No,0.0,No,0.0,No,0.0,No,0.0,No,0.0,Partial,0.0,No,0.0,No,0.0,No,0.0,No,0.0,No,0.0,No,0.0,Partial,0.0,No,0.0,No,0.0,Yes,1.0,No,0.0,No,0.0,No,0.0,No,0.0,No,0.0,No,0.0
1302,Bandai Namco Holdings Inc.,,JP3778630008,Consumer Discretion,JAPAN,11.8,4.0,4,0,30,No,0.0,No,0.0,No,0.0,No,0.0,No,0.0,Yes,1.0,No,0.0,Yes,1.0,No,0.0,Yes,1.0,No,0.0,No,0.0,No,0.0,No,0.0,No,0.0,No,0.0,No,0.0,No,0.0,No,0.0,No,0.0,No,0.0,No,0.0,No,0.0,No,0.0,No,0.0,No,0.0,No,0.0,No,0.0,No,0.0,No,0.0,Yes,1.0,No,0.0,No,0.0,No,0.0
55,Bangkok Dusit Medical Services Public Company Limited,,TH0264A10Z04,Health Care,THAILAND,14.7,5.0,5,0,29,Yes,1.0,No,0.0,No,0.0,No,0.0,No,0.0,Yes,1.0,No,0.0,Yes,1.0,No,0.0,Yes,1.0,No,0.0,No,0.0,No,0.0,No,0.0,No,0.0,No,0.0,No,0.0,No,0.0,No,0.0,No,0.0,Yes,1.0,No,0.0,No,0.0,No,0.0,No,0.0,No,0.0,No,0.0,No,0.0,No,0.0,No,0.0,No,0.0,No,0.0,No,0.0,No,0.0
438,BANK ALBILAD SJSC,,SA000A0D9HK3,Financials,SAUDI ARABIA,20.6,7.0,7,0,27,No,0.0,No,0.0,No,0.0,No,0.0,No,0.0,Yes,1.0,No,0.0,Yes,1.0,No,0.0,Yes,1.0,Yes,1.0,No,0.0,No,0.0,No,0.0,No,0.0,No,0.0,No,0.0,No,0.0,No,0.0,No,0.0,No,0.0,Yes,1.0,Yes,1.0,No,0.0,No,0.0,No,0.0,No,0.0,Yes,1.0,No,0.0,No,0.0,No,0.0,No,0.0,No,0.0,No,0.0
390,Bank AlJazira SJSC,,SA0007879055,Financials,SAUDI ARABIA,11.8,4.0,4,0,30,No,0.0,No,0.0,No,0.0,No,0.0,No,0.0,Yes,1.0,Yes,1.0,Yes,1.0,No,0.0,No,0.0,No,0.0,No,0.0,No,0.0,No,0.0,No,0.0,No,0.0,No,0.0,No,0.0,No,0.0,No,0.0,No,0.0,No,0.0,No,0.0,No,0.0,No,0.0,No,0.0,No,0.0,Yes,1.0,No,0.0,No,0.0,No,0.0,No,0.0,No,0.0,No,0.0
903,BANK HAPOALIM B.M.,,IL0006625771,Financials,ISRAEL,22.1,7.5,7,1,26,Yes,1.0,No,0.0,Partial,0.5,Yes,1.0,No,0.0,Yes,1.0,No,0.0,Yes,1.0,No,0.0,Yes,1.0,No,0.0,No,0.0,No,0.0,No,0.0,No,0.0,Yes,1.0,No,0.0,No,0.0,No,0.0,No,0.0,No,0.0,No,0.0,No,0.0,No,0.0,No,0.0,No,0.0,No,0.0,No,0.0,No,0.0,No,0.0,Yes,1.0,No,0.0,No,0.0,No,0.0
704,"BANKINTER, S.A.",,ES0113679I37,Financials,SPAIN,10.3,3.5,2,3,29,Yes,1.0,No,0.0,No,0.0,No,0.0,No,0.0,Partial,0.5,No,0.0,Partial,0.5,No,0.0,Partial,0.5,No,0.0,No,0.0,Yes,1.0,No,0.0,No,0.0,No,0.0,No,0.0,No,0.0,No,0.0,No,0.0,No,0.0,No,0.0,No,0.0,No,0.0,No,0.0,No,0.0,No,0.0,No,0.0,No,0.0,No,0.0,No,0.0,No,0.0,No,0.0,No,0.0
103,BANK LEUMI LE ISRAEL B.M.,,IL0006046119,Financials,ISRAEL,2.9,1.0,1,0,33,No,0.0,No,0.0,No,0.0,No,0.0,No,0.0,Yes,1.0,No,0.0,No,0.0,No,0.0,No,0.0,No,0.0,No,0.0,No,0.0,No,0.0,No,0.0,No,0.0,No,0.0,No,0.0,No,0.0,No,0.0,No,0.0,No,0.0,No,0.0,No,0.0,No,0.0,No,0.0,No,0.0,No,0.0,No,0.0,No,0.0,No,0.0,No,0.0,No,0.0,No,0.0
904,BANK MILLENNIUM SPOLKA AKCYJNA,,PLBIG0000016,Financials,POLAND,5.9,2.0,2,0,32,Yes,1.0,No,0.0,No,0.0,No,0.0,No,0.0,Yes,1.0,No,0.0,No,0.0,No,0.0,No,0.0,No,0.0,No,0.0,No,0.0,No,0.0,No,0.0,No,0.0,No,0.0,No,0.0,No,0.0,No,0.0,No,0.0,No,0.0,No,0.0,No,0.0,No,0.0,No,0.0,No,0.0,No,0.0,No,0.0,No,0.0,No,0.0,No,0.0,No,0.0,No,0.0
49,BANK OF AMERICA CORPORATION,,US0605051046,Financials,UNITED STATES,29.4,10.0,9,2,23,Yes,1.0,No,0.0,No,0.0,Partial,0.5,No,0.0,Yes,1.0,No,0.0,Yes,1.0,No,0.0,Yes,1.0,Yes,1.0,No,0.0,No,0.0,No,0.0,No,0.0,No,0.0,Yes,1.0,No,0.0,No,0.0,No,0.0,Partial,0.5,Yes,1.0,Yes,1.0,No,0.0,No,0.0,No,0.0,No,0.0,No,0.0,No,0.0,No,0.0,Yes,1.0,No,0.0,No,0.0,No,0.0
910,"Bank of Beijing Co., Ltd.",,CNE100000734,Financials,CHINA,11.8,4.0,4,0,30,Yes,1.0,No,0.0,No,0.0,No,0.0,No,0.0,Yes,1.0,No,0.0,No,0.0,No,0.0,Yes,1.0,No,0.0,No,0.0,No,0.0,No,0.0,No,0.0,No,0.0,No,0.0,No,0.0,No,0.0,No,0.0,No,0.0,No,0.0,No,0.0,No,0.0,No,0.0,No,0.0,No,0.0,Yes,1.0,No,0.0,No,0.0,No,0.0,No,0.0,No,0.0,No,0.0
1696,"BANK OF CHANGSHA CO., LTD.",,CNE100003F50,Financials,CHINA,0.0,0.0,0,0,34,No,0.0,No,0.0,No,0.0,No,0.0,No,0.0,No,0.0,No,0.0,No,0.0,No,0.0,No,0.0,No,0.0,No,0.0,No,0.0,No,0.0,No,0.0,No,0.0,No,0.0,No,0.0,No,0.0,No,0.0,No,0.0,No,0.0,No,0.0,No,0.0,No,0.0,No,0.0,No,0.0,No,0.0,No,0.0,No,0.0,No,0.0,No,0.0,No,0.0,No,0.0
1710,"BANK OF CHENGDU CO., LTD.",,CNE100002SN6,Financials,CHINA,0.0,0.0,0,0,34,No,0.0,No,0.0,No,0.0,No,0.0,No,0.0,No,0.0,No,0.0,No,0.0,No,0.0,No,0.0,No,0.0,No,0.0,No,0.0,No,0.0,No,0.0,No,0.0,No,0.0,No,0.0,No,0.0,No,0.0,No,0.0,No,0.0,No,0.0,No,0.0,No,0.0,No,0.0,No,0.0,No,0.0,No,0.0,No,0.0,No,0.0,No,0.0,No,0.0,No,0.0
480,BANK OF CHINA LIMITED,,CNE000001N05,Financials,CHINA,20.6,7.0,7,1,26,No,0.0,No,0.0,No,0.0,No,0.0,Partial,0.0,Yes,1.0,No,0.0,Yes,1.0,No,0.0,Yes,1.0,No,0.0,No,0.0,No,0.0,No,0.0,No,0.0,Yes,1.0,Yes,1.0,Yes,1.0,Yes,1.0,No,0.0,No,0.0,No,0.0,No,0.0,No,0.0,No,0.0,No,0.0,No,0.0,No,0.0,No,0.0,No,0.0,No,0.0,No,0.0,No,0.0,No,0.0
292,"Bank of Communications Co., Ltd.",,CNE1000000S2,Financials,CHINA,8.8,3.0,3,0,31,No,0.0,No,0.0,No,0.0,No,0.0,No,0.0,Yes,1.0,No,0.0,Yes,1.0,No,0.0,Yes,1.0,No,0.0,No,0.0,No,0.0,No,0.0,No,0.0,No,0.0,No,0.0,No,0.0,No,0.0,No,0.0,No,0.0,No,0.0,No,0.0,No,0.0,No,0.0,No,0.0,No,0.0,No,0.0,No,0.0,No,0.0,No,0.0,No,0.0,No,0.0,No,0.0
1706,"BANK OF HANGZHOU CO., LTD.",,CNE100002GQ4,Financials,CHINA,0.0,0.0,0,0,34,No,0.0,No,0.0,No,0.0,No,0.0,No,0.0,No,0.0,No,0.0,No,0.0,No,0.0,No,0.0,No,0.0,No,0.0,No,0.0,No,0.0,No,0.0,No,0.0,No,0.0,No,0.0,No,0.0,No,0.0,No,0.0,No,0.0,No,0.0,No,0.0,No,0.0,No,0.0,No,0.0,No,0.0,No,0.0,No,0.0,No,0.0,No,0.0,No,0.0,No,0.0
2131,BANK OF IRELAND GROUP PUBLIC LIMITED COMPANY,,IE00BD1RP616,Financials,IRELAND,14.7,5.0,5,0,29,Yes,1.0,No,0.0,No,0.0,No,0.0,No,0.0,Yes,1.0,No,0.0,Yes,1.0,No,0.0,No,0.0,No,0.0,No,0.0,No,0.0,No,0.0,No,0.0,Yes,1.0,No,0.0,No,0.0,No,0.0,No,0.0,Yes,1.0,No,0.0,No,0.0,No,0.0,No,0.0,No,0.0,No,0.0,No,0.0,No,0.0,No,0.0,No,0.0,No,0.0,No,0.0,No,0.0
1714,"Bank of Jiangsu Co., Ltd.",,CNE100002G76,Financials,CHINA,0.0,0.0,0,0,34,No,0.0,No,0.0,No,0.0,No,0.0,No,0.0,No,0.0,No,0.0,No,0.0,No,0.0,No,0.0,No,0.0,No,0.0,No,0.0,No,0.0,No,0.0,No,0.0,No,0.0,No,0.0,No,0.0,No,0.0,No,0.0,No,0.0,No,0.0,No,0.0,No,0.0,No,0.0,No,0.0,No,0.0,No,0.0,No,0.0,No,0.0,No,0.0,No,0.0,No,0.0
911,BANK OF MONTREAL,,CA0636711016,Financials,CANADA,29.4,10.0,10,0,24,Yes,1.0,No,0.0,Yes,1.0,Yes,1.0,No,0.0,Yes,1.0,No,0.0,Yes,1.0,No,0.0,No,0.0,No,0.0,No,0.0,Yes,1.0,No,0.0,No,0.0,No,0.0,No,0.0,No,0.0,No,0.0,No,0.0,No,0.0,No,0.0,No,0.0,No,0.0,Yes,1.0,Yes,1.0,No,0.0,Yes,1.0,Yes,1.0,No,0.0,No,0.0,No,0.0,No,0.0,No,0.0
906,"BANK OF NANJING CO., LTD.",,CNE100000627,Financials,CHINA,0.0,0.0,0,0,34,No,0.0,No,0.0,No,0.0,No,0.0,No,0.0,No,0.0,No,0.0,No,0.0,No,0.0,No,0.0,No,0.0,No,0.0,No,0.0,No,0.0,No,0.0,No,0.0,No,0.0,No,0.0,No,0.0,No,0.0,No,0.0,No,0.0,No,0.0,No,0.0,No,0.0,No,0.0,No,0.0,No,0.0,No,0.0,No,0.0,No,0.0,No,0.0,No,0.0,No,0.0
913,"Bank of Ningbo Co., Ltd.",,CNE1000005P7,Financials,CHINA,5.9,2.0,2,0,32,No,0.0,No,0.0,No,0.0,Yes,1.0,No,0.0,No,0.0,No,0.0,No,0.0,No,0.0,No,0.0,No,0.0,No,0.0,No,0.0,No,0.0,No,0.0,No,0.0,No,0.0,No,0.0,No,0.0,No,0.0,No,0.0,No,0.0,No,0.0,No,0.0,No,0.0,No,0.0,No,0.0,Yes,1.0,No,0.0,No,0.0,No,0.0,No,0.0,No,0.0,No,0.0
1708,"Bank of Shanghai Co., Ltd.",,CNE100002FM5,Financials,CHINA,0.0,0.0,0,0,34,No,0.0,No,0.0,No,0.0,No,0.0,No,0.0,No,0.0,No,0.0,No,0.0,No,0.0,No,0.0,No,0.0,No,0.0,No,0.0,No,0.0,No,0.0,No,0.0,No,0.0,No,0.0,No,0.0,No,0.0,No,0.0,No,0.0,No,0.0,No,0.0,No,0.0,No,0.0,No,0.0,No,0.0,No,0.0,No,0.0,No,0.0,No,0.0,No,0.0,No,0.0
1980,"Bank of Suzhou Co., Ltd.",,CNE100003LQ2,Financials,CHINA,0.0,0.0,0,0,34,No,0.0,No,0.0,No,0.0,No,0.0,No,0.0,No,0.0,No,0.0,No,0.0,No,0.0,No,0.0,No,0.0,No,0.0,No,0.0,No,0.0,No,0.0,No,0.0,No,0.0,No,0.0,No,0.0,No,0.0,No,0.0,No,0.0,No,0.0,No,0.0,No,0.0,No,0.0,No,0.0,No,0.0,No,0.0,No,0.0,No,0.0,No,0.0,No,0.0,No,0.0
907,BANK OF THE PHILIPPINE ISLANDS,,PHY0967S1694,Financials,PHILIPPINES,0.0,0.0,0,0,34,No,0.0,No,0.0,No,0.0,No,0.0,No,0.0,No,0.0,No,0.0,No,0.0,No,0.0,No,0.0,No,0.0,No,0.0,No,0.0,No,0.0,No,0.0,No,0.0,No,0.0,No,0.0,No,0.0,No,0.0,No,0.0,No,0.0,No,0.0,No,0.0,No,0.0,No,0.0,No,0.0,No,0.0,No,0.0,No,0.0,No,0.0,No,0.0,No,0.0,No,0.0
908,BANK POLSKA KASA OPIEKI - SPOLKA AKCYJNA,,PLPEKAO00016,Financials,POLAND,8.8,3.0,3,0,31,Yes,1.0,No,0.0,No,0.0,No,0.0,No,0.0,Yes,1.0,No,0.0,No,0.0,No,0.0,No,0.0,No,0.0,No,0.0,No,0.0,No,0.0,No,0.0,No,0.0,No,0.0,No,0.0,No,0.0,No,0.0,No,0.0,No,0.0,No,0.0,No,0.0,Yes,1.0,No,0.0,No,0.0,No,0.0,No,0.0,No,0.0,No,0.0,No,0.0,No,0.0,No,0.0
914,Banque Cantonale Vaudoise,,CH0531751755,Financials,SWITZERLAND,17.6,6.0,6,0,28,Yes,1.0,No,0.0,No,0.0,No,0.0,No,0.0,Yes,1.0,No,0.0,Yes,1.0,No,0.0,Yes,1.0,No,0.0,No,0.0,No,0.0,No,0.0,No,0.0,No,0.0,No,0.0,No,0.0,No,0.0,No,0.0,Yes,1.0,No,0.0,Yes,1.0,No,0.0,No,0.0,No,0.0,No,0.0,No,0.0,No,0.0,No,0.0,No,0.0,No,0.0,No,0.0,No,0.0
1694,Banque Saudi Fransi SJSC,,SA0007879782,Financials,SAUDI ARABIA,13.2,4.5,4,1,29,Yes,1.0,No,0.0,Yes,1.0,No,0.0,No,0.0,Yes,1.0,No,0.0,No,0.0,No,0.0,No,0.0,No,0.0,No,0.0,No,0.0,No,0.0,No,0.0,Yes,1.0,No,0.0,No,0.0,No,0.0,Partial,0.5,No,0.0,No,0.0,No,0.0,No,0.0,No,0.0,No,0.0,No,0.0,No,0.0,No,0.0,No,0.0,No,0.0,No,0.0,No,0.0,No,0.0
915,"Baoshan Iron & Steel Co.,Ltd.",,CNE0000015R4,Basic Materials,CHINA,2.9,1.0,1,0,33,No,0.0,No,0.0,No,0.0,No,0.0,No,0.0,No,0.0,No,0.0,No,0.0,No,0.0,Yes,1.0,No,0.0,No,0.0,No,0.0,No,0.0,No,0.0,No,0.0,No,0.0,No,0.0,No,0.0,No,0.0,No,0.0,No,0.0,No,0.0,No,0.0,No,0.0,No,0.0,No,0.0,No,0.0,No,0.0,No,0.0,No,0.0,No,0.0,No,0.0,No,0.0
223,BARCLAYS PLC,,GB0031348658,Financials,UNITED KINGDOM,26.5,9.0,9,0,25,No,0.0,No,0.0,No,0.0,Yes,1.0,Yes,1.0,Yes,1.0,No,0.0,No,0.0,No,0.0,Yes,1.0,Yes,1.0,No,0.0,No,0.0,No,0.0,No,0.0,No,0.0,No,0.0,No,0.0,No,0.0,No,0.0,Yes,1.0,No,0.0,Yes,1.0,No,0.0,No,0.0,No,0.0,No,0.0,No,0.0,No,0.0,No,0.0,Yes,1.0,No,0.0,Yes,1.0,No,0.0
30,BARRATT REDROW PLC,,GB0000811801,Consumer Discretion,UNITED KINGDOM,0.0,0.0,0,0,34,No,0.0,No,0.0,No,0.0,No,0.0,No,0.0,No,0.0,No,0.0,No,0.0,No,0.0,No,0.0,No,0.0,No,0.0,No,0.0,No,0.0,No,0.0,No,0.0,No,0.0,No,0.0,No,0.0,No,0.0,No,0.0,No,0.0,No,0.0,No,0.0,No,0.0,No,0.0,No,0.0,No,0.0,No,0.0,No,0.0,No,0.0,No,0.0,No,0.0,No,0.0
2190,BARRICK MINING CORP,,CA06849F1080,Basic Materials,CANADA,11.8,4.0,4,0,30,No,0.0,No,0.0,No,0.0,Yes,1.0,No,0.0,Yes,1.0,No,0.0,No,0.0,No,0.0,Yes,1.0,No,0.0,No,0.0,No,0.0,No,0.0,No,0.0,No,0.0,No,0.0,No,0.0,No,0.0,No,0.0,No,0.0,No,0.0,No,0.0,No,0.0,No,0.0,No,0.0,No,0.0,No,0.0,No,0.0,No,0.0,Yes,1.0,No,0.0,No,0.0,No,0.0
658,Barry Callebaut AG,,CH0009002962,Consumer Staples,SWITZERLAND,0.0,0.0,0,0,34,No,0.0,No,0.0,No,0.0,No,0.0,No,0.0,No,0.0,No,0.0,No,0.0,No,0.0,No,0.0,No,0.0,No,0.0,No,0.0,No,0.0,No,0.0,No,0.0,No,0.0,No,0.0,No,0.0,No,0.0,No,0.0,No,0.0,No,0.0,No,0.0,No,0.0,No,0.0,No,0.0,No,0.0,No,0.0,No,0.0,No,0.0,No,0.0,No,0.0,No,0.0
885,BASF SE,,DE000BASF111,Basic Materials,GERMANY,33.8,11.5,11,1,22,Yes,1.0,No,0.0,Yes,1.0,No,0.0,Yes,1.0,Yes,1.0,No,0.0,Yes,1.0,No,0.0,Yes,1.0,No,0.0,No,0.0,No,0.0,No,0.0,No,0.0,Yes,1.0,Yes,1.0,Yes,1.0,Partial,0.5,No,0.0,No,0.0,No,0.0,No,0.0,No,0.0,Yes,1.0,Yes,1.0,No,0.0,No,0.0,No,0.0,No,0.0,No,0.0,No,0.0,No,0.0,No,0.0
1842,BAWAG Group AG,,AT0000BAWAG2,Financials,AUSTRIA,0.0,0.0,0,0,34,No,0.0,No,0.0,No,0.0,No,0.0,No,0.0,No,0.0,No,0.0,No,0.0,No,0.0,No,0.0,No,0.0,No,0.0,No,0.0,No,0.0,No,0.0,No,0.0,No,0.0,No,0.0,No,0.0,No,0.0,No,0.0,No,0.0,No,0.0,No,0.0,No,0.0,No,0.0,No,0.0,No,0.0,No,0.0,No,0.0,No,0.0,No,0.0,No,0.0,No,0.0
37,Bayer Aktiengesellschaft,,DE000BAY0017,Health Care,GERMANY,8.8,3.0,3,0,31,No,0.0,No,0.0,No,0.0,Yes,1.0,No,0.0,Yes,1.0,No,0.0,No,0.0,No,0.0,No,0.0,No,0.0,No,0.0,No,0.0,No,0.0,No,0.0,No,0.0,No,0.0,No,0.0,No,0.0,No,0.0,No,0.0,No,0.0,No,0.0,No,0.0,No,0.0,No,0.0,No,0.0,Yes,1.0,No,0.0,No,0.0,No,0.0,No,0.0,No,0.0,No,0.0
680,Bayerische Motoren Werke Aktiengesellschaft,,DE0005190003,Consumer Discretion,GERMANY,14.7,5.0,5,0,29,No,0.0,No,0.0,No,0.0,No,0.0,No,0.0,Yes,1.0,Yes,1.0,Yes,1.0,No,0.0,Yes,1.0,No,0.0,No,0.0,No,0.0,No,0.0,No,0.0,No,0.0,No,0.0,No,0.0,Yes,1.0,No,0.0,No,0.0,No,0.0,No,0.0,No,0.0,No,0.0,No,0.0,No,0.0,No,0.0,No,0.0,No,0.0,No,0.0,No,0.0,No,0.0,No,0.0
1950,BB Seguridade Participacoes S.A.,,BRBBSEACNOR5,Financials,BRAZIL,0.0,0.0,0,0,34,No,0.0,No,0.0,No,0.0,No,0.0,No,0.0,No,0.0,No,0.0,No,0.0,No,0.0,No,0.0,No,0.0,No,0.0,No,0.0,No,0.0,No,0.0,No,0.0,No,0.0,No,0.0,No,0.0,No,0.0,No,0.0,No,0.0,No,0.0,No,0.0,No,0.0,No,0.0,No,0.0,No,0.0,No,0.0,No,0.0,No,0.0,No,0.0,No,0.0,No,0.0
15,BCE INC.,,CA05534B7604,Telecommunications,CANADA,41.2,14.0,13,3,18,Partial,0.5,No,0.0,No,0.0,No,0.0,Partial,0.0,Yes,1.0,No,0.0,Yes,1.0,No,0.0,Yes,1.0,Yes,1.0,No,0.0,No,0.0,Yes,1.0,Yes,1.0,Yes,1.0,Yes,1.0,Yes,1.0,No,0.0,Yes,1.0,Yes,1.0,No,0.0,No,0.0,No,0.0,Yes,1.0,No,0.0,No,0.0,Partial,0.5,No,0.0,No,0.0,Yes,1.0,No,0.0,No,0.0,No,0.0
1961,"BDO UNIBANK, INC.",,PHY077751022,Financials,PHILIPPINES,0.0,0.0,0,0,34,No,0.0,No,0.0,No,0.0,No,0.0,No,0.0,No,0.0,No,0.0,No,0.0,No,0.0,No,0.0,No,0.0,No,0.0,No,0.0,No,0.0,No,0.0,No,0.0,No,0.0,No,0.0,No,0.0,No,0.0,No,0.0,No,0.0,No,0.0,No,0.0,No,0.0,No,0.0,No,0.0,No,0.0,No,0.0,No,0.0,No,0.0,No,0.0,No,0.0,No,0.0
429,"BECTON, DICKINSON AND COMPANY",,US0758871091,Health Care,UNITED STATES,23.5,8.0,8,1,25,No,0.0,No,0.0,No,0.0,No,0.0,Partial,0.0,Yes,1.0,No,0.0,Yes,1.0,No,0.0,Yes,1.0,Yes,1.0,Yes,1.0,No,0.0,No,0.0,No,0.0,Yes,1.0,Yes,1.0,No,0.0,No,0.0,No,0.0,No,0.0,No,0.0,No,0.0,No,0.0,No,0.0,No,0.0,No,0.0,No,0.0,No,0.0,No,0.0,Yes,1.0,No,0.0,No,0.0,No,0.0
667,Beiersdorf Aktiengesellschaft,,DE0005200000,Consumer Staples,GERMANY,26.5,9.0,9,1,24,No,0.0,No,0.0,No,0.0,Partial,0.0,No,0.0,Yes,1.0,No,0.0,Yes,1.0,No,0.0,Yes,1.0,No,0.0,No,0.0,No,0.0,No,0.0,No,0.0,Yes,1.0,Yes,1.0,Yes,1.0,No,0.0,No,0.0,Yes,1.0,No,0.0,No,0.0,No,0.0,Yes,1.0,No,0.0,Yes,1.0,No,0.0,No,0.0,No,0.0,No,0.0,No,0.0,No,0.0,No,0.0
684,Beijer Ref AB (publ),,SE0015949748,Industrials,SWEDEN,0.0,0.0,0,0,34,No,0.0,No,0.0,No,0.0,No,0.0,No,0.0,No,0.0,No,0.0,No,0.0,No,0.0,No,0.0,No,0.0,No,0.0,No,0.0,No,0.0,No,0.0,No,0.0,No,0.0,No,0.0,No,0.0,No,0.0,No,0.0,No,0.0,No,0.0,No,0.0,No,0.0,No,0.0,No,0.0,No,0.0,No,0.0,No,0.0,No,0.0,No,0.0,No,0.0,No,0.0
2229,"Beijing Compass Technology Development Co., Ltd.",,CNE000001QQ6,Financials,CHINA,13.2,4.5,3,4,27,No,0.0,No,0.0,Partial,0.5,No,0.0,Partial,0.0,Partial,0.5,No,0.0,Yes,1.0,No,0.0,Partial,0.5,No,0.0,No,0.0,No,0.0,No,0.0,No,0.0,No,0.0,No,0.0,No,0.0,No,0.0,No,0.0,Yes,1.0,No,0.0,No,0.0,No,0.0,No,0.0,No,0.0,No,0.0,Yes,1.0,No,0.0,No,0.0,No,0.0,No,0.0,No,0.0,No,0.0
1894,"Beijing Enlight Media Co., Ltd.",,CNE100001617,Consumer Discretion,CHINA,0.0,0.0,0,0,34,No,0.0,No,0.0,No,0.0,No,0.0,No,0.0,No,0.0,No,0.0,No,0.0,No,0.0,No,0.0,No,0.0,No,0.0,No,0.0,No,0.0,No,0.0,No,0.0,No,0.0,No,0.0,No,0.0,No,0.0,No,0.0,No,0.0,No,0.0,No,0.0,No,0.0,No,0.0,No,0.0,No,0.0,No,0.0,No,0.0,No,0.0,No,0.0,No,0.0,No,0.0
81,BEIJING ENTERPRISES HOLDINGS LIMITED,,HK0392044647,Utilities,HONG KONG,11.8,4.0,4,0,30,Yes,1.0,No,0.0,No,0.0,No,0.0,No,0.0,Yes,1.0,No,0.0,Yes,1.0,No,0.0,Yes,1.0,No,0.0,No,0.0,No,0.0,No,0.0,No,0.0,No,0.0,No,0.0,No,0.0,No,0.0,No,0.0,No,0.0,No,0.0,No,0.0,No,0.0,No,0.0,No,0.0,No,0.0,No,0.0,No,0.0,No,0.0,No,0.0,No,0.0,No,0.0,No,0.0
2230,Beijing Kingsoft Office Software Inc,,CNE100003PM2,Technology,CHINA,0.0,0.0,0,0,34,No,0.0,No,0.0,No,0.0,No,0.0,No,0.0,No,0.0,No,0.0,No,0.0,No,0.0,No,0.0,No,0.0,No,0.0,No,0.0,No,0.0,No,0.0,No,0.0,No,0.0,No,0.0,No,0.0,No,0.0,No,0.0,No,0.0,No,0.0,No,0.0,No,0.0,No,0.0,No,0.0,No,0.0,No,0.0,No,0.0,No,0.0,No,0.0,No,0.0,No,0.0
917,Beijing New Building Materials Public Limited Company,,CNE000000QS4,Industrials,CHINA,0.0,0.0,0,0,34,No,0.0,No,0.0,No,0.0,No,0.0,No,0.0,No,0.0,No,0.0,No,0.0,No,0.0,No,0.0,No,0.0,No,0.0,No,0.0,No,0.0,No,0.0,No,0.0,No,0.0,No,0.0,No,0.0,No,0.0,No,0.0,No,0.0,No,0.0,No,0.0,No,0.0,No,0.0,No,0.0,No,0.0,No,0.0,No,0.0,No,0.0,No,0.0,No,0.0,No,0.0
2237,Beijing Roborock Technology Co Ltd,,CNE100003R80,Consumer Discretion,CHINA,8.8,3.0,3,1,30,No,0.0,No,0.0,No,0.0,No,0.0,Partial,0.0,Yes,1.0,No,0.0,Yes,1.0,No,0.0,Yes,1.0,No,0.0,No,0.0,No,0.0,No,0.0,No,0.0,No,0.0,No,0.0,No,0.0,No,0.0,No,0.0,No,0.0,No,0.0,No,0.0,No,0.0,No,0.0,No,0.0,No,0.0,No,0.0,No,0.0,No,0.0,No,0.0,No,0.0,No,0.0,No,0.0
2234,Beijing-Shanghai High Speed Railway Co Ltd,,CNE100003RV9,Industrials,CHINA,11.8,4.0,4,0,30,No,0.0,No,0.0,No,0.0,No,0.0,No,0.0,Yes,1.0,No,0.0,Yes,1.0,No,0.0,Yes,1.0,No,0.0,No,0.0,No,0.0,No,0.0,No,0.0,No,0.0,No,0.0,No,0.0,No,0.0,No,0.0,No,0.0,No,0.0,Yes,1.0,No,0.0,No,0.0,No,0.0,No,0.0,No,0.0,No,0.0,No,0.0,No,0.0,No,0.0,No,0.0,No,0.0
494,"BEIJING TONG REN TANG CO., LTD",,CNE000000R69,Health Care,CHINA,0.0,0.0,0,0,34,No,0.0,No,0.0,No,0.0,No,0.0,No,0.0,No,0.0,No,0.0,No,0.0,No,0.0,No,0.0,No,0.0,No,0.0,No,0.0,No,0.0,No,0.0,No,0.0,No,0.0,No,0.0,No,0.0,No,0.0,No,0.0,No,0.0,No,0.0,No,0.0,No,0.0,No,0.0,No,0.0,No,0.0,No,0.0,No,0.0,No,0.0,No,0.0,No,0.0,No,0.0
2246,Beijing Wantai Biological Pharmacy Enterprise Co Ltd,,CNE100004090,Health Care,CHINA,0.0,0.0,0,0,34,No,0.0,No,0.0,No,0.0,No,0.0,No,0.0,No,0.0,No,0.0,No,0.0,No,0.0,No,0.0,No,0.0,No,0.0,No,0.0,No,0.0,No,0.0,No,0.0,No,0.0,No,0.0,No,0.0,No,0.0,No,0.0,No,0.0,No,0.0,No,0.0,No,0.0,No,0.0,No,0.0,No,0.0,No,0.0,No,0.0,No,0.0,No,0.0,No,0.0,No,0.0
1946,Belimo Holding AG,,CH1101098163,Industrials,SWITZERLAND,0.0,0.0,0,0,34,No,0.0,No,0.0,No,0.0,No,0.0,No,0.0,No,0.0,No,0.0,No,0.0,No,0.0,No,0.0,No,0.0,No,0.0,No,0.0,No,0.0,No,0.0,No,0.0,No,0.0,No,0.0,No,0.0,No,0.0,No,0.0,No,0.0,No,0.0,No,0.0,No,0.0,No,0.0,No,0.0,No,0.0,No,0.0,No,0.0,No,0.0,No,0.0,No,0.0,No,0.0
2431,BeOne Medicines AG,,CH1391448177,Health Care,CHINA,4.4,1.5,1,1,32,No,0.0,No,0.0,No,0.0,No,0.0,No,0.0,Partial,0.5,No,0.0,No,0.0,No,0.0,No,0.0,No,0.0,No,0.0,No,0.0,No,0.0,No,0.0,No,0.0,No,0.0,No,0.0,No,0.0,No,0.0,No,0.0,No,0.0,No,0.0,No,0.0,Yes,1.0,No,0.0,No,0.0,No,0.0,No,0.0,No,0.0,No,0.0,No,0.0,No,0.0,No,0.0
473,BERKSHIRE HATHAWAY INC.,,US0846707026,Financials,UNITED STATES,5.9,2.0,2,0,32,No,0.0,No,0.0,No,0.0,No,0.0,No,0.0,No,0.0,No,0.0,No,0.0,No,0.0,No,0.0,No,0.0,No,0.0,No,0.0,No,0.0,No,0.0,Yes,1.0,No,0.0,No,0.0,No,0.0,No,0.0,No,0.0,No,0.0,No,0.0,No,0.0,No,0.0,No,0.0,No,0.0,No,0.0,No,0.0,No,0.0,Yes,1.0,No,0.0,No,0.0,No,0.0
887,BE Semiconductor Industries N.V.,,NL0012866412,Technology,NETHERLANDS,8.8,3.0,3,0,31,Yes,1.0,No,0.0,Yes,1.0,No,0.0,No,0.0,Yes,1.0,No,0.0,No,0.0,No,0.0,No,0.0,No,0.0,No,0.0,No,0.0,No,0.0,No,0.0,No,0.0,No,0.0,No,0.0,No,0.0,No,0.0,No,0.0,No,0.0,No,0.0,No,0.0,No,0.0,No,0.0,No,0.0,No,0.0,No,0.0,No,0.0,No,0.0,No,0.0,No,0.0,No,0.0
918,"BEST BUY CO., INC.",,US0865161014,Consumer Discretion,UNITED STATES,11.8,4.0,4,0,30,No,0.0,No,0.0,No,0.0,No,0.0,No,0.0,Yes,1.0,No,0.0,No,0.0,No,0.0,No,0.0,Yes,1.0,No,0.0,No,0.0,No,0.0,No,0.0,No,0.0,No,0.0,No,0.0,No,0.0,No,0.0,No,0.0,No,0.0,No,0.0,No,0.0,Yes,1.0,No,0.0,No,0.0,No,0.0,No,0.0,No,0.0,Yes,1.0,No,0.0,No,0.0,No,0.0
2282,Bestechnic Shanghai Co Ltd,,CNE100005XM1,Technology,CHINA,2.9,1.0,0,2,32,No,0.0,No,0.0,No,0.0,No,0.0,No,0.0,Partial,0.5,No,0.0,No,0.0,No,0.0,Partial,0.5,No,0.0,No,0.0,No,0.0,No,0.0,No,0.0,No,0.0,No,0.0,No,0.0,No,0.0,No,0.0,No,0.0,No,0.0,No,0.0,No,0.0,No,0.0,No,0.0,No,0.0,No,0.0,No,0.0,No,0.0,No,0.0,No,0.0,No,0.0,No,0.0
919,BHARAT ELECTRONICS LIMITED,,INE263A01024,Industrials,INDIA,8.8,3.0,1,4,29,Partial,0.5,No,0.0,No,0.0,No,0.0,No,0.0,Partial,0.5,No,0.0,No,0.0,No,0.0,Partial,0.5,No,0.0,No,0.0,No,0.0,No,0.0,No,0.0,No,0.0,No,0.0,No,0.0,No,0.0,No,0.0,No,0.0,No,0.0,No,0.0,No,0.0,Yes,1.0,No,0.0,No,0.0,Partial,0.5,No,0.0,No,0.0,No,0.0,No,0.0,No,0.0,No,0.0
240,BHARAT FORGE LTD,,INE465A01025,Basic Materials,INDIA,7.4,2.5,1,3,30,No,0.0,No,0.0,No,0.0,No,0.0,No,0.0,Partial,0.5,No,0.0,Yes,1.0,No,0.0,Partial,0.5,No,0.0,No,0.0,No,0.0,No,0.0,No,0.0,No,0.0,No,0.0,No,0.0,No,0.0,No,0.0,No,0.0,No,0.0,No,0.0,No,0.0,No,0.0,No,0.0,No,0.0,No,0.0,Partial,0.5,No,0.0,No,0.0,No,0.0,No,0.0,No,0.0
920,BHARAT HEAVY ELECTRICALS LIMITED,,INE257A01026,Industrials,INDIA,0.0,0.0,0,0,34,No,0.0,No,0.0,No,0.0,No,0.0,No,0.0,No,0.0,No,0.0,No,0.0,No,0.0,No,0.0,No,0.0,No,0.0,No,0.0,No,0.0,No,0.0,No,0.0,No,0.0,No,0.0,No,0.0,No,0.0,No,0.0,No,0.0,No,0.0,No,0.0,No,0.0,No,0.0,No,0.0,No,0.0,No,0.0,No,0.0,No,0.0,No,0.0,No,0.0,No,0.0
921,BHARAT PETROLEUM CORPORATION LIMITED,,INE029A01011,Energy,INDIA,11.8,4.0,2,4,28,No,0.0,No,0.0,No,0.0,No,0.0,No,0.0,Partial,0.5,No,0.0,Yes,1.0,No,0.0,Yes,1.0,No,0.0,No,0.0,No,0.0,No,0.0,No,0.0,No,0.0,No,0.0,No,0.0,No,0.0,No,0.0,Partial,0.5,No,0.0,No,0.0,No,0.0,Partial,0.5,No,0.0,No,0.0,Partial,0.5,No,0.0,No,0.0,No,0.0,No,0.0,No,0.0,No,0.0
922,BHARTI AIRTEL LIMITED,,IN9397D01014,Telecommunications,INDIA,7.4,2.5,2,1,31,No,0.0,No,0.0,No,0.0,No,0.0,No,0.0,Yes,1.0,No,0.0,Yes,1.0,No,0.0,No,0.0,No,0.0,No,0.0,No,0.0,No,0.0,No,0.0,No,0.0,No,0.0,No,0.0,No,0.0,No,0.0,No,0.0,No,0.0,No,0.0,No,0.0,No,0.0,No,0.0,No,0.0,No,0.0,Partial,0.5,No,0.0,No,0.0,No,0.0,No,0.0,No,0.0
888,BHP GROUP LIMITED,,AU000000BHP4,Basic Materials,AUSTRALIA,2.9,1.0,1,0,33,No,0.0,No,0.0,No,0.0,No,0.0,No,0.0,No,0.0,No,0.0,No,0.0,No,0.0,No,0.0,No,0.0,No,0.0,No,0.0,No,0.0,No,0.0,No,0.0,No,0.0,No,0.0,No,0.0,No,0.0,No,0.0,No,0.0,Yes,1.0,No,0.0,No,0.0,No,0.0,No,0.0,No,0.0,No,0.0,No,0.0,No,0.0,No,0.0,No,0.0,No,0.0
1728,BID CORPORATION LIMITED,,ZAE000216537,Consumer Staples,SOUTH AFRICA,11.8,4.0,4,2,28,Yes,1.0,No,0.0,No,0.0,Partial,0.0,No,0.0,Yes,1.0,No,0.0,No,0.0,No,0.0,Yes,1.0,Yes,1.0,No,0.0,No,0.0,No,0.0,No,0.0,Partial,0.0,No,0.0,No,0.0,No,0.0,No,0.0,No,0.0,No,0.0,No,0.0,No,0.0,No,0.0,No,0.0,No,0.0,No,0.0,No,0.0,No,0.0,No,0.0,No,0.0,No,0.0,No,0.0
2153,BILIBILI INC.,,KYG1098A1013,Technology,CHINA,20.6,7.0,7,1,26,No,0.0,No,0.0,No,0.0,Yes,1.0,Partial,0.0,Yes,1.0,No,0.0,Yes,1.0,No,0.0,Yes,1.0,No,0.0,No,0.0,No,0.0,No,0.0,No,0.0,No,0.0,No,0.0,No,0.0,No,0.0,No,0.0,Yes,1.0,No,0.0,No,0.0,No,0.0,No,0.0,No,0.0,No,0.0,No,0.0,No,0.0,No,0.0,Yes,1.0,No,0.0,Yes,1.0,No,0.0
296,BIM BIRLESIK MAGAZALAR ANONIM SIRKETI,,TREBIMM00018,Consumer Staples,TURKEY,2.9,1.0,1,1,32,No,0.0,No,0.0,No,0.0,No,0.0,No,0.0,Yes,1.0,No,0.0,No,0.0,No,0.0,Partial,0.0,No,0.0,No,0.0,No,0.0,No,0.0,No,0.0,No,0.0,No,0.0,No,0.0,No,0.0,No,0.0,No,0.0,No,0.0,No,0.0,No,0.0,No,0.0,No,0.0,No,0.0,No,0.0,No,0.0,No,0.0,No,0.0,No,0.0,No,0.0,No,0.0
54,BIOGEN INC.,,US09062X1037,Health Care,UNITED STATES,8.8,3.0,3,1,30,No,0.0,No,0.0,No,0.0,No,0.0,No,0.0,No,0.0,No,0.0,No,0.0,No,0.0,No,0.0,Yes,1.0,No,0.0,No,0.0,Partial,0.0,No,0.0,Yes,1.0,No,0.0,No,0.0,No,0.0,No,0.0,No,0.0,No,0.0,Yes,1.0,No,0.0,No,0.0,No,0.0,No,0.0,No,0.0,No,0.0,No,0.0,No,0.0,No,0.0,No,0.0,No,0.0
432,BIOMERIEUX SA,,FR0013280286,Health Care,FRANCE,26.5,9.0,9,0,25,Yes,1.0,No,0.0,Yes,1.0,No,0.0,No,0.0,Yes,1.0,No,0.0,Yes,1.0,No,0.0,Yes,1.0,No,0.0,No,0.0,No,0.0,No,0.0,No,0.0,No,0.0,No,0.0,No,0.0,No,0.0,No,0.0,Yes,1.0,No,0.0,No,0.0,No,0.0,Yes,1.0,Yes,1.0,No,0.0,No,0.0,Yes,1.0,No,0.0,No,0.0,No,0.0,No,0.0,No,0.0
2364,Biwin Storage Technology Co Ltd,,CNE100005VN3,Technology,CHINA,2.9,1.0,1,0,33,No,0.0,No,0.0,No,0.0,No,0.0,No,0.0,Yes,1.0,No,0.0,No,0.0,No,0.0,No,0.0,No,0.0,No,0.0,No,0.0,No,0.0,No,0.0,No,0.0,No,0.0,No,0.0,No,0.0,No,0.0,No,0.0,No,0.0,No,0.0,No,0.0,No,0.0,No,0.0,No,0.0,No,0.0,No,0.0,No,0.0,No,0.0,No,0.0,No,0.0,No,0.0
1875,BIZLINK HOLDING INC.,,KYG114741062,Technology,TAIWAN,8.8,3.0,2,2,30,Yes,1.0,No,0.0,No,0.0,No,0.0,No,0.0,Partial,0.5,No,0.0,Yes,1.0,No,0.0,Partial,0.5,No,0.0,No,0.0,No,0.0,No,0.0,No,0.0,No,0.0,No,0.0,No,0.0,No,0.0,No,0.0,No,0.0,No,0.0,No,0.0,No,0.0,No,0.0,No,0.0,No,0.0,No,0.0,No,0.0,No,0.0,No,0.0,No,0.0,No,0.0,No,0.0
1911,BKW AG,,CH0130293662,Utilities,SWITZERLAND,7.4,2.5,2,1,31,No,0.0,No,0.0,No,0.0,No,0.0,No,0.0,Yes,1.0,No,0.0,No,0.0,No,0.0,No,0.0,No,0.0,No,0.0,Partial,0.5,No,0.0,No,0.0,Yes,1.0,No,0.0,No,0.0,No,0.0,No,0.0,No,0.0,No,0.0,No,0.0,No,0.0,No,0.0,No,0.0,No,0.0,No,0.0,No,0.0,No,0.0,No,0.0,No,0.0,No,0.0,No,0.0
2402,"BLACKROCK, INC.",,US09290D1019,Financials,UNITED STATES,8.8,3.0,3,0,31,No,0.0,No,0.0,No,0.0,Yes,1.0,No,0.0,Yes,1.0,No,0.0,No,0.0,No,0.0,No,0.0,Yes,1.0,No,0.0,No,0.0,No,0.0,No,0.0,No,0.0,No,0.0,No,0.0,No,0.0,No,0.0,No,0.0,No,0.0,No,0.0,No,0.0,No,0.0,No,0.0,No,0.0,No,0.0,No,0.0,No,0.0,No,0.0,No,0.0,No,0.0,No,0.0
1635,BLACKSTONE INC.,,US09260D1072,Financials,UNITED STATES,26.5,9.0,9,1,24,Yes,1.0,No,0.0,No,0.0,Yes,1.0,Partial,0.0,Yes,1.0,No,0.0,Yes,1.0,No,0.0,Yes,1.0,Yes,1.0,No,0.0,No,0.0,No,0.0,No,0.0,No,0.0,No,0.0,No,0.0,No,0.0,No,0.0,No,0.0,No,0.0,No,0.0,No,0.0,No,0.0,No,0.0,No,0.0,Yes,1.0,No,0.0,No,0.0,Yes,1.0,No,0.0,Yes,1.0,No,0.0
1988,"BLOCK, INC.",,US8522341036,Industrials,UNITED STATES,26.5,9.0,9,0,25,Yes,1.0,No,0.0,Yes,1.0,Yes,1.0,No,0.0,Yes,1.0,No,0.0,Yes,1.0,No,0.0,Yes,1.0,Yes,1.0,Yes,1.0,No,0.0,No,0.0,No,0.0,No,0.0,No,0.0,No,0.0,No,0.0,No,0.0,No,0.0,No,0.0,No,0.0,No,0.0,No,0.0,No,0.0,No,0.0,No,0.0,No,0.0,No,0.0,Yes,1.0,No,0.0,No,0.0,No,0.0
2171,BLOOM ENERGY CORPORATION,,US0937121079,Industrials,UNITED STATES,0.0,0.0,0,0,34,No,0.0,No,0.0,No,0.0,No,0.0,No,0.0,No,0.0,No,0.0,No,0.0,No,0.0,No,0.0,No,0.0,No,0.0,No,0.0,No,0.0,No,0.0,No,0.0,No,0.0,No,0.0,No,0.0,No,0.0,No,0.0,No,0.0,No,0.0,No,0.0,No,0.0,No,0.0,No,0.0,No,0.0,No,0.0,No,0.0,No,0.0,No,0.0,No,0.0,No,0.0
1807,"BlueFocus Intelligent Communications Group Co., Ltd.",,CNE100000LV8,Consumer Discretion,CHINA,38.2,13.0,11,4,19,Yes,1.0,Yes,1.0,Yes,1.0,No,0.0,No,0.0,Partial,0.5,Yes,1.0,Yes,1.0,No,0.0,Partial,0.5,No,0.0,No,0.0,No,0.0,No,0.0,No,0.0,No,0.0,No,0.0,Yes,1.0,No,0.0,No,0.0,Partial,0.5,Partial,0.5,Yes,1.0,Yes,1.0,Yes,1.0,No,0.0,No,0.0,Yes,1.0,No,0.0,No,0.0,No,0.0,No,0.0,Yes,1.0,No,0.0
22,BNP PARIBAS SA,,FR0000131104,Financials,FRANCE,38.2,13.0,13,0,21,Yes,1.0,No,0.0,No,0.0,Yes,1.0,No,0.0,Yes,1.0,Yes,1.0,Yes,1.0,No,0.0,Yes,1.0,Yes,1.0,No,0.0,No,0.0,No,0.0,No,0.0,No,0.0,Yes,1.0,Yes,1.0,No,0.0,No,0.0,Yes,1.0,Yes,1.0,No,0.0,No,0.0,No,0.0,No,0.0,No,0.0,Yes,1.0,No,0.0,Yes,1.0,No,0.0,No,0.0,No,0.0,No,0.0
1665,BOC AVIATION LIMITED,,SG9999015267,Industrials,HONG KONG,0.0,0.0,0,0,34,No,0.0,No,0.0,No,0.0,No,0.0,No,0.0,No,0.0,No,0.0,No,0.0,No,0.0,No,0.0,No,0.0,No,0.0,No,0.0,No,0.0,No,0.0,No,0.0,No,0.0,No,0.0,No,0.0,No,0.0,No,0.0,No,0.0,No,0.0,No,0.0,No,0.0,No,0.0,No,0.0,No,0.0,No,0.0,No,0.0,No,0.0,No,0.0,No,0.0,No,0.0
472,BOC HONG KONG (HOLDINGS) LIMITED,,HK2388011192,Financials,HONG KONG,23.5,8.0,8,0,26,Yes,1.0,No,0.0,Yes,1.0,No,0.0,No,0.0,Yes,1.0,No,0.0,Yes,1.0,No,0.0,Yes,1.0,No,0.0,No,0.0,No,0.0,No,0.0,No,0.0,Yes,1.0,Yes,1.0,Yes,1.0,No,0.0,No,0.0,No,0.0,No,0.0,No,0.0,No,0.0,No,0.0,No,0.0,No,0.0,No,0.0,No,0.0,No,0.0,No,0.0,No,0.0,No,0.0,No,0.0
1682,"BOC International (China) CO., LTD.",,CNE100003R64,Financials,CHINA,5.9,2.0,2,0,32,No,0.0,No,0.0,No,0.0,No,0.0,No,0.0,Yes,1.0,No,0.0,No,0.0,No,0.0,Yes,1.0,No,0.0,No,0.0,No,0.0,No,0.0,No,0.0,No,0.0,No,0.0,No,0.0,No,0.0,No,0.0,No,0.0,No,0.0,No,0.0,No,0.0,No,0.0,No,0.0,No,0.0,No,0.0,No,0.0,No,0.0,No,0.0,No,0.0,No,0.0,No,0.0
889,"BOE Technology Group Co., Ltd.",,CNE0000016L5,Technology,CHINA,8.8,3.0,3,0,31,No,0.0,No,0.0,No,0.0,No,0.0,No,0.0,Yes,1.0,No,0.0,Yes,1.0,No,0.0,Yes,1.0,No,0.0,No,0.0,No,0.0,No,0.0,No,0.0,No,0.0,No,0.0,No,0.0,No,0.0,No,0.0,No,0.0,No,0.0,No,0.0,No,0.0,No,0.0,No,0.0,No,0.0,No,0.0,No,0.0,No,0.0,No,0.0,No,0.0,No,0.0,No,0.0
925,Boliden AB,,SE0020050417,Basic Materials,SWEDEN,0.0,0.0,0,0,34,No,0.0,No,0.0,No,0.0,No,0.0,No,0.0,No,0.0,No,0.0,No,0.0,No,0.0,No,0.0,No,0.0,No,0.0,No,0.0,No,0.0,No,0.0,No,0.0,No,0.0,No,0.0,No,0.0,No,0.0,No,0.0,No,0.0,No,0.0,No,0.0,No,0.0,No,0.0,No,0.0,No,0.0,No,0.0,No,0.0,No,0.0,No,0.0,No,0.0,No,0.0
926,BOLLORE SE,,FR0000039299,Consumer Discretion,FRANCE,0.0,0.0,0,0,34,No,0.0,No,0.0,No,0.0,No,0.0,No,0.0,No,0.0,No,0.0,No,0.0,No,0.0,No,0.0,No,0.0,No,0.0,No,0.0,No,0.0,No,0.0,No,0.0,No,0.0,No,0.0,No,0.0,No,0.0,No,0.0,No,0.0,No,0.0,No,0.0,No,0.0,No,0.0,No,0.0,No,0.0,No,0.0,No,0.0,No,0.0,No,0.0,No,0.0,No,0.0
927,BOMBARDIER INC.,,CA0977518616,Industrials,CANADA,8.8,3.0,3,2,29,No,0.0,No,0.0,No,0.0,No,0.0,No,0.0,Yes,1.0,No,0.0,No,0.0,No,0.0,No,0.0,Yes,1.0,No,0.0,No,0.0,Yes,1.0,No,0.0,Partial,0.0,Partial,0.0,No,0.0,No,0.0,No,0.0,No,0.0,No,0.0,No,0.0,No,0.0,No,0.0,No,0.0,No,0.0,No,0.0,No,0.0,No,0.0,No,0.0,No,0.0,No,0.0,No,0.0
564,BOOKING HOLDINGS INC.,,US09857L1089,Consumer Discretion,UNITED STATES,20.6,7.0,7,1,26,Yes,1.0,No,0.0,Yes,1.0,Yes,1.0,Partial,0.0,Yes,1.0,No,0.0,Yes,1.0,No,0.0,No,0.0,No,0.0,No,0.0,No,0.0,No,0.0,No,0.0,No,0.0,No,0.0,No,0.0,No,0.0,No,0.0,No,0.0,No,0.0,No,0.0,No,0.0,No,0.0,No,0.0,No,0.0,No,0.0,No,0.0,No,0.0,Yes,1.0,No,0.0,Yes,1.0,No,0.0
928,BOSCH LIMITED,,INE323A01026,Consumer Discretion,INDIA,38.2,13.0,11,5,18,Yes,1.0,No,0.0,No,0.0,Yes,1.0,Partial,0.5,Partial,0.5,Yes,1.0,Yes,1.0,No,0.0,Partial,0.5,No,0.0,No,0.0,No,0.0,No,0.0,Yes,1.0,Partial,0.5,Yes,1.0,Yes,1.0,No,0.0,Partial,0.0,Yes,1.0,Yes,1.0,No,0.0,No,0.0,No,0.0,No,0.0,No,0.0,Yes,1.0,No,0.0,Yes,1.0,No,0.0,No,0.0,No,0.0,No,0.0
269,BOSIDENG INTERNATIONAL HOLDINGS LIMITED,,KYG126521064,Consumer Discretion,HONG KONG,8.8,3.0,3,0,31,No,0.0,No,0.0,No,0.0,No,0.0,No,0.0,Yes,1.0,No,0.0,Yes,1.0,No,0.0,Yes,1.0,No,0.0,No,0.0,No,0.0,No,0.0,No,0.0,No,0.0,No,0.0,No,0.0,No,0.0,No,0.0,No,0.0,No,0.0,No,0.0,No,0.0,No,0.0,No,0.0,No,0.0,No,0.0,No,0.0,No,0.0,No,0.0,No,0.0,No,0.0,No,0.0
65,BOSTON SCIENTIFIC CORPORATION,,US1011371077,Health Care,UNITED STATES,5.9,2.0,2,0,32,No,0.0,No,0.0,No,0.0,No,0.0,No,0.0,Yes,1.0,No,0.0,No,0.0,No,0.0,No,0.0,No,0.0,No,0.0,No,0.0,No,0.0,No,0.0,Yes,1.0,No,0.0,No,0.0,No,0.0,No,0.0,No,0.0,No,0.0,No,0.0,No,0.0,No,0.0,No,0.0,No,0.0,No,0.0,No,0.0,No,0.0,No,0.0,No,0.0,No,0.0,No,0.0
929,BOUBYAN BANK K.S.C.P.,,KW0EQ0102065,Financials,KUWAIT,0.0,0.0,0,0,34,No,0.0,No,0.0,No,0.0,No,0.0,No,0.0,No,0.0,No,0.0,No,0.0,No,0.0,No,0.0,No,0.0,No,0.0,No,0.0,No,0.0,No,0.0,No,0.0,No,0.0,No,0.0,No,0.0,No,0.0,No,0.0,No,0.0,No,0.0,No,0.0,No,0.0,No,0.0,No,0.0,No,0.0,No,0.0,No,0.0,No,0.0,No,0.0,No,0.0,No,0.0
433,BOUYGUES SA,,FR0000120503,Industrials,FRANCE,0.0,0.0,0,0,34,No,0.0,No,0.0,No,0.0,No,0.0,No,0.0,No,0.0,No,0.0,No,0.0,No,0.0,No,0.0,No,0.0,No,0.0,No,0.0,No,0.0,No,0.0,No,0.0,No,0.0,No,0.0,No,0.0,No,0.0,No,0.0,No,0.0,No,0.0,No,0.0,No,0.0,No,0.0,No,0.0,No,0.0,No,0.0,No,0.0,No,0.0,No,0.0,No,0.0,No,0.0
87,BPER BANCA S.P.A.,,IT0000066123,Financials,ITALY,17.6,6.0,2,9,23,No,0.0,No,0.0,No,0.0,No,0.0,Partial,0.5,Partial,0.5,No,0.0,No,0.0,No,0.0,Partial,0.5,No,0.0,No,0.0,No,0.0,No,0.0,Partial,0.5,Partial,0.5,Yes,1.0,Partial,0.5,Yes,1.0,No,0.0,Partial,0.5,Partial,0.5,No,0.0,Partial,0.0,No,0.0,No,0.0,No,0.0,No,0.0,No,0.0,No,0.0,No,0.0,No,0.0,No,0.0,No,0.0
434,BP P.L.C.,,GB0007980591,Energy,UNITED KINGDOM,8.8,3.0,3,0,31,No,0.0,No,0.0,No,0.0,No,0.0,No,0.0,Yes,1.0,No,0.0,Yes,1.0,No,0.0,Yes,1.0,No,0.0,No,0.0,No,0.0,No,0.0,No,0.0,No,0.0,No,0.0,No,0.0,No,0.0,No,0.0,No,0.0,No,0.0,No,0.0,No,0.0,No,0.0,No,0.0,No,0.0,No,0.0,No,0.0,No,0.0,No,0.0,No,0.0,No,0.0,No,0.0
236,BRAMBLES LIMITED,,AU000000BXB1,Industrials,AUSTRALIA,0.0,0.0,0,0,34,No,0.0,No,0.0,No,0.0,No,0.0,No,0.0,No,0.0,No,0.0,No,0.0,No,0.0,No,0.0,No,0.0,No,0.0,No,0.0,No,0.0,No,0.0,No,0.0,No,0.0,No,0.0,No,0.0,No,0.0,No,0.0,No,0.0,No,0.0,No,0.0,No,0.0,No,0.0,No,0.0,No,0.0,No,0.0,No,0.0,No,0.0,No,0.0,No,0.0,No,0.0
2182,Brenntag SE,,DE000A1DAHH0,Basic Materials,GERMANY,10.3,3.5,3,1,30,No,0.0,No,0.0,No,0.0,No,0.0,No,0.0,Yes,1.0,No,0.0,No,0.0,No,0.0,Yes,1.0,No,0.0,No,0.0,No,0.0,No,0.0,No,0.0,No,0.0,No,0.0,No,0.0,No,0.0,No,0.0,Partial,0.5,No,0.0,No,0.0,No,0.0,No,0.0,No,0.0,No,0.0,Yes,1.0,No,0.0,No,0.0,No,0.0,No,0.0,No,0.0,No,0.0
891,BRIDGESTONE CORPORATION,,JP3830800003,Consumer Discretion,JAPAN,2.9,1.0,1,0,33,No,0.0,No,0.0,No,0.0,No,0.0,No,0.0,Yes,1.0,No,0.0,No,0.0,No,0.0,No,0.0,No,0.0,No,0.0,No,0.0,No,0.0,No,0.0,No,0.0,No,0.0,No,0.0,No,0.0,No,0.0,No,0.0,No,0.0,No,0.0,No,0.0,No,0.0,No,0.0,No,0.0,No,0.0,No,0.0,No,0.0,No,0.0,No,0.0,No,0.0,No,0.0
930,BRISTOL-MYERS SQUIBB COMPANY,,US1101221083,Health Care,UNITED STATES,20.6,7.0,7,0,27,No,0.0,No,0.0,No,0.0,No,0.0,No,0.0,Yes,1.0,No,0.0,Yes,1.0,No,0.0,No,0.0,Yes,1.0,No,0.0,No,0.0,No,0.0,No,0.0,Yes,1.0,Yes,1.0,No,0.0,No,0.0,No,0.0,No,0.0,No,0.0,No,0.0,No,0.0,No,0.0,No,0.0,No,0.0,No,0.0,No,0.0,No,0.0,Yes,1.0,No,0.0,Yes,1.0,No,0.0
242,BRITANNIA INDUSTRIES LTD,,INE216A01030,Consumer Staples,INDIA,8.8,3.0,3,0,31,No,0.0,No,0.0,No,0.0,No,0.0,No,0.0,Yes,1.0,No,0.0,Yes,1.0,No,0.0,Yes,1.0,No,0.0,No,0.0,No,0.0,No,0.0,No,0.0,No,0.0,No,0.0,No,0.0,No,0.0,No,0.0,No,0.0,No,0.0,No,0.0,No,0.0,No,0.0,No,0.0,No,0.0,No,0.0,No,0.0,No,0.0,No,0.0,No,0.0,No,0.0,No,0.0
931,BRITISH AMERICAN TOBACCO P.L.C.,,GB0002875804,Consumer Staples,UNITED KINGDOM,8.8,3.0,3,1,30,Yes,1.0,No,0.0,No,0.0,Partial,0.0,No,0.0,Yes,1.0,No,0.0,No,0.0,No,0.0,No,0.0,No,0.0,No,0.0,No,0.0,No,0.0,No,0.0,Yes,1.0,No,0.0,No,0.0,No,0.0,No,0.0,No,0.0,No,0.0,No,0.0,No,0.0,No,0.0,No,0.0,No,0.0,No,0.0,No,0.0,No,0.0,No,0.0,No,0.0,No,0.0,No,0.0
2155,BROADCOM INC.,,US11135F1012,Technology,UNITED STATES,4.4,1.5,1,1,32,No,0.0,No,0.0,No,0.0,No,0.0,No,0.0,Yes,1.0,No,0.0,No,0.0,No,0.0,No,0.0,No,0.0,No,0.0,No,0.0,No,0.0,No,0.0,No,0.0,No,0.0,No,0.0,No,0.0,No,0.0,No,0.0,No,0.0,No,0.0,No,0.0,No,0.0,No,0.0,No,0.0,No,0.0,Partial,0.5,No,0.0,No,0.0,No,0.0,No,0.0,No,0.0
649,"BROADRIDGE FINANCIAL SOLUTIONS, INC.",,US11133T1034,Financials,UNITED STATES,47.1,16.0,16,0,18,Yes,1.0,No,0.0,Yes,1.0,Yes,1.0,No,0.0,Yes,1.0,No,0.0,Yes,1.0,No,0.0,Yes,1.0,Yes,1.0,No,0.0,No,0.0,No,0.0,Yes,1.0,Yes,1.0,Yes,1.0,Yes,1.0,No,0.0,No,0.0,No,0.0,No,0.0,No,0.0,No,0.0,Yes,1.0,Yes,1.0,Yes,1.0,Yes,1.0,No,0.0,No,0.0,Yes,1.0,No,0.0,No,0.0,No,0.0
2362,BROOKFIELD ASSET MANAGEMENT LTD.,,CA1130041058,Financials,CANADA,20.6,7.0,7,0,27,No,0.0,No,0.0,No,0.0,No,0.0,No,0.0,Yes,1.0,No,0.0,No,0.0,No,0.0,No,0.0,No,0.0,No,0.0,No,0.0,No,0.0,No,0.0,Yes,1.0,Yes,1.0,Yes,1.0,Yes,1.0,No,0.0,No,0.0,No,0.0,No,0.0,No,0.0,No,0.0,No,0.0,No,0.0,Yes,1.0,No,0.0,No,0.0,No,0.0,Yes,1.0,No,0.0,No,0.0
652,Brookfield Corporation,,CA11271J1075,Financials,CANADA,11.8,4.0,4,0,30,No,0.0,No,0.0,No,0.0,No,0.0,No,0.0,No,0.0,No,0.0,No,0.0,No,0.0,No,0.0,No,0.0,No,0.0,No,0.0,No,0.0,No,0.0,Yes,1.0,Yes,1.0,Yes,1.0,No,0.0,Yes,1.0,No,0.0,No,0.0,No,0.0,No,0.0,No,0.0,No,0.0,No,0.0,No,0.0,No,0.0,No,0.0,No,0.0,No,0.0,No,0.0,No,0.0
2263,BROOKFIELD RENEWABLE CORPORATION,,CA11285B1085,Utilities,UNITED STATES,2.9,1.0,1,0,33,No,0.0,No,0.0,No,0.0,No,0.0,No,0.0,No,0.0,No,0.0,No,0.0,No,0.0,No,0.0,No,0.0,No,0.0,No,0.0,No,0.0,No,0.0,No,0.0,No,0.0,No,0.0,No,0.0,No,0.0,No,0.0,No,0.0,No,0.0,No,0.0,No,0.0,No,0.0,No,0.0,No,0.0,No,0.0,No,0.0,Yes,1.0,No,0.0,No,0.0,No,0.0
932,"BROWN & BROWN, INC.",,US1152361010,Financials,UNITED STATES,17.6,6.0,6,1,27,No,0.0,No,0.0,No,0.0,Partial,0.0,Yes,1.0,Yes,1.0,No,0.0,No,0.0,No,0.0,No,0.0,No,0.0,No,0.0,No,0.0,No,0.0,No,0.0,Yes,1.0,No,0.0,Yes,1.0,No,0.0,Yes,1.0,No,0.0,No,0.0,No,0.0,No,0.0,No,0.0,No,0.0,No,0.0,No,0.0,No,0.0,No,0.0,Yes,1.0,No,0.0,No,0.0,No,0.0
1868,BSE Limited,,INE118H01025,Financials,INDIA,0.0,0.0,0,0,34,No,0.0,No,0.0,No,0.0,No,0.0,No,0.0,No,0.0,No,0.0,No,0.0,No,0.0,No,0.0,No,0.0,No,0.0,No,0.0,No,0.0,No,0.0,No,0.0,No,0.0,No,0.0,No,0.0,No,0.0,No,0.0,No,0.0,No,0.0,No,0.0,No,0.0,No,0.0,No,0.0,No,0.0,No,0.0,No,0.0,No,0.0,No,0.0,No,0.0,No,0.0
28,BT GROUP PLC,,GB0030913577,Telecommunications,UNITED KINGDOM,29.4,10.0,10,0,24,No,0.0,No,0.0,No,0.0,Yes,1.0,No,0.0,Yes,1.0,No,0.0,Yes,1.0,No,0.0,Yes,1.0,No,0.0,No,0.0,No,0.0,No,0.0,No,0.0,Yes,1.0,Yes,1.0,Yes,1.0,No,0.0,No,0.0,No,0.0,No,0.0,Yes,1.0,No,0.0,No,0.0,No,0.0,No,0.0,No,0.0,Yes,1.0,No,0.0,No,0.0,No,0.0,Yes,1.0,No,0.0
279,BUDIMEX SPOLKA AKCYJNA,,PLBUDMX00013,Industrials,POLAND,8.8,3.0,2,2,30,Yes,1.0,No,0.0,No,0.0,No,0.0,No,0.0,Yes,1.0,No,0.0,Partial,0.5,No,0.0,Partial,0.5,No,0.0,No,0.0,No,0.0,No,0.0,No,0.0,No,0.0,No,0.0,No,0.0,No,0.0,No,0.0,No,0.0,No,0.0,No,0.0,No,0.0,No,0.0,No,0.0,No,0.0,No,0.0,No,0.0,No,0.0,No,0.0,No,0.0,No,0.0,No,0.0
775,"BUILDERS FIRSTSOURCE, INC.",,US12008R1077,Industrials,UNITED STATES,0.0,0.0,0,0,34,No,0.0,No,0.0,No,0.0,No,0.0,No,0.0,No,0.0,No,0.0,No,0.0,No,0.0,No,0.0,No,0.0,No,0.0,No,0.0,No,0.0,No,0.0,No,0.0,No,0.0,No,0.0,No,0.0,No,0.0,No,0.0,No,0.0,No,0.0,No,0.0,No,0.0,No,0.0,No,0.0,No,0.0,No,0.0,No,0.0,No,0.0,No,0.0,No,0.0,No,0.0
248,Bumrungrad Hospital Public Company Limited,,TH0168A10Z01,Health Care,THAILAND,14.7,5.0,5,0,29,No,0.0,No,0.0,No,0.0,No,0.0,No,0.0,Yes,1.0,No,0.0,Yes,1.0,No,0.0,Yes,1.0,No,0.0,No,0.0,No,0.0,No,0.0,No,0.0,No,0.0,No,0.0,No,0.0,No,0.0,No,0.0,No,0.0,Yes,1.0,No,0.0,No,0.0,No,0.0,No,0.0,No,0.0,Yes,1.0,No,0.0,No,0.0,No,0.0,No,0.0,No,0.0,No,0.0
2394,Bunge Global SA,,CH1300646267,Consumer Staples,UNITED STATES,17.6,6.0,6,0,28,No,0.0,No,0.0,No,0.0,Yes,1.0,No,0.0,Yes,1.0,No,0.0,No,0.0,No,0.0,No,0.0,Yes,1.0,No,0.0,No,0.0,No,0.0,No,0.0,Yes,1.0,No,0.0,No,0.0,No,0.0,Yes,1.0,No,0.0,No,0.0,No,0.0,No,0.0,No,0.0,No,0.0,No,0.0,No,0.0,No,0.0,No,0.0,Yes,1.0,No,0.0,No,0.0,No,0.0
38,BUNZL PUBLIC LIMITED COMPANY,,GB00B0744B38,Industrials,UNITED KINGDOM,5.9,2.0,2,0,32,Yes,1.0,No,0.0,No,0.0,No,0.0,No,0.0,No,0.0,No,0.0,No,0.0,No,0.0,No,0.0,Yes,1.0,No,0.0,No,0.0,No,0.0,No,0.0,No,0.0,No,0.0,No,0.0,No,0.0,No,0.0,No,0.0,No,0.0,No,0.0,No,0.0,No,0.0,No,0.0,No,0.0,No,0.0,No,0.0,No,0.0,No,0.0,No,0.0,No,0.0,No,0.0
1731,Bupa Arabia for Cooperative Insurance Company SJSC,,SA1210540914,Financials,SAUDI ARABIA,0.0,0.0,0,0,34,No,0.0,No,0.0,No,0.0,No,0.0,No,0.0,No,0.0,No,0.0,No,0.0,No,0.0,No,0.0,No,0.0,No,0.0,No,0.0,No,0.0,No,0.0,No,0.0,No,0.0,No,0.0,No,0.0,No,0.0,No,0.0,No,0.0,No,0.0,No,0.0,No,0.0,No,0.0,No,0.0,No,0.0,No,0.0,No,0.0,No,0.0,No,0.0,No,0.0,No,0.0
226,BUREAU VERITAS SA,,FR0006174348,Industrials,FRANCE,14.7,5.0,5,0,29,No,0.0,No,0.0,No,0.0,No,0.0,Yes,1.0,No,0.0,No,0.0,Yes,1.0,No,0.0,No,0.0,No,0.0,No,0.0,No,0.0,No,0.0,Yes,1.0,Yes,1.0,Yes,1.0,No,0.0,No,0.0,No,0.0,No,0.0,No,0.0,No,0.0,No,0.0,No,0.0,No,0.0,No,0.0,No,0.0,No,0.0,No,0.0,No,0.0,No,0.0,No,0.0,No,0.0
1670,"BURLINGTON STORES, INC.",,US1220171060,Consumer Discretion,UNITED STATES,8.8,3.0,3,0,31,No,0.0,No,0.0,No,0.0,Yes,1.0,No,0.0,Yes,1.0,No,0.0,No,0.0,No,0.0,No,0.0,No,0.0,No,0.0,No,0.0,No,0.0,No,0.0,No,0.0,No,0.0,No,0.0,No,0.0,No,0.0,No,0.0,No,0.0,No,0.0,No,0.0,No,0.0,No,0.0,No,0.0,No,0.0,No,0.0,No,0.0,Yes,1.0,No,0.0,No,0.0,No,0.0
297,Buzzi SpA,,IT0001347308,Industrials,ITALY,14.7,5.0,5,0,29,No,0.0,No,0.0,No,0.0,Yes,1.0,No,0.0,Yes,1.0,No,0.0,Yes,1.0,No,0.0,Yes,1.0,No,0.0,No,0.0,No,0.0,No,0.0,No,0.0,No,0.0,No,0.0,No,0.0,No,0.0,No,0.0,No,0.0,No,0.0,No,0.0,No,0.0,No,0.0,No,0.0,No,0.0,Yes,1.0,No,0.0,No,0.0,No,0.0,No,0.0,No,0.0,No,0.0
892,BYD COMPANY LIMITED,,CNE100001526,Consumer Discretion,CHINA,5.9,2.0,2,0,32,No,0.0,No,0.0,No,0.0,No,0.0,No,0.0,Yes,1.0,No,0.0,No,0.0,No,0.0,Yes,1.0,No,0.0,No,0.0,No,0.0,No,0.0,No,0.0,No,0.0,No,0.0,No,0.0,No,0.0,No,0.0,No,0.0,No,0.0,No,0.0,No,0.0,No,0.0,No,0.0,No,0.0,No,0.0,No,0.0,No,0.0,No,0.0,No,0.0,No,0.0,No,0.0
42,BYD Electronic (International) Company Limited,,HK0285041858,Telecommunications,HONG KONG,0.0,0.0,0,0,34,No,0.0,No,0.0,No,0.0,No,0.0,No,0.0,No,0.0,No,0.0,No,0.0,No,0.0,No,0.0,No,0.0,No,0.0,No,0.0,No,0.0,No,0.0,No,0.0,No,0.0,No,0.0,No,0.0,No,0.0,No,0.0,No,0.0,No,0.0,No,0.0,No,0.0,No,0.0,No,0.0,No,0.0,No,0.0,No,0.0,No,0.0,No,0.0,No,0.0,No,0.0
672,"CADENCE DESIGN SYSTEMS, INC.",,US1273871087,Technology,UNITED STATES,23.5,8.0,8,0,26,Yes,1.0,No,0.0,Yes,1.0,Yes,1.0,Yes,1.0,Yes,1.0,No,0.0,No,0.0,No,0.0,Yes,1.0,No,0.0,No,0.0,No,0.0,No,0.0,No,0.0,No,0.0,No,0.0,No,0.0,No,0.0,No,0.0,No,0.0,No,0.0,No,0.0,No,0.0,No,0.0,No,0.0,No,0.0,No,0.0,Yes,1.0,No,0.0,Yes,1.0,No,0.0,No,0.0,No,0.0
934,CAE INC.,,CA1247651088,Industrials,CANADA,35.3,12.0,12,0,22,Yes,1.0,No,0.0,No,0.0,No,0.0,No,0.0,Yes,1.0,No,0.0,Yes,1.0,No,0.0,Yes,1.0,Yes,1.0,Yes,1.0,No,0.0,No,0.0,No,0.0,Yes,1.0,Yes,1.0,No,0.0,No,0.0,Yes,1.0,Yes,1.0,No,0.0,Yes,1.0,No,0.0,Yes,1.0,No,0.0,No,0.0,No,0.0,No,0.0,No,0.0,No,0.0,No,0.0,No,0.0,No,0.0
1705,"Caitong Securities Co., Ltd.",,CNE100002V44,Financials,CHINA,0.0,0.0,0,0,34,No,0.0,No,0.0,No,0.0,No,0.0,No,0.0,No,0.0,No,0.0,No,0.0,No,0.0,No,0.0,No,0.0,No,0.0,No,0.0,No,0.0,No,0.0,No,0.0,No,0.0,No,0.0,No,0.0,No,0.0,No,0.0,No,0.0,No,0.0,No,0.0,No,0.0,No,0.0,No,0.0,No,0.0,No,0.0,No,0.0,No,0.0,No,0.0,No,0.0,No,0.0
1012,"CaixaBank, S.A.",,ES0140609019,Financials,SPAIN,8.8,3.0,3,0,31,No,0.0,No,0.0,No,0.0,No,0.0,Yes,1.0,Yes,1.0,No,0.0,No,0.0,No,0.0,No,0.0,No,0.0,No,0.0,No,0.0,No,0.0,No,0.0,Yes,1.0,No,0.0,No,0.0,No,0.0,No,0.0,No,0.0,No,0.0,No,0.0,No,0.0,No,0.0,No,0.0,No,0.0,No,0.0,No,0.0,No,0.0,No,0.0,No,0.0,No,0.0,No,0.0
2297,Caixa Seguridade Participacoes SA,,BRCXSEACNOR7,Financials,BRAZIL,0.0,0.0,0,0,34,No,0.0,No,0.0,No,0.0,No,0.0,No,0.0,No,0.0,No,0.0,No,0.0,No,0.0,No,0.0,No,0.0,No,0.0,No,0.0,No,0.0,No,0.0,No,0.0,No,0.0,No,0.0,No,0.0,No,0.0,No,0.0,No,0.0,No,0.0,No,0.0,No,0.0,No,0.0,No,0.0,No,0.0,No,0.0,No,0.0,No,0.0,No,0.0,No,0.0,No,0.0
2365,Caliway Biopharmaceuticals Co Ltd,,TW0006919004,Health Care,TAIWAN,0.0,0.0,0,0,34,No,0.0,No,0.0,No,0.0,No,0.0,No,0.0,No,0.0,No,0.0,No,0.0,No,0.0,No,0.0,No,0.0,No,0.0,No,0.0,No,0.0,No,0.0,No,0.0,No,0.0,No,0.0,No,0.0,No,0.0,No,0.0,No,0.0,No,0.0,No,0.0,No,0.0,No,0.0,No,0.0,No,0.0,No,0.0,No,0.0,No,0.0,No,0.0,No,0.0,No,0.0
2258,Cambricon Technologies Corp Ltd,,CNE1000041R8,Technology,CHINA,7.4,2.5,2,1,31,No,0.0,No,0.0,Yes,1.0,No,0.0,No,0.0,Yes,1.0,No,0.0,No,0.0,No,0.0,No,0.0,No,0.0,No,0.0,No,0.0,No,0.0,No,0.0,No,0.0,No,0.0,No,0.0,No,0.0,No,0.0,No,0.0,No,0.0,No,0.0,No,0.0,No,0.0,No,0.0,No,0.0,Partial,0.5,No,0.0,No,0.0,No,0.0,No,0.0,No,0.0,No,0.0
418,CAMECO CORP,,CA13321L1085,Energy,CANADA,11.8,4.0,3,2,29,Partial,0.5,No,0.0,No,0.0,No,0.0,No,0.0,Yes,1.0,No,0.0,No,0.0,No,0.0,No,0.0,Yes,1.0,Partial,0.5,No,0.0,No,0.0,No,0.0,Yes,1.0,No,0.0,No,0.0,No,0.0,No,0.0,No,0.0,No,0.0,No,0.0,No,0.0,No,0.0,No,0.0,No,0.0,No,0.0,No,0.0,No,0.0,No,0.0,No,0.0,No,0.0,No,0.0
950,CANADIAN IMPERIAL BANK OF COMMERCE,,CA1360691010,Financials,CANADA,55.9,19.0,19,1,14,Yes,1.0,No,0.0,Yes,1.0,Yes,1.0,Yes,1.0,Yes,1.0,No,0.0,Yes,1.0,No,0.0,Yes,1.0,Yes,1.0,Yes,1.0,No,0.0,Yes,1.0,Partial,0.0,Yes,1.0,Yes,1.0,Yes,1.0,Yes,1.0,Yes,1.0,Yes,1.0,No,0.0,Yes,1.0,No,0.0,Yes,1.0,Yes,1.0,No,0.0,No,0.0,No,0.0,No,0.0,No,0.0,No,0.0,No,0.0,No,0.0
283,CANADIAN NATIONAL RAILWAY CO,,CA1363751027,Industrials,CANADA,17.6,6.0,6,0,28,Yes,1.0,No,0.0,No,0.0,No,0.0,No,0.0,Yes,1.0,No,0.0,Yes,1.0,No,0.0,Yes,1.0,Yes,1.0,Yes,1.0,No,0.0,No,0.0,No,0.0,No,0.0,No,0.0,No,0.0,No,0.0,No,0.0,No,0.0,No,0.0,No,0.0,No,0.0,No,0.0,No,0.0,No,0.0,No,0.0,No,0.0,No,0.0,No,0.0,No,0.0,No,0.0,No,0.0
642,CANADIAN NATURAL RESOURCES LIMITED,,CA1363851017,Energy,CANADA,17.6,6.0,6,1,27,No,0.0,No,0.0,No,0.0,No,0.0,Partial,0.0,Yes,1.0,No,0.0,Yes,1.0,No,0.0,No,0.0,Yes,1.0,No,0.0,No,0.0,No,0.0,No,0.0,Yes,1.0,No,0.0,Yes,1.0,No,0.0,No,0.0,No,0.0,No,0.0,No,0.0,No,0.0,No,0.0,No,0.0,No,0.0,No,0.0,No,0.0,No,0.0,Yes,1.0,No,0.0,No,0.0,No,0.0
214,CANADIAN PACIFIC KANSAS CITY LTD,,CA13646K1084,Industrials,CANADA,0.0,0.0,0,0,34,No,0.0,No,0.0,No,0.0,No,0.0,No,0.0,No,0.0,No,0.0,No,0.0,No,0.0,No,0.0,No,0.0,No,0.0,No,0.0,No,0.0,No,0.0,No,0.0,No,0.0,No,0.0,No,0.0,No,0.0,No,0.0,No,0.0,No,0.0,No,0.0,No,0.0,No,0.0,No,0.0,No,0.0,No,0.0,No,0.0,No,0.0,No,0.0,No,0.0,No,0.0
497,"CANADIAN TIRE CORPORATION, LIMITED",,CA1366812024,Consumer Discretion,CANADA,35.3,12.0,12,0,22,No,0.0,No,0.0,Yes,1.0,Yes,1.0,No,0.0,Yes,1.0,No,0.0,Yes,1.0,No,0.0,Yes,1.0,No,0.0,No,0.0,No,0.0,No,0.0,No,0.0,Yes,1.0,Yes,1.0,Yes,1.0,Yes,1.0,No,0.0,No,0.0,No,0.0,No,0.0,No,0.0,Yes,1.0,No,0.0,No,0.0,No,0.0,No,0.0,No,0.0,Yes,1.0,No,0.0,Yes,1.0,No,0.0
951,CANADIAN UTILITIES LIMITED,,CA1367178326,Utilities,CANADA,11.8,4.0,2,4,28,Partial,0.5,No,0.0,No,0.0,Yes,1.0,No,0.0,Yes,1.0,No,0.0,No,0.0,No,0.0,No,0.0,No,0.0,No,0.0,No,0.0,No,0.0,No,0.0,Partial,0.5,Partial,0.5,Partial,0.5,No,0.0,No,0.0,No,0.0,No,0.0,No,0.0,No,0.0,No,0.0,No,0.0,No,0.0,No,0.0,No,0.0,No,0.0,No,0.0,No,0.0,No,0.0,No,0.0
935,CANON INC.,,JP3242800005,Technology,JAPAN,29.4,10.0,10,0,24,Yes,1.0,No,0.0,No,0.0,Yes,1.0,No,0.0,Yes,1.0,No,0.0,No,0.0,No,0.0,Yes,1.0,No,0.0,No,0.0,No,0.0,Yes,1.0,Yes,1.0,Yes,1.0,Yes,1.0,Yes,1.0,Yes,1.0,No,0.0,No,0.0,No,0.0,No,0.0,No,0.0,No,0.0,No,0.0,No,0.0,No,0.0,No,0.0,No,0.0,No,0.0,No,0.0,No,0.0,No,0.0
936,"CAPCOM CO., LTD.",,JP3218900003,Consumer Discretion,JAPAN,14.7,5.0,5,1,28,No,0.0,No,0.0,No,0.0,Yes,1.0,No,0.0,Yes,1.0,No,0.0,Yes,1.0,No,0.0,No,0.0,No,0.0,No,0.0,No,0.0,No,0.0,No,0.0,Yes,1.0,Partial,0.0,No,0.0,No,0.0,No,0.0,No,0.0,No,0.0,No,0.0,No,0.0,No,0.0,No,0.0,No,0.0,No,0.0,No,0.0,No,0.0,Yes,1.0,No,0.0,No,0.0,No,0.0
44,CAPGEMINI SE,,FR0000125338,Technology,FRANCE,22.1,7.5,4,8,22,Partial,0.5,No,0.0,No,0.0,Partial,0.5,No,0.0,Partial,0.5,No,0.0,No,0.0,No,0.0,No,0.0,Partial,0.5,Partial,0.5,No,0.0,No,0.0,Partial,0.0,Yes,1.0,Partial,0.5,Yes,1.0,No,0.0,No,0.0,Yes,1.0,No,0.0,No,0.0,No,0.0,No,0.0,No,0.0,No,0.0,Partial,0.5,No,0.0,Yes,1.0,No,0.0,No,0.0,No,0.0,No,0.0
871,CapitaLand Ascendas REIT,,SG1M77906915,Real Estate,SINGAPORE,0.0,0.0,0,0,34,No,0.0,No,0.0,No,0.0,No,0.0,No,0.0,No,0.0,No,0.0,No,0.0,No,0.0,No,0.0,No,0.0,No,0.0,No,0.0,No,0.0,No,0.0,No,0.0,No,0.0,No,0.0,No,0.0,No,0.0,No,0.0,No,0.0,No,0.0,No,0.0,No,0.0,No,0.0,No,0.0,No,0.0,No,0.0,No,0.0,No,0.0,No,0.0,No,0.0,No,0.0
1715,CapitaLand Integrated Commercial Trust,,SG1M51904654,Real Estate,SINGAPORE,41.2,14.0,14,2,18,Yes,1.0,No,0.0,No,0.0,Yes,1.0,Partial,0.0,Yes,1.0,Partial,0.0,Yes,1.0,No,0.0,Yes,1.0,No,0.0,No,0.0,No,0.0,Yes,1.0,No,0.0,Yes,1.0,Yes,1.0,Yes,1.0,No,0.0,No,0.0,Yes,1.0,Yes,1.0,No,0.0,No,0.0,Yes,1.0,No,0.0,Yes,1.0,Yes,1.0,No,0.0,No,0.0,No,0.0,No,0.0,No,0.0,No,0.0
1764,CAPITALAND INVESTMENT LIMITED,,SGXE62145532,Real Estate,SINGAPORE,44.1,15.0,14,3,17,Partial,0.5,No,0.0,No,0.0,Yes,1.0,Partial,0.0,Yes,1.0,No,0.0,Yes,1.0,No,0.0,Yes,1.0,No,0.0,No,0.0,No,0.0,Yes,1.0,No,0.0,Yes,1.0,Yes,1.0,Yes,1.0,No,0.0,No,0.0,Yes,1.0,Yes,1.0,Yes,1.0,No,0.0,Yes,1.0,No,0.0,No,0.0,Yes,1.0,Partial,0.5,No,0.0,Yes,1.0,No,0.0,No,0.0,No,0.0
285,CAPITAL ONE FINANCIAL CORPORATION,,US14040H1059,Industrials,UNITED STATES,11.8,4.0,4,0,30,No,0.0,No,0.0,No,0.0,Yes,1.0,No,0.0,Yes,1.0,No,0.0,No,0.0,No,0.0,Yes,1.0,No,0.0,No,0.0,No,0.0,No,0.0,Yes,1.0,No,0.0,No,0.0,No,0.0,No,0.0,No,0.0,No,0.0,No,0.0,No,0.0,No,0.0,No,0.0,No,0.0,No,0.0,No,0.0,No,0.0,No,0.0,No,0.0,No,0.0,No,0.0,No,0.0
1716,Capital Securities Corporation Limited,,CNE100005VG7,Financials,CHINA,0.0,0.0,0,0,34,No,0.0,No,0.0,No,0.0,No,0.0,No,0.0,No,0.0,No,0.0,No,0.0,No,0.0,No,0.0,No,0.0,No,0.0,No,0.0,No,0.0,No,0.0,No,0.0,No,0.0,No,0.0,No,0.0,No,0.0,No,0.0,No,0.0,No,0.0,No,0.0,No,0.0,No,0.0,No,0.0,No,0.0,No,0.0,No,0.0,No,0.0,No,0.0,No,0.0,No,0.0
952,CAPITEC BANK HOLDINGS LIMITED,,ZAE000035861,Financials,SOUTH AFRICA,4.4,1.5,0,3,31,No,0.0,No,0.0,No,0.0,No,0.0,No,0.0,Partial,0.5,No,0.0,No,0.0,No,0.0,No,0.0,No,0.0,No,0.0,No,0.0,No,0.0,No,0.0,No,0.0,No,0.0,No,0.0,No,0.0,No,0.0,No,0.0,No,0.0,No,0.0,No,0.0,No,0.0,No,0.0,No,0.0,Partial,0.5,Partial,0.5,No,0.0,No,0.0,No,0.0,No,0.0,No,0.0
413,"CARDINAL HEALTH, INC.",,US14149Y1082,Health Care,UNITED STATES,23.5,8.0,6,4,24,Partial,0.5,No,0.0,No,0.0,No,0.0,No,0.0,Partial,0.5,No,0.0,Partial,0.5,No,0.0,Partial,0.5,Yes,1.0,No,0.0,No,0.0,No,0.0,No,0.0,Yes,1.0,Yes,1.0,Yes,1.0,No,0.0,No,0.0,No,0.0,No,0.0,No,0.0,No,0.0,Yes,1.0,No,0.0,No,0.0,No,0.0,No,0.0,No,0.0,Yes,1.0,No,0.0,No,0.0,No,0.0
1779,CAR GROUP LIMITED,,AU000000CAR3,Technology,AUSTRALIA,29.4,10.0,10,1,23,Yes,1.0,No,0.0,No,0.0,Yes,1.0,Partial,0.0,Yes,1.0,No,0.0,Yes,1.0,No,0.0,Yes,1.0,No,0.0,No,0.0,No,0.0,Yes,1.0,No,0.0,Yes,1.0,Yes,1.0,Yes,1.0,Yes,1.0,No,0.0,No,0.0,No,0.0,No,0.0,No,0.0,No,0.0,No,0.0,No,0.0,No,0.0,No,0.0,No,0.0,No,0.0,No,0.0,No,0.0,No,0.0
953,CARLISLE COMPANIES INCORPORATED,,US1423391002,Industrials,UNITED STATES,23.5,8.0,8,0,26,Yes,1.0,No,0.0,Yes,1.0,No,0.0,No,0.0,Yes,1.0,No,0.0,Yes,1.0,No,0.0,Yes,1.0,No,0.0,No,0.0,No,0.0,No,0.0,No,0.0,No,0.0,No,0.0,No,0.0,No,0.0,No,0.0,Yes,1.0,No,0.0,Yes,1.0,No,0.0,No,0.0,No,0.0,No,0.0,No,0.0,No,0.0,No,0.0,Yes,1.0,No,0.0,No,0.0,No,0.0
954,CARLSBERG A/S,,DK0010181759,Consumer Staples,DENMARK,17.6,6.0,6,0,28,No,0.0,No,0.0,No,0.0,No,0.0,No,0.0,Yes,1.0,No,0.0,No,0.0,No,0.0,No,0.0,No,0.0,No,0.0,No,0.0,No,0.0,No,0.0,Yes,1.0,Yes,1.0,No,0.0,Yes,1.0,Yes,1.0,No,0.0,No,0.0,No,0.0,No,0.0,Yes,1.0,No,0.0,No,0.0,No,0.0,No,0.0,No,0.0,No,0.0,No,0.0,No,0.0,No,0.0
465,Carnival Corporation,,BMG2004J1036,Consumer Discretion,UNITED STATES,23.5,8.0,8,0,26,No,0.0,No,0.0,No,0.0,No,0.0,No,0.0,Yes,1.0,No,0.0,No,0.0,No,0.0,No,0.0,Yes,1.0,No,0.0,No,0.0,Yes,1.0,No,0.0,Yes,1.0,Yes,1.0,Yes,1.0,Yes,1.0,No,0.0,No,0.0,No,0.0,No,0.0,No,0.0,No,0.0,No,0.0,No,0.0,No,0.0,No,0.0,No,0.0,Yes,1.0,No,0.0,No,0.0,No,0.0
45,CARREFOUR SA,,FR0000120172,Consumer Staples,FRANCE,14.7,5.0,5,0,29,Yes,1.0,No,0.0,Yes,1.0,No,0.0,No,0.0,No,0.0,No,0.0,Yes,1.0,No,0.0,No,0.0,No,0.0,No,0.0,No,0.0,No,0.0,No,0.0,No,0.0,No,0.0,No,0.0,No,0.0,No,0.0,No,0.0,No,0.0,No,0.0,No,0.0,Yes,1.0,No,0.0,No,0.0,Yes,1.0,No,0.0,No,0.0,No,0.0,No,0.0,No,0.0,No,0.0
2239,CARRIER GLOBAL CORPORATION,,US14448C1045,Industrials,UNITED STATES,14.7,5.0,5,1,28,No,0.0,No,0.0,No,0.0,Partial,0.0,No,0.0,Yes,1.0,No,0.0,Yes,1.0,No,0.0,Yes,1.0,No,0.0,No,0.0,No,0.0,No,0.0,No,0.0,Yes,1.0,No,0.0,No,0.0,No,0.0,No,0.0,No,0.0,No,0.0,No,0.0,No,0.0,No,0.0,No,0.0,No,0.0,Yes,1.0,No,0.0,No,0.0,No,0.0,No,0.0,No,0.0,No,0.0
2125,CARVANA CO.,,US1468691027,Consumer Discretion,UNITED STATES,16.2,5.5,5,1,28,No,0.0,No,0.0,No,0.0,Yes,1.0,No,0.0,Yes,1.0,No,0.0,Yes,1.0,No,0.0,Yes,1.0,No,0.0,No,0.0,No,0.0,No,0.0,No,0.0,Partial,0.5,No,0.0,No,0.0,No,0.0,No,0.0,No,0.0,No,0.0,No,0.0,No,0.0,No,0.0,No,0.0,No,0.0,No,0.0,No,0.0,No,0.0,Yes,1.0,No,0.0,No,0.0,No,0.0
955,"CASEY'S GENERAL STORES, INC.",,US1475281036,Consumer Staples,UNITED STATES,10.3,3.5,2,3,29,No,0.0,No,0.0,No,0.0,Yes,1.0,No,0.0,Partial,0.5,No,0.0,Partial,0.5,No,0.0,Yes,1.0,No,0.0,No,0.0,No,0.0,No,0.0,No,0.0,No,0.0,No,0.0,No,0.0,No,0.0,No,0.0,No,0.0,No,0.0,No,0.0,No,0.0,No,0.0,No,0.0,No,0.0,Partial,0.5,No,0.0,No,0.0,No,0.0,No,0.0,No,0.0,No,0.0
956,"CATCHER TECHNOLOGY CO., LTD.",,TW0002474004,Technology,TAIWAN,1.5,0.5,0,1,33,No,0.0,No,0.0,No,0.0,No,0.0,No,0.0,No,0.0,No,0.0,No,0.0,No,0.0,No,0.0,Partial,0.5,No,0.0,No,0.0,No,0.0,No,0.0,No,0.0,No,0.0,No,0.0,No,0.0,No,0.0,No,0.0,No,0.0,No,0.0,No,0.0,No,0.0,No,0.0,No,0.0,No,0.0,No,0.0,No,0.0,No,0.0,No,0.0,No,0.0,No,0.0
957,CATERPILLAR INC.,,US1491231015,Industrials,UNITED STATES,2.9,1.0,1,0,33,No,0.0,No,0.0,No,0.0,No,0.0,No,0.0,Yes,1.0,No,0.0,No,0.0,No,0.0,No,0.0,No,0.0,No,0.0,No,0.0,No,0.0,No,0.0,No,0.0,No,0.0,No,0.0,No,0.0,No,0.0,No,0.0,No,0.0,No,0.0,No,0.0,No,0.0,No,0.0,No,0.0,No,0.0,No,0.0,No,0.0,No,0.0,No,0.0,No,0.0,No,0.0
498,"Cathay Financial Holding Co., Ltd.",,TW0002882008,Financials,TAIWAN,32.4,11.0,11,0,23,Yes,1.0,No,0.0,No,0.0,No,0.0,No,0.0,Yes,1.0,No,0.0,Yes,1.0,No,0.0,Yes,1.0,No,0.0,No,0.0,Yes,1.0,No,0.0,No,0.0,Yes,1.0,Yes,1.0,Yes,1.0,No,0.0,No,0.0,Yes,1.0,No,0.0,No,0.0,No,0.0,Yes,1.0,No,0.0,No,0.0,Yes,1.0,No,0.0,No,0.0,No,0.0,No,0.0,No,0.0,No,0.0
1828,"CBOE GLOBAL MARKETS, INC.",,US12503M1080,Financials,UNITED STATES,13.2,4.5,4,1,29,Yes,1.0,No,0.0,No,0.0,No,0.0,No,0.0,Yes,1.0,No,0.0,No,0.0,No,0.0,No,0.0,Yes,1.0,Partial,0.5,No,0.0,No,0.0,No,0.0,No,0.0,No,0.0,No,0.0,No,0.0,No,0.0,No,0.0,No,0.0,No,0.0,No,0.0,No,0.0,No,0.0,No,0.0,No,0.0,No,0.0,No,0.0,Yes,1.0,No,0.0,No,0.0,No,0.0
937,"CBRE GROUP, INC.",,US12504L1098,Real Estate,UNITED STATES,32.4,11.0,11,0,23,Yes,1.0,No,0.0,Yes,1.0,Yes,1.0,Yes,1.0,Yes,1.0,No,0.0,Yes,1.0,No,0.0,Yes,1.0,Yes,1.0,No,0.0,No,0.0,No,0.0,No,0.0,No,0.0,No,0.0,No,0.0,No,0.0,No,0.0,Yes,1.0,No,0.0,No,0.0,No,0.0,No,0.0,No,0.0,No,0.0,No,0.0,Yes,1.0,No,0.0,Yes,1.0,No,0.0,No,0.0,No,0.0
938,CCL INDUSTRIES INC.,,CA1249003098,Industrials,CANADA,0.0,0.0,0,0,34,No,0.0,No,0.0,No,0.0,No,0.0,No,0.0,No,0.0,No,0.0,No,0.0,No,0.0,No,0.0,No,0.0,No,0.0,No,0.0,No,0.0,No,0.0,No,0.0,No,0.0,No,0.0,No,0.0,No,0.0,No,0.0,No,0.0,No,0.0,No,0.0,No,0.0,No,0.0,No,0.0,No,0.0,No,0.0,No,0.0,No,0.0,No,0.0,No,0.0,No,0.0
407,"CCOOP GROUP CO., LTD",,CNE0000003W0,Consumer Discretion,CHINA,0.0,0.0,0,0,34,No,0.0,No,0.0,No,0.0,No,0.0,No,0.0,No,0.0,No,0.0,No,0.0,No,0.0,No,0.0,No,0.0,No,0.0,No,0.0,No,0.0,No,0.0,No,0.0,No,0.0,No,0.0,No,0.0,No,0.0,No,0.0,No,0.0,No,0.0,No,0.0,No,0.0,No,0.0,No,0.0,No,0.0,No,0.0,No,0.0,No,0.0,No,0.0,No,0.0,No,0.0
1943,C&D International Investment Group Limited,,KYG3165D1097,Real Estate,HONG KONG,0.0,0.0,0,0,34,No,0.0,No,0.0,No,0.0,No,0.0,No,0.0,No,0.0,No,0.0,No,0.0,No,0.0,No,0.0,No,0.0,No,0.0,No,0.0,No,0.0,No,0.0,No,0.0,No,0.0,No,0.0,No,0.0,No,0.0,No,0.0,No,0.0,No,0.0,No,0.0,No,0.0,No,0.0,No,0.0,No,0.0,No,0.0,No,0.0,No,0.0,No,0.0,No,0.0,No,0.0
1342,CD Projekt SA,,PLOPTTC00011,Consumer Discretion,POLAND,14.7,5.0,5,0,29,No,0.0,No,0.0,No,0.0,No,0.0,No,0.0,Yes,1.0,No,0.0,Yes,1.0,No,0.0,Yes,1.0,No,0.0,No,0.0,No,0.0,No,0.0,No,0.0,No,0.0,No,0.0,No,0.0,No,0.0,No,0.0,No,0.0,No,0.0,Yes,1.0,No,0.0,No,0.0,No,0.0,No,0.0,Yes,1.0,No,0.0,No,0.0,No,0.0,No,0.0,No,0.0,No,0.0
1738,CDW CORPORATION,,US12514G1085,Technology,UNITED STATES,23.5,8.0,8,0,26,No,0.0,No,0.0,No,0.0,Yes,1.0,No,0.0,Yes,1.0,No,0.0,No,0.0,No,0.0,No,0.0,Yes,1.0,No,0.0,No,0.0,No,0.0,No,0.0,Yes,1.0,Yes,1.0,Yes,1.0,No,0.0,No,0.0,No,0.0,No,0.0,No,0.0,No,0.0,Yes,1.0,No,0.0,No,0.0,No,0.0,No,0.0,No,0.0,Yes,1.0,No,0.0,No,0.0,No,0.0
1962,CELCOMDIGI BERHAD,,MYL6947OO005,Telecommunications,MALAYSIA,23.5,8.0,8,1,25,Yes,1.0,No,0.0,No,0.0,Yes,1.0,Partial,0.0,Yes,1.0,No,0.0,Yes,1.0,No,0.0,Yes,1.0,No,0.0,No,0.0,No,0.0,No,0.0,No,0.0,No,0.0,No,0.0,Yes,1.0,No,0.0,No,0.0,No,0.0,No,0.0,No,0.0,No,0.0,Yes,1.0,No,0.0,No,0.0,No,0.0,Yes,1.0,No,0.0,No,0.0,No,0.0,No,0.0,No,0.0
19,CELESTICA INC.,,CA15101Q2071,Technology,CANADA,11.8,4.0,4,0,30,No,0.0,No,0.0,No,0.0,No,0.0,No,0.0,No,0.0,No,0.0,No,0.0,No,0.0,No,0.0,Yes,1.0,Yes,1.0,No,0.0,No,0.0,No,0.0,No,0.0,No,0.0,No,0.0,No,0.0,No,0.0,No,0.0,No,0.0,No,0.0,No,0.0,No,0.0,No,0.0,No,0.0,Yes,1.0,No,0.0,No,0.0,Yes,1.0,No,0.0,No,0.0,No,0.0
2003,Cellnex Telecom S.A.,,ES0105066007,Telecommunications,SPAIN,41.2,14.0,14,0,20,Yes,1.0,No,0.0,No,0.0,No,0.0,Yes,1.0,Yes,1.0,No,0.0,No,0.0,No,0.0,Yes,1.0,Yes,1.0,No,0.0,No,0.0,Yes,1.0,Yes,1.0,Yes,1.0,Yes,1.0,Yes,1.0,Yes,1.0,Yes,1.0,Yes,1.0,No,0.0,No,0.0,No,0.0,Yes,1.0,No,0.0,No,0.0,No,0.0,No,0.0,No,0.0,No,0.0,No,0.0,No,0.0,No,0.0
1336,"Celltrion, Inc.",,KR7068270008,Health Care,SOUTH KOREA,8.8,3.0,3,0,31,No,0.0,No,0.0,No,0.0,No,0.0,No,0.0,Yes,1.0,No,0.0,No,0.0,No,0.0,Yes,1.0,No,0.0,No,0.0,No,0.0,No,0.0,No,0.0,No,0.0,No,0.0,No,0.0,No,0.0,No,0.0,Yes,1.0,No,0.0,No,0.0,No,0.0,No,0.0,No,0.0,No,0.0,No,0.0,No,0.0,No,0.0,No,0.0,No,0.0,No,0.0,No,0.0
939,"Cemex, S.A.B. de C.V.",,MXP225611567,Industrials,MEXICO,11.8,4.0,4,0,30,No,0.0,No,0.0,No,0.0,Yes,1.0,No,0.0,Yes,1.0,No,0.0,No,0.0,No,0.0,Yes,1.0,No,0.0,No,0.0,No,0.0,No,0.0,No,0.0,No,0.0,No,0.0,No,0.0,No,0.0,No,0.0,No,0.0,No,0.0,No,0.0,No,0.0,No,0.0,No,0.0,No,0.0,No,0.0,No,0.0,No,0.0,Yes,1.0,No,0.0,No,0.0,No,0.0
659,"CENCORA, INC.",,US03073E1055,Consumer Staples,UNITED STATES,11.8,4.0,4,0,30,No,0.0,No,0.0,No,0.0,No,0.0,No,0.0,Yes,1.0,No,0.0,No,0.0,No,0.0,Yes,1.0,Yes,1.0,No,0.0,No,0.0,No,0.0,No,0.0,No,0.0,No,0.0,No,0.0,No,0.0,No,0.0,No,0.0,No,0.0,No,0.0,No,0.0,No,0.0,No,0.0,No,0.0,No,0.0,No,0.0,No,0.0,Yes,1.0,No,0.0,No,0.0,No,0.0
633,Cencosud S.A.,,CL0000000100,Consumer Staples,CHILE,14.7,5.0,5,1,28,No,0.0,No,0.0,Yes,1.0,No,0.0,Partial,0.0,Yes,1.0,No,0.0,Yes,1.0,No,0.0,No,0.0,No,0.0,No,0.0,No,0.0,No,0.0,No,0.0,No,0.0,No,0.0,No,0.0,No,0.0,No,0.0,No,0.0,No,0.0,Yes,1.0,No,0.0,No,0.0,No,0.0,No,0.0,No,0.0,No,0.0,No,0.0,Yes,1.0,No,0.0,No,0.0,No,0.0
2451,Cenovus Energy Incorporation .,,CA15135U1093,Energy,CANADA,5.9,2.0,2,0,32,No,0.0,No,0.0,No,0.0,No,0.0,No,0.0,No,0.0,No,0.0,No,0.0,No,0.0,No,0.0,Yes,1.0,No,0.0,No,0.0,No,0.0,No,0.0,Yes,1.0,No,0.0,No,0.0,No,0.0,No,0.0,No,0.0,No,0.0,No,0.0,No,0.0,No,0.0,No,0.0,No,0.0,No,0.0,No,0.0,No,0.0,No,0.0,No,0.0,No,0.0,No,0.0
958,CENTENE CORPORATION,,US15135B1017,Health Care,UNITED STATES,20.6,7.0,7,1,26,Yes,1.0,No,0.0,No,0.0,No,0.0,No,0.0,Yes,1.0,No,0.0,Yes,1.0,No,0.0,Yes,1.0,Yes,1.0,No,0.0,No,0.0,Yes,1.0,No,0.0,No,0.0,No,0.0,Partial,0.0,No,0.0,No,0.0,No,0.0,No,0.0,No,0.0,No,0.0,No,0.0,No,0.0,No,0.0,No,0.0,No,0.0,No,0.0,Yes,1.0,No,0.0,No,0.0,No,0.0
92,"CENTERPOINT ENERGY, INC.",,US15189T1079,Utilities,UNITED STATES,11.8,4.0,4,0,30,No,0.0,No,0.0,No,0.0,No,0.0,No,0.0,Yes,1.0,No,0.0,No,0.0,No,0.0,No,0.0,No,0.0,No,0.0,No,0.0,Yes,1.0,No,0.0,Yes,1.0,No,0.0,No,0.0,No,0.0,No,0.0,No,0.0,No,0.0,No,0.0,No,0.0,No,0.0,No,0.0,No,0.0,No,0.0,No,0.0,No,0.0,Yes,1.0,No,0.0,No,0.0,No,0.0
960,Central Japan Railway Company,,JP3566800003,Industrials,JAPAN,17.6,6.0,6,0,28,No,0.0,No,0.0,Yes,1.0,Yes,1.0,No,0.0,Yes,1.0,No,0.0,Yes,1.0,No,0.0,Yes,1.0,No,0.0,No,0.0,No,0.0,No,0.0,No,0.0,No,0.0,No,0.0,No,0.0,No,0.0,No,0.0,No,0.0,No,0.0,No,0.0,No,0.0,No,0.0,No,0.0,No,0.0,Yes,1.0,No,0.0,No,0.0,No,0.0,No,0.0,No,0.0,No,0.0
961,Central Pattana Public Company Limited,,TH0481B10Z00,Real Estate,THAILAND,17.6,6.0,6,0,28,No,0.0,No,0.0,No,0.0,No,0.0,No,0.0,No,0.0,No,0.0,No,0.0,No,0.0,No,0.0,Yes,1.0,No,0.0,No,0.0,No,0.0,No,0.0,Yes,1.0,Yes,1.0,Yes,1.0,Yes,1.0,Yes,1.0,No,0.0,No,0.0,No,0.0,No,0.0,No,0.0,No,0.0,No,0.0,No,0.0,No,0.0,No,0.0,No,0.0,No,0.0,No,0.0,No,0.0
442,CENTRICA PLC,,GB00B033F229,Utilities,UNITED KINGDOM,44.1,15.0,15,2,17,Yes,1.0,No,0.0,Yes,1.0,Yes,1.0,No,0.0,Yes,1.0,Yes,1.0,Yes,1.0,No,0.0,Yes,1.0,Yes,1.0,No,0.0,No,0.0,No,0.0,Yes,1.0,Yes,1.0,Yes,1.0,Yes,1.0,Partial,0.0,Yes,1.0,No,0.0,No,0.0,No,0.0,No,0.0,Yes,1.0,Partial,0.0,No,0.0,No,0.0,No,0.0,No,0.0,Yes,1.0,No,0.0,No,0.0,No,0.0
90,"CEZ, a.s.",,CZ0005112300,Utilities,CZECH REPUBLIC,2.9,1.0,1,0,33,No,0.0,No,0.0,No,0.0,No,0.0,No,0.0,Yes,1.0,No,0.0,No,0.0,No,0.0,No,0.0,No,0.0,No,0.0,No,0.0,No,0.0,No,0.0,No,0.0,No,0.0,No,0.0,No,0.0,No,0.0,No,0.0,No,0.0,No,0.0,No,0.0,No,0.0,No,0.0,No,0.0,No,0.0,No,0.0,No,0.0,No,0.0,No,0.0,No,0.0,No,0.0
468,"CF INDUSTRIES HOLDINGS, INC.",,US1252691001,Basic Materials,UNITED STATES,0.0,0.0,0,0,34,No,0.0,No,0.0,No,0.0,No,0.0,No,0.0,No,0.0,No,0.0,No,0.0,No,0.0,No,0.0,No,0.0,No,0.0,No,0.0,No,0.0,No,0.0,No,0.0,No,0.0,No,0.0,No,0.0,No,0.0,No,0.0,No,0.0,No,0.0,No,0.0,No,0.0,No,0.0,No,0.0,No,0.0,No,0.0,No,0.0,No,0.0,No,0.0,No,0.0,No,0.0
286,CGI INC.,,CA12532H1047,Technology,CANADA,26.5,9.0,9,1,24,Yes,1.0,No,0.0,No,0.0,Yes,1.0,Partial,0.0,Yes,1.0,No,0.0,Yes,1.0,No,0.0,No,0.0,No,0.0,No,0.0,No,0.0,Yes,1.0,No,0.0,Yes,1.0,Yes,1.0,Yes,1.0,Yes,1.0,No,0.0,No,0.0,No,0.0,No,0.0,No,0.0,No,0.0,No,0.0,No,0.0,No,0.0,No,0.0,No,0.0,No,0.0,No,0.0,No,0.0,No,0.0
2002,"CGN Power Co., Ltd.",,CNE100003N43,Utilities,CHINA,14.7,5.0,5,0,29,No,0.0,No,0.0,No,0.0,No,0.0,No,0.0,Yes,1.0,No,0.0,Yes,1.0,No,0.0,Yes,1.0,No,0.0,No,0.0,No,0.0,No,0.0,No,0.0,No,0.0,No,0.0,No,0.0,No,0.0,No,0.0,No,0.0,Yes,1.0,Yes,1.0,No,0.0,No,0.0,No,0.0,No,0.0,No,0.0,No,0.0,No,0.0,No,0.0,No,0.0,No,0.0,No,0.0
1013,CG POWER AND INDUSTRIAL SOLUTIONS LIMITED,,INE067A01029,Industrials,INDIA,5.9,2.0,2,1,31,Yes,1.0,No,0.0,No,0.0,Partial,0.0,No,0.0,Yes,1.0,No,0.0,No,0.0,No,0.0,No,0.0,No,0.0,No,0.0,No,0.0,No,0.0,No,0.0,No,0.0,No,0.0,No,0.0,No,0.0,No,0.0,No,0.0,No,0.0,No,0.0,No,0.0,No,0.0,No,0.0,No,0.0,No,0.0,No,0.0,No,0.0,No,0.0,No,0.0,No,0.0,No,0.0
1892,CHAILEASE HOLDING COMPANY LIMITED,,KYG202881093,Financials,TAIWAN,16.2,5.5,0,12,22,Partial,0.5,No,0.0,Partial,0.5,Partial,0.5,Partial,0.0,Partial,0.5,No,0.0,Partial,0.5,No,0.0,Partial,0.5,No,0.0,No,0.0,No,0.0,No,0.0,No,0.0,Partial,0.5,Partial,0.5,Partial,0.5,No,0.0,No,0.0,No,0.0,No,0.0,No,0.0,No,0.0,No,0.0,No,0.0,No,0.0,Partial,0.5,No,0.0,No,0.0,Partial,0.5,No,0.0,No,0.0,No,0.0
963,"CHANGCHUN HIGH-TECH INDUSTRY (GROUP) CO., LTD.",,CNE0000007J8,Health Care,CHINA,29.4,10.0,10,0,24,Yes,1.0,No,0.0,Yes,1.0,No,0.0,No,0.0,Yes,1.0,No,0.0,Yes,1.0,No,0.0,Yes,1.0,No,0.0,No,0.0,No,0.0,No,0.0,No,0.0,No,0.0,No,0.0,No,0.0,No,0.0,No,0.0,Yes,1.0,Yes,1.0,Yes,1.0,Yes,1.0,No,0.0,No,0.0,No,0.0,Yes,1.0,No,0.0,No,0.0,No,0.0,No,0.0,No,0.0,No,0.0
962,"CHANG HWA COMMERCIAL BANK, LTD.",,TW0002801008,Financials,TAIWAN,11.8,4.0,4,0,30,Yes,1.0,No,0.0,No,0.0,No,0.0,No,0.0,Yes,1.0,No,0.0,Yes,1.0,No,0.0,Yes,1.0,No,0.0,No,0.0,No,0.0,No,0.0,No,0.0,No,0.0,No,0.0,No,0.0,No,0.0,No,0.0,No,0.0,No,0.0,No,0.0,No,0.0,No,0.0,No,0.0,No,0.0,No,0.0,No,0.0,No,0.0,No,0.0,No,0.0,No,0.0,No,0.0
964,Changjiang Securities Company Limited,,CNE000000SH3,Financials,CHINA,0.0,0.0,0,0,34,No,0.0,No,0.0,No,0.0,No,0.0,No,0.0,No,0.0,No,0.0,No,0.0,No,0.0,No,0.0,No,0.0,No,0.0,No,0.0,No,0.0,No,0.0,No,0.0,No,0.0,No,0.0,No,0.0,No,0.0,No,0.0,No,0.0,No,0.0,No,0.0,No,0.0,No,0.0,No,0.0,No,0.0,No,0.0,No,0.0,No,0.0,No,0.0,No,0.0,No,0.0
1866,"Changzhou Xingyu Automotive Lighting Systems Co., Ltd.",,CNE1000011H2,Consumer Discretion,CHINA,2.9,1.0,1,0,33,No,0.0,No,0.0,No,0.0,No,0.0,No,0.0,Yes,1.0,No,0.0,No,0.0,No,0.0,No,0.0,No,0.0,No,0.0,No,0.0,No,0.0,No,0.0,No,0.0,No,0.0,No,0.0,No,0.0,No,0.0,No,0.0,No,0.0,No,0.0,No,0.0,No,0.0,No,0.0,No,0.0,No,0.0,No,0.0,No,0.0,No,0.0,No,0.0,No,0.0,No,0.0
2020,Chaozhou Three-circle Group Co Ltd,,CNE100001Y42,Technology,CHINA,0.0,0.0,0,0,34,No,0.0,No,0.0,No,0.0,No,0.0,No,0.0,No,0.0,No,0.0,No,0.0,No,0.0,No,0.0,No,0.0,No,0.0,No,0.0,No,0.0,No,0.0,No,0.0,No,0.0,No,0.0,No,0.0,No,0.0,No,0.0,No,0.0,No,0.0,No,0.0,No,0.0,No,0.0,No,0.0,No,0.0,No,0.0,No,0.0,No,0.0,No,0.0,No,0.0,No,0.0
734,Charoen Pokphand Foods Public Company Limited,,TH0101A10Z01,Consumer Staples,THAILAND,29.4,10.0,10,0,24,Yes,1.0,No,0.0,Yes,1.0,No,0.0,No,0.0,Yes,1.0,No,0.0,Yes,1.0,No,0.0,Yes,1.0,No,0.0,No,0.0,No,0.0,No,0.0,No,0.0,Yes,1.0,No,0.0,No,0.0,No,0.0,No,0.0,No,0.0,No,0.0,No,0.0,No,0.0,Yes,1.0,Yes,1.0,Yes,1.0,Yes,1.0,No,0.0,No,0.0,No,0.0,No,0.0,No,0.0,No,0.0
966,"CHARTER COMMUNICATIONS, INC.",,US16119P1084,Telecommunications,UNITED STATES,14.7,5.0,5,0,29,No,0.0,No,0.0,No,0.0,No,0.0,No,0.0,Yes,1.0,No,0.0,Yes,1.0,No,0.0,Yes,1.0,No,0.0,No,0.0,No,0.0,No,0.0,No,0.0,No,0.0,No,0.0,No,0.0,No,0.0,No,0.0,No,0.0,No,0.0,No,0.0,No,0.0,No,0.0,No,0.0,No,0.0,Yes,1.0,No,0.0,No,0.0,Yes,1.0,No,0.0,No,0.0,No,0.0
967,CHECK POINT SOFTWARE TECHNOLOGIES LTD.,,IL0010824113,Technology,UNITED STATES,36.8,12.5,11,3,20,Yes,1.0,No,0.0,No,0.0,Yes,1.0,Yes,1.0,Yes,1.0,No,0.0,Partial,0.5,No,0.0,Yes,1.0,No,0.0,No,0.0,No,0.0,No,0.0,Yes,1.0,Yes,1.0,Partial,0.5,Yes,1.0,Yes,1.0,Partial,0.5,Yes,1.0,No,0.0,No,0.0,No,0.0,No,0.0,No,0.0,No,0.0,No,0.0,No,0.0,Yes,1.0,No,0.0,No,0.0,No,0.0,No,0.0
1598,"Chengtun Mining Group Co., Ltd.",,CNE000000KN8,Basic Materials,CHINA,0.0,0.0,0,0,34,No,0.0,No,0.0,No,0.0,No,0.0,No,0.0,No,0.0,No,0.0,No,0.0,No,0.0,No,0.0,No,0.0,No,0.0,No,0.0,No,0.0,No,0.0,No,0.0,No,0.0,No,0.0,No,0.0,No,0.0,No,0.0,No,0.0,No,0.0,No,0.0,No,0.0,No,0.0,No,0.0,No,0.0,No,0.0,No,0.0,No,0.0,No,0.0,No,0.0,No,0.0
537,"CHENIERE ENERGY, INC.",,US16411R2085,Energy,UNITED STATES,0.0,0.0,0,0,34,No,0.0,No,0.0,No,0.0,No,0.0,No,0.0,No,0.0,No,0.0,No,0.0,No,0.0,No,0.0,No,0.0,No,0.0,No,0.0,No,0.0,No,0.0,No,0.0,No,0.0,No,0.0,No,0.0,No,0.0,No,0.0,No,0.0,No,0.0,No,0.0,No,0.0,No,0.0,No,0.0,No,0.0,No,0.0,No,0.0,No,0.0,No,0.0,No,0.0,No,0.0
968,CHEVRON CORPORATION,,US1667641005,Energy,UNITED STATES,11.8,4.0,4,0,30,No,0.0,No,0.0,No,0.0,No,0.0,No,0.0,Yes,1.0,No,0.0,No,0.0,No,0.0,Yes,1.0,Yes,1.0,No,0.0,No,0.0,No,0.0,No,0.0,No,0.0,No,0.0,No,0.0,No,0.0,No,0.0,No,0.0,No,0.0,No,0.0,No,0.0,Yes,1.0,No,0.0,No,0.0,No,0.0,No,0.0,No,0.0,No,0.0,No,0.0,No,0.0,No,0.0
1127,"Chifeng Jilong Gold Mining Co., Ltd.",,CNE000001H94,Basic Materials,CHINA,0.0,0.0,0,0,34,No,0.0,No,0.0,No,0.0,No,0.0,No,0.0,No,0.0,No,0.0,No,0.0,No,0.0,No,0.0,No,0.0,No,0.0,No,0.0,No,0.0,No,0.0,No,0.0,No,0.0,No,0.0,No,0.0,No,0.0,No,0.0,No,0.0,No,0.0,No,0.0,No,0.0,No,0.0,No,0.0,No,0.0,No,0.0,No,0.0,No,0.0,No,0.0,No,0.0,No,0.0
499,China Airlines Ltd.,,TW0002610003,Consumer Discretion,TAIWAN,7.4,2.5,0,5,29,No,0.0,No,0.0,No,0.0,No,0.0,No,0.0,Partial,0.5,No,0.0,Partial,0.5,No,0.0,Partial,0.5,No,0.0,No,0.0,No,0.0,No,0.0,No,0.0,No,0.0,No,0.0,No,0.0,No,0.0,No,0.0,No,0.0,No,0.0,Partial,0.5,No,0.0,No,0.0,No,0.0,No,0.0,Partial,0.5,No,0.0,No,0.0,No,0.0,No,0.0,No,0.0,No,0.0
61,CHINA CITIC BANK CORPORATION LIMITED,,CNE1000000R4,Financials,CHINA,11.8,4.0,4,0,30,Yes,1.0,No,0.0,No,0.0,No,0.0,No,0.0,Yes,1.0,No,0.0,Yes,1.0,No,0.0,Yes,1.0,No,0.0,No,0.0,No,0.0,No,0.0,No,0.0,No,0.0,No,0.0,No,0.0,No,0.0,No,0.0,No,0.0,No,0.0,No,0.0,No,0.0,No,0.0,No,0.0,No,0.0,No,0.0,No,0.0,No,0.0,No,0.0,No,0.0,No,0.0,No,0.0
1756,"China CITIC Financial Asset Management Co., Ltd.",,CNE100002367,Financials,CHINA,5.9,2.0,2,0,32,No,0.0,No,0.0,No,0.0,No,0.0,No,0.0,Yes,1.0,No,0.0,Yes,1.0,No,0.0,No,0.0,No,0.0,No,0.0,No,0.0,No,0.0,No,0.0,No,0.0,No,0.0,No,0.0,No,0.0,No,0.0,No,0.0,No,0.0,No,0.0,No,0.0,No,0.0,No,0.0,No,0.0,No,0.0,No,0.0,No,0.0,No,0.0,No,0.0,No,0.0,No,0.0
701,China Coal Energy Company Limited,,CNE100000957,Energy,CHINA,0.0,0.0,0,0,34,No,0.0,No,0.0,No,0.0,No,0.0,No,0.0,No,0.0,No,0.0,No,0.0,No,0.0,No,0.0,No,0.0,No,0.0,No,0.0,No,0.0,No,0.0,No,0.0,No,0.0,No,0.0,No,0.0,No,0.0,No,0.0,No,0.0,No,0.0,No,0.0,No,0.0,No,0.0,No,0.0,No,0.0,No,0.0,No,0.0,No,0.0,No,0.0,No,0.0,No,0.0
970,CHINA CONSTRUCTION BANK CORPORATION,,CNE100000742,Financials,CHINA,11.8,4.0,4,1,29,Yes,1.0,No,0.0,No,0.0,No,0.0,Partial,0.0,Yes,1.0,No,0.0,No,0.0,No,0.0,Yes,1.0,No,0.0,No,0.0,No,0.0,No,0.0,No,0.0,No,0.0,No,0.0,No,0.0,No,0.0,No,0.0,Yes,1.0,No,0.0,No,0.0,No,0.0,No,0.0,No,0.0,No,0.0,No,0.0,No,0.0,No,0.0,No,0.0,No,0.0,No,0.0,No,0.0
983,China CSSC Holdings Limited,,CNE000000W05,Industrials,CHINA,5.9,2.0,2,0,32,No,0.0,No,0.0,Yes,1.0,No,0.0,No,0.0,Yes,1.0,No,0.0,No,0.0,No,0.0,No,0.0,No,0.0,No,0.0,No,0.0,No,0.0,No,0.0,No,0.0,No,0.0,No,0.0,No,0.0,No,0.0,No,0.0,No,0.0,No,0.0,No,0.0,No,0.0,No,0.0,No,0.0,No,0.0,No,0.0,No,0.0,No,0.0,No,0.0,No,0.0,No,0.0
84,China Eastern Airlines Corporation Limited,,CNE000000TR0,Consumer Discretion,CHINA,14.7,5.0,5,0,29,Yes,1.0,No,0.0,No,0.0,No,0.0,No,0.0,Yes,1.0,Yes,1.0,Yes,1.0,No,0.0,Yes,1.0,No,0.0,No,0.0,No,0.0,No,0.0,No,0.0,No,0.0,No,0.0,No,0.0,No,0.0,No,0.0,No,0.0,No,0.0,No,0.0,No,0.0,No,0.0,No,0.0,No,0.0,No,0.0,No,0.0,No,0.0,No,0.0,No,0.0,No,0.0,No,0.0
2069,China Energy Engineering Corporation Limited,,CNE100004QL0,Industrials,CHINA,2.9,1.0,0,2,32,No,0.0,No,0.0,No,0.0,No,0.0,No,0.0,Partial,0.5,No,0.0,Partial,0.5,No,0.0,No,0.0,No,0.0,No,0.0,No,0.0,No,0.0,No,0.0,No,0.0,No,0.0,No,0.0,No,0.0,No,0.0,No,0.0,No,0.0,No,0.0,No,0.0,No,0.0,No,0.0,No,0.0,No,0.0,No,0.0,No,0.0,No,0.0,No,0.0,No,0.0,No,0.0
1679,CHINA EVERBRIGHT BANK COMPANY LIMITED,,CNE100000SL4,Financials,CHINA,0.0,0.0,0,0,34,No,0.0,No,0.0,No,0.0,No,0.0,No,0.0,No,0.0,No,0.0,No,0.0,No,0.0,No,0.0,No,0.0,No,0.0,No,0.0,No,0.0,No,0.0,No,0.0,No,0.0,No,0.0,No,0.0,No,0.0,No,0.0,No,0.0,No,0.0,No,0.0,No,0.0,No,0.0,No,0.0,No,0.0,No,0.0,No,0.0,No,0.0,No,0.0,No,0.0,No,0.0
2231,CHINA FEIHE LIMITED,,KYG2121Q1055,Consumer Staples,HONG KONG,0.0,0.0,0,0,34,No,0.0,No,0.0,No,0.0,No,0.0,No,0.0,No,0.0,No,0.0,No,0.0,No,0.0,No,0.0,No,0.0,No,0.0,No,0.0,No,0.0,No,0.0,No,0.0,No,0.0,No,0.0,No,0.0,No,0.0,No,0.0,No,0.0,No,0.0,No,0.0,No,0.0,No,0.0,No,0.0,No,0.0,No,0.0,No,0.0,No,0.0,No,0.0,No,0.0,No,0.0
1707,"China Galaxy Securities Co., Ltd.",,CNE100002FG7,Financials,CHINA,0.0,0.0,0,0,34,No,0.0,No,0.0,No,0.0,No,0.0,No,0.0,No,0.0,No,0.0,No,0.0,No,0.0,No,0.0,No,0.0,No,0.0,No,0.0,No,0.0,No,0.0,No,0.0,No,0.0,No,0.0,No,0.0,No,0.0,No,0.0,No,0.0,No,0.0,No,0.0,No,0.0,No,0.0,No,0.0,No,0.0,No,0.0,No,0.0,No,0.0,No,0.0,No,0.0,No,0.0
487,CHINA GAS HOLDINGS LIMITED,,BMG2109G1033,Utilities,HONG KONG,20.6,7.0,7,0,27,Yes,1.0,No,0.0,No,0.0,No,0.0,No,0.0,Yes,1.0,No,0.0,Yes,1.0,No,0.0,Yes,1.0,No,0.0,No,0.0,No,0.0,No,0.0,No,0.0,No,0.0,No,0.0,No,0.0,No,0.0,No,0.0,No,0.0,No,0.0,No,0.0,No,0.0,Yes,1.0,Yes,1.0,No,0.0,Yes,1.0,No,0.0,No,0.0,No,0.0,No,0.0,No,0.0,No,0.0
126,CHINA GOLD INTERNATIONAL RESOURCES CORP. LTD.,,CA16890P1036,Basic Materials,CANADA,0.0,0.0,0,0,34,No,0.0,No,0.0,No,0.0,No,0.0,No,0.0,No,0.0,No,0.0,No,0.0,No,0.0,No,0.0,No,0.0,No,0.0,No,0.0,No,0.0,No,0.0,No,0.0,No,0.0,No,0.0,No,0.0,No,0.0,No,0.0,No,0.0,No,0.0,No,0.0,No,0.0,No,0.0,No,0.0,No,0.0,No,0.0,No,0.0,No,0.0,No,0.0,No,0.0,No,0.0
1659,"CHINA GREAT WALL SECURITIES CO., LTD.",,CNE100003GD0,Financials,CHINA,17.6,6.0,6,0,28,Yes,1.0,No,0.0,No,0.0,No,0.0,No,0.0,Yes,1.0,No,0.0,Yes,1.0,No,0.0,Yes,1.0,No,0.0,No,0.0,No,0.0,No,0.0,No,0.0,No,0.0,No,0.0,No,0.0,No,0.0,No,0.0,Yes,1.0,No,0.0,Yes,1.0,No,0.0,No,0.0,No,0.0,No,0.0,No,0.0,No,0.0,No,0.0,No,0.0,No,0.0,No,0.0,No,0.0
971,"CHINA GREATWALL TECHNOLOGY GROUP CO., LTD.",,CNE000000RL7,Technology,CHINA,0.0,0.0,0,0,34,No,0.0,No,0.0,No,0.0,No,0.0,No,0.0,No,0.0,No,0.0,No,0.0,No,0.0,No,0.0,No,0.0,No,0.0,No,0.0,No,0.0,No,0.0,No,0.0,No,0.0,No,0.0,No,0.0,No,0.0,No,0.0,No,0.0,No,0.0,No,0.0,No,0.0,No,0.0,No,0.0,No,0.0,No,0.0,No,0.0,No,0.0,No,0.0,No,0.0,No,0.0
1870,CHINA HONGQIAO GROUP LIMITED,,KYG211501005,Basic Materials,HONG KONG,5.9,2.0,0,4,30,Partial,0.5,No,0.0,No,0.0,No,0.0,No,0.0,Partial,0.5,No,0.0,Partial,0.5,No,0.0,Partial,0.5,No,0.0,No,0.0,No,0.0,No,0.0,No,0.0,No,0.0,No,0.0,No,0.0,No,0.0,No,0.0,No,0.0,No,0.0,No,0.0,No,0.0,No,0.0,No,0.0,No,0.0,No,0.0,No,0.0,No,0.0,No,0.0,No,0.0,No,0.0,No,0.0
1685,China International Capital Corporation Limited,,CNE1000048J0,Financials,CHINA,11.8,4.0,4,0,30,Yes,1.0,No,0.0,No,0.0,No,0.0,No,0.0,Yes,1.0,No,0.0,Yes,1.0,No,0.0,Yes,1.0,No,0.0,No,0.0,No,0.0,No,0.0,No,0.0,No,0.0,No,0.0,No,0.0,No,0.0,No,0.0,No,0.0,No,0.0,No,0.0,No,0.0,No,0.0,No,0.0,No,0.0,No,0.0,No,0.0,No,0.0,No,0.0,No,0.0,No,0.0,No,0.0
199,"CHINA JUSHI CO., LTD",,CNE000000YM1,Basic Materials,CHINA,0.0,0.0,0,0,34,No,0.0,No,0.0,No,0.0,No,0.0,No,0.0,No,0.0,No,0.0,No,0.0,No,0.0,No,0.0,No,0.0,No,0.0,No,0.0,No,0.0,No,0.0,No,0.0,No,0.0,No,0.0,No,0.0,No,0.0,No,0.0,No,0.0,No,0.0,No,0.0,No,0.0,No,0.0,No,0.0,No,0.0,No,0.0,No,0.0,No,0.0,No,0.0,No,0.0,No,0.0
972,China Life Insurance Company Limited,,CNE000001Q93,Financials,CHINA,2.9,1.0,1,0,33,No,0.0,No,0.0,No,0.0,No,0.0,No,0.0,Yes,1.0,No,0.0,No,0.0,No,0.0,No,0.0,No,0.0,No,0.0,No,0.0,No,0.0,No,0.0,No,0.0,No,0.0,No,0.0,No,0.0,No,0.0,No,0.0,No,0.0,No,0.0,No,0.0,No,0.0,No,0.0,No,0.0,No,0.0,No,0.0,No,0.0,No,0.0,No,0.0,No,0.0,No,0.0
2141,China Literature Ltd,,KYG2121R1039,Technology,HONG KONG,13.2,4.5,4,1,29,Yes,1.0,No,0.0,Yes,1.0,No,0.0,No,0.0,Yes,1.0,No,0.0,Partial,0.5,No,0.0,Yes,1.0,No,0.0,No,0.0,No,0.0,No,0.0,No,0.0,No,0.0,No,0.0,No,0.0,No,0.0,No,0.0,No,0.0,No,0.0,No,0.0,No,0.0,No,0.0,No,0.0,No,0.0,No,0.0,No,0.0,No,0.0,No,0.0,No,0.0,No,0.0,No,0.0
1798,CHINA LONGYUAN POWER GROUP CORPORATION LIMITED,,CNE1000057F9,Utilities,CHINA,0.0,0.0,0,0,34,No,0.0,No,0.0,No,0.0,No,0.0,No,0.0,No,0.0,No,0.0,No,0.0,No,0.0,No,0.0,No,0.0,No,0.0,No,0.0,No,0.0,No,0.0,No,0.0,No,0.0,No,0.0,No,0.0,No,0.0,No,0.0,No,0.0,No,0.0,No,0.0,No,0.0,No,0.0,No,0.0,No,0.0,No,0.0,No,0.0,No,0.0,No,0.0,No,0.0,No,0.0
466,CHINA MENGNIU DAIRY COMPANY LIMITED,,KYG210961051,Consumer Staples,HONG KONG,2.9,1.0,1,0,33,No,0.0,No,0.0,No,0.0,No,0.0,No,0.0,Yes,1.0,No,0.0,No,0.0,No,0.0,No,0.0,No,0.0,No,0.0,No,0.0,No,0.0,No,0.0,No,0.0,No,0.0,No,0.0,No,0.0,No,0.0,No,0.0,No,0.0,No,0.0,No,0.0,No,0.0,No,0.0,No,0.0,No,0.0,No,0.0,No,0.0,No,0.0,No,0.0,No,0.0,No,0.0
973,"China Merchants Bank Co., Ltd.",,CNE000001B33,Financials,CHINA,17.6,6.0,6,0,28,Yes,1.0,No,0.0,No,0.0,No,0.0,No,0.0,Yes,1.0,Yes,1.0,Yes,1.0,No,0.0,Yes,1.0,No,0.0,No,0.0,No,0.0,No,0.0,No,0.0,No,0.0,No,0.0,No,0.0,No,0.0,No,0.0,Yes,1.0,No,0.0,No,0.0,No,0.0,No,0.0,No,0.0,No,0.0,No,0.0,No,0.0,No,0.0,No,0.0,No,0.0,No,0.0,No,0.0
107,"China Merchants Energy Shipping Co., Ltd.",,CNE000001PQ8,Industrials,CHINA,26.5,9.0,9,0,25,Yes,1.0,No,0.0,Yes,1.0,No,0.0,No,0.0,Yes,1.0,No,0.0,Yes,1.0,No,0.0,Yes,1.0,No,0.0,No,0.0,No,0.0,No,0.0,No,0.0,No,0.0,No,0.0,No,0.0,No,0.0,No,0.0,Yes,1.0,Yes,1.0,Yes,1.0,Yes,1.0,No,0.0,No,0.0,No,0.0,No,0.0,No,0.0,No,0.0,No,0.0,No,0.0,No,0.0,No,0.0
1905,"China Merchants Expressway Network Technology Holdings Co., Ltd.",,CNE1000032B1,Industrials,CHINA,11.8,4.0,4,0,30,No,0.0,No,0.0,No,0.0,No,0.0,No,0.0,Yes,1.0,Yes,1.0,Yes,1.0,No,0.0,Yes,1.0,No,0.0,No,0.0,No,0.0,No,0.0,No,0.0,No,0.0,No,0.0,No,0.0,No,0.0,No,0.0,No,0.0,No,0.0,No,0.0,No,0.0,No,0.0,No,0.0,No,0.0,No,0.0,No,0.0,No,0.0,No,0.0,No,0.0,No,0.0,No,0.0
665,China Merchants Port Holdings Company Limited,,HK0144000764,Industrials,HONG KONG,17.6,6.0,6,0,28,Yes,1.0,No,0.0,No,0.0,No,0.0,No,0.0,Yes,1.0,No,0.0,Yes,1.0,No,0.0,Yes,1.0,No,0.0,No,0.0,No,0.0,No,0.0,No,0.0,No,0.0,No,0.0,No,0.0,No,0.0,No,0.0,Yes,1.0,No,0.0,No,0.0,No,0.0,No,0.0,No,0.0,No,0.0,Yes,1.0,No,0.0,No,0.0,No,0.0,No,0.0,No,0.0,No,0.0
1686,"CHINA MERCHANTS SECURITIES CO.,LTD",,CNE100000HK9,Financials,CHINA,11.8,4.0,2,4,28,Partial,0.5,No,0.0,No,0.0,No,0.0,No,0.0,Partial,0.5,No,0.0,Yes,1.0,No,0.0,Partial,0.5,No,0.0,No,0.0,No,0.0,No,0.0,No,0.0,No,0.0,No,0.0,No,0.0,No,0.0,No,0.0,Yes,1.0,No,0.0,No,0.0,No,0.0,Partial,0.5,No,0.0,No,0.0,No,0.0,No,0.0,No,0.0,No,0.0,No,0.0,No,0.0,No,0.0
2071,"CHINA MERCHANTS SHEKOU INDUSTRIAL ZONE HOLDINGS CO., LTD.",,CNE100002FC6,Real Estate,CHINA,0.0,0.0,0,0,34,No,0.0,No,0.0,No,0.0,No,0.0,No,0.0,No,0.0,No,0.0,No,0.0,No,0.0,No,0.0,No,0.0,No,0.0,No,0.0,No,0.0,No,0.0,No,0.0,No,0.0,No,0.0,No,0.0,No,0.0,No,0.0,No,0.0,No,0.0,No,0.0,No,0.0,No,0.0,No,0.0,No,0.0,No,0.0,No,0.0,No,0.0,No,0.0,No,0.0,No,0.0
299,"CHINA MINSHENG BANKING CORP., LTD.",,CNE0000015Y0,Financials,CHINA,11.8,4.0,3,2,29,Yes,1.0,No,0.0,No,0.0,No,0.0,No,0.0,Partial,0.5,No,0.0,Yes,1.0,No,0.0,Partial,0.5,No,0.0,No,0.0,No,0.0,No,0.0,No,0.0,No,0.0,No,0.0,No,0.0,No,0.0,No,0.0,No,0.0,No,0.0,No,0.0,No,0.0,No,0.0,No,0.0,No,0.0,Yes,1.0,No,0.0,No,0.0,No,0.0,No,0.0,No,0.0,No,0.0
73,China National Building Material Company Limited,,CNE1000002N9,Industrials,CHINA,0.0,0.0,0,0,34,No,0.0,No,0.0,No,0.0,No,0.0,No,0.0,No,0.0,No,0.0,No,0.0,No,0.0,No,0.0,No,0.0,No,0.0,No,0.0,No,0.0,No,0.0,No,0.0,No,0.0,No,0.0,No,0.0,No,0.0,No,0.0,No,0.0,No,0.0,No,0.0,No,0.0,No,0.0,No,0.0,No,0.0,No,0.0,No,0.0,No,0.0,No,0.0,No,0.0,No,0.0
1801,"China National Chemical Engineering Co., Ltd",,CNE100000KC0,Industrials,CHINA,0.0,0.0,0,0,34,No,0.0,No,0.0,No,0.0,No,0.0,No,0.0,No,0.0,No,0.0,No,0.0,No,0.0,No,0.0,No,0.0,No,0.0,No,0.0,No,0.0,No,0.0,No,0.0,No,0.0,No,0.0,No,0.0,No,0.0,No,0.0,No,0.0,No,0.0,No,0.0,No,0.0,No,0.0,No,0.0,No,0.0,No,0.0,No,0.0,No,0.0,No,0.0,No,0.0,No,0.0
1767,"China National Nuclear Power Co., Ltd",,CNE1000022N7,Utilities,CHINA,11.8,4.0,4,0,30,No,0.0,No,0.0,No,0.0,No,0.0,No,0.0,Yes,1.0,No,0.0,Yes,1.0,No,0.0,Yes,1.0,No,0.0,No,0.0,No,0.0,No,0.0,No,0.0,No,0.0,No,0.0,No,0.0,No,0.0,No,0.0,No,0.0,No,0.0,No,0.0,No,0.0,No,0.0,No,0.0,No,0.0,Yes,1.0,No,0.0,No,0.0,No,0.0,No,0.0,No,0.0,No,0.0
975,CHINA NATIONAL SOFTWARE & SERVICE COMPANY LIMITED,,CNE000001BB0,Technology,CHINA,13.2,4.5,4,1,29,Yes,1.0,No,0.0,No,0.0,No,0.0,No,0.0,Partial,0.5,No,0.0,Yes,1.0,No,0.0,Yes,1.0,No,0.0,No,0.0,No,0.0,No,0.0,No,0.0,No,0.0,No,0.0,No,0.0,No,0.0,No,0.0,No,0.0,No,0.0,No,0.0,No,0.0,No,0.0,No,0.0,No,0.0,Yes,1.0,No,0.0,No,0.0,No,0.0,No,0.0,No,0.0,No,0.0
1927,China Nonferrous Mining Corp Ltd,,HK0000112026,Basic Materials,HONG KONG,0.0,0.0,0,0,34,No,0.0,No,0.0,No,0.0,No,0.0,No,0.0,No,0.0,No,0.0,No,0.0,No,0.0,No,0.0,No,0.0,No,0.0,No,0.0,No,0.0,No,0.0,No,0.0,No,0.0,No,0.0,No,0.0,No,0.0,No,0.0,No,0.0,No,0.0,No,0.0,No,0.0,No,0.0,No,0.0,No,0.0,No,0.0,No,0.0,No,0.0,No,0.0,No,0.0,No,0.0
617,"China Northern Rare Earth (Group) High-Tech Co., Ltd.",,CNE000000T18,Basic Materials,CHINA,0.0,0.0,0,0,34,No,0.0,No,0.0,No,0.0,No,0.0,No,0.0,No,0.0,No,0.0,No,0.0,No,0.0,No,0.0,No,0.0,No,0.0,No,0.0,No,0.0,No,0.0,No,0.0,No,0.0,No,0.0,No,0.0,No,0.0,No,0.0,No,0.0,No,0.0,No,0.0,No,0.0,No,0.0,No,0.0,No,0.0,No,0.0,No,0.0,No,0.0,No,0.0,No,0.0,No,0.0
71,China Oilfield Services Limited,,CNE100000759,Energy,CHINA,0.0,0.0,0,0,34,No,0.0,No,0.0,No,0.0,No,0.0,No,0.0,No,0.0,No,0.0,No,0.0,No,0.0,No,0.0,No,0.0,No,0.0,No,0.0,No,0.0,No,0.0,No,0.0,No,0.0,No,0.0,No,0.0,No,0.0,No,0.0,No,0.0,No,0.0,No,0.0,No,0.0,No,0.0,No,0.0,No,0.0,No,0.0,No,0.0,No,0.0,No,0.0,No,0.0,No,0.0
976,CHINA OVERSEAS LAND & INVESTMENT LTD.,,HK0688002218,Real Estate,HONG KONG,0.0,0.0,0,0,34,No,0.0,No,0.0,No,0.0,No,0.0,No,0.0,No,0.0,No,0.0,No,0.0,No,0.0,No,0.0,No,0.0,No,0.0,No,0.0,No,0.0,No,0.0,No,0.0,No,0.0,No,0.0,No,0.0,No,0.0,No,0.0,No,0.0,No,0.0,No,0.0,No,0.0,No,0.0,No,0.0,No,0.0,No,0.0,No,0.0,No,0.0,No,0.0,No,0.0,No,0.0
760,"CHINA PACIFIC INSURANCE (GROUP) CO., LTD.",,CNE1000008M8,Financials,CHINA,23.5,8.0,8,0,26,No,0.0,No,0.0,No,0.0,No,0.0,No,0.0,Yes,1.0,No,0.0,Yes,1.0,No,0.0,Yes,1.0,No,0.0,No,0.0,No,0.0,No,0.0,No,0.0,No,0.0,Yes,1.0,Yes,1.0,No,0.0,No,0.0,Yes,1.0,Yes,1.0,No,0.0,No,0.0,Yes,1.0,No,0.0,No,0.0,No,0.0,No,0.0,No,0.0,No,0.0,No,0.0,No,0.0,No,0.0
977,China Petroleum & Chemical Corporation,,CNE0000018G1,Energy,CHINA,11.8,4.0,4,0,30,No,0.0,No,0.0,Yes,1.0,No,0.0,No,0.0,Yes,1.0,No,0.0,No,0.0,No,0.0,Yes,1.0,No,0.0,No,0.0,No,0.0,No,0.0,No,0.0,No,0.0,No,0.0,No,0.0,No,0.0,No,0.0,No,0.0,No,0.0,No,0.0,No,0.0,Yes,1.0,No,0.0,No,0.0,No,0.0,No,0.0,No,0.0,No,0.0,No,0.0,No,0.0,No,0.0
702,China Power International Development Limited,,HK2380027329,Utilities,HONG KONG,0.0,0.0,0,0,34,No,0.0,No,0.0,No,0.0,No,0.0,No,0.0,No,0.0,No,0.0,No,0.0,No,0.0,No,0.0,No,0.0,No,0.0,No,0.0,No,0.0,No,0.0,No,0.0,No,0.0,No,0.0,No,0.0,No,0.0,No,0.0,No,0.0,No,0.0,No,0.0,No,0.0,No,0.0,No,0.0,No,0.0,No,0.0,No,0.0,No,0.0,No,0.0,No,0.0,No,0.0
48,China Railway Group Limited,,CNE100000866,Industrials,CHINA,0.0,0.0,0,0,34,No,0.0,No,0.0,No,0.0,No,0.0,No,0.0,No,0.0,No,0.0,No,0.0,No,0.0,No,0.0,No,0.0,No,0.0,No,0.0,No,0.0,No,0.0,No,0.0,No,0.0,No,0.0,No,0.0,No,0.0,No,0.0,No,0.0,No,0.0,No,0.0,No,0.0,No,0.0,No,0.0,No,0.0,No,0.0,No,0.0,No,0.0,No,0.0,No,0.0,No,0.0
2000,China Railway Signal & Communication Corporation Limited,,CNE100003MP2,Industrials,CHINA,11.8,4.0,4,0,30,Yes,1.0,No,0.0,No,0.0,No,0.0,No,0.0,Yes,1.0,No,0.0,Yes,1.0,No,0.0,Yes,1.0,No,0.0,No,0.0,No,0.0,No,0.0,No,0.0,No,0.0,No,0.0,No,0.0,No,0.0,No,0.0,No,0.0,No,0.0,No,0.0,No,0.0,No,0.0,No,0.0,No,0.0,No,0.0,No,0.0,No,0.0,No,0.0,No,0.0,No,0.0,No,0.0
1457,"CHINA RARE EARTH RESOURCES AND TECHNOLOGY CO., LTD.",,CNE000000WS2,Basic Materials,CHINA,0.0,0.0,0,0,34,No,0.0,No,0.0,No,0.0,No,0.0,No,0.0,No,0.0,No,0.0,No,0.0,No,0.0,No,0.0,No,0.0,No,0.0,No,0.0,No,0.0,No,0.0,No,0.0,No,0.0,No,0.0,No,0.0,No,0.0,No,0.0,No,0.0,No,0.0,No,0.0,No,0.0,No,0.0,No,0.0,No,0.0,No,0.0,No,0.0,No,0.0,No,0.0,No,0.0,No,0.0
486,China Resources Beer (Holdings) Company Limited,,HK0291001490,Consumer Staples,HONG KONG,8.8,3.0,3,0,31,No,0.0,No,0.0,No,0.0,No,0.0,No,0.0,Yes,1.0,No,0.0,Yes,1.0,No,0.0,Yes,1.0,No,0.0,No,0.0,No,0.0,No,0.0,No,0.0,No,0.0,No,0.0,No,0.0,No,0.0,No,0.0,No,0.0,No,0.0,No,0.0,No,0.0,No,0.0,No,0.0,No,0.0,No,0.0,No,0.0,No,0.0,No,0.0,No,0.0,No,0.0,No,0.0
289,CHINA RESOURCES GAS GROUP LIMITED,,BMG2113B1081,Utilities,HONG KONG,17.6,6.0,6,0,28,Yes,1.0,No,0.0,No,0.0,No,0.0,No,0.0,Yes,1.0,No,0.0,Yes,1.0,No,0.0,Yes,1.0,No,0.0,No,0.0,No,0.0,No,0.0,No,0.0,Yes,1.0,No,0.0,No,0.0,No,0.0,No,0.0,No,0.0,No,0.0,No,0.0,No,0.0,Yes,1.0,No,0.0,No,0.0,No,0.0,No,0.0,No,0.0,No,0.0,No,0.0,No,0.0,No,0.0
64,CHINA RESOURCES LAND LIMITED,,KYG2108Y1052,Real Estate,HONG KONG,0.0,0.0,0,0,34,No,0.0,No,0.0,No,0.0,No,0.0,No,0.0,No,0.0,No,0.0,No,0.0,No,0.0,No,0.0,No,0.0,No,0.0,No,0.0,No,0.0,No,0.0,No,0.0,No,0.0,No,0.0,No,0.0,No,0.0,No,0.0,No,0.0,No,0.0,No,0.0,No,0.0,No,0.0,No,0.0,No,0.0,No,0.0,No,0.0,No,0.0,No,0.0,No,0.0,No,0.0
947,China Resources Microelectronics Limited,,CNE100003S06,Technology,CHINA,0.0,0.0,0,0,34,No,0.0,No,0.0,No,0.0,No,0.0,No,0.0,No,0.0,No,0.0,No,0.0,No,0.0,No,0.0,No,0.0,No,0.0,No,0.0,No,0.0,No,0.0,No,0.0,No,0.0,No,0.0,No,0.0,No,0.0,No,0.0,No,0.0,No,0.0,No,0.0,No,0.0,No,0.0,No,0.0,No,0.0,No,0.0,No,0.0,No,0.0,No,0.0,No,0.0,No,0.0
2281,CHINA RESOURCES MIXC LIFESTYLE SERVICES LIMITED,,KYG2122G1064,Real Estate,HONG KONG,8.8,3.0,3,0,31,No,0.0,No,0.0,No,0.0,No,0.0,No,0.0,Yes,1.0,No,0.0,Yes,1.0,No,0.0,Yes,1.0,No,0.0,No,0.0,No,0.0,No,0.0,No,0.0,No,0.0,No,0.0,No,0.0,No,0.0,No,0.0,No,0.0,No,0.0,No,0.0,No,0.0,No,0.0,No,0.0,No,0.0,No,0.0,No,0.0,No,0.0,No,0.0,No,0.0,No,0.0,No,0.0
979,China Resources Power Holdings Company Limited,,HK0836012952,Utilities,HONG KONG,0.0,0.0,0,0,34,No,0.0,No,0.0,No,0.0,No,0.0,No,0.0,No,0.0,No,0.0,No,0.0,No,0.0,No,0.0,No,0.0,No,0.0,No,0.0,No,0.0,No,0.0,No,0.0,No,0.0,No,0.0,No,0.0,No,0.0,No,0.0,No,0.0,No,0.0,No,0.0,No,0.0,No,0.0,No,0.0,No,0.0,No,0.0,No,0.0,No,0.0,No,0.0,No,0.0,No,0.0
1438,"China Resources Sanjiu Medical & Pharmaceutical Co., Ltd.",,CNE0000011K8,Health Care,CHINA,11.8,4.0,4,0,30,Yes,1.0,No,0.0,No,0.0,No,0.0,No,0.0,Yes,1.0,No,0.0,Yes,1.0,No,0.0,Yes,1.0,No,0.0,No,0.0,No,0.0,No,0.0,No,0.0,No,0.0,No,0.0,No,0.0,No,0.0,No,0.0,No,0.0,No,0.0,No,0.0,No,0.0,No,0.0,No,0.0,No,0.0,No,0.0,No,0.0,No,0.0,No,0.0,No,0.0,No,0.0,No,0.0
673,China Ruyi Holdings Limited,,BMG4404N1149,Consumer Discretion,HONG KONG,17.6,6.0,6,0,28,Yes,1.0,No,0.0,Yes,1.0,No,0.0,No,0.0,Yes,1.0,No,0.0,Yes,1.0,No,0.0,Yes,1.0,No,0.0,No,0.0,No,0.0,No,0.0,No,0.0,No,0.0,No,0.0,No,0.0,No,0.0,No,0.0,No,0.0,No,0.0,Yes,1.0,No,0.0,No,0.0,No,0.0,No,0.0,No,0.0,No,0.0,No,0.0,No,0.0,No,0.0,No,0.0,No,0.0
1669,"China Securities Co., Ltd.",,CNE1000031T5,Financials,CHINA,2.9,1.0,1,0,33,No,0.0,No,0.0,No,0.0,No,0.0,No,0.0,Yes,1.0,No,0.0,No,0.0,No,0.0,No,0.0,No,0.0,No,0.0,No,0.0,No,0.0,No,0.0,No,0.0,No,0.0,No,0.0,No,0.0,No,0.0,No,0.0,No,0.0,No,0.0,No,0.0,No,0.0,No,0.0,No,0.0,No,0.0,No,0.0,No,0.0,No,0.0,No,0.0,No,0.0,No,0.0
490,China Shenhua Energy Company Limited,,CNE100000767,Energy,CHINA,0.0,0.0,0,0,34,No,0.0,No,0.0,No,0.0,No,0.0,No,0.0,No,0.0,No,0.0,No,0.0,No,0.0,No,0.0,No,0.0,No,0.0,No,0.0,No,0.0,No,0.0,No,0.0,No,0.0,No,0.0,No,0.0,No,0.0,No,0.0,No,0.0,No,0.0,No,0.0,No,0.0,No,0.0,No,0.0,No,0.0,No,0.0,No,0.0,No,0.0,No,0.0,No,0.0,No,0.0
981,China Southern Airlines Company Limited,,CNE000001FG0,Consumer Discretion,CHINA,5.9,2.0,2,0,32,No,0.0,No,0.0,No,0.0,No,0.0,No,0.0,Yes,1.0,No,0.0,No,0.0,No,0.0,Yes,1.0,No,0.0,No,0.0,No,0.0,No,0.0,No,0.0,No,0.0,No,0.0,No,0.0,No,0.0,No,0.0,No,0.0,No,0.0,No,0.0,No,0.0,No,0.0,No,0.0,No,0.0,No,0.0,No,0.0,No,0.0,No,0.0,No,0.0,No,0.0,No,0.0
1762,China State Construction Engineering Corporation Limited,,CNE100000F46,Industrials,CHINA,2.9,1.0,1,0,33,No,0.0,No,0.0,No,0.0,No,0.0,No,0.0,No,0.0,No,0.0,Yes,1.0,No,0.0,No,0.0,No,0.0,No,0.0,No,0.0,No,0.0,No,0.0,No,0.0,No,0.0,No,0.0,No,0.0,No,0.0,No,0.0,No,0.0,No,0.0,No,0.0,No,0.0,No,0.0,No,0.0,No,0.0,No,0.0,No,0.0,No,0.0,No,0.0,No,0.0,No,0.0
982,CHINA STATE CONSTRUCTION INTERNATIONAL HOLDINGS LIMITED,,KYG216771363,Industrials,HONG KONG,0.0,0.0,0,0,34,No,0.0,No,0.0,No,0.0,No,0.0,No,0.0,No,0.0,No,0.0,No,0.0,No,0.0,No,0.0,No,0.0,No,0.0,No,0.0,No,0.0,No,0.0,No,0.0,No,0.0,No,0.0,No,0.0,No,0.0,No,0.0,No,0.0,No,0.0,No,0.0,No,0.0,No,0.0,No,0.0,No,0.0,No,0.0,No,0.0,No,0.0,No,0.0,No,0.0,No,0.0
984,China Steel Corporation,,TW0002002003,Basic Materials,TAIWAN,10.3,3.5,2,3,29,No,0.0,No,0.0,No,0.0,No,0.0,No,0.0,Yes,1.0,No,0.0,Partial,0.5,No,0.0,Partial,0.5,No,0.0,No,0.0,No,0.0,No,0.0,No,0.0,No,0.0,No,0.0,No,0.0,No,0.0,No,0.0,No,0.0,No,0.0,No,0.0,No,0.0,Yes,1.0,No,0.0,No,0.0,Partial,0.5,No,0.0,No,0.0,No,0.0,No,0.0,No,0.0,No,0.0
721,China Taiping Insurance Holdings Company Limited,,HK0000055878,Financials,HONG KONG,13.2,4.5,3,3,28,Yes,1.0,No,0.0,No,0.0,No,0.0,No,0.0,Partial,0.5,Partial,0.5,Yes,1.0,No,0.0,Partial,0.5,No,0.0,No,0.0,No,0.0,No,0.0,No,0.0,No,0.0,No,0.0,No,0.0,No,0.0,No,0.0,No,0.0,No,0.0,Yes,1.0,No,0.0,No,0.0,No,0.0,No,0.0,No,0.0,No,0.0,No,0.0,No,0.0,No,0.0,No,0.0,No,0.0
1754,"China Three Gorges Renewables (Group) Co., Ltd.",,CNE1000051F2,Utilities,CHINA,0.0,0.0,0,0,34,No,0.0,No,0.0,No,0.0,No,0.0,No,0.0,No,0.0,No,0.0,No,0.0,No,0.0,No,0.0,No,0.0,No,0.0,No,0.0,No,0.0,No,0.0,No,0.0,No,0.0,No,0.0,No,0.0,No,0.0,No,0.0,No,0.0,No,0.0,No,0.0,No,0.0,No,0.0,No,0.0,No,0.0,No,0.0,No,0.0,No,0.0,No,0.0,No,0.0,No,0.0
1781,China Tourism Group Duty Free Corporation Limited,,CNE100000G29,Consumer Discretion,CHINA,0.0,0.0,0,0,34,No,0.0,No,0.0,No,0.0,No,0.0,No,0.0,No,0.0,No,0.0,No,0.0,No,0.0,No,0.0,No,0.0,No,0.0,No,0.0,No,0.0,No,0.0,No,0.0,No,0.0,No,0.0,No,0.0,No,0.0,No,0.0,No,0.0,No,0.0,No,0.0,No,0.0,No,0.0,No,0.0,No,0.0,No,0.0,No,0.0,No,0.0,No,0.0,No,0.0,No,0.0
2174,China Tower Corporation Limited,,CNE100006V65,Telecommunications,CHINA,10.3,3.5,3,1,30,No,0.0,No,0.0,No,0.0,No,0.0,No,0.0,Yes,1.0,No,0.0,Yes,1.0,No,0.0,Yes,1.0,Partial,0.5,No,0.0,No,0.0,No,0.0,No,0.0,No,0.0,No,0.0,No,0.0,No,0.0,No,0.0,No,0.0,No,0.0,No,0.0,No,0.0,No,0.0,No,0.0,No,0.0,No,0.0,No,0.0,No,0.0,No,0.0,No,0.0,No,0.0,No,0.0
985,"China Tungsten and Hightech Materials Co., Ltd.",,CNE0000006M4,Basic Materials,CHINA,2.9,1.0,1,0,33,No,0.0,No,0.0,No,0.0,No,0.0,No,0.0,Yes,1.0,No,0.0,No,0.0,No,0.0,No,0.0,No,0.0,No,0.0,No,0.0,No,0.0,No,0.0,No,0.0,No,0.0,No,0.0,No,0.0,No,0.0,No,0.0,No,0.0,No,0.0,No,0.0,No,0.0,No,0.0,No,0.0,No,0.0,No,0.0,No,0.0,No,0.0,No,0.0,No,0.0,No,0.0
392,China United Network Communications Limited,,CNE000001CS2,Telecommunications,CHINA,7.4,2.5,1,3,30,Partial,0.5,No,0.0,No,0.0,No,0.0,No,0.0,Yes,1.0,No,0.0,No,0.0,No,0.0,No,0.0,Partial,0.5,No,0.0,No,0.0,No,0.0,No,0.0,No,0.0,No,0.0,No,0.0,No,0.0,No,0.0,No,0.0,No,0.0,No,0.0,No,0.0,No,0.0,No,0.0,No,0.0,No,0.0,No,0.0,No,0.0,Partial,0.5,No,0.0,No,0.0,No,0.0
508,"CHINA VANKE CO., LTD.",,CNE0000000T2,Real Estate,CHINA,0.0,0.0,0,0,34,No,0.0,No,0.0,No,0.0,No,0.0,No,0.0,No,0.0,No,0.0,No,0.0,No,0.0,No,0.0,No,0.0,No,0.0,No,0.0,No,0.0,No,0.0,No,0.0,No,0.0,No,0.0,No,0.0,No,0.0,No,0.0,No,0.0,No,0.0,No,0.0,No,0.0,No,0.0,No,0.0,No,0.0,No,0.0,No,0.0,No,0.0,No,0.0,No,0.0,No,0.0
1783,"CHINA XD ELECTRIC CO., LTD",,CNE100000KW8,Technology,CHINA,0.0,0.0,0,0,34,No,0.0,No,0.0,No,0.0,No,0.0,No,0.0,No,0.0,No,0.0,No,0.0,No,0.0,No,0.0,No,0.0,No,0.0,No,0.0,No,0.0,No,0.0,No,0.0,No,0.0,No,0.0,No,0.0,No,0.0,No,0.0,No,0.0,No,0.0,No,0.0,No,0.0,No,0.0,No,0.0,No,0.0,No,0.0,No,0.0,No,0.0,No,0.0,No,0.0,No,0.0
741,"China Yangtze Power Co., Ltd.",,CNE000001G87,Utilities,CHINA,8.8,3.0,3,0,31,No,0.0,No,0.0,No,0.0,No,0.0,No,0.0,Yes,1.0,No,0.0,Yes,1.0,No,0.0,No,0.0,No,0.0,No,0.0,No,0.0,No,0.0,No,0.0,No,0.0,No,0.0,No,0.0,No,0.0,No,0.0,Yes,1.0,No,0.0,No,0.0,No,0.0,No,0.0,No,0.0,No,0.0,No,0.0,No,0.0,No,0.0,No,0.0,No,0.0,No,0.0,No,0.0
1689,"CHINA ZHESHANG BANK CO., LTD.",,CNE100003PS9,Financials,CHINA,8.8,3.0,3,0,31,Yes,1.0,No,0.0,No,0.0,No,0.0,No,0.0,Yes,1.0,No,0.0,No,0.0,No,0.0,Yes,1.0,No,0.0,No,0.0,No,0.0,No,0.0,No,0.0,No,0.0,No,0.0,No,0.0,No,0.0,No,0.0,No,0.0,No,0.0,No,0.0,No,0.0,No,0.0,No,0.0,No,0.0,No,0.0,No,0.0,No,0.0,No,0.0,No,0.0,No,0.0,No,0.0
277,"CHIPOTLE MEXICAN GRILL, INC.",,US1696561059,Consumer Discretion,UNITED STATES,8.8,3.0,2,2,30,No,0.0,No,0.0,No,0.0,No,0.0,No,0.0,Yes,1.0,No,0.0,No,0.0,No,0.0,No,0.0,Partial,0.5,Partial,0.5,No,0.0,No,0.0,No,0.0,No,0.0,No,0.0,No,0.0,No,0.0,No,0.0,No,0.0,No,0.0,No,0.0,No,0.0,No,0.0,No,0.0,No,0.0,No,0.0,No,0.0,No,0.0,Yes,1.0,No,0.0,No,0.0,No,0.0
987,Chocoladefabriken Lindt & Spruengli AG,,CH0010570767,Consumer Staples,SWITZERLAND,11.8,4.0,4,0,30,Yes,1.0,No,0.0,No,0.0,No,0.0,No,0.0,No,0.0,No,0.0,No,0.0,No,0.0,No,0.0,Yes,1.0,No,0.0,No,0.0,No,0.0,No,0.0,Yes,1.0,Yes,1.0,No,0.0,No,0.0,No,0.0,No,0.0,No,0.0,No,0.0,No,0.0,No,0.0,No,0.0,No,0.0,No,0.0,No,0.0,No,0.0,No,0.0,No,0.0,No,0.0,No,0.0
688,CHOLAMANDALAM INVESTMENT AND FINANCE COMPANY LIMITED,,INE121A01024,Financials,INDIA,26.5,9.0,9,0,25,Yes,1.0,No,0.0,Yes,1.0,Yes,1.0,No,0.0,Yes,1.0,No,0.0,Yes,1.0,No,0.0,Yes,1.0,No,0.0,No,0.0,No,0.0,No,0.0,No,0.0,No,0.0,No,0.0,No,0.0,No,0.0,No,0.0,Yes,1.0,No,0.0,Yes,1.0,No,0.0,Yes,1.0,No,0.0,No,0.0,No,0.0,No,0.0,No,0.0,No,0.0,No,0.0,No,0.0,No,0.0
1856,"Chongqing Afari Technology Co., Ltd.",,CNE100000X10,Consumer Discretion,CHINA,14.7,5.0,5,0,29,Yes,1.0,No,0.0,No,0.0,No,0.0,No,0.0,Yes,1.0,No,0.0,Yes,1.0,No,0.0,Yes,1.0,No,0.0,No,0.0,No,0.0,No,0.0,No,0.0,No,0.0,No,0.0,No,0.0,No,0.0,No,0.0,No,0.0,No,0.0,No,0.0,No,0.0,No,0.0,No,0.0,No,0.0,No,0.0,No,0.0,No,0.0,Yes,1.0,No,0.0,No,0.0,No,0.0
502,Chongqing Changan Automobile Company Limited,,CNE000000R36,Consumer Discretion,CHINA,8.8,3.0,0,6,28,Partial,0.5,No,0.0,Partial,0.5,No,0.0,No,0.0,Partial,0.5,No,0.0,Partial,0.5,No,0.0,Partial,0.5,No,0.0,No,0.0,No,0.0,No,0.0,Partial,0.5,No,0.0,No,0.0,No,0.0,No,0.0,No,0.0,No,0.0,No,0.0,No,0.0,No,0.0,No,0.0,No,0.0,No,0.0,No,0.0,No,0.0,No,0.0,No,0.0,No,0.0,No,0.0,No,0.0
1751,"Chongqing Rural Commercial Bank Co., Ltd.",,CNE100003NZ9,Financials,CHINA,5.9,2.0,2,0,32,No,0.0,No,0.0,No,0.0,No,0.0,No,0.0,Yes,1.0,No,0.0,Yes,1.0,No,0.0,No,0.0,No,0.0,No,0.0,No,0.0,No,0.0,No,0.0,No,0.0,No,0.0,No,0.0,No,0.0,No,0.0,No,0.0,No,0.0,No,0.0,No,0.0,No,0.0,No,0.0,No,0.0,No,0.0,No,0.0,No,0.0,No,0.0,No,0.0,No,0.0,No,0.0
1841,"Chongqing Zhifei Biological Products Co., Ltd.",,CNE100000V20,Health Care,CHINA,0.0,0.0,0,0,34,No,0.0,No,0.0,No,0.0,No,0.0,No,0.0,No,0.0,No,0.0,No,0.0,No,0.0,No,0.0,No,0.0,No,0.0,No,0.0,No,0.0,No,0.0,No,0.0,No,0.0,No,0.0,No,0.0,No,0.0,No,0.0,No,0.0,No,0.0,No,0.0,No,0.0,No,0.0,No,0.0,No,0.0,No,0.0,No,0.0,No,0.0,No,0.0,No,0.0,No,0.0
1693,CHOW TAI FOOK JEWELLERY GROUP LIMITED,,KYG211461085,Consumer Discretion,HONG KONG,0.0,0.0,0,0,34,No,0.0,No,0.0,No,0.0,No,0.0,No,0.0,No,0.0,No,0.0,No,0.0,No,0.0,No,0.0,No,0.0,No,0.0,No,0.0,No,0.0,No,0.0,No,0.0,No,0.0,No,0.0,No,0.0,No,0.0,No,0.0,No,0.0,No,0.0,No,0.0,No,0.0,No,0.0,No,0.0,No,0.0,No,0.0,No,0.0,No,0.0,No,0.0,No,0.0,No,0.0
940,"C.H. ROBINSON WORLDWIDE, INC.",,US12541W2098,Industrials,UNITED STATES,29.4,10.0,9,3,22,Yes,1.0,No,0.0,Partial,0.5,Yes,1.0,No,0.0,Yes,1.0,Yes,1.0,Yes,1.0,No,0.0,Yes,1.0,No,0.0,No,0.0,Partial,0.0,No,0.0,No,0.0,No,0.0,No,0.0,No,0.0,No,0.0,No,0.0,Yes,1.0,No,0.0,Partial,0.5,No,0.0,No,0.0,No,0.0,No,0.0,No,0.0,No,0.0,No,0.0,Yes,1.0,No,0.0,Yes,1.0,No,0.0
723,CHROMA ATE INC.,,TW0002360005,Industrials,TAIWAN,8.8,3.0,3,0,31,No,0.0,No,0.0,Yes,1.0,No,0.0,No,0.0,Yes,1.0,No,0.0,No,0.0,No,0.0,Yes,1.0,No,0.0,No,0.0,No,0.0,No,0.0,No,0.0,No,0.0,No,0.0,No,0.0,No,0.0,No,0.0,No,0.0,No,0.0,No,0.0,No,0.0,No,0.0,No,0.0,No,0.0,No,0.0,No,0.0,No,0.0,No,0.0,No,0.0,No,0.0,No,0.0
819,Chubb Limited,,CH0044328745,Financials,UNITED STATES,5.9,2.0,2,0,32,Yes,1.0,No,0.0,Yes,1.0,No,0.0,No,0.0,No,0.0,No,0.0,No,0.0,No,0.0,No,0.0,No,0.0,No,0.0,No,0.0,No,0.0,No,0.0,No,0.0,No,0.0,No,0.0,No,0.0,No,0.0,No,0.0,No,0.0,No,0.0,No,0.0,No,0.0,No,0.0,No,0.0,No,0.0,No,0.0,No,0.0,No,0.0,No,0.0,No,0.0,No,0.0
988,"Chubu Electric Power Company, Incorporated",,JP3526600006,Utilities,JAPAN,2.9,1.0,1,0,33,No,0.0,No,0.0,No,0.0,No,0.0,No,0.0,No,0.0,No,0.0,No,0.0,No,0.0,No,0.0,No,0.0,No,0.0,No,0.0,No,0.0,No,0.0,No,0.0,No,0.0,No,0.0,No,0.0,No,0.0,No,0.0,No,0.0,No,0.0,No,0.0,No,0.0,No,0.0,No,0.0,No,0.0,No,0.0,No,0.0,Yes,1.0,No,0.0,No,0.0,No,0.0
941,"CHUGAI PHARMACEUTICAL CO., LTD.",,JP3519400000,Health Care,JAPAN,14.7,5.0,5,0,29,Yes,1.0,No,0.0,No,0.0,No,0.0,No,0.0,Yes,1.0,No,0.0,No,0.0,No,0.0,Yes,1.0,No,0.0,No,0.0,No,0.0,No,0.0,No,0.0,No,0.0,No,0.0,No,0.0,No,0.0,No,0.0,Yes,1.0,No,0.0,No,0.0,No,0.0,No,0.0,No,0.0,No,0.0,Yes,1.0,No,0.0,No,0.0,No,0.0,No,0.0,No,0.0,No,0.0
989,"Chunghwa Telecom Co., Ltd.",,TW0002412004,Telecommunications,TAIWAN,44.1,15.0,14,2,18,Yes,1.0,No,0.0,No,0.0,Yes,1.0,No,0.0,Yes,1.0,No,0.0,Yes,1.0,No,0.0,Yes,1.0,Partial,0.5,No,0.0,No,0.0,Yes,1.0,Yes,1.0,Yes,1.0,Yes,1.0,Partial,0.5,Yes,1.0,Yes,1.0,Yes,1.0,No,0.0,Yes,1.0,No,0.0,No,0.0,No,0.0,No,0.0,No,0.0,No,0.0,No,0.0,Yes,1.0,No,0.0,No,0.0,No,0.0
711,"CHURCH & DWIGHT CO., INC.",,US1713401024,Consumer Staples,UNITED STATES,2.9,1.0,1,0,33,No,0.0,No,0.0,No,0.0,No,0.0,No,0.0,No,0.0,No,0.0,No,0.0,No,0.0,No,0.0,Yes,1.0,No,0.0,No,0.0,No,0.0,No,0.0,No,0.0,No,0.0,No,0.0,No,0.0,No,0.0,No,0.0,No,0.0,No,0.0,No,0.0,No,0.0,No,0.0,No,0.0,No,0.0,No,0.0,No,0.0,No,0.0,No,0.0,No,0.0,No,0.0
2352,CICT Mobile Communication Technology Co Ltd,,CNE100005P31,Telecommunications,CHINA,0.0,0.0,0,0,34,No,0.0,No,0.0,No,0.0,No,0.0,No,0.0,No,0.0,No,0.0,No,0.0,No,0.0,No,0.0,No,0.0,No,0.0,No,0.0,No,0.0,No,0.0,No,0.0,No,0.0,No,0.0,No,0.0,No,0.0,No,0.0,No,0.0,No,0.0,No,0.0,No,0.0,No,0.0,No,0.0,No,0.0,No,0.0,No,0.0,No,0.0,No,0.0,No,0.0,No,0.0
990,CIENA CORPORATION,,US1717793095,Telecommunications,UNITED STATES,11.8,4.0,4,0,30,No,0.0,No,0.0,No,0.0,Yes,1.0,Yes,1.0,Yes,1.0,No,0.0,No,0.0,No,0.0,No,0.0,No,0.0,No,0.0,No,0.0,No,0.0,No,0.0,No,0.0,No,0.0,No,0.0,No,0.0,No,0.0,No,0.0,No,0.0,No,0.0,No,0.0,No,0.0,No,0.0,No,0.0,No,0.0,No,0.0,No,0.0,Yes,1.0,No,0.0,No,0.0,No,0.0
933,CIMB GROUP HOLDINGS BERHAD,,MYL1023OO000,Financials,MALAYSIA,23.5,8.0,8,0,26,Yes,1.0,No,0.0,Yes,1.0,No,0.0,No,0.0,Yes,1.0,No,0.0,Yes,1.0,No,0.0,Yes,1.0,Yes,1.0,No,0.0,No,0.0,No,0.0,No,0.0,Yes,1.0,No,0.0,No,0.0,No,0.0,No,0.0,Yes,1.0,No,0.0,No,0.0,No,0.0,No,0.0,No,0.0,No,0.0,No,0.0,No,0.0,No,0.0,No,0.0,No,0.0,No,0.0,No,0.0
674,CINCINNATI FINANCIAL CORPORATION,,US1720621010,Financials,UNITED STATES,14.7,5.0,3,4,27,No,0.0,No,0.0,No,0.0,No,0.0,No,0.0,Yes,1.0,No,0.0,No,0.0,No,0.0,No,0.0,No,0.0,No,0.0,No,0.0,No,0.0,No,0.0,Partial,0.5,Partial,0.5,Partial,0.5,No,0.0,Partial,0.5,No,0.0,No,0.0,No,0.0,No,0.0,No,0.0,No,0.0,No,0.0,No,0.0,No,0.0,No,0.0,Yes,1.0,No,0.0,Yes,1.0,No,0.0
52,CINTAS CORPORATION,,US1729081059,Industrials,UNITED STATES,5.9,2.0,2,0,32,No,0.0,No,0.0,No,0.0,No,0.0,No,0.0,No,0.0,No,0.0,No,0.0,No,0.0,No,0.0,No,0.0,No,0.0,No,0.0,No,0.0,No,0.0,No,0.0,No,0.0,No,0.0,No,0.0,No,0.0,No,0.0,No,0.0,No,0.0,No,0.0,No,0.0,No,0.0,No,0.0,No,0.0,No,0.0,No,0.0,Yes,1.0,No,0.0,Yes,1.0,No,0.0
991,CIPLA LIMITED,,INE059A01026,Health Care,INDIA,23.5,8.0,8,0,26,No,0.0,No,0.0,No,0.0,Yes,1.0,No,0.0,Yes,1.0,No,0.0,No,0.0,No,0.0,Yes,1.0,No,0.0,No,0.0,No,0.0,No,0.0,Yes,1.0,Yes,1.0,No,0.0,Yes,1.0,No,0.0,Yes,1.0,No,0.0,No,0.0,No,0.0,No,0.0,No,0.0,No,0.0,No,0.0,No,0.0,No,0.0,No,0.0,Yes,1.0,No,0.0,No,0.0,No,0.0
436,"CISCO SYSTEMS, INC.",,US17275R1023,Telecommunications,UNITED STATES,44.1,15.0,15,1,18,Yes,1.0,No,0.0,No,0.0,No,0.0,Partial,0.0,Yes,1.0,No,0.0,Yes,1.0,No,0.0,Yes,1.0,No,0.0,No,0.0,No,0.0,Yes,1.0,Yes,1.0,Yes,1.0,Yes,1.0,Yes,1.0,Yes,1.0,Yes,1.0,No,0.0,No,0.0,No,0.0,No,0.0,No,0.0,No,0.0,No,0.0,No,0.0,Yes,1.0,Yes,1.0,Yes,1.0,No,0.0,No,0.0,Yes,1.0
943,CITIC Limited,,HK0267001375,Industrials,HONG KONG,5.9,2.0,1,2,31,Partial,0.5,No,0.0,No,0.0,No,0.0,No,0.0,Partial,0.5,No,0.0,No,0.0,No,0.0,Yes,1.0,No,0.0,No,0.0,No,0.0,No,0.0,No,0.0,No,0.0,No,0.0,No,0.0,No,0.0,No,0.0,No,0.0,No,0.0,No,0.0,No,0.0,No,0.0,No,0.0,No,0.0,No,0.0,No,0.0,No,0.0,No,0.0,No,0.0,No,0.0,No,0.0
1031,"CITIC Pacific Special Steel Group Co., Ltd",,CNE0000008J6,Basic Materials,CHINA,11.8,4.0,4,0,30,Yes,1.0,No,0.0,No,0.0,No,0.0,No,0.0,Yes,1.0,No,0.0,Yes,1.0,No,0.0,Yes,1.0,No,0.0,No,0.0,No,0.0,No,0.0,No,0.0,No,0.0,No,0.0,No,0.0,No,0.0,No,0.0,No,0.0,No,0.0,No,0.0,No,0.0,No,0.0,No,0.0,No,0.0,No,0.0,No,0.0,No,0.0,No,0.0,No,0.0,No,0.0,No,0.0
501,CITIC Securities Company Limited,,CNE000001DB6,Financials,CHINA,29.4,10.0,10,1,23,Yes,1.0,No,0.0,Yes,1.0,No,0.0,No,0.0,Yes,1.0,No,0.0,Yes,1.0,No,0.0,Yes,1.0,No,0.0,No,0.0,No,0.0,Yes,1.0,Partial,0.0,No,0.0,No,0.0,Yes,1.0,No,0.0,No,0.0,Yes,1.0,Yes,1.0,Yes,1.0,No,0.0,No,0.0,No,0.0,No,0.0,No,0.0,No,0.0,No,0.0,No,0.0,No,0.0,No,0.0,No,0.0
992,CITIGROUP INC.,,US1729674242,Financials,UNITED STATES,23.5,8.0,8,0,26,Yes,1.0,No,0.0,No,0.0,Yes,1.0,No,0.0,Yes,1.0,No,0.0,No,0.0,No,0.0,No,0.0,Yes,1.0,Yes,1.0,No,0.0,No,0.0,Yes,1.0,Yes,1.0,No,0.0,Yes,1.0,No,0.0,No,0.0,No,0.0,No,0.0,No,0.0,No,0.0,No,0.0,No,0.0,No,0.0,No,0.0,No,0.0,No,0.0,No,0.0,No,0.0,No,0.0,No,0.0
993,"CITIZENS FINANCIAL GROUP, INC.",,US1746101054,Financials,UNITED STATES,11.8,4.0,4,0,30,No,0.0,No,0.0,No,0.0,No,0.0,No,0.0,No,0.0,No,0.0,No,0.0,No,0.0,No,0.0,Yes,1.0,No,0.0,No,0.0,Yes,1.0,No,0.0,Yes,1.0,No,0.0,Yes,1.0,No,0.0,No,0.0,No,0.0,No,0.0,No,0.0,No,0.0,No,0.0,No,0.0,No,0.0,No,0.0,No,0.0,No,0.0,No,0.0,No,0.0,No,0.0,No,0.0
2047,CK ASSET HOLDINGS LIMITED,,KYG2177B1014,Real Estate,HONG KONG,16.2,5.5,5,2,27,No,0.0,No,0.0,No,0.0,Partial,0.0,No,0.0,No,0.0,No,0.0,No,0.0,No,0.0,No,0.0,Yes,1.0,No,0.0,No,0.0,No,0.0,No,0.0,Yes,1.0,Partial,0.5,Yes,1.0,Yes,1.0,No,0.0,No,0.0,No,0.0,No,0.0,No,0.0,No,0.0,No,0.0,No,0.0,No,0.0,No,0.0,No,0.0,Yes,1.0,No,0.0,No,0.0,No,0.0
2040,CK HUTCHISON HOLDINGS LIMITED,,KYG217651051,Industrials,HONG KONG,29.4,10.0,10,0,24,Yes,1.0,No,0.0,No,0.0,No,0.0,No,0.0,Yes,1.0,No,0.0,Yes,1.0,No,0.0,Yes,1.0,No,0.0,No,0.0,No,0.0,No,0.0,No,0.0,Yes,1.0,Yes,1.0,No,0.0,No,0.0,Yes,1.0,Yes,1.0,No,0.0,Yes,1.0,No,0.0,No,0.0,No,0.0,No,0.0,No,0.0,Yes,1.0,No,0.0,No,0.0,No,0.0,No,0.0,No,0.0
725,CK INFRASTRUCTURE HOLDINGS LIMITED,,BMG2178K1009,Utilities,HONG KONG,19.1,6.5,6,2,26,No,0.0,No,0.0,No,0.0,Partial,0.0,No,0.0,No,0.0,No,0.0,No,0.0,No,0.0,No,0.0,No,0.0,No,0.0,No,0.0,No,0.0,No,0.0,Yes,1.0,Yes,1.0,Yes,1.0,Yes,1.0,No,0.0,No,0.0,No,0.0,No,0.0,No,0.0,No,0.0,No,0.0,No,0.0,No,0.0,Yes,1.0,No,0.0,Partial,0.5,No,0.0,Yes,1.0,No,0.0
1322,CLICKS GROUP LIMITED,,ZAE000134854,Consumer Staples,SOUTH AFRICA,2.9,1.0,1,0,33,No,0.0,No,0.0,No,0.0,No,0.0,No,0.0,No,0.0,No,0.0,No,0.0,No,0.0,No,0.0,No,0.0,No,0.0,No,0.0,No,0.0,No,0.0,No,0.0,No,0.0,No,0.0,No,0.0,No,0.0,No,0.0,No,0.0,No,0.0,No,0.0,No,0.0,No,0.0,No,0.0,No,0.0,No,0.0,No,0.0,No,0.0,No,0.0,Yes,1.0,No,0.0
2224,"CLOUDFLARE, INC.",,US18915M1071,Technology,UNITED STATES,36.8,12.5,9,7,18,Partial,0.5,No,0.0,No,0.0,Yes,1.0,Partial,0.5,Partial,0.5,No,0.0,Yes,1.0,No,0.0,Partial,0.5,No,0.0,No,0.0,No,0.0,No,0.0,Partial,0.5,Yes,1.0,Yes,1.0,Yes,1.0,No,0.0,Yes,1.0,Yes,1.0,No,0.0,No,0.0,No,0.0,Yes,1.0,Yes,1.0,No,0.0,No,0.0,No,0.0,Partial,0.5,Partial,0.5,No,0.0,No,0.0,No,0.0
944,CLP HOLDINGS LIMITED,,HK0002007356,Utilities,HONG KONG,38.2,13.0,13,1,20,Yes,1.0,No,0.0,No,0.0,Yes,1.0,No,0.0,Yes,1.0,Yes,1.0,Yes,1.0,No,0.0,Yes,1.0,No,0.0,No,0.0,No,0.0,No,0.0,No,0.0,Yes,1.0,Yes,1.0,Partial,0.0,No,0.0,No,0.0,Yes,1.0,No,0.0,Yes,1.0,No,0.0,Yes,1.0,Yes,1.0,Yes,1.0,No,0.0,No,0.0,No,0.0,No,0.0,No,0.0,No,0.0,No,0.0
278,CME GROUP INC.,,US12572Q1058,Financials,UNITED STATES,17.6,6.0,6,0,28,No,0.0,No,0.0,No,0.0,No,0.0,No,0.0,Yes,1.0,No,0.0,No,0.0,No,0.0,No,0.0,Yes,1.0,Yes,1.0,No,0.0,No,0.0,No,0.0,Yes,1.0,No,0.0,No,0.0,No,0.0,No,0.0,No,0.0,No,0.0,No,0.0,No,0.0,No,0.0,No,0.0,No,0.0,Yes,1.0,No,0.0,No,0.0,Yes,1.0,No,0.0,No,0.0,No,0.0
974,CMOC Group Limited,,CNE100001NR0,Basic Materials,CHINA,8.8,3.0,3,0,31,No,0.0,No,0.0,No,0.0,No,0.0,No,0.0,Yes,1.0,No,0.0,No,0.0,No,0.0,Yes,1.0,No,0.0,No,0.0,No,0.0,No,0.0,No,0.0,No,0.0,No,0.0,No,0.0,No,0.0,No,0.0,No,0.0,No,0.0,No,0.0,No,0.0,No,0.0,No,0.0,No,0.0,No,0.0,No,0.0,No,0.0,Yes,1.0,No,0.0,No,0.0,No,0.0
945,CMS ENERGY CORPORATION,,US1258961002,Utilities,UNITED STATES,2.9,1.0,1,0,33,No,0.0,No,0.0,No,0.0,No,0.0,No,0.0,No,0.0,No,0.0,No,0.0,No,0.0,No,0.0,No,0.0,No,0.0,No,0.0,No,0.0,No,0.0,No,0.0,No,0.0,No,0.0,No,0.0,No,0.0,No,0.0,No,0.0,No,0.0,No,0.0,No,0.0,No,0.0,No,0.0,No,0.0,No,0.0,No,0.0,Yes,1.0,No,0.0,No,0.0,No,0.0
2285,"CNGR Advanced Material Co., Ltd.",,CNE1000049X9,Basic Materials,CHINA,0.0,0.0,0,0,34,No,0.0,No,0.0,No,0.0,No,0.0,No,0.0,No,0.0,No,0.0,No,0.0,No,0.0,No,0.0,No,0.0,No,0.0,No,0.0,No,0.0,No,0.0,No,0.0,No,0.0,No,0.0,No,0.0,No,0.0,No,0.0,No,0.0,No,0.0,No,0.0,No,0.0,No,0.0,No,0.0,No,0.0,No,0.0,No,0.0,No,0.0,No,0.0,No,0.0,No,0.0
1970,CNH Industrial N.V.,,NL0010545661,Industrials,ITALY,13.2,4.5,4,1,29,No,0.0,No,0.0,No,0.0,No,0.0,No,0.0,Yes,1.0,No,0.0,Yes,1.0,No,0.0,Yes,1.0,No,0.0,No,0.0,No,0.0,No,0.0,No,0.0,No,0.0,No,0.0,No,0.0,No,0.0,No,0.0,No,0.0,No,0.0,No,0.0,No,0.0,No,0.0,No,0.0,No,0.0,No,0.0,No,0.0,No,0.0,Partial,0.5,No,0.0,Yes,1.0,No,0.0
1203,CNPC Capital Company Limited,,CNE000000MS3,Financials,CHINA,2.9,1.0,1,0,33,No,0.0,No,0.0,No,0.0,No,0.0,No,0.0,Yes,1.0,No,0.0,No,0.0,No,0.0,No,0.0,No,0.0,No,0.0,No,0.0,No,0.0,No,0.0,No,0.0,No,0.0,No,0.0,No,0.0,No,0.0,No,0.0,No,0.0,No,0.0,No,0.0,No,0.0,No,0.0,No,0.0,No,0.0,No,0.0,No,0.0,No,0.0,No,0.0,No,0.0,No,0.0
1662,COAL INDIA LTD,,INE522F01014,Energy,INDIA,11.8,4.0,4,0,30,No,0.0,No,0.0,No,0.0,Yes,1.0,No,0.0,Yes,1.0,No,0.0,Yes,1.0,No,0.0,Yes,1.0,No,0.0,No,0.0,No,0.0,No,0.0,No,0.0,No,0.0,No,0.0,No,0.0,No,0.0,No,0.0,No,0.0,No,0.0,No,0.0,No,0.0,No,0.0,No,0.0,No,0.0,No,0.0,No,0.0,No,0.0,No,0.0,No,0.0,No,0.0,No,0.0
2084,COCA-COLA EUROPACIFIC PARTNERS PLC,,GB00BDCPN049,Consumer Staples,UNITED STATES,0.0,0.0,0,0,34,No,0.0,No,0.0,No,0.0,No,0.0,No,0.0,No,0.0,No,0.0,No,0.0,No,0.0,No,0.0,No,0.0,No,0.0,No,0.0,No,0.0,No,0.0,No,0.0,No,0.0,No,0.0,No,0.0,No,0.0,No,0.0,No,0.0,No,0.0,No,0.0,No,0.0,No,0.0,No,0.0,No,0.0,No,0.0,No,0.0,No,0.0,No,0.0,No,0.0,No,0.0
736,"Coca-Cola FEMSA, S.A.B. de C.V.",,US1912411089,Consumer Staples,MEXICO,20.6,7.0,6,2,26,No,0.0,No,0.0,No,0.0,Yes,1.0,No,0.0,Yes,1.0,No,0.0,Yes,1.0,No,0.0,Yes,1.0,No,0.0,No,0.0,No,0.0,Partial,0.5,No,0.0,Partial,0.5,No,0.0,No,0.0,No,0.0,No,0.0,Yes,1.0,No,0.0,No,0.0,No,0.0,No,0.0,No,0.0,No,0.0,No,0.0,No,0.0,No,0.0,Yes,1.0,No,0.0,No,0.0,No,0.0
1949,Coca-Cola HBC AG,,CH0198251305,Consumer Staples,UNITED KINGDOM,0.0,0.0,0,0,34,No,0.0,No,0.0,No,0.0,No,0.0,No,0.0,No,0.0,No,0.0,No,0.0,No,0.0,No,0.0,No,0.0,No,0.0,No,0.0,No,0.0,No,0.0,No,0.0,No,0.0,No,0.0,No,0.0,No,0.0,No,0.0,No,0.0,No,0.0,No,0.0,No,0.0,No,0.0,No,0.0,No,0.0,No,0.0,No,0.0,No,0.0,No,0.0,No,0.0,No,0.0
106,COCHLEAR LIMITED,,AU000000COH5,Health Care,AUSTRALIA,11.8,4.0,4,0,30,No,0.0,No,0.0,No,0.0,No,0.0,No,0.0,Yes,1.0,No,0.0,No,0.0,No,0.0,No,0.0,No,0.0,No,0.0,No,0.0,Yes,1.0,No,0.0,Yes,1.0,No,0.0,No,0.0,No,0.0,No,0.0,No,0.0,No,0.0,No,0.0,No,0.0,No,0.0,No,0.0,No,0.0,Yes,1.0,No,0.0,No,0.0,No,0.0,No,0.0,No,0.0,No,0.0
1952,"COEUR MINING, INC.",,US1921085049,Basic Materials,UNITED STATES,2.9,1.0,1,0,33,No,0.0,No,0.0,No,0.0,No,0.0,No,0.0,No,0.0,No,0.0,No,0.0,No,0.0,No,0.0,No,0.0,No,0.0,No,0.0,No,0.0,No,0.0,No,0.0,No,0.0,No,0.0,No,0.0,No,0.0,No,0.0,No,0.0,No,0.0,No,0.0,No,0.0,No,0.0,No,0.0,No,0.0,No,0.0,No,0.0,Yes,1.0,No,0.0,No,0.0,No,0.0
996,COGNIZANT TECHNOLOGY SOLUTIONS CORPORATION,,US1924461023,Technology,UNITED STATES,48.5,16.5,16,1,17,Yes,1.0,No,0.0,Yes,1.0,Yes,1.0,Yes,1.0,Yes,1.0,No,0.0,Yes,1.0,No,0.0,No,0.0,Yes,1.0,No,0.0,No,0.0,No,0.0,Yes,1.0,Yes,1.0,Yes,1.0,Yes,1.0,Partial,0.5,No,0.0,No,0.0,No,0.0,No,0.0,No,0.0,No,0.0,Yes,1.0,Yes,1.0,No,0.0,No,0.0,Yes,1.0,Yes,1.0,No,0.0,Yes,1.0,No,0.0
255,Coherent Corp.,,US19247G1076,Technology,UNITED STATES,8.8,3.0,3,0,31,Yes,1.0,No,0.0,No,0.0,No,0.0,No,0.0,Yes,1.0,No,0.0,No,0.0,No,0.0,No,0.0,No,0.0,No,0.0,No,0.0,No,0.0,No,0.0,No,0.0,No,0.0,No,0.0,No,0.0,No,0.0,No,0.0,No,0.0,No,0.0,No,0.0,No,0.0,No,0.0,No,0.0,No,0.0,No,0.0,No,0.0,Yes,1.0,No,0.0,No,0.0,No,0.0
2444,"COINBASE GLOBAL, INC.",,US19260Q1076,Financials,UNITED STATES,0.0,0.0,0,0,34,No,0.0,No,0.0,No,0.0,No,0.0,No,0.0,No,0.0,No,0.0,No,0.0,No,0.0,No,0.0,No,0.0,No,0.0,No,0.0,No,0.0,No,0.0,No,0.0,No,0.0,No,0.0,No,0.0,No,0.0,No,0.0,No,0.0,No,0.0,No,0.0,No,0.0,No,0.0,No,0.0,No,0.0,No,0.0,No,0.0,No,0.0,No,0.0,No,0.0,No,0.0
1652,COLES GROUP LIMITED,,AU0000030678,Consumer Staples,AUSTRALIA,22.1,7.5,7,3,24,Partial,0.5,No,0.0,No,0.0,No,0.0,Partial,0.0,Yes,1.0,No,0.0,No,0.0,No,0.0,Yes,1.0,Yes,1.0,No,0.0,No,0.0,No,0.0,No,0.0,Yes,1.0,Yes,1.0,Partial,0.0,No,0.0,Yes,1.0,No,0.0,No,0.0,No,0.0,No,0.0,No,0.0,No,0.0,No,0.0,Yes,1.0,No,0.0,No,0.0,No,0.0,No,0.0,No,0.0,No,0.0
997,COLGATE-PALMOLIVE COMPANY,,US1941621039,Consumer Staples,UNITED STATES,0.0,0.0,0,0,34,No,0.0,No,0.0,No,0.0,No,0.0,No,0.0,No,0.0,No,0.0,No,0.0,No,0.0,No,0.0,No,0.0,No,0.0,No,0.0,No,0.0,No,0.0,No,0.0,No,0.0,No,0.0,No,0.0,No,0.0,No,0.0,No,0.0,No,0.0,No,0.0,No,0.0,No,0.0,No,0.0,No,0.0,No,0.0,No,0.0,No,0.0,No,0.0,No,0.0,No,0.0
448,Colgate-Palmolive (India) Ltd,,INE259A01022,Consumer Staples,INDIA,11.8,4.0,4,0,30,No,0.0,No,0.0,No,0.0,No,0.0,No,0.0,Yes,1.0,No,0.0,Yes,1.0,No,0.0,Yes,1.0,No,0.0,No,0.0,No,0.0,No,0.0,No,0.0,No,0.0,No,0.0,No,0.0,No,0.0,No,0.0,No,0.0,No,0.0,No,0.0,No,0.0,Yes,1.0,No,0.0,No,0.0,No,0.0,No,0.0,No,0.0,No,0.0,No,0.0,No,0.0,No,0.0
503,COLOPLAST A/S,,DK0060448595,Health Care,DENMARK,0.0,0.0,0,0,34,No,0.0,No,0.0,No,0.0,No,0.0,No,0.0,No,0.0,No,0.0,No,0.0,No,0.0,No,0.0,No,0.0,No,0.0,No,0.0,No,0.0,No,0.0,No,0.0,No,0.0,No,0.0,No,0.0,No,0.0,No,0.0,No,0.0,No,0.0,No,0.0,No,0.0,No,0.0,No,0.0,No,0.0,No,0.0,No,0.0,No,0.0,No,0.0,No,0.0,No,0.0
998,COMCAST CORPORATION,,US20030N1019,Telecommunications,UNITED STATES,29.4,10.0,10,0,24,Yes,1.0,No,0.0,No,0.0,No,0.0,No,0.0,Yes,1.0,No,0.0,Yes,1.0,No,0.0,Yes,1.0,Yes,1.0,Yes,1.0,No,0.0,No,0.0,No,0.0,Yes,1.0,Yes,1.0,No,0.0,No,0.0,No,0.0,No,0.0,No,0.0,No,0.0,No,0.0,No,0.0,No,0.0,No,0.0,Yes,1.0,No,0.0,No,0.0,Yes,1.0,No,0.0,No,0.0,No,0.0
731,"COMFORT SYSTEMS USA, INC.",,US1999081045,Industrials,UNITED STATES,0.0,0.0,0,0,34,No,0.0,No,0.0,No,0.0,No,0.0,No,0.0,No,0.0,No,0.0,No,0.0,No,0.0,No,0.0,No,0.0,No,0.0,No,0.0,No,0.0,No,0.0,No,0.0,No,0.0,No,0.0,No,0.0,No,0.0,No,0.0,No,0.0,No,0.0,No,0.0,No,0.0,No,0.0,No,0.0,No,0.0,No,0.0,No,0.0,No,0.0,No,0.0,No,0.0,No,0.0
1000,Commercial International Bank - Egypt (CIB),,EGS60121C018,Financials,EGYPT,0.0,0.0,0,0,34,No,0.0,No,0.0,No,0.0,No,0.0,No,0.0,No,0.0,No,0.0,No,0.0,No,0.0,No,0.0,No,0.0,No,0.0,No,0.0,No,0.0,No,0.0,No,0.0,No,0.0,No,0.0,No,0.0,No,0.0,No,0.0,No,0.0,No,0.0,No,0.0,No,0.0,No,0.0,No,0.0,No,0.0,No,0.0,No,0.0,No,0.0,No,0.0,No,0.0,No,0.0
329,COMMERZBANK Aktiengesellschaft.,,DE000CBK1001,Financials,GERMANY,52.9,18.0,18,0,16,Yes,1.0,Yes,1.0,Yes,1.0,Yes,1.0,Yes,1.0,Yes,1.0,No,0.0,Yes,1.0,No,0.0,Yes,1.0,No,0.0,No,0.0,Yes,1.0,No,0.0,Yes,1.0,Yes,1.0,Yes,1.0,Yes,1.0,Yes,1.0,No,0.0,No,0.0,No,0.0,No,0.0,No,0.0,Yes,1.0,No,0.0,No,0.0,Yes,1.0,No,0.0,Yes,1.0,No,0.0,Yes,1.0,No,0.0,No,0.0
1001,COMMONWEALTH BANK OF AUSTRALIA,,AU000000CBA7,Financials,AUSTRALIA,52.9,18.0,18,0,16,Yes,1.0,No,0.0,Yes,1.0,Yes,1.0,No,0.0,Yes,1.0,No,0.0,Yes,1.0,No,0.0,No,0.0,Yes,1.0,No,0.0,Yes,1.0,No,0.0,No,0.0,Yes,1.0,Yes,1.0,Yes,1.0,Yes,1.0,No,0.0,Yes,1.0,Yes,1.0,Yes,1.0,No,0.0,Yes,1.0,No,0.0,Yes,1.0,Yes,1.0,No,0.0,Yes,1.0,No,0.0,No,0.0,No,0.0,No,0.0
504,COMPAGNIE DE SAINT-GOBAIN SA,,FR0000125007,Industrials,FRANCE,0.0,0.0,0,0,34,No,0.0,No,0.0,No,0.0,No,0.0,No,0.0,No,0.0,No,0.0,No,0.0,No,0.0,No,0.0,No,0.0,No,0.0,No,0.0,No,0.0,No,0.0,No,0.0,No,0.0,No,0.0,No,0.0,No,0.0,No,0.0,No,0.0,No,0.0,No,0.0,No,0.0,No,0.0,No,0.0,No,0.0,No,0.0,No,0.0,No,0.0,No,0.0,No,0.0,No,0.0
1002,COMPAGNIE FINANCIERE RICHEMONT SA,,CH0210483332,Consumer Discretion,SWITZERLAND,5.9,2.0,0,4,30,No,0.0,No,0.0,No,0.0,No,0.0,No,0.0,Partial,0.5,No,0.0,Partial,0.5,No,0.0,Partial,0.5,No,0.0,No,0.0,No,0.0,No,0.0,No,0.0,No,0.0,No,0.0,No,0.0,No,0.0,No,0.0,No,0.0,No,0.0,Partial,0.5,No,0.0,No,0.0,No,0.0,No,0.0,No,0.0,No,0.0,No,0.0,No,0.0,No,0.0,No,0.0,No,0.0
145,COMPAGNIE GENERALE DES ETABLISSEMENTS MICHELIN SCA,,FR001400AJ45,Consumer Discretion,FRANCE,38.2,13.0,13,0,21,Yes,1.0,No,0.0,No,0.0,Yes,1.0,No,0.0,Yes,1.0,No,0.0,Yes,1.0,No,0.0,Yes,1.0,No,0.0,No,0.0,No,0.0,No,0.0,No,0.0,Yes,1.0,No,0.0,Yes,1.0,No,0.0,No,0.0,Yes,1.0,Yes,1.0,Yes,1.0,Yes,1.0,Yes,1.0,No,0.0,No,0.0,Yes,1.0,No,0.0,No,0.0,No,0.0,No,0.0,No,0.0,No,0.0
735,"Compal Electronics, Inc.",,TW0002324001,Technology,TAIWAN,26.5,9.0,9,0,25,Yes,1.0,No,0.0,Yes,1.0,No,0.0,No,0.0,Yes,1.0,No,0.0,Yes,1.0,No,0.0,Yes,1.0,Yes,1.0,No,0.0,No,0.0,No,0.0,No,0.0,No,0.0,No,0.0,No,0.0,No,0.0,No,0.0,No,0.0,No,0.0,No,0.0,No,0.0,Yes,1.0,Yes,1.0,No,0.0,Yes,1.0,No,0.0,No,0.0,No,0.0,No,0.0,No,0.0,No,0.0
1005,Companhia de Saneamento Basico do Estado de Sao Paulo - SABESP,,BRSBSPACNOR5,Utilities,BRAZIL,0.0,0.0,0,0,34,No,0.0,No,0.0,No,0.0,No,0.0,No,0.0,No,0.0,No,0.0,No,0.0,No,0.0,No,0.0,No,0.0,No,0.0,No,0.0,No,0.0,No,0.0,No,0.0,No,0.0,No,0.0,No,0.0,No,0.0,No,0.0,No,0.0,No,0.0,No,0.0,No,0.0,No,0.0,No,0.0,No,0.0,No,0.0,No,0.0,No,0.0,No,0.0,No,0.0,No,0.0
1003,Companhia Energetica de Minas Gerais - CEMIG,,BRCMIGACNOR6,Utilities,BRAZIL,16.2,5.5,5,1,28,No,0.0,No,0.0,No,0.0,Partial,0.5,No,0.0,Yes,1.0,No,0.0,Yes,1.0,No,0.0,Yes,1.0,No,0.0,No,0.0,No,0.0,No,0.0,No,0.0,No,0.0,No,0.0,No,0.0,No,0.0,No,0.0,Yes,1.0,No,0.0,Yes,1.0,No,0.0,No,0.0,No,0.0,No,0.0,No,0.0,No,0.0,No,0.0,No,0.0,No,0.0,No,0.0,No,0.0
1004,Companhia Paranaense de Energia - Copel,,BRCPLEACNOR8,Utilities,BRAZIL,17.6,6.0,6,0,28,No,0.0,No,0.0,No,0.0,No,0.0,No,0.0,Yes,1.0,No,0.0,Yes,1.0,No,0.0,Yes,1.0,No,0.0,No,0.0,No,0.0,No,0.0,No,0.0,No,0.0,No,0.0,No,0.0,No,0.0,No,0.0,Yes,1.0,No,0.0,Yes,1.0,Yes,1.0,No,0.0,No,0.0,No,0.0,No,0.0,No,0.0,No,0.0,No,0.0,No,0.0,No,0.0,No,0.0
496,Compania de Minas Buenaventura S.A.A.,,PEP612001003,Basic Materials,PERU,8.8,3.0,3,0,31,No,0.0,No,0.0,No,0.0,No,0.0,No,0.0,Yes,1.0,No,0.0,Yes,1.0,No,0.0,Yes,1.0,No,0.0,No,0.0,No,0.0,No,0.0,No,0.0,No,0.0,No,0.0,No,0.0,No,0.0,No,0.0,No,0.0,No,0.0,No,0.0,No,0.0,No,0.0,No,0.0,No,0.0,No,0.0,No,0.0,No,0.0,No,0.0,No,0.0,No,0.0,No,0.0
1006,COMPASS GROUP PLC,,GB00BD6K4575,Consumer Discretion,UNITED KINGDOM,0.0,0.0,0,0,34,No,0.0,No,0.0,No,0.0,No,0.0,No,0.0,No,0.0,No,0.0,No,0.0,No,0.0,No,0.0,No,0.0,No,0.0,No,0.0,No,0.0,No,0.0,No,0.0,No,0.0,No,0.0,No,0.0,No,0.0,No,0.0,No,0.0,No,0.0,No,0.0,No,0.0,No,0.0,No,0.0,No,0.0,No,0.0,No,0.0,No,0.0,No,0.0,No,0.0,No,0.0
505,COMPUTERSHARE LIMITED,,AU000000CPU5,Financials,AUSTRALIA,5.9,2.0,2,0,32,No,0.0,No,0.0,No,0.0,No,0.0,No,0.0,No,0.0,No,0.0,No,0.0,No,0.0,No,0.0,No,0.0,No,0.0,No,0.0,No,0.0,No,0.0,Yes,1.0,Yes,1.0,No,0.0,No,0.0,No,0.0,No,0.0,No,0.0,No,0.0,No,0.0,No,0.0,No,0.0,No,0.0,No,0.0,No,0.0,No,0.0,No,0.0,No,0.0,No,0.0,No,0.0
1007,CONOCOPHILLIPS,,US20825C1045,Energy,UNITED STATES,2.9,1.0,1,0,33,No,0.0,No,0.0,No,0.0,No,0.0,No,0.0,No,0.0,No,0.0,No,0.0,No,0.0,No,0.0,No,0.0,No,0.0,No,0.0,No,0.0,No,0.0,No,0.0,No,0.0,No,0.0,No,0.0,No,0.0,No,0.0,No,0.0,No,0.0,No,0.0,No,0.0,No,0.0,No,0.0,No,0.0,No,0.0,No,0.0,Yes,1.0,No,0.0,No,0.0,No,0.0
1008,"CONSOLIDATED EDISON, INC.",,US2091151041,Utilities,UNITED STATES,2.9,1.0,1,0,33,No,0.0,No,0.0,No,0.0,No,0.0,No,0.0,No,0.0,No,0.0,No,0.0,No,0.0,No,0.0,Yes,1.0,No,0.0,No,0.0,No,0.0,No,0.0,No,0.0,No,0.0,No,0.0,No,0.0,No,0.0,No,0.0,No,0.0,No,0.0,No,0.0,No,0.0,No,0.0,No,0.0,No,0.0,No,0.0,No,0.0,No,0.0,No,0.0,No,0.0,No,0.0
1009,"CONSTELLATION BRANDS, INC.",,US21036P1084,Consumer Staples,UNITED STATES,11.8,4.0,4,0,30,No,0.0,No,0.0,No,0.0,Yes,1.0,No,0.0,No,0.0,No,0.0,No,0.0,No,0.0,No,0.0,No,0.0,No,0.0,No,0.0,No,0.0,No,0.0,Yes,1.0,No,0.0,No,0.0,No,0.0,Yes,1.0,No,0.0,No,0.0,No,0.0,No,0.0,No,0.0,No,0.0,No,0.0,No,0.0,No,0.0,No,0.0,Yes,1.0,No,0.0,No,0.0,No,0.0
2333,CONSTELLATION ENERGY CORPORATION.,,US21037T1097,Utilities,UNITED STATES,14.7,5.0,5,0,29,Yes,1.0,No,0.0,No,0.0,No,0.0,No,0.0,No,0.0,No,0.0,No,0.0,No,0.0,No,0.0,No,0.0,No,0.0,No,0.0,No,0.0,No,0.0,Yes,1.0,Yes,1.0,Yes,1.0,No,0.0,Yes,1.0,No,0.0,No,0.0,No,0.0,No,0.0,No,0.0,No,0.0,No,0.0,No,0.0,No,0.0,No,0.0,No,0.0,No,0.0,No,0.0,No,0.0
108,Constellation Software Inc.,,CA21037X1006,Technology,CANADA,11.8,4.0,4,0,30,No,0.0,No,0.0,No,0.0,No,0.0,No,0.0,Yes,1.0,No,0.0,No,0.0,No,0.0,No,0.0,No,0.0,No,0.0,No,0.0,No,0.0,No,0.0,No,0.0,No,0.0,No,0.0,No,0.0,No,0.0,No,0.0,No,0.0,No,0.0,No,0.0,Yes,1.0,No,0.0,No,0.0,No,0.0,No,0.0,No,0.0,Yes,1.0,No,0.0,Yes,1.0,No,0.0
1010,CONTACT ENERGY LIMITED,,NZCENE0001S6,Utilities,NEW ZEALAND,10.3,3.5,2,3,29,Partial,0.5,No,0.0,No,0.0,No,0.0,No,0.0,Partial,0.5,No,0.0,Yes,1.0,No,0.0,Partial,0.5,No,0.0,No,0.0,Yes,1.0,No,0.0,No,0.0,No,0.0,No,0.0,No,0.0,No,0.0,No,0.0,No,0.0,No,0.0,No,0.0,No,0.0,No,0.0,No,0.0,No,0.0,No,0.0,No,0.0,No,0.0,No,0.0,No,0.0,No,0.0,No,0.0
2163,"Contemporary Amperex Technology Co., Ltd.",,CNE100003662,Industrials,CHINA,19.1,6.5,6,1,27,No,0.0,No,0.0,Yes,1.0,No,0.0,No,0.0,Yes,1.0,No,0.0,Yes,1.0,No,0.0,Partial,0.5,No,0.0,No,0.0,No,0.0,No,0.0,No,0.0,Yes,1.0,No,0.0,No,0.0,No,0.0,No,0.0,Yes,1.0,Yes,1.0,No,0.0,No,0.0,No,0.0,No,0.0,No,0.0,No,0.0,No,0.0,No,0.0,No,0.0,No,0.0,No,0.0,No,0.0
681,Continental Aktiengesellschaft,,DE0005439004,Consumer Discretion,GERMANY,13.2,4.5,4,2,28,Yes,1.0,No,0.0,No,0.0,No,0.0,Partial,0.0,Yes,1.0,No,0.0,No,0.0,No,0.0,Yes,1.0,No,0.0,No,0.0,No,0.0,No,0.0,No,0.0,Yes,1.0,Partial,0.5,No,0.0,No,0.0,No,0.0,No,0.0,No,0.0,No,0.0,No,0.0,No,0.0,No,0.0,No,0.0,No,0.0,No,0.0,No,0.0,No,0.0,No,0.0,No,0.0,No,0.0
1011,"COPART, INC.",,US2172041061,Consumer Discretion,UNITED STATES,0.0,0.0,0,0,34,No,0.0,No,0.0,No,0.0,No,0.0,No,0.0,No,0.0,No,0.0,No,0.0,No,0.0,No,0.0,No,0.0,No,0.0,No,0.0,No,0.0,No,0.0,No,0.0,No,0.0,No,0.0,No,0.0,No,0.0,No,0.0,No,0.0,No,0.0,No,0.0,No,0.0,No,0.0,No,0.0,No,0.0,No,0.0,No,0.0,No,0.0,No,0.0,No,0.0,No,0.0
822,"COREBRIDGE FINANCIAL, INC.",,US21871X1090,Financials,UNITED STATES,20.6,7.0,7,0,27,No,0.0,No,0.0,No,0.0,No,0.0,Yes,1.0,Yes,1.0,No,0.0,Yes,1.0,No,0.0,Yes,1.0,No,0.0,No,0.0,No,0.0,No,0.0,No,0.0,No,0.0,No,0.0,No,0.0,No,0.0,Yes,1.0,No,0.0,No,0.0,No,0.0,No,0.0,No,0.0,No,0.0,No,0.0,No,0.0,No,0.0,No,0.0,Yes,1.0,No,0.0,Yes,1.0,No,0.0
2385,"COREWEAVE, INC.",,US21873S1087,Technology,UNITED STATES,10.3,3.5,3,1,30,No,0.0,No,0.0,Yes,1.0,No,0.0,No,0.0,Partial,0.5,No,0.0,Yes,1.0,No,0.0,No,0.0,No,0.0,No,0.0,No,0.0,No,0.0,No,0.0,No,0.0,No,0.0,No,0.0,No,0.0,No,0.0,No,0.0,No,0.0,No,0.0,No,0.0,No,0.0,No,0.0,No,0.0,Yes,1.0,No,0.0,No,0.0,No,0.0,No,0.0,No,0.0,No,0.0
411,CORNING INCORPORATED,,US2193501051,Technology,UNITED STATES,0.0,0.0,0,0,34,No,0.0,No,0.0,No,0.0,No,0.0,No,0.0,No,0.0,No,0.0,No,0.0,No,0.0,No,0.0,No,0.0,No,0.0,No,0.0,No,0.0,No,0.0,No,0.0,No,0.0,No,0.0,No,0.0,No,0.0,No,0.0,No,0.0,No,0.0,No,0.0,No,0.0,No,0.0,No,0.0,No,0.0,No,0.0,No,0.0,No,0.0,No,0.0,No,0.0,No,0.0
50,COROMANDEL INTERNATIONAL LIMITED,,INE169A01031,Basic Materials,INDIA,14.7,5.0,5,0,29,Yes,1.0,No,0.0,Yes,1.0,No,0.0,No,0.0,Yes,1.0,No,0.0,Yes,1.0,No,0.0,Yes,1.0,No,0.0,No,0.0,No,0.0,No,0.0,No,0.0,No,0.0,No,0.0,No,0.0,No,0.0,No,0.0,No,0.0,No,0.0,No,0.0,No,0.0,No,0.0,No,0.0,No,0.0,No,0.0,No,0.0,No,0.0,No,0.0,No,0.0,No,0.0,No,0.0
1741,"CORPAY, INC.",,US2199481068,Industrials,UNITED STATES,4.4,1.5,1,1,32,No,0.0,No,0.0,No,0.0,Yes,1.0,No,0.0,Partial,0.5,No,0.0,No,0.0,No,0.0,No,0.0,No,0.0,No,0.0,No,0.0,No,0.0,No,0.0,No,0.0,No,0.0,No,0.0,No,0.0,No,0.0,No,0.0,No,0.0,No,0.0,No,0.0,No,0.0,No,0.0,No,0.0,No,0.0,No,0.0,No,0.0,No,0.0,No,0.0,No,0.0,No,0.0
2211,"CORTEVA, INC.",,US22052L1044,Consumer Staples,UNITED STATES,5.9,2.0,2,0,32,No,0.0,No,0.0,No,0.0,No,0.0,No,0.0,Yes,1.0,No,0.0,No,0.0,No,0.0,Yes,1.0,No,0.0,No,0.0,No,0.0,No,0.0,No,0.0,No,0.0,No,0.0,No,0.0,No,0.0,No,0.0,No,0.0,No,0.0,No,0.0,No,0.0,No,0.0,No,0.0,No,0.0,No,0.0,No,0.0,No,0.0,No,0.0,No,0.0,No,0.0,No,0.0
980,"COSCO Shipping Energy Transportation Co., Ltd.",,CNE000001BD6,Industrials,CHINA,10.3,3.5,3,1,30,Yes,1.0,No,0.0,No,0.0,No,0.0,No,0.0,Partial,0.5,No,0.0,Yes,1.0,No,0.0,Yes,1.0,No,0.0,No,0.0,No,0.0,No,0.0,No,0.0,No,0.0,No,0.0,No,0.0,No,0.0,No,0.0,No,0.0,No,0.0,No,0.0,No,0.0,No,0.0,No,0.0,No,0.0,No,0.0,No,0.0,No,0.0,No,0.0,No,0.0,No,0.0,No,0.0
698,"COSCO SHIPPING Holdings Co., Ltd.",,CNE100000601,Industrials,CHINA,19.1,6.5,6,1,27,Yes,1.0,No,0.0,No,0.0,Partial,0.5,No,0.0,Yes,1.0,No,0.0,Yes,1.0,No,0.0,Yes,1.0,No,0.0,No,0.0,No,0.0,No,0.0,No,0.0,Yes,1.0,No,0.0,No,0.0,No,0.0,Yes,1.0,No,0.0,No,0.0,No,0.0,No,0.0,No,0.0,No,0.0,No,0.0,No,0.0,No,0.0,No,0.0,No,0.0,No,0.0,No,0.0,No,0.0
994,"COSTAR GROUP, INC.",,US22160N1090,Real Estate,UNITED STATES,11.8,4.0,4,0,30,No,0.0,No,0.0,No,0.0,No,0.0,Yes,1.0,No,0.0,No,0.0,No,0.0,No,0.0,No,0.0,Yes,1.0,No,0.0,Yes,1.0,No,0.0,No,0.0,No,0.0,No,0.0,No,0.0,No,0.0,No,0.0,No,0.0,No,0.0,No,0.0,No,0.0,No,0.0,No,0.0,No,0.0,No,0.0,No,0.0,No,0.0,Yes,1.0,No,0.0,No,0.0,No,0.0
32,COSTCO WHOLESALE CORPORATION,,US22160K1051,Consumer Discretion,UNITED STATES,7.4,2.5,2,1,31,Yes,1.0,No,0.0,No,0.0,No,0.0,No,0.0,Partial,0.5,No,0.0,No,0.0,No,0.0,Yes,1.0,No,0.0,No,0.0,No,0.0,No,0.0,No,0.0,No,0.0,No,0.0,No,0.0,No,0.0,No,0.0,No,0.0,No,0.0,No,0.0,No,0.0,No,0.0,No,0.0,No,0.0,No,0.0,No,0.0,No,0.0,No,0.0,No,0.0,No,0.0,No,0.0
121,COVIVIO SA,,FR0000064578,Real Estate,FRANCE,11.8,4.0,4,0,30,No,0.0,No,0.0,No,0.0,No,0.0,No,0.0,Yes,1.0,No,0.0,No,0.0,No,0.0,Yes,1.0,No,0.0,No,0.0,No,0.0,No,0.0,No,0.0,Yes,1.0,Yes,1.0,No,0.0,No,0.0,No,0.0,No,0.0,No,0.0,No,0.0,No,0.0,No,0.0,No,0.0,No,0.0,No,0.0,No,0.0,No,0.0,No,0.0,No,0.0,No,0.0,No,0.0
300,CP All Public Company Limited,,TH0737010Y08,Consumer Staples,THAILAND,8.8,3.0,3,0,31,Yes,1.0,No,0.0,Yes,1.0,No,0.0,No,0.0,Yes,1.0,No,0.0,No,0.0,No,0.0,No,0.0,No,0.0,No,0.0,No,0.0,No,0.0,No,0.0,No,0.0,No,0.0,No,0.0,No,0.0,No,0.0,No,0.0,No,0.0,No,0.0,No,0.0,No,0.0,No,0.0,No,0.0,No,0.0,No,0.0,No,0.0,No,0.0,No,0.0,No,0.0,No,0.0
607,CPFL ENERGIA S.A.,,BRCPFEACNOR0,Utilities,BRAZIL,8.8,3.0,2,2,30,No,0.0,No,0.0,No,0.0,No,0.0,No,0.0,Partial,0.5,Partial,0.5,Yes,1.0,No,0.0,Yes,1.0,No,0.0,No,0.0,No,0.0,No,0.0,No,0.0,No,0.0,No,0.0,No,0.0,No,0.0,No,0.0,No,0.0,No,0.0,No,0.0,No,0.0,No,0.0,No,0.0,No,0.0,No,0.0,No,0.0,No,0.0,No,0.0,No,0.0,No,0.0,No,0.0
243,CREDICORP LTD.,,BMG2519Y1084,Financials,UNITED STATES,33.8,11.5,11,2,21,Yes,1.0,No,0.0,No,0.0,No,0.0,No,0.0,Yes,1.0,No,0.0,Yes,1.0,No,0.0,Yes,1.0,No,0.0,No,0.0,Partial,0.5,No,0.0,No,0.0,Yes,1.0,Yes,1.0,Partial,0.0,Yes,1.0,No,0.0,Yes,1.0,Yes,1.0,Yes,1.0,No,0.0,Yes,1.0,No,0.0,No,0.0,No,0.0,No,0.0,No,0.0,No,0.0,No,0.0,No,0.0,No,0.0
109,CREDIT AGRICOLE SA,,FR0000045072,Financials,FRANCE,44.1,15.0,15,1,18,Yes,1.0,Yes,1.0,Yes,1.0,Yes,1.0,No,0.0,Yes,1.0,No,0.0,Yes,1.0,No,0.0,Yes,1.0,No,0.0,No,0.0,No,0.0,No,0.0,No,0.0,Yes,1.0,No,0.0,Yes,1.0,No,0.0,No,0.0,Yes,1.0,No,0.0,No,0.0,No,0.0,Yes,1.0,Yes,1.0,Yes,1.0,Partial,0.0,No,0.0,No,0.0,No,0.0,Yes,1.0,Yes,1.0,No,0.0
2332,Credo Technology Group Holding Ltd,,KYG254571055,Technology,UNITED STATES,0.0,0.0,0,0,34,No,0.0,No,0.0,No,0.0,No,0.0,No,0.0,No,0.0,No,0.0,No,0.0,No,0.0,No,0.0,No,0.0,No,0.0,No,0.0,No,0.0,No,0.0,No,0.0,No,0.0,No,0.0,No,0.0,No,0.0,No,0.0,No,0.0,No,0.0,No,0.0,No,0.0,No,0.0,No,0.0,No,0.0,No,0.0,No,0.0,No,0.0,No,0.0,No,0.0,No,0.0
110,CRH PUBLIC LIMITED COMPANY,,IE0001827041,Industrials,IRELAND,0.0,0.0,0,0,34,No,0.0,No,0.0,No,0.0,No,0.0,No,0.0,No,0.0,No,0.0,No,0.0,No,0.0,No,0.0,No,0.0,No,0.0,No,0.0,No,0.0,No,0.0,No,0.0,No,0.0,No,0.0,No,0.0,No,0.0,No,0.0,No,0.0,No,0.0,No,0.0,No,0.0,No,0.0,No,0.0,No,0.0,No,0.0,No,0.0,No,0.0,No,0.0,No,0.0,No,0.0
2210,"CROWDSTRIKE HOLDINGS, INC.",,US22788C1053,Technology,UNITED STATES,5.9,2.0,2,0,32,No,0.0,No,0.0,No,0.0,No,0.0,No,0.0,Yes,1.0,No,0.0,No,0.0,No,0.0,No,0.0,No,0.0,No,0.0,No,0.0,No,0.0,No,0.0,No,0.0,No,0.0,No,0.0,No,0.0,No,0.0,No,0.0,No,0.0,No,0.0,No,0.0,No,0.0,No,0.0,No,0.0,No,0.0,Yes,1.0,No,0.0,No,0.0,No,0.0,No,0.0,No,0.0
2027,CROWN CASTLE INC.,,US22822V1017,Real Estate,UNITED STATES,8.8,3.0,3,0,31,No,0.0,No,0.0,No,0.0,No,0.0,No,0.0,Yes,1.0,No,0.0,No,0.0,No,0.0,No,0.0,No,0.0,No,0.0,No,0.0,No,0.0,No,0.0,No,0.0,No,0.0,No,0.0,No,0.0,No,0.0,No,0.0,No,0.0,No,0.0,No,0.0,Yes,1.0,No,0.0,No,0.0,No,0.0,No,0.0,No,0.0,Yes,1.0,No,0.0,No,0.0,No,0.0
1739,CRRC Corporation Limited,,CNE100000CP9,Industrials,CHINA,0.0,0.0,0,0,34,No,0.0,No,0.0,No,0.0,No,0.0,No,0.0,No,0.0,No,0.0,No,0.0,No,0.0,No,0.0,No,0.0,No,0.0,No,0.0,No,0.0,No,0.0,No,0.0,No,0.0,No,0.0,No,0.0,No,0.0,No,0.0,No,0.0,No,0.0,No,0.0,No,0.0,No,0.0,No,0.0,No,0.0,No,0.0,No,0.0,No,0.0,No,0.0,No,0.0,No,0.0
2447,CSG NV,,NL0015073TS8,Industrials,CZECH REPUBLIC,0.0,0.0,0,0,34,No,0.0,No,0.0,No,0.0,No,0.0,No,0.0,No,0.0,No,0.0,No,0.0,No,0.0,No,0.0,No,0.0,No,0.0,No,0.0,No,0.0,No,0.0,No,0.0,No,0.0,No,0.0,No,0.0,No,0.0,No,0.0,No,0.0,No,0.0,No,0.0,No,0.0,No,0.0,No,0.0,No,0.0,No,0.0,No,0.0,No,0.0,No,0.0,No,0.0,No,0.0
2081,"CSI Solar Co., Ltd.",,CNE100006KH6,Energy,CHINA,2.9,1.0,1,0,33,No,0.0,No,0.0,No,0.0,No,0.0,No,0.0,No,0.0,No,0.0,No,0.0,No,0.0,Yes,1.0,No,0.0,No,0.0,No,0.0,No,0.0,No,0.0,No,0.0,No,0.0,No,0.0,No,0.0,No,0.0,No,0.0,No,0.0,No,0.0,No,0.0,No,0.0,No,0.0,No,0.0,No,0.0,No,0.0,No,0.0,No,0.0,No,0.0,No,0.0,No,0.0
737,CSL LIMITED,,AU000000CSL8,Health Care,AUSTRALIA,17.6,6.0,5,2,27,Yes,1.0,No,0.0,Yes,1.0,Yes,1.0,No,0.0,Partial,0.5,No,0.0,No,0.0,No,0.0,Partial,0.5,No,0.0,No,0.0,No,0.0,No,0.0,No,0.0,Yes,1.0,No,0.0,No,0.0,No,0.0,No,0.0,No,0.0,No,0.0,No,0.0,No,0.0,No,0.0,No,0.0,No,0.0,No,0.0,No,0.0,No,0.0,Yes,1.0,No,0.0,No,0.0,No,0.0
2201,CSPC Innovation Pharmaceutical Co Ltd,,CNE100003K04,Consumer Staples,CHINA,2.9,1.0,1,0,33,No,0.0,No,0.0,No,0.0,No,0.0,No,0.0,No,0.0,No,0.0,No,0.0,No,0.0,No,0.0,No,0.0,No,0.0,No,0.0,No,0.0,No,0.0,No,0.0,No,0.0,No,0.0,No,0.0,No,0.0,No,0.0,No,0.0,No,0.0,No,0.0,No,0.0,No,0.0,No,0.0,Yes,1.0,No,0.0,No,0.0,No,0.0,No,0.0,No,0.0,No,0.0
282,CSPC PHARMACEUTICAL GROUP LIMITED,,HK1093012172,Health Care,HONG KONG,17.6,6.0,6,0,28,Yes,1.0,No,0.0,Yes,1.0,No,0.0,No,0.0,Yes,1.0,No,0.0,Yes,1.0,No,0.0,Yes,1.0,No,0.0,No,0.0,No,0.0,No,0.0,No,0.0,No,0.0,No,0.0,No,0.0,No,0.0,No,0.0,No,0.0,No,0.0,No,0.0,No,0.0,No,0.0,No,0.0,No,0.0,Yes,1.0,No,0.0,No,0.0,No,0.0,No,0.0,No,0.0,No,0.0
9,CSX Corporation,,US1264081035,Industrials,UNITED STATES,14.7,5.0,5,0,29,No,0.0,No,0.0,No,0.0,No,0.0,No,0.0,Yes,1.0,No,0.0,Yes,1.0,No,0.0,Yes,1.0,No,0.0,No,0.0,No,0.0,No,0.0,No,0.0,No,0.0,No,0.0,No,0.0,No,0.0,No,0.0,No,0.0,No,0.0,No,0.0,No,0.0,No,0.0,No,0.0,No,0.0,No,0.0,No,0.0,No,0.0,Yes,1.0,No,0.0,Yes,1.0,No,0.0
986,"CTBC Financial Holding Co., Ltd.",,TW0002891009,Financials,TAIWAN,20.6,7.0,7,1,26,Yes,1.0,No,0.0,No,0.0,Yes,1.0,Partial,0.0,Yes,1.0,No,0.0,Yes,1.0,No,0.0,Yes,1.0,No,0.0,No,0.0,No,0.0,No,0.0,No,0.0,No,0.0,No,0.0,No,0.0,No,0.0,No,0.0,No,0.0,No,0.0,Yes,1.0,No,0.0,No,0.0,No,0.0,No,0.0,Yes,1.0,No,0.0,No,0.0,No,0.0,No,0.0,No,0.0,No,0.0
1998,CTS Eventim AG & Co. KGaA,,DE0005470306,Consumer Discretion,GERMANY,8.8,3.0,3,1,30,Yes,1.0,No,0.0,Yes,1.0,No,0.0,No,0.0,Yes,1.0,No,0.0,No,0.0,No,0.0,Partial,0.0,No,0.0,No,0.0,No,0.0,No,0.0,No,0.0,No,0.0,No,0.0,No,0.0,No,0.0,No,0.0,No,0.0,No,0.0,No,0.0,No,0.0,No,0.0,No,0.0,No,0.0,No,0.0,No,0.0,No,0.0,No,0.0,No,0.0,No,0.0,No,0.0
222,CUMMINS INC.,,US2310211063,Industrials,UNITED STATES,11.8,4.0,4,0,30,No,0.0,No,0.0,No,0.0,No,0.0,No,0.0,Yes,1.0,No,0.0,No,0.0,No,0.0,No,0.0,Yes,1.0,No,0.0,No,0.0,No,0.0,No,0.0,No,0.0,No,0.0,No,0.0,No,0.0,No,0.0,No,0.0,No,0.0,No,0.0,No,0.0,No,0.0,No,0.0,No,0.0,No,0.0,No,0.0,No,0.0,Yes,1.0,No,0.0,Yes,1.0,No,0.0
457,CUMMINS INDIA LIMITED,,INE298A01020,Industrials,INDIA,8.8,3.0,3,0,31,No,0.0,No,0.0,No,0.0,No,0.0,No,0.0,Yes,1.0,No,0.0,No,0.0,No,0.0,No,0.0,No,0.0,No,0.0,No,0.0,No,0.0,No,0.0,No,0.0,No,0.0,No,0.0,No,0.0,No,0.0,No,0.0,No,0.0,No,0.0,No,0.0,No,0.0,No,0.0,No,0.0,No,0.0,No,0.0,No,0.0,Yes,1.0,No,0.0,Yes,1.0,No,0.0
1014,CURTISS-WRIGHT CORPORATION,,US2315611010,Industrials,UNITED STATES,5.9,2.0,2,0,32,No,0.0,No,0.0,No,0.0,No,0.0,No,0.0,Yes,1.0,No,0.0,No,0.0,No,0.0,No,0.0,No,0.0,No,0.0,No,0.0,No,0.0,No,0.0,No,0.0,No,0.0,No,0.0,No,0.0,No,0.0,No,0.0,No,0.0,No,0.0,No,0.0,No,0.0,No,0.0,No,0.0,No,0.0,No,0.0,No,0.0,Yes,1.0,No,0.0,No,0.0,No,0.0
2404,CVC CAPITAL PARTNERS PLC,,JE00BRX98089,Financials,NETHERLANDS,17.6,6.0,6,0,28,No,0.0,No,0.0,No,0.0,No,0.0,Yes,1.0,Yes,1.0,No,0.0,No,0.0,No,0.0,No,0.0,Yes,1.0,No,0.0,No,0.0,No,0.0,No,0.0,Yes,1.0,No,0.0,Yes,1.0,No,0.0,Yes,1.0,No,0.0,No,0.0,No,0.0,No,0.0,No,0.0,No,0.0,No,0.0,No,0.0,No,0.0,No,0.0,No,0.0,No,0.0,No,0.0,No,0.0
948,CVS HEALTH CORPORATION,,US1266501006,Consumer Staples,UNITED STATES,14.7,5.0,5,1,28,No,0.0,No,0.0,No,0.0,No,0.0,Partial,0.0,Yes,1.0,No,0.0,Yes,1.0,No,0.0,Yes,1.0,Yes,1.0,No,0.0,No,0.0,No,0.0,No,0.0,No,0.0,No,0.0,No,0.0,No,0.0,No,0.0,No,0.0,No,0.0,No,0.0,No,0.0,No,0.0,No,0.0,No,0.0,No,0.0,No,0.0,No,0.0,Yes,1.0,No,0.0,No,0.0,No,0.0
1021,DABUR INDIA LIMITED,,INE016A01026,Consumer Staples,INDIA,2.9,1.0,1,0,33,No,0.0,No,0.0,No,0.0,No,0.0,No,0.0,Yes,1.0,No,0.0,No,0.0,No,0.0,No,0.0,No,0.0,No,0.0,No,0.0,No,0.0,No,0.0,No,0.0,No,0.0,No,0.0,No,0.0,No,0.0,No,0.0,No,0.0,No,0.0,No,0.0,No,0.0,No,0.0,No,0.0,No,0.0,No,0.0,No,0.0,No,0.0,No,0.0,No,0.0,No,0.0
284,"DAIFUKU CO., LTD.",,JP3497400006,Industrials,JAPAN,25.0,8.5,8,1,25,Yes,1.0,No,0.0,No,0.0,No,0.0,No,0.0,Yes,1.0,No,0.0,No,0.0,No,0.0,No,0.0,No,0.0,No,0.0,No,0.0,No,0.0,No,0.0,Yes,1.0,Yes,1.0,Partial,0.5,Yes,1.0,No,0.0,Yes,1.0,No,0.0,No,0.0,No,0.0,Yes,1.0,Yes,1.0,No,0.0,No,0.0,No,0.0,No,0.0,No,0.0,No,0.0,No,0.0,No,0.0
1681,"Daiichi Life Group, Inc.",,JP3476480003,Financials,JAPAN,35.3,12.0,12,1,21,Yes,1.0,No,0.0,Yes,1.0,Yes,1.0,Partial,0.0,Yes,1.0,No,0.0,Yes,1.0,No,0.0,Yes,1.0,No,0.0,No,0.0,Yes,1.0,Yes,1.0,No,0.0,Yes,1.0,No,0.0,Yes,1.0,No,0.0,No,0.0,Yes,1.0,No,0.0,No,0.0,No,0.0,No,0.0,No,0.0,No,0.0,Yes,1.0,No,0.0,No,0.0,No,0.0,No,0.0,No,0.0,No,0.0
1016,"DAIICHI SANKYO COMPANY, LIMITED",,JP3475350009,Health Care,JAPAN,2.9,1.0,1,0,33,No,0.0,No,0.0,No,0.0,No,0.0,No,0.0,No,0.0,No,0.0,No,0.0,No,0.0,No,0.0,Yes,1.0,No,0.0,No,0.0,No,0.0,No,0.0,No,0.0,No,0.0,No,0.0,No,0.0,No,0.0,No,0.0,No,0.0,No,0.0,No,0.0,No,0.0,No,0.0,No,0.0,No,0.0,No,0.0,No,0.0,No,0.0,No,0.0,No,0.0,No,0.0
1017,"DAIKIN INDUSTRIES,LTD.",,JP3481800005,Industrials,JAPAN,14.7,5.0,4,2,28,No,0.0,No,0.0,No,0.0,No,0.0,No,0.0,Yes,1.0,No,0.0,Yes,1.0,No,0.0,Partial,0.5,No,0.0,No,0.0,No,0.0,No,0.0,No,0.0,No,0.0,No,0.0,No,0.0,No,0.0,No,0.0,Yes,1.0,No,0.0,No,0.0,No,0.0,Yes,1.0,No,0.0,No,0.0,Partial,0.5,No,0.0,No,0.0,No,0.0,No,0.0,No,0.0,No,0.0
2328,Daimler Truck Holding AG,,DE000DTR0CK8,Industrials,GERMANY,29.4,10.0,10,1,23,Yes,1.0,No,0.0,No,0.0,No,0.0,Partial,0.0,Yes,1.0,No,0.0,Yes,1.0,No,0.0,Yes,1.0,No,0.0,No,0.0,No,0.0,No,0.0,No,0.0,Yes,1.0,Yes,1.0,Yes,1.0,No,0.0,No,0.0,No,0.0,No,0.0,No,0.0,No,0.0,Yes,1.0,Yes,1.0,No,0.0,Yes,1.0,No,0.0,No,0.0,No,0.0,No,0.0,No,0.0,No,0.0
1023,"Dai Nippon Printing Co., Ltd.",,JP3493800001,Industrials,JAPAN,22.1,7.5,4,7,23,Partial,0.5,No,0.0,No,0.0,Partial,0.5,No,0.0,Partial,0.5,No,0.0,Yes,1.0,No,0.0,Yes,1.0,No,0.0,No,0.0,No,0.0,No,0.0,No,0.0,Partial,0.5,Yes,1.0,Partial,0.5,Partial,0.5,Partial,0.5,No,0.0,No,0.0,No,0.0,No,0.0,Yes,1.0,No,0.0,No,0.0,No,0.0,No,0.0,No,0.0,No,0.0,No,0.0,No,0.0,No,0.0
51,"DAITO TRUST CONSTRUCTION CO.,LTD.",,JP3486800000,Real Estate,JAPAN,0.0,0.0,0,0,34,No,0.0,No,0.0,No,0.0,No,0.0,No,0.0,No,0.0,No,0.0,No,0.0,No,0.0,No,0.0,No,0.0,No,0.0,No,0.0,No,0.0,No,0.0,No,0.0,No,0.0,No,0.0,No,0.0,No,0.0,No,0.0,No,0.0,No,0.0,No,0.0,No,0.0,No,0.0,No,0.0,No,0.0,No,0.0,No,0.0,No,0.0,No,0.0,No,0.0,No,0.0
1018,"DAIWA HOUSE INDUSTRY CO., LTD.",,JP3505000004,Consumer Discretion,JAPAN,5.9,2.0,2,0,32,No,0.0,No,0.0,No,0.0,No,0.0,No,0.0,Yes,1.0,No,0.0,No,0.0,No,0.0,Yes,1.0,No,0.0,No,0.0,No,0.0,No,0.0,No,0.0,No,0.0,No,0.0,No,0.0,No,0.0,No,0.0,No,0.0,No,0.0,No,0.0,No,0.0,No,0.0,No,0.0,No,0.0,No,0.0,No,0.0,No,0.0,No,0.0,No,0.0,No,0.0,No,0.0
111,Daiwa Securities Group Inc.,,JP3502200003,Financials,JAPAN,35.3,12.0,12,0,22,Yes,1.0,No,0.0,Yes,1.0,No,0.0,Yes,1.0,Yes,1.0,No,0.0,No,0.0,No,0.0,No,0.0,Yes,1.0,No,0.0,No,0.0,Yes,1.0,No,0.0,Yes,1.0,Yes,1.0,Yes,1.0,Yes,1.0,Yes,1.0,No,0.0,No,0.0,No,0.0,No,0.0,No,0.0,No,0.0,No,0.0,Yes,1.0,No,0.0,No,0.0,No,0.0,No,0.0,No,0.0,No,0.0
98,DANAHER CORPORATION,,US2358511028,Health Care,UNITED STATES,11.8,4.0,4,0,30,No,0.0,No,0.0,No,0.0,No,0.0,No,0.0,No,0.0,No,0.0,No,0.0,No,0.0,No,0.0,Yes,1.0,Yes,1.0,Yes,1.0,No,0.0,No,0.0,No,0.0,No,0.0,No,0.0,No,0.0,No,0.0,No,0.0,No,0.0,No,0.0,No,0.0,No,0.0,No,0.0,No,0.0,No,0.0,No,0.0,No,0.0,Yes,1.0,No,0.0,No,0.0,No,0.0
1118,DANONE SA,,FR0000120644,Consumer Staples,FRANCE,35.3,12.0,12,0,22,Yes,1.0,No,0.0,No,0.0,No,0.0,Yes,1.0,Yes,1.0,No,0.0,Yes,1.0,No,0.0,Yes,1.0,No,0.0,No,0.0,No,0.0,Yes,1.0,No,0.0,Yes,1.0,Yes,1.0,Yes,1.0,No,0.0,No,0.0,No,0.0,No,0.0,No,0.0,No,0.0,Yes,1.0,Yes,1.0,No,0.0,Yes,1.0,No,0.0,No,0.0,No,0.0,No,0.0,No,0.0,No,0.0
302,DANSKE BANK A/S,,DK0010274414,Financials,DENMARK,8.8,3.0,3,2,29,No,0.0,No,0.0,No,0.0,Partial,0.0,Partial,0.0,Yes,1.0,No,0.0,No,0.0,No,0.0,No,0.0,No,0.0,No,0.0,No,0.0,No,0.0,No,0.0,Yes,1.0,Yes,1.0,No,0.0,No,0.0,No,0.0,No,0.0,No,0.0,No,0.0,No,0.0,No,0.0,No,0.0,No,0.0,No,0.0,No,0.0,No,0.0,No,0.0,No,0.0,No,0.0,No,0.0
509,"Daqin Railway Co., Ltd.",,CNE000001NG4,Industrials,CHINA,0.0,0.0,0,0,34,No,0.0,No,0.0,No,0.0,No,0.0,No,0.0,No,0.0,No,0.0,No,0.0,No,0.0,No,0.0,No,0.0,No,0.0,No,0.0,No,0.0,No,0.0,No,0.0,No,0.0,No,0.0,No,0.0,No,0.0,No,0.0,No,0.0,No,0.0,No,0.0,No,0.0,No,0.0,No,0.0,No,0.0,No,0.0,No,0.0,No,0.0,No,0.0,No,0.0,No,0.0
357,DAR AL ARKAN REAL ESTATE DEVELOPMENT COMPANY SJSC,,SA11U0S23612,Real Estate,SAUDI ARABIA,5.9,2.0,0,4,30,Partial,0.5,No,0.0,No,0.0,No,0.0,No,0.0,Partial,0.5,No,0.0,Partial,0.5,No,0.0,Partial,0.5,No,0.0,No,0.0,No,0.0,No,0.0,No,0.0,No,0.0,No,0.0,No,0.0,No,0.0,No,0.0,No,0.0,No,0.0,No,0.0,No,0.0,No,0.0,No,0.0,No,0.0,No,0.0,No,0.0,No,0.0,No,0.0,No,0.0,No,0.0,No,0.0
14,"DARDEN RESTAURANTS, INC.",,US2371941053,Consumer Discretion,UNITED STATES,2.9,1.0,1,0,33,No,0.0,No,0.0,No,0.0,No,0.0,No,0.0,No,0.0,No,0.0,No,0.0,No,0.0,No,0.0,No,0.0,No,0.0,No,0.0,No,0.0,No,0.0,No,0.0,No,0.0,No,0.0,No,0.0,No,0.0,No,0.0,No,0.0,No,0.0,No,0.0,No,0.0,No,0.0,No,0.0,No,0.0,No,0.0,No,0.0,Yes,1.0,No,0.0,No,0.0,No,0.0
224,DASSAULT AVIATION SA,,FR0014004L86,Industrials,FRANCE,11.8,4.0,4,0,30,No,0.0,No,0.0,No,0.0,No,0.0,Yes,1.0,Yes,1.0,No,0.0,No,0.0,No,0.0,Yes,1.0,No,0.0,No,0.0,No,0.0,No,0.0,No,0.0,No,0.0,No,0.0,No,0.0,No,0.0,Yes,1.0,No,0.0,No,0.0,No,0.0,No,0.0,No,0.0,No,0.0,No,0.0,No,0.0,No,0.0,No,0.0,No,0.0,No,0.0,No,0.0,No,0.0
1028,DASSAULT SYSTEMES SE,,FR0014003TT8,Technology,FRANCE,11.8,4.0,4,0,30,No,0.0,No,0.0,No,0.0,No,0.0,No,0.0,No,0.0,No,0.0,No,0.0,No,0.0,No,0.0,No,0.0,No,0.0,No,0.0,No,0.0,No,0.0,Yes,1.0,No,0.0,No,0.0,Yes,1.0,No,0.0,No,0.0,No,0.0,No,0.0,No,0.0,No,0.0,No,0.0,No,0.0,Yes,1.0,Yes,1.0,No,0.0,No,0.0,No,0.0,No,0.0,No,0.0
2226,"DATADOG, INC.",,US23804L1035,Technology,UNITED STATES,8.8,3.0,3,0,31,No,0.0,No,0.0,Yes,1.0,No,0.0,No,0.0,Yes,1.0,No,0.0,Yes,1.0,No,0.0,No,0.0,No,0.0,No,0.0,No,0.0,No,0.0,No,0.0,No,0.0,No,0.0,No,0.0,No,0.0,No,0.0,No,0.0,No,0.0,No,0.0,No,0.0,No,0.0,No,0.0,No,0.0,No,0.0,No,0.0,No,0.0,No,0.0,No,0.0,No,0.0,No,0.0
1029,"Datang International Power Generation Co., Ltd.",,CNE000001Q02,Utilities,CHINA,5.9,2.0,2,0,32,No,0.0,No,0.0,No,0.0,No,0.0,No,0.0,Yes,1.0,No,0.0,Yes,1.0,No,0.0,No,0.0,No,0.0,No,0.0,No,0.0,No,0.0,No,0.0,No,0.0,No,0.0,No,0.0,No,0.0,No,0.0,No,0.0,No,0.0,No,0.0,No,0.0,No,0.0,No,0.0,No,0.0,No,0.0,No,0.0,No,0.0,No,0.0,No,0.0,No,0.0,No,0.0
2260,Davide Campari-Milano N.V.,,NL0015435975,Consumer Staples,ITALY,5.9,2.0,2,1,31,No,0.0,No,0.0,No,0.0,No,0.0,No,0.0,Yes,1.0,No,0.0,No,0.0,No,0.0,Partial,0.0,No,0.0,No,0.0,No,0.0,No,0.0,No,0.0,Yes,1.0,No,0.0,No,0.0,No,0.0,No,0.0,No,0.0,No,0.0,No,0.0,No,0.0,No,0.0,No,0.0,No,0.0,No,0.0,No,0.0,No,0.0,No,0.0,No,0.0,No,0.0,No,0.0
511,"DB INSURANCE CO.,LTD",,KR7005830005,Financials,SOUTH KOREA,32.4,11.0,11,0,23,Yes,1.0,No,0.0,No,0.0,Yes,1.0,No,0.0,Yes,1.0,No,0.0,Yes,1.0,No,0.0,Yes,1.0,No,0.0,No,0.0,No,0.0,No,0.0,No,0.0,No,0.0,No,0.0,No,0.0,No,0.0,No,0.0,Yes,1.0,Yes,1.0,Yes,1.0,Yes,1.0,Yes,1.0,Yes,1.0,No,0.0,No,0.0,No,0.0,No,0.0,No,0.0,No,0.0,No,0.0,No,0.0
510,DBS GROUP HOLDINGS LTD,,SG1L01001701,Financials,SINGAPORE,55.9,19.0,19,0,15,Yes,1.0,Yes,1.0,No,0.0,Yes,1.0,No,0.0,Yes,1.0,Yes,1.0,Yes,1.0,No,0.0,Yes,1.0,Yes,1.0,No,0.0,No,0.0,Yes,1.0,No,0.0,Yes,1.0,Yes,1.0,Yes,1.0,No,0.0,No,0.0,Yes,1.0,Yes,1.0,Yes,1.0,Yes,1.0,Yes,1.0,Yes,1.0,No,0.0,No,0.0,No,0.0,Yes,1.0,No,0.0,No,0.0,No,0.0,No,0.0
690,DECKERS OUTDOOR CORPORATION,,US2435371073,Consumer Discretion,UNITED STATES,5.9,2.0,2,1,31,No,0.0,No,0.0,No,0.0,Partial,0.0,No,0.0,Yes,1.0,No,0.0,No,0.0,No,0.0,No,0.0,No,0.0,No,0.0,No,0.0,No,0.0,No,0.0,No,0.0,No,0.0,No,0.0,No,0.0,No,0.0,No,0.0,No,0.0,No,0.0,No,0.0,No,0.0,No,0.0,No,0.0,No,0.0,No,0.0,No,0.0,No,0.0,No,0.0,Yes,1.0,No,0.0
814,DEERE & COMPANY,,US2441991054,Industrials,UNITED STATES,20.6,7.0,7,0,27,No,0.0,No,0.0,No,0.0,Yes,1.0,No,0.0,Yes,1.0,No,0.0,Yes,1.0,No,0.0,Yes,1.0,Yes,1.0,No,0.0,No,0.0,No,0.0,No,0.0,No,0.0,No,0.0,No,0.0,No,0.0,No,0.0,No,0.0,No,0.0,No,0.0,No,0.0,No,0.0,No,0.0,No,0.0,No,0.0,No,0.0,No,0.0,Yes,1.0,No,0.0,Yes,1.0,No,0.0
2172,Delivery Hero SE,,DE000A2E4K43,Consumer Discretion,GERMANY,26.5,9.0,9,0,25,Yes,1.0,No,0.0,Yes,1.0,No,0.0,No,0.0,Yes,1.0,No,0.0,Yes,1.0,No,0.0,Yes,1.0,No,0.0,No,0.0,No,0.0,No,0.0,No,0.0,No,0.0,No,0.0,No,0.0,No,0.0,No,0.0,Yes,1.0,No,0.0,Yes,1.0,No,0.0,No,0.0,No,0.0,No,0.0,Yes,1.0,Yes,1.0,No,0.0,No,0.0,No,0.0,No,0.0,No,0.0
1974,DELL TECHNOLOGIES INC.,,US24703L2025,Technology,UNITED STATES,38.2,13.0,13,0,21,Yes,1.0,No,0.0,No,0.0,Yes,1.0,Yes,1.0,Yes,1.0,No,0.0,Yes,1.0,No,0.0,Yes,1.0,Yes,1.0,No,0.0,No,0.0,No,0.0,No,0.0,Yes,1.0,Yes,1.0,Yes,1.0,Yes,1.0,No,0.0,No,0.0,No,0.0,No,0.0,No,0.0,No,0.0,No,0.0,No,0.0,Yes,1.0,No,0.0,No,0.0,Yes,1.0,No,0.0,No,0.0,No,0.0
1032,"DELTA AIR LINES, INC.",,US2473617023,Consumer Discretion,UNITED STATES,32.4,11.0,11,1,22,No,0.0,No,0.0,No,0.0,Yes,1.0,Partial,0.0,Yes,1.0,No,0.0,Yes,1.0,No,0.0,Yes,1.0,Yes,1.0,No,0.0,No,0.0,Yes,1.0,No,0.0,Yes,1.0,Yes,1.0,Yes,1.0,No,0.0,No,0.0,Yes,1.0,No,0.0,Yes,1.0,No,0.0,No,0.0,No,0.0,No,0.0,No,0.0,No,0.0,No,0.0,No,0.0,No,0.0,No,0.0,No,0.0
514,"DELTA ELECTRONICS, INC.",,TW0002308004,Industrials,TAIWAN,11.8,4.0,4,0,30,No,0.0,No,0.0,No,0.0,No,0.0,No,0.0,Yes,1.0,No,0.0,No,0.0,No,0.0,No,0.0,No,0.0,No,0.0,No,0.0,No,0.0,No,0.0,Yes,1.0,No,0.0,No,0.0,No,0.0,No,0.0,No,0.0,No,0.0,No,0.0,No,0.0,Yes,1.0,Yes,1.0,No,0.0,No,0.0,No,0.0,No,0.0,No,0.0,No,0.0,No,0.0,No,0.0
512,Delta Electronics (Thailand) Public Company Limited,,TH0528A10Z06,Technology,THAILAND,38.2,13.0,13,0,21,Yes,1.0,No,0.0,No,0.0,No,0.0,Yes,1.0,Yes,1.0,No,0.0,Yes,1.0,No,0.0,Yes,1.0,Yes,1.0,No,0.0,No,0.0,Yes,1.0,No,0.0,Yes,1.0,Yes,1.0,Yes,1.0,No,0.0,No,0.0,No,0.0,No,0.0,No,0.0,No,0.0,Yes,1.0,Yes,1.0,No,0.0,No,0.0,No,0.0,No,0.0,Yes,1.0,No,0.0,No,0.0,No,0.0
155,Demant A/S,,DK0060738599,Health Care,DENMARK,2.9,1.0,0,3,31,No,0.0,No,0.0,No,0.0,No,0.0,Partial,0.0,Partial,0.5,No,0.0,No,0.0,No,0.0,Partial,0.5,No,0.0,No,0.0,No,0.0,No,0.0,No,0.0,No,0.0,No,0.0,No,0.0,No,0.0,No,0.0,No,0.0,No,0.0,No,0.0,No,0.0,No,0.0,No,0.0,No,0.0,No,0.0,No,0.0,No,0.0,No,0.0,No,0.0,No,0.0,No,0.0
1019,DENSO CORPORATION,,JP3551500006,Consumer Discretion,JAPAN,5.9,2.0,2,0,32,No,0.0,No,0.0,No,0.0,No,0.0,No,0.0,No,0.0,No,0.0,No,0.0,No,0.0,Yes,1.0,No,0.0,No,0.0,No,0.0,No,0.0,No,0.0,No,0.0,No,0.0,No,0.0,No,0.0,No,0.0,No,0.0,No,0.0,No,0.0,No,0.0,No,0.0,No,0.0,No,0.0,Yes,1.0,No,0.0,No,0.0,No,0.0,No,0.0,No,0.0,No,0.0
444,Deutsche Bank Aktiengesellschaft,,DE0005140008,Financials,GERMANY,29.4,10.0,10,0,24,Yes,1.0,No,0.0,No,0.0,Yes,1.0,No,0.0,Yes,1.0,No,0.0,No,0.0,No,0.0,No,0.0,Yes,1.0,No,0.0,No,0.0,Yes,1.0,No,0.0,No,0.0,No,0.0,Yes,1.0,No,0.0,No,0.0,No,0.0,No,0.0,No,0.0,No,0.0,Yes,1.0,No,0.0,No,0.0,Yes,1.0,No,0.0,No,0.0,Yes,1.0,No,0.0,Yes,1.0,No,0.0
1033,Deutsche Boerse Aktiengesellschaft,,DE0005810055,Financials,GERMANY,23.5,8.0,8,1,25,Yes,1.0,No,0.0,Yes,1.0,No,0.0,Partial,0.0,Yes,1.0,No,0.0,Yes,1.0,No,0.0,No,0.0,Yes,1.0,Yes,1.0,No,0.0,Yes,1.0,No,0.0,No,0.0,No,0.0,No,0.0,No,0.0,No,0.0,No,0.0,No,0.0,No,0.0,No,0.0,No,0.0,No,0.0,No,0.0,Yes,1.0,No,0.0,No,0.0,No,0.0,No,0.0,No,0.0,No,0.0
200,Deutsche Lufthansa Aktiengesellschaft,,DE0008232125,Consumer Discretion,GERMANY,11.8,4.0,4,1,29,No,0.0,No,0.0,No,0.0,Yes,1.0,Partial,0.0,Yes,1.0,No,0.0,Yes,1.0,No,0.0,Yes,1.0,No,0.0,No,0.0,No,0.0,No,0.0,No,0.0,No,0.0,No,0.0,No,0.0,No,0.0,No,0.0,No,0.0,No,0.0,No,0.0,No,0.0,No,0.0,No,0.0,No,0.0,No,0.0,No,0.0,No,0.0,No,0.0,No,0.0,No,0.0,No,0.0
1034,Deutsche Post AG,,DE0005552004,Industrials,GERMANY,8.8,3.0,3,0,31,No,0.0,No,0.0,No,0.0,No,0.0,No,0.0,No,0.0,No,0.0,No,0.0,No,0.0,No,0.0,Yes,1.0,No,0.0,No,0.0,No,0.0,No,0.0,No,0.0,No,0.0,No,0.0,No,0.0,No,0.0,No,0.0,No,0.0,No,0.0,No,0.0,Yes,1.0,No,0.0,No,0.0,No,0.0,No,0.0,No,0.0,Yes,1.0,No,0.0,No,0.0,No,0.0
1035,Deutsche Telekom AG,,DE0005557508,Telecommunications,GERMANY,45.6,15.5,15,1,18,Yes,1.0,No,0.0,No,0.0,Yes,1.0,No,0.0,Yes,1.0,No,0.0,Yes,1.0,No,0.0,Yes,1.0,Partial,0.5,No,0.0,No,0.0,No,0.0,No,0.0,Yes,1.0,Yes,1.0,Yes,1.0,Yes,1.0,Yes,1.0,Yes,1.0,No,0.0,No,0.0,No,0.0,Yes,1.0,No,0.0,No,0.0,Yes,1.0,Yes,1.0,No,0.0,Yes,1.0,No,0.0,No,0.0,No,0.0
1036,DEVON ENERGY CORPORATION,,US25179M1036,Energy,UNITED STATES,17.6,6.0,5,2,27,No,0.0,No,0.0,No,0.0,Yes,1.0,No,0.0,Yes,1.0,No,0.0,Partial,0.5,No,0.0,Partial,0.5,Yes,1.0,No,0.0,No,0.0,No,0.0,No,0.0,No,0.0,No,0.0,No,0.0,No,0.0,No,0.0,No,0.0,No,0.0,Yes,1.0,No,0.0,No,0.0,No,0.0,No,0.0,No,0.0,No,0.0,No,0.0,Yes,1.0,No,0.0,No,0.0,No,0.0
452,"DEXCOM, INC.",,US2521311074,Health Care,UNITED STATES,17.6,6.0,6,0,28,Yes,1.0,No,0.0,No,0.0,No,0.0,No,0.0,Yes,1.0,No,0.0,No,0.0,No,0.0,Yes,1.0,No,0.0,No,0.0,No,0.0,No,0.0,No,0.0,Yes,1.0,Yes,1.0,No,0.0,No,0.0,Yes,1.0,No,0.0,No,0.0,No,0.0,No,0.0,No,0.0,No,0.0,No,0.0,No,0.0,No,0.0,No,0.0,No,0.0,No,0.0,No,0.0,No,0.0
99,DIAGEO PLC,,GB0002374006,Consumer Staples,UNITED KINGDOM,14.7,5.0,5,0,29,No,0.0,No,0.0,Yes,1.0,No,0.0,No,0.0,Yes,1.0,Yes,1.0,Yes,1.0,No,0.0,Yes,1.0,No,0.0,No,0.0,No,0.0,No,0.0,No,0.0,No,0.0,No,0.0,No,0.0,No,0.0,No,0.0,No,0.0,No,0.0,No,0.0,No,0.0,No,0.0,No,0.0,No,0.0,No,0.0,No,0.0,No,0.0,No,0.0,No,0.0,No,0.0,No,0.0
1939,"DIAMONDBACK ENERGY, INC.",,US25278X1090,Energy,UNITED STATES,23.5,8.0,8,0,26,No,0.0,No,0.0,No,0.0,No,0.0,No,0.0,Yes,1.0,No,0.0,Yes,1.0,No,0.0,Yes,1.0,Yes,1.0,No,0.0,No,0.0,No,0.0,No,0.0,Yes,1.0,No,0.0,No,0.0,No,0.0,No,0.0,No,0.0,No,0.0,Yes,1.0,No,0.0,No,0.0,No,0.0,No,0.0,No,0.0,No,0.0,No,0.0,Yes,1.0,No,0.0,Yes,1.0,No,0.0
1037,"DICK'S SPORTING GOODS, INC.",,US2533931026,Consumer Discretion,UNITED STATES,13.2,4.5,4,1,29,No,0.0,No,0.0,No,0.0,Yes,1.0,No,0.0,No,0.0,No,0.0,No,0.0,No,0.0,No,0.0,Partial,0.5,No,0.0,No,0.0,No,0.0,No,0.0,No,0.0,No,0.0,No,0.0,No,0.0,Yes,1.0,No,0.0,No,0.0,No,0.0,No,0.0,No,0.0,No,0.0,No,0.0,No,0.0,No,0.0,No,0.0,Yes,1.0,No,0.0,Yes,1.0,No,0.0
769,D'IETEREN GROUP SA,,BE0974259880,Consumer Discretion,BELGIUM,17.6,6.0,6,1,27,Yes,1.0,No,0.0,No,0.0,No,0.0,Partial,0.0,Yes,1.0,No,0.0,No,0.0,No,0.0,No,0.0,No,0.0,No,0.0,No,0.0,No,0.0,No,0.0,Yes,1.0,Yes,1.0,Yes,1.0,Yes,1.0,No,0.0,No,0.0,No,0.0,No,0.0,No,0.0,No,0.0,No,0.0,No,0.0,No,0.0,No,0.0,No,0.0,No,0.0,No,0.0,No,0.0,No,0.0
1038,"DIGITAL REALTY TRUST, INC.",,US2538681030,Real Estate,UNITED STATES,20.6,7.0,7,0,27,No,0.0,No,0.0,Yes,1.0,No,0.0,No,0.0,Yes,1.0,No,0.0,Yes,1.0,No,0.0,No,0.0,Yes,1.0,No,0.0,No,0.0,No,0.0,No,0.0,No,0.0,No,0.0,No,0.0,No,0.0,No,0.0,Yes,1.0,No,0.0,Yes,1.0,No,0.0,No,0.0,No,0.0,No,0.0,No,0.0,No,0.0,No,0.0,Yes,1.0,No,0.0,No,0.0,No,0.0
2106,DINO POLSKA SPOLKA AKCYJNA,,PLDINPL00011,Consumer Staples,POLAND,0.0,0.0,0,0,34,No,0.0,No,0.0,No,0.0,No,0.0,No,0.0,No,0.0,No,0.0,No,0.0,No,0.0,No,0.0,No,0.0,No,0.0,No,0.0,No,0.0,No,0.0,No,0.0,No,0.0,No,0.0,No,0.0,No,0.0,No,0.0,No,0.0,No,0.0,No,0.0,No,0.0,No,0.0,No,0.0,No,0.0,No,0.0,No,0.0,No,0.0,No,0.0,No,0.0,No,0.0
722,DISCO CORPORATION,,JP3548600000,Technology,JAPAN,29.4,10.0,10,0,24,No,0.0,No,0.0,Yes,1.0,Yes,1.0,No,0.0,Yes,1.0,No,0.0,No,0.0,No,0.0,Yes,1.0,Yes,1.0,No,0.0,No,0.0,No,0.0,No,0.0,Yes,1.0,Yes,1.0,Yes,1.0,Yes,1.0,Yes,1.0,No,0.0,No,0.0,No,0.0,No,0.0,No,0.0,No,0.0,No,0.0,No,0.0,No,0.0,No,0.0,No,0.0,No,0.0,No,0.0,No,0.0
1039,DISCOVERY LIMITED,,ZAE000022331,Financials,SOUTH AFRICA,14.7,5.0,5,0,29,Yes,1.0,No,0.0,Yes,1.0,No,0.0,No,0.0,Yes,1.0,No,0.0,Yes,1.0,No,0.0,Yes,1.0,No,0.0,No,0.0,No,0.0,No,0.0,No,0.0,No,0.0,No,0.0,No,0.0,No,0.0,No,0.0,No,0.0,No,0.0,No,0.0,No,0.0,No,0.0,No,0.0,No,0.0,No,0.0,No,0.0,No,0.0,No,0.0,No,0.0,No,0.0,No,0.0
1040,Divi's Laboratories Ltd,,INE361B01024,Health Care,INDIA,0.0,0.0,0,0,34,No,0.0,No,0.0,No,0.0,No,0.0,No,0.0,No,0.0,No,0.0,No,0.0,No,0.0,No,0.0,No,0.0,No,0.0,No,0.0,No,0.0,No,0.0,No,0.0,No,0.0,No,0.0,No,0.0,No,0.0,No,0.0,No,0.0,No,0.0,No,0.0,No,0.0,No,0.0,No,0.0,No,0.0,No,0.0,No,0.0,No,0.0,No,0.0,No,0.0,No,0.0
2128,DIXON TECHNOLOGIES (INDIA) LIMITED,,INE935N01020,Consumer Discretion,INDIA,5.9,2.0,2,1,31,Yes,1.0,No,0.0,No,0.0,Partial,0.0,No,0.0,Yes,1.0,No,0.0,No,0.0,No,0.0,No,0.0,No,0.0,No,0.0,No,0.0,No,0.0,No,0.0,No,0.0,No,0.0,No,0.0,No,0.0,No,0.0,No,0.0,No,0.0,No,0.0,No,0.0,No,0.0,No,0.0,No,0.0,No,0.0,No,0.0,No,0.0,No,0.0,No,0.0,No,0.0,No,0.0
1020,DLF LIMITED,,INE271C01023,Real Estate,INDIA,0.0,0.0,0,0,34,No,0.0,No,0.0,No,0.0,No,0.0,No,0.0,No,0.0,No,0.0,No,0.0,No,0.0,No,0.0,No,0.0,No,0.0,No,0.0,No,0.0,No,0.0,No,0.0,No,0.0,No,0.0,No,0.0,No,0.0,No,0.0,No,0.0,No,0.0,No,0.0,No,0.0,No,0.0,No,0.0,No,0.0,No,0.0,No,0.0,No,0.0,No,0.0,No,0.0,No,0.0
1680,DNB BANK ASA,,NO0010161896,Financials,NORWAY,14.7,5.0,5,0,29,Yes,1.0,No,0.0,No,0.0,No,0.0,No,0.0,Yes,1.0,No,0.0,Yes,1.0,No,0.0,No,0.0,Yes,1.0,No,0.0,No,0.0,No,0.0,No,0.0,No,0.0,No,0.0,No,0.0,No,0.0,No,0.0,No,0.0,No,0.0,No,0.0,No,0.0,No,0.0,No,0.0,No,0.0,No,0.0,No,0.0,Yes,1.0,No,0.0,No,0.0,No,0.0,No,0.0
1789,DOLLARAMA INC.,,CA25675T1075,Consumer Discretion,CANADA,20.6,7.0,7,0,27,No,0.0,No,0.0,No,0.0,No,0.0,No,0.0,Yes,1.0,No,0.0,Yes,1.0,No,0.0,Yes,1.0,Yes,1.0,No,0.0,No,0.0,No,0.0,No,0.0,Yes,1.0,No,0.0,Yes,1.0,No,0.0,No,0.0,Yes,1.0,No,0.0,No,0.0,No,0.0,No,0.0,No,0.0,No,0.0,No,0.0,No,0.0,No,0.0,No,0.0,No,0.0,No,0.0,No,0.0
1737,DOLLAR GENERAL CORPORATION,,US2566771059,Consumer Discretion,UNITED STATES,8.8,3.0,2,2,30,No,0.0,No,0.0,No,0.0,No,0.0,No,0.0,Yes,1.0,No,0.0,No,0.0,No,0.0,No,0.0,Partial,0.5,No,0.0,Yes,1.0,No,0.0,No,0.0,No,0.0,No,0.0,No,0.0,No,0.0,No,0.0,No,0.0,No,0.0,No,0.0,No,0.0,No,0.0,No,0.0,No,0.0,No,0.0,No,0.0,No,0.0,Partial,0.5,No,0.0,No,0.0,No,0.0
454,"DOLLAR TREE, INC.",,US2567461080,Consumer Discretion,UNITED STATES,0.0,0.0,0,0,34,No,0.0,No,0.0,No,0.0,No,0.0,No,0.0,No,0.0,No,0.0,No,0.0,No,0.0,No,0.0,No,0.0,No,0.0,No,0.0,No,0.0,No,0.0,No,0.0,No,0.0,No,0.0,No,0.0,No,0.0,No,0.0,No,0.0,No,0.0,No,0.0,No,0.0,No,0.0,No,0.0,No,0.0,No,0.0,No,0.0,No,0.0,No,0.0,No,0.0,No,0.0
20,"Dominion Energy, Inc.",,US25746U1097,Utilities,UNITED STATES,11.8,4.0,4,0,30,Yes,1.0,No,0.0,No,0.0,No,0.0,No,0.0,No,0.0,No,0.0,No,0.0,No,0.0,No,0.0,Yes,1.0,No,0.0,No,0.0,No,0.0,No,0.0,Yes,1.0,Yes,1.0,No,0.0,No,0.0,No,0.0,No,0.0,No,0.0,No,0.0,No,0.0,No,0.0,No,0.0,No,0.0,No,0.0,No,0.0,No,0.0,No,0.0,No,0.0,No,0.0,No,0.0
409,"DOMINO'S PIZZA, INC.",,US25754A2015,Consumer Discretion,UNITED STATES,11.8,4.0,4,0,30,No,0.0,No,0.0,No,0.0,Yes,1.0,No,0.0,Yes,1.0,No,0.0,Yes,1.0,No,0.0,No,0.0,No,0.0,No,0.0,No,0.0,No,0.0,No,0.0,No,0.0,No,0.0,No,0.0,No,0.0,No,0.0,No,0.0,No,0.0,No,0.0,No,0.0,No,0.0,No,0.0,No,0.0,No,0.0,No,0.0,No,0.0,Yes,1.0,No,0.0,No,0.0,No,0.0
63,Dongfang Electric Corporation Limited,,CNE000000J28,Energy,CHINA,11.8,4.0,4,0,30,Yes,1.0,No,0.0,No,0.0,No,0.0,No,0.0,Yes,1.0,Yes,1.0,No,0.0,No,0.0,Yes,1.0,No,0.0,No,0.0,No,0.0,No,0.0,No,0.0,No,0.0,No,0.0,No,0.0,No,0.0,No,0.0,No,0.0,No,0.0,No,0.0,No,0.0,No,0.0,No,0.0,No,0.0,No,0.0,No,0.0,No,0.0,No,0.0,No,0.0,No,0.0,No,0.0
1758,Dongxing Securities Corporation Limited,,CNE100002177,Financials,CHINA,14.7,5.0,4,2,28,No,0.0,No,0.0,No,0.0,No,0.0,No,0.0,Yes,1.0,No,0.0,Yes,1.0,No,0.0,Partial,0.5,No,0.0,No,0.0,No,0.0,No,0.0,No,0.0,No,0.0,No,0.0,No,0.0,No,0.0,No,0.0,Yes,1.0,Partial,0.5,Yes,1.0,No,0.0,No,0.0,No,0.0,No,0.0,No,0.0,No,0.0,No,0.0,No,0.0,No,0.0,No,0.0,No,0.0
2286,"DOORDASH, INC.",,US25809K1051,Technology,UNITED STATES,20.6,7.0,7,0,27,No,0.0,No,0.0,No,0.0,No,0.0,No,0.0,Yes,1.0,No,0.0,Yes,1.0,No,0.0,Yes,1.0,No,0.0,No,0.0,No,0.0,No,0.0,No,0.0,No,0.0,No,0.0,No,0.0,No,0.0,No,0.0,Yes,1.0,No,0.0,Yes,1.0,No,0.0,No,0.0,No,0.0,No,0.0,No,0.0,No,0.0,No,0.0,Yes,1.0,No,0.0,Yes,1.0,No,0.0
301,Doosan Corporation,,KR7000150003,Industrials,SOUTH KOREA,20.6,7.0,7,0,27,Yes,1.0,No,0.0,Yes,1.0,Yes,1.0,No,0.0,Yes,1.0,No,0.0,No,0.0,No,0.0,Yes,1.0,No,0.0,No,0.0,No,0.0,No,0.0,No,0.0,No,0.0,No,0.0,No,0.0,No,0.0,No,0.0,No,0.0,No,0.0,No,0.0,No,0.0,Yes,1.0,No,0.0,No,0.0,Yes,1.0,No,0.0,No,0.0,No,0.0,No,0.0,No,0.0,No,0.0
1042,"DOOSAN ENERBILITY CO., LTD.",,KR7034020008,Industrials,SOUTH KOREA,10.3,3.5,3,1,30,Yes,1.0,No,0.0,Yes,1.0,No,0.0,No,0.0,Yes,1.0,No,0.0,No,0.0,No,0.0,No,0.0,Partial,0.5,No,0.0,No,0.0,No,0.0,No,0.0,No,0.0,No,0.0,No,0.0,No,0.0,No,0.0,No,0.0,No,0.0,No,0.0,No,0.0,No,0.0,No,0.0,No,0.0,No,0.0,No,0.0,No,0.0,No,0.0,No,0.0,No,0.0,No,0.0
2325,Dosilicon Co Ltd,,CNE1000055X6,Technology,CHINA,0.0,0.0,0,0,34,No,0.0,No,0.0,No,0.0,No,0.0,No,0.0,No,0.0,No,0.0,No,0.0,No,0.0,No,0.0,No,0.0,No,0.0,No,0.0,No,0.0,No,0.0,No,0.0,No,0.0,No,0.0,No,0.0,No,0.0,No,0.0,No,0.0,No,0.0,No,0.0,No,0.0,No,0.0,No,0.0,No,0.0,No,0.0,No,0.0,No,0.0,No,0.0,No,0.0,No,0.0
1043,DOVER CORPORATION,,US2600031080,Industrials,UNITED STATES,14.7,5.0,5,0,29,Yes,1.0,No,0.0,No,0.0,No,0.0,No,0.0,Yes,1.0,No,0.0,Yes,1.0,No,0.0,Yes,1.0,No,0.0,No,0.0,No,0.0,No,0.0,No,0.0,No,0.0,No,0.0,No,0.0,No,0.0,No,0.0,No,0.0,No,0.0,No,0.0,No,0.0,No,0.0,No,0.0,No,0.0,No,0.0,No,0.0,No,0.0,Yes,1.0,No,0.0,No,0.0,No,0.0
2204,DOW INC.,,US2605571031,Industrials,UNITED STATES,11.8,4.0,4,1,29,No,0.0,No,0.0,No,0.0,Yes,1.0,Partial,0.0,Yes,1.0,No,0.0,No,0.0,No,0.0,No,0.0,Yes,1.0,No,0.0,No,0.0,No,0.0,No,0.0,No,0.0,No,0.0,No,0.0,No,0.0,No,0.0,No,0.0,No,0.0,No,0.0,No,0.0,No,0.0,No,0.0,No,0.0,No,0.0,No,0.0,No,0.0,Yes,1.0,No,0.0,No,0.0,No,0.0
2341,DRAFTKINGS INC.,,US26142V1052,Consumer Discretion,UNITED STATES,17.6,6.0,6,0,28,No,0.0,No,0.0,Yes,1.0,Yes,1.0,No,0.0,Yes,1.0,No,0.0,Yes,1.0,No,0.0,Yes,1.0,No,0.0,No,0.0,No,0.0,No,0.0,Yes,1.0,No,0.0,No,0.0,No,0.0,No,0.0,No,0.0,No,0.0,No,0.0,No,0.0,No,0.0,No,0.0,No,0.0,No,0.0,No,0.0,No,0.0,No,0.0,No,0.0,No,0.0,No,0.0,No,0.0
1015,"D.R. HORTON, INC.",,US23331A1097,Consumer Discretion,UNITED STATES,11.8,4.0,4,0,30,No,0.0,No,0.0,No,0.0,No,0.0,No,0.0,Yes,1.0,No,0.0,Yes,1.0,No,0.0,Yes,1.0,No,0.0,No,0.0,No,0.0,No,0.0,No,0.0,No,0.0,No,0.0,No,0.0,No,0.0,No,0.0,No,0.0,No,0.0,No,0.0,No,0.0,No,0.0,No,0.0,No,0.0,No,0.0,No,0.0,No,0.0,Yes,1.0,No,0.0,No,0.0,No,0.0
1761,Dr. Ing. h.c. F. Porsche Aktiengesellschaft,,US23345V1070,Consumer Discretion,GERMANY,2.9,1.0,1,0,33,No,0.0,No,0.0,No,0.0,No,0.0,No,0.0,Yes,1.0,No,0.0,No,0.0,No,0.0,No,0.0,No,0.0,No,0.0,No,0.0,No,0.0,No,0.0,No,0.0,No,0.0,No,0.0,No,0.0,No,0.0,No,0.0,No,0.0,No,0.0,No,0.0,No,0.0,No,0.0,No,0.0,No,0.0,No,0.0,No,0.0,No,0.0,No,0.0,No,0.0,No,0.0
1044,DR.REDDY'S LABORATORIES LTD,,INE089A01031,Health Care,INDIA,41.2,14.0,12,5,17,Yes,1.0,No,0.0,Yes,1.0,Yes,1.0,Partial,0.0,Yes,1.0,Yes,1.0,Partial,0.5,No,0.0,Partial,0.5,Yes,1.0,No,0.0,No,0.0,No,0.0,No,0.0,Yes,1.0,No,0.0,Yes,1.0,No,0.0,No,0.0,Yes,1.0,Yes,1.0,Yes,1.0,No,0.0,No,0.0,No,0.0,No,0.0,Partial,0.5,No,0.0,No,0.0,Partial,0.5,No,0.0,Yes,1.0,No,0.0
1976,Dr Sulaiman Al Habib Medical Services Group Company SJSC,,SA1510P1UMH1,Health Care,SAUDI ARABIA,11.8,4.0,4,1,29,Yes,1.0,No,0.0,No,0.0,No,0.0,No,0.0,Yes,1.0,No,0.0,Yes,1.0,No,0.0,Yes,1.0,No,0.0,No,0.0,No,0.0,No,0.0,No,0.0,No,0.0,No,0.0,No,0.0,No,0.0,Partial,0.0,No,0.0,No,0.0,No,0.0,No,0.0,No,0.0,No,0.0,No,0.0,No,0.0,No,0.0,No,0.0,No,0.0,No,0.0,No,0.0,No,0.0
2377,DSM-Firmenich AG,,CH1216478797,Consumer Staples,NETHERLANDS,29.4,10.0,10,0,24,Yes,1.0,No,0.0,Yes,1.0,No,0.0,No,0.0,Yes,1.0,No,0.0,No,0.0,No,0.0,Yes,1.0,Yes,1.0,No,0.0,No,0.0,Yes,1.0,Yes,1.0,Yes,1.0,Yes,1.0,Yes,1.0,No,0.0,No,0.0,No,0.0,No,0.0,No,0.0,No,0.0,No,0.0,No,0.0,No,0.0,No,0.0,No,0.0,No,0.0,No,0.0,No,0.0,No,0.0,No,0.0
743,DSV A/S,,DK0060079531,Industrials,DENMARK,26.5,9.0,9,0,25,No,0.0,No,0.0,Yes,1.0,Yes,1.0,No,0.0,No,0.0,No,0.0,No,0.0,No,0.0,No,0.0,No,0.0,No,0.0,No,0.0,Yes,1.0,No,0.0,No,0.0,No,0.0,Yes,1.0,No,0.0,No,0.0,Yes,1.0,Yes,1.0,No,0.0,No,0.0,Yes,1.0,Yes,1.0,Yes,1.0,No,0.0,No,0.0,No,0.0,No,0.0,No,0.0,No,0.0,No,0.0
645,DTE ENERGY COMPANY,,US2333311072,Utilities,UNITED STATES,0.0,0.0,0,0,34,No,0.0,No,0.0,No,0.0,No,0.0,No,0.0,No,0.0,No,0.0,No,0.0,No,0.0,No,0.0,No,0.0,No,0.0,No,0.0,No,0.0,No,0.0,No,0.0,No,0.0,No,0.0,No,0.0,No,0.0,No,0.0,No,0.0,No,0.0,No,0.0,No,0.0,No,0.0,No,0.0,No,0.0,No,0.0,No,0.0,No,0.0,No,0.0,No,0.0,No,0.0
1722,Dubai Electricity and Water Authority PJSC,,AED001801011,Utilities,UNITED ARAB EMIRATES,11.8,4.0,4,1,29,Yes,1.0,No,0.0,No,0.0,No,0.0,No,0.0,Yes,1.0,Partial,0.0,No,0.0,No,0.0,Yes,1.0,No,0.0,No,0.0,Yes,1.0,No,0.0,No,0.0,No,0.0,No,0.0,No,0.0,No,0.0,No,0.0,No,0.0,No,0.0,No,0.0,No,0.0,No,0.0,No,0.0,No,0.0,No,0.0,No,0.0,No,0.0,No,0.0,No,0.0,No,0.0,No,0.0
118,Dubai Islamic Bank P.J.S.C.,,AED000201015,Financials,UNITED ARAB EMIRATES,29.4,10.0,9,2,23,Yes,1.0,No,0.0,No,0.0,Yes,1.0,No,0.0,Yes,1.0,No,0.0,Partial,0.5,No,0.0,Partial,0.5,No,0.0,No,0.0,No,0.0,No,0.0,No,0.0,No,0.0,No,0.0,Yes,1.0,No,0.0,No,0.0,Yes,1.0,Yes,1.0,Yes,1.0,No,0.0,Yes,1.0,No,0.0,No,0.0,Yes,1.0,No,0.0,No,0.0,No,0.0,No,0.0,No,0.0,No,0.0
493,DUKE ENERGY CORPORATION,,US26441C2044,Utilities,UNITED STATES,29.4,10.0,10,0,24,Yes,1.0,No,0.0,No,0.0,No,0.0,No,0.0,Yes,1.0,No,0.0,No,0.0,No,0.0,No,0.0,Yes,1.0,No,0.0,No,0.0,Yes,1.0,No,0.0,Yes,1.0,Yes,1.0,Yes,1.0,Yes,1.0,No,0.0,No,0.0,No,0.0,No,0.0,No,0.0,Yes,1.0,No,0.0,No,0.0,No,0.0,No,0.0,No,0.0,Yes,1.0,No,0.0,No,0.0,No,0.0
1752,Dukhan Bank Q.P.S.C,,QA000B982PM1,Financials,QATAR,8.8,3.0,2,2,30,Partial,0.5,No,0.0,No,0.0,No,0.0,No,0.0,Partial,0.5,No,0.0,Yes,1.0,No,0.0,Yes,1.0,No,0.0,No,0.0,No,0.0,No,0.0,No,0.0,No,0.0,No,0.0,No,0.0,No,0.0,No,0.0,No,0.0,No,0.0,No,0.0,No,0.0,No,0.0,No,0.0,No,0.0,No,0.0,No,0.0,No,0.0,No,0.0,No,0.0,No,0.0,No,0.0
2133,"DUPONT DE NEMOURS, INC.",,US26614N1028,Industrials,UNITED STATES,11.8,4.0,4,0,30,No,0.0,No,0.0,No,0.0,No,0.0,No,0.0,Yes,1.0,No,0.0,Yes,1.0,No,0.0,No,0.0,Yes,1.0,No,0.0,No,0.0,No,0.0,No,0.0,No,0.0,No,0.0,No,0.0,No,0.0,No,0.0,No,0.0,No,0.0,No,0.0,No,0.0,No,0.0,No,0.0,No,0.0,No,0.0,No,0.0,No,0.0,Yes,1.0,No,0.0,No,0.0,No,0.0
1053,Eastern Company SAE,,EGS37091C013,Consumer Staples,EGYPT,2.9,1.0,1,0,33,No,0.0,No,0.0,No,0.0,No,0.0,No,0.0,No,0.0,No,0.0,No,0.0,No,0.0,No,0.0,No,0.0,No,0.0,No,0.0,No,0.0,No,0.0,No,0.0,No,0.0,No,0.0,No,0.0,No,0.0,No,0.0,No,0.0,No,0.0,No,0.0,No,0.0,No,0.0,No,0.0,No,0.0,No,0.0,No,0.0,Yes,1.0,No,0.0,No,0.0,No,0.0
1052,East Japan Railway Company,,JP3783600004,Industrials,JAPAN,13.2,4.5,4,1,29,No,0.0,No,0.0,No,0.0,Yes,1.0,No,0.0,Yes,1.0,No,0.0,Yes,1.0,No,0.0,Partial,0.5,No,0.0,No,0.0,No,0.0,No,0.0,No,0.0,No,0.0,No,0.0,No,0.0,No,0.0,No,0.0,No,0.0,No,0.0,No,0.0,No,0.0,No,0.0,No,0.0,No,0.0,Yes,1.0,No,0.0,No,0.0,No,0.0,No,0.0,No,0.0,No,0.0
1810,"East Money Information Co., Ltd.",,CNE100000MD4,Financials,CHINA,11.8,4.0,4,0,30,Yes,1.0,No,0.0,Yes,1.0,No,0.0,No,0.0,Yes,1.0,No,0.0,Yes,1.0,No,0.0,No,0.0,No,0.0,No,0.0,No,0.0,No,0.0,No,0.0,No,0.0,No,0.0,No,0.0,No,0.0,No,0.0,No,0.0,No,0.0,No,0.0,No,0.0,No,0.0,No,0.0,No,0.0,No,0.0,No,0.0,No,0.0,No,0.0,No,0.0,No,0.0,No,0.0
2300,Eastroc Beverage (Group) Co Ltd,,CNE100005576,Consumer Staples,CHINA,2.9,1.0,1,0,33,No,0.0,No,0.0,No,0.0,No,0.0,No,0.0,Yes,1.0,No,0.0,No,0.0,No,0.0,No,0.0,No,0.0,No,0.0,No,0.0,No,0.0,No,0.0,No,0.0,No,0.0,No,0.0,No,0.0,No,0.0,No,0.0,No,0.0,No,0.0,No,0.0,No,0.0,No,0.0,No,0.0,No,0.0,No,0.0,No,0.0,No,0.0,No,0.0,No,0.0,No,0.0
1942,EATON CORPORATION PUBLIC LIMITED COMPANY,,IE00B8KQN827,Industrials,UNITED STATES,5.9,2.0,2,0,32,No,0.0,No,0.0,No,0.0,No,0.0,No,0.0,Yes,1.0,No,0.0,Yes,1.0,No,0.0,No,0.0,No,0.0,No,0.0,No,0.0,No,0.0,No,0.0,No,0.0,No,0.0,No,0.0,No,0.0,No,0.0,No,0.0,No,0.0,No,0.0,No,0.0,No,0.0,No,0.0,No,0.0,No,0.0,No,0.0,No,0.0,No,0.0,No,0.0,No,0.0,No,0.0
1048,EBARA CORPORATION,,JP3166000004,Industrials,JAPAN,5.9,2.0,2,1,31,No,0.0,No,0.0,No,0.0,No,0.0,No,0.0,Yes,1.0,No,0.0,No,0.0,No,0.0,Partial,0.0,No,0.0,No,0.0,No,0.0,No,0.0,No,0.0,No,0.0,No,0.0,No,0.0,No,0.0,No,0.0,Yes,1.0,No,0.0,No,0.0,No,0.0,No,0.0,No,0.0,No,0.0,No,0.0,No,0.0,No,0.0,No,0.0,No,0.0,No,0.0,No,0.0
1622,EBAY INC.,,US2786421030,Consumer Discretion,UNITED STATES,35.3,12.0,12,1,21,Yes,1.0,No,0.0,No,0.0,No,0.0,Partial,0.0,Yes,1.0,No,0.0,Yes,1.0,No,0.0,No,0.0,Yes,1.0,Yes,1.0,No,0.0,No,0.0,Yes,1.0,Yes,1.0,Yes,1.0,Yes,1.0,Yes,1.0,Yes,1.0,No,0.0,No,0.0,No,0.0,No,0.0,No,0.0,No,0.0,No,0.0,No,0.0,No,0.0,No,0.0,Yes,1.0,No,0.0,No,0.0,No,0.0
1054,ECHOSTAR CORPORATION,,US2787681061,Telecommunications,UNITED STATES,0.0,0.0,0,0,34,No,0.0,No,0.0,No,0.0,No,0.0,No,0.0,No,0.0,No,0.0,No,0.0,No,0.0,No,0.0,No,0.0,No,0.0,No,0.0,No,0.0,No,0.0,No,0.0,No,0.0,No,0.0,No,0.0,No,0.0,No,0.0,No,0.0,No,0.0,No,0.0,No,0.0,No,0.0,No,0.0,No,0.0,No,0.0,No,0.0,No,0.0,No,0.0,No,0.0,No,0.0
216,ECOLAB INC.,,US2788651006,Basic Materials,UNITED STATES,23.5,8.0,8,0,26,Yes,1.0,No,0.0,Yes,1.0,No,0.0,No,0.0,Yes,1.0,No,0.0,Yes,1.0,No,0.0,Yes,1.0,No,0.0,No,0.0,No,0.0,No,0.0,No,0.0,No,0.0,No,0.0,No,0.0,No,0.0,No,0.0,Yes,1.0,No,0.0,No,0.0,No,0.0,No,0.0,No,0.0,No,0.0,Yes,1.0,No,0.0,No,0.0,Yes,1.0,No,0.0,No,0.0,No,0.0
2089,"ECOPRO BM CO.,LTD.",,KR7247540008,Industrials,SOUTH KOREA,17.6,6.0,6,0,28,Yes,1.0,Yes,1.0,Yes,1.0,No,0.0,No,0.0,Yes,1.0,No,0.0,No,0.0,No,0.0,Yes,1.0,No,0.0,No,0.0,No,0.0,No,0.0,No,0.0,No,0.0,No,0.0,No,0.0,No,0.0,No,0.0,Yes,1.0,No,0.0,No,0.0,No,0.0,No,0.0,No,0.0,No,0.0,No,0.0,No,0.0,No,0.0,No,0.0,No,0.0,No,0.0,No,0.0
1049,"ECOPRO CO.,LTD",,KR7086520004,Basic Materials,SOUTH KOREA,29.4,10.0,9,2,23,Yes,1.0,Yes,1.0,Yes,1.0,No,0.0,No,0.0,Partial,0.5,No,0.0,No,0.0,No,0.0,Yes,1.0,No,0.0,No,0.0,Yes,1.0,No,0.0,No,0.0,Yes,1.0,No,0.0,No,0.0,No,0.0,No,0.0,Yes,1.0,Yes,1.0,Yes,1.0,No,0.0,Partial,0.5,No,0.0,No,0.0,No,0.0,No,0.0,No,0.0,No,0.0,No,0.0,No,0.0,No,0.0
2161,"Ecovacs Robotics Co., Ltd.",,CNE1000031N8,Consumer Discretion,CHINA,8.8,3.0,2,2,30,No,0.0,No,0.0,No,0.0,No,0.0,No,0.0,Yes,1.0,No,0.0,Partial,0.5,No,0.0,Partial,0.5,No,0.0,No,0.0,No,0.0,No,0.0,No,0.0,No,0.0,No,0.0,No,0.0,No,0.0,No,0.0,No,0.0,No,0.0,No,0.0,No,0.0,No,0.0,No,0.0,No,0.0,No,0.0,No,0.0,No,0.0,No,0.0,No,0.0,No,0.0,Yes,1.0
414,EDISON INTERNATIONAL,,US2810201077,Utilities,UNITED STATES,14.7,5.0,5,0,29,No,0.0,No,0.0,No,0.0,No,0.0,No,0.0,Yes,1.0,No,0.0,Yes,1.0,No,0.0,Yes,1.0,Yes,1.0,No,0.0,No,0.0,No,0.0,No,0.0,No,0.0,No,0.0,No,0.0,No,0.0,No,0.0,No,0.0,No,0.0,No,0.0,No,0.0,No,0.0,No,0.0,No,0.0,No,0.0,No,0.0,No,0.0,Yes,1.0,No,0.0,No,0.0,No,0.0
1736,"EDP Renovaveis, S.A.",,ES0127797019,Utilities,SPAIN,47.1,16.0,14,4,16,Yes,1.0,No,0.0,No,0.0,Yes,1.0,Yes,1.0,Yes,1.0,No,0.0,Yes,1.0,No,0.0,Yes,1.0,No,0.0,No,0.0,No,0.0,Partial,0.5,Yes,1.0,Partial,0.5,Partial,0.5,Partial,0.5,Yes,1.0,Yes,1.0,Yes,1.0,Yes,1.0,No,0.0,No,0.0,Yes,1.0,Yes,1.0,Yes,1.0,No,0.0,No,0.0,No,0.0,No,0.0,No,0.0,No,0.0,No,0.0
679,"EDP, S.A.",,PTEDP0AM0009,Utilities,PORTUGAL,51.5,17.5,17,1,16,Yes,1.0,No,0.0,No,0.0,Yes,1.0,Yes,1.0,Yes,1.0,No,0.0,No,0.0,No,0.0,Yes,1.0,Yes,1.0,No,0.0,No,0.0,Partial,0.5,Yes,1.0,Yes,1.0,Yes,1.0,Yes,1.0,Yes,1.0,Yes,1.0,Yes,1.0,Yes,1.0,No,0.0,No,0.0,Yes,1.0,No,0.0,Yes,1.0,Yes,1.0,No,0.0,No,0.0,No,0.0,No,0.0,No,0.0,No,0.0
1055,EDWARDS LIFESCIENCES CORPORATION,,US28176E1082,Health Care,UNITED STATES,11.8,4.0,4,0,30,No,0.0,No,0.0,No,0.0,No,0.0,No,0.0,No,0.0,No,0.0,No,0.0,No,0.0,No,0.0,Yes,1.0,Yes,1.0,No,0.0,No,0.0,No,0.0,Yes,1.0,No,0.0,No,0.0,No,0.0,No,0.0,No,0.0,No,0.0,No,0.0,No,0.0,No,0.0,No,0.0,No,0.0,No,0.0,No,0.0,No,0.0,Yes,1.0,No,0.0,No,0.0,No,0.0
1056,EICHER MOTORS LIMITED,,INE066A01021,Consumer Discretion,INDIA,0.0,0.0,0,0,34,No,0.0,No,0.0,No,0.0,No,0.0,No,0.0,No,0.0,No,0.0,No,0.0,No,0.0,No,0.0,No,0.0,No,0.0,No,0.0,No,0.0,No,0.0,No,0.0,No,0.0,No,0.0,No,0.0,No,0.0,No,0.0,No,0.0,No,0.0,No,0.0,No,0.0,No,0.0,No,0.0,No,0.0,No,0.0,No,0.0,No,0.0,No,0.0,No,0.0,No,0.0
519,EIFFAGE SA,,FR0000130452,Industrials,FRANCE,11.8,4.0,4,0,30,Yes,1.0,No,0.0,Yes,1.0,No,0.0,No,0.0,Yes,1.0,No,0.0,Yes,1.0,No,0.0,No,0.0,No,0.0,No,0.0,No,0.0,No,0.0,No,0.0,No,0.0,No,0.0,No,0.0,No,0.0,No,0.0,No,0.0,No,0.0,No,0.0,No,0.0,No,0.0,No,0.0,No,0.0,No,0.0,No,0.0,No,0.0,No,0.0,No,0.0,No,0.0,No,0.0
793,E INK HOLDINGS INC.,,TW0008069006,Technology,TAIWAN,0.0,0.0,0,0,34,No,0.0,No,0.0,No,0.0,No,0.0,No,0.0,No,0.0,No,0.0,No,0.0,No,0.0,No,0.0,No,0.0,No,0.0,No,0.0,No,0.0,No,0.0,No,0.0,No,0.0,No,0.0,No,0.0,No,0.0,No,0.0,No,0.0,No,0.0,No,0.0,No,0.0,No,0.0,No,0.0,No,0.0,No,0.0,No,0.0,No,0.0,No,0.0,No,0.0,No,0.0
267,"Eisai Co., Ltd.",,JP3160400002,Health Care,JAPAN,17.6,6.0,6,0,28,No,0.0,No,0.0,No,0.0,No,0.0,No,0.0,Yes,1.0,No,0.0,Yes,1.0,No,0.0,Yes,1.0,No,0.0,No,0.0,No,0.0,Yes,1.0,No,0.0,No,0.0,No,0.0,Yes,1.0,No,0.0,No,0.0,Yes,1.0,No,0.0,No,0.0,No,0.0,No,0.0,No,0.0,No,0.0,No,0.0,No,0.0,No,0.0,No,0.0,No,0.0,No,0.0,No,0.0
1057,ELBIT SYSTEMS LTD,,IL0010811243,Industrials,ISRAEL,38.2,13.0,13,1,20,Yes,1.0,No,0.0,Yes,1.0,Yes,1.0,No,0.0,Yes,1.0,No,0.0,Yes,1.0,No,0.0,Yes,1.0,No,0.0,No,0.0,No,0.0,No,0.0,No,0.0,Yes,1.0,Yes,1.0,No,0.0,No,0.0,Partial,0.0,No,0.0,No,0.0,No,0.0,No,0.0,Yes,1.0,Yes,1.0,No,0.0,Yes,1.0,No,0.0,No,0.0,Yes,1.0,No,0.0,Yes,1.0,No,0.0
1058,ELECTRONIC ARTS INC.,,US2855121099,Consumer Discretion,UNITED STATES,14.7,5.0,5,0,29,Yes,1.0,No,0.0,No,0.0,No,0.0,No,0.0,Yes,1.0,No,0.0,No,0.0,No,0.0,No,0.0,Yes,1.0,No,0.0,No,0.0,No,0.0,No,0.0,No,0.0,No,0.0,No,0.0,No,0.0,No,0.0,Yes,1.0,No,0.0,No,0.0,No,0.0,No,0.0,No,0.0,No,0.0,No,0.0,No,0.0,No,0.0,Yes,1.0,No,0.0,No,0.0,No,0.0
1913,Element Fleet Management Corp.,,CA2861812014,Industrials,CANADA,14.7,5.0,5,0,29,Yes,1.0,No,0.0,No,0.0,No,0.0,No,0.0,Yes,1.0,No,0.0,No,0.0,No,0.0,No,0.0,Yes,1.0,No,0.0,No,0.0,No,0.0,No,0.0,No,0.0,No,0.0,No,0.0,No,0.0,No,0.0,No,0.0,No,0.0,No,0.0,No,0.0,No,0.0,No,0.0,No,0.0,No,0.0,No,0.0,No,0.0,Yes,1.0,No,0.0,Yes,1.0,No,0.0
182,"ELEVANCE HEALTH, INC.",,US0367521038,Health Care,UNITED STATES,36.8,12.5,12,2,20,Yes,1.0,No,0.0,No,0.0,No,0.0,Partial,0.0,Yes,1.0,No,0.0,No,0.0,No,0.0,No,0.0,Yes,1.0,No,0.0,No,0.0,Yes,1.0,Yes,1.0,Yes,1.0,Yes,1.0,Partial,0.5,Yes,1.0,Yes,1.0,Yes,1.0,No,0.0,No,0.0,No,0.0,No,0.0,No,0.0,No,0.0,No,0.0,No,0.0,Yes,1.0,Yes,1.0,No,0.0,No,0.0,No,0.0
1060,ELIA GROUP SA,,BE0003822393,Utilities,BELGIUM,2.9,1.0,1,1,32,No,0.0,No,0.0,No,0.0,No,0.0,No,0.0,Yes,1.0,No,0.0,No,0.0,No,0.0,Partial,0.0,No,0.0,No,0.0,No,0.0,No,0.0,No,0.0,No,0.0,No,0.0,No,0.0,No,0.0,No,0.0,No,0.0,No,0.0,No,0.0,No,0.0,No,0.0,No,0.0,No,0.0,No,0.0,No,0.0,No,0.0,No,0.0,No,0.0,No,0.0,No,0.0
1059,ELI LILLY AND COMPANY,,US5324571083,Health Care,UNITED STATES,8.8,3.0,3,1,30,No,0.0,No,0.0,No,0.0,No,0.0,Partial,0.0,Yes,1.0,No,0.0,No,0.0,No,0.0,No,0.0,No,0.0,No,0.0,No,0.0,No,0.0,No,0.0,No,0.0,No,0.0,No,0.0,No,0.0,No,0.0,No,0.0,No,0.0,No,0.0,No,0.0,No,0.0,No,0.0,No,0.0,No,0.0,No,0.0,No,0.0,Yes,1.0,No,0.0,Yes,1.0,No,0.0
1061,Elisa Oyj,,FI0009007884,Telecommunications,FINLAND,38.2,13.0,13,0,21,Yes,1.0,No,0.0,Yes,1.0,No,0.0,Yes,1.0,Yes,1.0,No,0.0,Yes,1.0,No,0.0,Yes,1.0,No,0.0,No,0.0,No,0.0,No,0.0,No,0.0,Yes,1.0,Yes,1.0,No,0.0,Yes,1.0,Yes,1.0,Yes,1.0,No,0.0,No,0.0,No,0.0,No,0.0,No,0.0,No,0.0,Yes,1.0,Yes,1.0,No,0.0,No,0.0,No,0.0,No,0.0,No,0.0
1062,"ELITE MATERIAL CO., LTD.",,TW0002383007,Technology,TAIWAN,0.0,0.0,0,0,34,No,0.0,No,0.0,No,0.0,No,0.0,No,0.0,No,0.0,No,0.0,No,0.0,No,0.0,No,0.0,No,0.0,No,0.0,No,0.0,No,0.0,No,0.0,No,0.0,No,0.0,No,0.0,No,0.0,No,0.0,No,0.0,No,0.0,No,0.0,No,0.0,No,0.0,No,0.0,No,0.0,No,0.0,No,0.0,No,0.0,No,0.0,No,0.0,No,0.0,No,0.0
2335,ELM COMPANY SJSC,,SA15GG53GHH3,Technology,SAUDI ARABIA,4.4,1.5,1,2,31,No,0.0,No,0.0,No,0.0,Partial,0.0,No,0.0,Yes,1.0,No,0.0,No,0.0,No,0.0,No,0.0,No,0.0,No,0.0,No,0.0,No,0.0,No,0.0,No,0.0,No,0.0,No,0.0,No,0.0,No,0.0,No,0.0,No,0.0,No,0.0,No,0.0,No,0.0,No,0.0,No,0.0,Partial,0.5,No,0.0,No,0.0,No,0.0,No,0.0,No,0.0,No,0.0
2135,Emaar Development PJSC,,AEE001901017,Real Estate,UNITED ARAB EMIRATES,0.0,0.0,0,0,34,No,0.0,No,0.0,No,0.0,No,0.0,No,0.0,No,0.0,No,0.0,No,0.0,No,0.0,No,0.0,No,0.0,No,0.0,No,0.0,No,0.0,No,0.0,No,0.0,No,0.0,No,0.0,No,0.0,No,0.0,No,0.0,No,0.0,No,0.0,No,0.0,No,0.0,No,0.0,No,0.0,No,0.0,No,0.0,No,0.0,No,0.0,No,0.0,No,0.0,No,0.0
1063,EMAAR PROPERTIES (P.J.S.C),,AEE000301011,Real Estate,UNITED ARAB EMIRATES,17.6,6.0,6,0,28,Yes,1.0,No,0.0,No,0.0,No,0.0,No,0.0,Yes,1.0,No,0.0,Yes,1.0,No,0.0,Yes,1.0,No,0.0,No,0.0,No,0.0,No,0.0,No,0.0,No,0.0,No,0.0,No,0.0,No,0.0,No,0.0,Yes,1.0,No,0.0,No,0.0,No,0.0,Yes,1.0,No,0.0,No,0.0,No,0.0,No,0.0,No,0.0,No,0.0,No,0.0,No,0.0,No,0.0
751,EMBRAER S.A.,,BREMBJACNOR1,Industrials,BRAZIL,2.9,1.0,1,0,33,No,0.0,No,0.0,No,0.0,No,0.0,No,0.0,Yes,1.0,No,0.0,No,0.0,No,0.0,No,0.0,No,0.0,No,0.0,No,0.0,No,0.0,No,0.0,No,0.0,No,0.0,No,0.0,No,0.0,No,0.0,No,0.0,No,0.0,No,0.0,No,0.0,No,0.0,No,0.0,No,0.0,No,0.0,No,0.0,No,0.0,No,0.0,No,0.0,No,0.0,No,0.0
1050,"EMCOR GROUP, INC.",,US29084Q1004,Industrials,UNITED STATES,2.9,1.0,1,0,33,No,0.0,No,0.0,No,0.0,No,0.0,No,0.0,No,0.0,No,0.0,No,0.0,No,0.0,No,0.0,No,0.0,No,0.0,No,0.0,No,0.0,No,0.0,No,0.0,No,0.0,No,0.0,No,0.0,No,0.0,No,0.0,No,0.0,No,0.0,No,0.0,No,0.0,No,0.0,No,0.0,No,0.0,No,0.0,No,0.0,Yes,1.0,No,0.0,No,0.0,No,0.0
609,eMemory Technology Inc,,TW0003529004,Technology,TAIWAN,2.9,1.0,1,0,33,No,0.0,No,0.0,Yes,1.0,No,0.0,No,0.0,No,0.0,No,0.0,No,0.0,No,0.0,No,0.0,No,0.0,No,0.0,No,0.0,No,0.0,No,0.0,No,0.0,No,0.0,No,0.0,No,0.0,No,0.0,No,0.0,No,0.0,No,0.0,No,0.0,No,0.0,No,0.0,No,0.0,No,0.0,No,0.0,No,0.0,No,0.0,No,0.0,No,0.0,No,0.0
1064,EMERA INCORPORATED,,CA2908761018,Utilities,CANADA,14.7,5.0,5,0,29,Yes,1.0,No,0.0,No,0.0,No,0.0,No,0.0,Yes,1.0,No,0.0,No,0.0,No,0.0,No,0.0,Yes,1.0,No,0.0,No,0.0,No,0.0,No,0.0,No,0.0,No,0.0,No,0.0,No,0.0,No,0.0,No,0.0,No,0.0,No,0.0,No,0.0,No,0.0,No,0.0,No,0.0,No,0.0,No,0.0,No,0.0,Yes,1.0,No,0.0,Yes,1.0,No,0.0
1065,EMERSON ELECTRIC CO.,,US2910111044,Industrials,UNITED STATES,8.8,3.0,3,1,30,No,0.0,No,0.0,No,0.0,No,0.0,No,0.0,Yes,1.0,No,0.0,No,0.0,No,0.0,No,0.0,Partial,0.0,No,0.0,No,0.0,No,0.0,No,0.0,No,0.0,No,0.0,No,0.0,No,0.0,No,0.0,No,0.0,No,0.0,No,0.0,No,0.0,No,0.0,No,0.0,No,0.0,No,0.0,No,0.0,No,0.0,Yes,1.0,No,0.0,Yes,1.0,No,0.0
627,EMIRATES NBD BANK (P.J.S.C),,AEE000801010,Financials,UNITED ARAB EMIRATES,14.7,5.0,4,2,28,Yes,1.0,No,0.0,Yes,1.0,No,0.0,No,0.0,Partial,0.5,No,0.0,Yes,1.0,No,0.0,Partial,0.5,No,0.0,No,0.0,No,0.0,No,0.0,No,0.0,No,0.0,No,0.0,No,0.0,No,0.0,No,0.0,No,0.0,No,0.0,No,0.0,No,0.0,Yes,1.0,No,0.0,No,0.0,No,0.0,No,0.0,No,0.0,No,0.0,No,0.0,No,0.0,No,0.0
634,Emirates Telecommunications Group Company PJSC,,AEE000401019,Telecommunications,UNITED ARAB EMIRATES,38.2,13.0,13,0,21,Yes,1.0,No,0.0,Yes,1.0,No,0.0,No,0.0,Yes,1.0,No,0.0,Yes,1.0,No,0.0,Yes,1.0,Yes,1.0,No,0.0,No,0.0,No,0.0,No,0.0,Yes,1.0,No,0.0,Yes,1.0,No,0.0,No,0.0,Yes,1.0,No,0.0,Yes,1.0,No,0.0,Yes,1.0,No,0.0,No,0.0,Yes,1.0,Yes,1.0,No,0.0,No,0.0,No,0.0,No,0.0,No,0.0
1066,EMPIRE COMPANY LIMITED,,CA2918434077,Consumer Staples,CANADA,0.0,0.0,0,0,34,No,0.0,No,0.0,No,0.0,No,0.0,No,0.0,No,0.0,No,0.0,No,0.0,No,0.0,No,0.0,No,0.0,No,0.0,No,0.0,No,0.0,No,0.0,No,0.0,No,0.0,No,0.0,No,0.0,No,0.0,No,0.0,No,0.0,No,0.0,No,0.0,No,0.0,No,0.0,No,0.0,No,0.0,No,0.0,No,0.0,No,0.0,No,0.0,No,0.0,No,0.0
632,Empresas CMPC S.A.,,CL0000001314,Basic Materials,CHILE,14.7,5.0,5,0,29,No,0.0,No,0.0,Yes,1.0,No,0.0,No,0.0,Yes,1.0,No,0.0,Yes,1.0,No,0.0,Yes,1.0,No,0.0,No,0.0,No,0.0,No,0.0,No,0.0,No,0.0,No,0.0,No,0.0,No,0.0,No,0.0,No,0.0,No,0.0,Yes,1.0,No,0.0,No,0.0,No,0.0,No,0.0,No,0.0,No,0.0,No,0.0,No,0.0,No,0.0,No,0.0,No,0.0
1713,Empresas Copec S.A.,,CLP7847L1080,Energy,CHILE,2.9,1.0,1,0,33,No,0.0,No,0.0,No,0.0,No,0.0,No,0.0,No,0.0,No,0.0,No,0.0,No,0.0,No,0.0,Yes,1.0,No,0.0,No,0.0,No,0.0,No,0.0,No,0.0,No,0.0,No,0.0,No,0.0,No,0.0,No,0.0,No,0.0,No,0.0,No,0.0,No,0.0,No,0.0,No,0.0,No,0.0,No,0.0,No,0.0,No,0.0,No,0.0,No,0.0,No,0.0
2347,Empyrean Technology Co Ltd,,CNE100005GY1,Technology,CHINA,0.0,0.0,0,0,34,No,0.0,No,0.0,No,0.0,No,0.0,No,0.0,No,0.0,No,0.0,No,0.0,No,0.0,No,0.0,No,0.0,No,0.0,No,0.0,No,0.0,No,0.0,No,0.0,No,0.0,No,0.0,No,0.0,No,0.0,No,0.0,No,0.0,No,0.0,No,0.0,No,0.0,No,0.0,No,0.0,No,0.0,No,0.0,No,0.0,No,0.0,No,0.0,No,0.0,No,0.0
747,EMS-CHEMIE HOLDING AG,,CH0016440353,Basic Materials,SWITZERLAND,0.0,0.0,0,0,34,No,0.0,No,0.0,No,0.0,No,0.0,No,0.0,No,0.0,No,0.0,No,0.0,No,0.0,No,0.0,No,0.0,No,0.0,No,0.0,No,0.0,No,0.0,No,0.0,No,0.0,No,0.0,No,0.0,No,0.0,No,0.0,No,0.0,No,0.0,No,0.0,No,0.0,No,0.0,No,0.0,No,0.0,No,0.0,No,0.0,No,0.0,No,0.0,No,0.0,No,0.0
462,Enbridge Inc.,,CA29250N1050,Energy,CANADA,38.2,13.0,12,2,20,Yes,1.0,No,0.0,No,0.0,Yes,1.0,No,0.0,Yes,1.0,No,0.0,Yes,1.0,No,0.0,Yes,1.0,Partial,0.5,Partial,0.5,No,0.0,No,0.0,No,0.0,Yes,1.0,Yes,1.0,Yes,1.0,No,0.0,Yes,1.0,Yes,1.0,No,0.0,No,0.0,No,0.0,No,0.0,No,0.0,No,0.0,Yes,1.0,No,0.0,No,0.0,Yes,1.0,No,0.0,No,0.0,No,0.0
2306,ENDEAVOUR MINING PLC,,GB00BL6K5J42,Basic Materials,CANADA,11.8,4.0,4,0,30,Yes,1.0,No,0.0,No,0.0,No,0.0,No,0.0,Yes,1.0,No,0.0,Yes,1.0,No,0.0,Yes,1.0,No,0.0,No,0.0,No,0.0,No,0.0,No,0.0,No,0.0,No,0.0,No,0.0,No,0.0,No,0.0,No,0.0,No,0.0,No,0.0,No,0.0,No,0.0,No,0.0,No,0.0,No,0.0,No,0.0,No,0.0,No,0.0,No,0.0,No,0.0,No,0.0
1067,"Endesa, Sociedad Anonima",,ES0130670112,Utilities,SPAIN,0.0,0.0,0,0,34,No,0.0,No,0.0,No,0.0,No,0.0,No,0.0,No,0.0,No,0.0,No,0.0,No,0.0,No,0.0,No,0.0,No,0.0,No,0.0,No,0.0,No,0.0,No,0.0,No,0.0,No,0.0,No,0.0,No,0.0,No,0.0,No,0.0,No,0.0,No,0.0,No,0.0,No,0.0,No,0.0,No,0.0,No,0.0,No,0.0,No,0.0,No,0.0,No,0.0,No,0.0
2080,Enel Chile S.A.,,CL0002266774,Utilities,CHILE,0.0,0.0,0,0,34,No,0.0,No,0.0,No,0.0,No,0.0,No,0.0,No,0.0,No,0.0,No,0.0,No,0.0,No,0.0,No,0.0,No,0.0,No,0.0,No,0.0,No,0.0,No,0.0,No,0.0,No,0.0,No,0.0,No,0.0,No,0.0,No,0.0,No,0.0,No,0.0,No,0.0,No,0.0,No,0.0,No,0.0,No,0.0,No,0.0,No,0.0,No,0.0,No,0.0,No,0.0
750,ENEL - SPA,,IT0003128367,Utilities,ITALY,35.3,12.0,9,6,19,Yes,1.0,No,0.0,No,0.0,Yes,1.0,Yes,1.0,Yes,1.0,No,0.0,Yes,1.0,No,0.0,Yes,1.0,Partial,0.5,No,0.0,No,0.0,Yes,1.0,No,0.0,Partial,0.5,Partial,0.5,Partial,0.5,No,0.0,Yes,1.0,Yes,1.0,No,0.0,No,0.0,No,0.0,Partial,0.5,Partial,0.5,No,0.0,No,0.0,No,0.0,No,0.0,No,0.0,No,0.0,No,0.0,No,0.0
1812,"ENEOS Holdings, Inc.",,JP3386450005,Energy,JAPAN,16.2,5.5,3,5,26,Partial,0.5,No,0.0,Partial,0.5,No,0.0,No,0.0,Yes,1.0,No,0.0,Partial,0.5,No,0.0,Yes,1.0,No,0.0,No,0.0,No,0.0,No,0.0,No,0.0,No,0.0,No,0.0,No,0.0,No,0.0,No,0.0,No,0.0,No,0.0,No,0.0,No,0.0,Partial,0.5,Partial,0.5,No,0.0,Yes,1.0,No,0.0,No,0.0,No,0.0,No,0.0,No,0.0,No,0.0
810,Energisa S.A.,,BRENGIACNOR0,Utilities,BRAZIL,11.8,4.0,4,0,30,No,0.0,No,0.0,No,0.0,No,0.0,No,0.0,Yes,1.0,No,0.0,Yes,1.0,No,0.0,Yes,1.0,No,0.0,No,0.0,No,0.0,No,0.0,No,0.0,No,0.0,No,0.0,No,0.0,No,0.0,No,0.0,No,0.0,No,0.0,Yes,1.0,No,0.0,No,0.0,No,0.0,No,0.0,No,0.0,No,0.0,No,0.0,No,0.0,No,0.0,No,0.0,No,0.0
1271,Eneva S.A.,,BRENEVACNOR8,Utilities,BRAZIL,7.4,2.5,1,3,30,No,0.0,No,0.0,No,0.0,No,0.0,No,0.0,Partial,0.5,No,0.0,Partial,0.5,No,0.0,Partial,0.5,No,0.0,No,0.0,No,0.0,No,0.0,No,0.0,No,0.0,No,0.0,No,0.0,No,0.0,No,0.0,No,0.0,No,0.0,No,0.0,No,0.0,No,0.0,No,0.0,No,0.0,Yes,1.0,No,0.0,No,0.0,No,0.0,No,0.0,No,0.0,No,0.0
190,ENGIE Brasil Energia S.A.,,BREGIEACNOR9,Utilities,BRAZIL,2.9,1.0,1,0,33,No,0.0,No,0.0,No,0.0,No,0.0,No,0.0,Yes,1.0,No,0.0,No,0.0,No,0.0,No,0.0,No,0.0,No,0.0,No,0.0,No,0.0,No,0.0,No,0.0,No,0.0,No,0.0,No,0.0,No,0.0,No,0.0,No,0.0,No,0.0,No,0.0,No,0.0,No,0.0,No,0.0,No,0.0,No,0.0,No,0.0,No,0.0,No,0.0,No,0.0,No,0.0
1109,ENGIE SA,,FR0010208488,Utilities,FRANCE,11.8,4.0,4,1,29,Yes,1.0,No,0.0,No,0.0,No,0.0,Partial,0.0,Yes,1.0,No,0.0,No,0.0,No,0.0,Yes,1.0,Yes,1.0,No,0.0,No,0.0,No,0.0,No,0.0,No,0.0,No,0.0,No,0.0,No,0.0,No,0.0,No,0.0,No,0.0,No,0.0,No,0.0,No,0.0,No,0.0,No,0.0,No,0.0,No,0.0,No,0.0,No,0.0,No,0.0,No,0.0,No,0.0
1051,ENI S.P.A.,,IT0003132476,Energy,ITALY,22.1,7.5,7,2,25,Partial,0.5,No,0.0,No,0.0,Partial,0.0,Yes,1.0,Yes,1.0,No,0.0,Yes,1.0,No,0.0,Yes,1.0,Yes,1.0,No,0.0,No,0.0,No,0.0,No,0.0,No,0.0,Yes,1.0,No,0.0,No,0.0,No,0.0,No,0.0,No,0.0,No,0.0,No,0.0,No,0.0,No,0.0,No,0.0,No,0.0,Yes,1.0,No,0.0,No,0.0,No,0.0,No,0.0,No,0.0
1600,ENN ENERGY HOLDINGS LIMITED,,KYG3066L1014,Utilities,HONG KONG,10.3,3.5,3,1,30,No,0.0,No,0.0,No,0.0,No,0.0,Partial,0.5,Yes,1.0,No,0.0,Yes,1.0,No,0.0,Yes,1.0,No,0.0,No,0.0,No,0.0,No,0.0,No,0.0,No,0.0,No,0.0,No,0.0,No,0.0,No,0.0,No,0.0,No,0.0,No,0.0,No,0.0,No,0.0,No,0.0,No,0.0,No,0.0,No,0.0,No,0.0,No,0.0,No,0.0,No,0.0,No,0.0
542,"ENN Natural Gas Co., Ltd.",,CNE000000DG7,Utilities,CHINA,23.5,8.0,8,0,26,Yes,1.0,No,0.0,No,0.0,No,0.0,No,0.0,Yes,1.0,No,0.0,Yes,1.0,No,0.0,Yes,1.0,No,0.0,No,0.0,No,0.0,No,0.0,No,0.0,No,0.0,No,0.0,Yes,1.0,Yes,1.0,No,0.0,Yes,1.0,No,0.0,No,0.0,No,0.0,No,0.0,No,0.0,No,0.0,Yes,1.0,No,0.0,No,0.0,No,0.0,No,0.0,No,0.0,No,0.0
1864,Entain plc,,IM00B5VQMV65,Consumer Discretion,UNITED KINGDOM,33.8,11.5,11,1,22,No,0.0,No,0.0,No,0.0,Yes,1.0,Partial,0.5,Yes,1.0,No,0.0,Yes,1.0,No,0.0,Yes,1.0,No,0.0,No,0.0,No,0.0,Yes,1.0,Yes,1.0,Yes,1.0,Yes,1.0,Yes,1.0,Yes,1.0,No,0.0,No,0.0,No,0.0,No,0.0,No,0.0,Yes,1.0,No,0.0,No,0.0,No,0.0,No,0.0,No,0.0,No,0.0,No,0.0,No,0.0,No,0.0
1068,"ENTEGRIS, INC.",,US29362U1043,Technology,UNITED STATES,0.0,0.0,0,0,34,No,0.0,No,0.0,No,0.0,No,0.0,No,0.0,No,0.0,No,0.0,No,0.0,No,0.0,No,0.0,No,0.0,No,0.0,No,0.0,No,0.0,No,0.0,No,0.0,No,0.0,No,0.0,No,0.0,No,0.0,No,0.0,No,0.0,No,0.0,No,0.0,No,0.0,No,0.0,No,0.0,No,0.0,No,0.0,No,0.0,No,0.0,No,0.0,No,0.0,No,0.0
1069,ENTERGY CORPORATION,,US29364G1031,Utilities,UNITED STATES,11.8,4.0,4,0,30,No,0.0,No,0.0,No,0.0,No,0.0,No,0.0,No,0.0,No,0.0,No,0.0,No,0.0,No,0.0,Yes,1.0,Yes,1.0,No,0.0,No,0.0,No,0.0,No,0.0,No,0.0,No,0.0,No,0.0,No,0.0,No,0.0,No,0.0,No,0.0,No,0.0,No,0.0,No,0.0,No,0.0,No,0.0,No,0.0,No,0.0,Yes,1.0,No,0.0,Yes,1.0,No,0.0
293,"EOG RESOURCES, INC.",,US26875P1012,Energy,UNITED STATES,0.0,0.0,0,0,34,No,0.0,No,0.0,No,0.0,No,0.0,No,0.0,No,0.0,No,0.0,No,0.0,No,0.0,No,0.0,No,0.0,No,0.0,No,0.0,No,0.0,No,0.0,No,0.0,No,0.0,No,0.0,No,0.0,No,0.0,No,0.0,No,0.0,No,0.0,No,0.0,No,0.0,No,0.0,No,0.0,No,0.0,No,0.0,No,0.0,No,0.0,No,0.0,No,0.0,No,0.0
198,E.ON SE,,DE000ENAG999,Utilities,GERMANY,0.0,0.0,0,0,34,No,0.0,No,0.0,No,0.0,No,0.0,No,0.0,No,0.0,No,0.0,No,0.0,No,0.0,No,0.0,No,0.0,No,0.0,No,0.0,No,0.0,No,0.0,No,0.0,No,0.0,No,0.0,No,0.0,No,0.0,No,0.0,No,0.0,No,0.0,No,0.0,No,0.0,No,0.0,No,0.0,No,0.0,No,0.0,No,0.0,No,0.0,No,0.0,No,0.0,No,0.0
2075,Eoptolink Technology Inc Ltd,,CNE100002615,Telecommunications,CHINA,0.0,0.0,0,0,34,No,0.0,No,0.0,No,0.0,No,0.0,No,0.0,No,0.0,No,0.0,No,0.0,No,0.0,No,0.0,No,0.0,No,0.0,No,0.0,No,0.0,No,0.0,No,0.0,No,0.0,No,0.0,No,0.0,No,0.0,No,0.0,No,0.0,No,0.0,No,0.0,No,0.0,No,0.0,No,0.0,No,0.0,No,0.0,No,0.0,No,0.0,No,0.0,No,0.0,No,0.0
2165,Epiroc Aktiebolag,,SE0015658109,Industrials,SWEDEN,23.5,8.0,8,0,26,Yes,1.0,No,0.0,No,0.0,No,0.0,No,0.0,Yes,1.0,No,0.0,Yes,1.0,No,0.0,Yes,1.0,No,0.0,No,0.0,No,0.0,No,0.0,No,0.0,Yes,1.0,Yes,1.0,No,0.0,No,0.0,No,0.0,No,0.0,No,0.0,No,0.0,No,0.0,Yes,1.0,No,0.0,No,0.0,Yes,1.0,No,0.0,No,0.0,No,0.0,No,0.0,No,0.0,No,0.0
2076,EQT AB,,SE0012853455,Financials,SWEDEN,17.6,6.0,6,0,28,Yes,1.0,No,0.0,Yes,1.0,No,0.0,No,0.0,Yes,1.0,No,0.0,Yes,1.0,No,0.0,Yes,1.0,No,0.0,No,0.0,No,0.0,No,0.0,No,0.0,No,0.0,No,0.0,No,0.0,No,0.0,No,0.0,No,0.0,No,0.0,No,0.0,No,0.0,No,0.0,No,0.0,No,0.0,Yes,1.0,No,0.0,No,0.0,No,0.0,No,0.0,No,0.0,No,0.0
1072,EQT CORPORATION,,US26884L1098,Energy,UNITED STATES,0.0,0.0,0,0,34,No,0.0,No,0.0,No,0.0,No,0.0,No,0.0,No,0.0,No,0.0,No,0.0,No,0.0,No,0.0,No,0.0,No,0.0,No,0.0,No,0.0,No,0.0,No,0.0,No,0.0,No,0.0,No,0.0,No,0.0,No,0.0,No,0.0,No,0.0,No,0.0,No,0.0,No,0.0,No,0.0,No,0.0,No,0.0,No,0.0,No,0.0,No,0.0,No,0.0,No,0.0
610,EQUATORIAL S.A.,,BREQTLACNOR0,Utilities,BRAZIL,8.8,3.0,3,0,31,No,0.0,No,0.0,No,0.0,No,0.0,No,0.0,No,0.0,No,0.0,Yes,1.0,No,0.0,Yes,1.0,No,0.0,No,0.0,No,0.0,No,0.0,No,0.0,No,0.0,No,0.0,No,0.0,No,0.0,No,0.0,Yes,1.0,No,0.0,No,0.0,No,0.0,No,0.0,No,0.0,No,0.0,No,0.0,No,0.0,No,0.0,No,0.0,No,0.0,No,0.0,No,0.0
1070,EQUIFAX INC.,,US2944291051,Industrials,UNITED STATES,47.1,16.0,14,4,16,Yes,1.0,No,0.0,Yes,1.0,No,0.0,Partial,0.5,Yes,1.0,No,0.0,Yes,1.0,No,0.0,Yes,1.0,Yes,1.0,No,0.0,Yes,1.0,Yes,1.0,Partial,0.5,Partial,0.5,Partial,0.5,Yes,1.0,No,0.0,No,0.0,Yes,1.0,Yes,1.0,No,0.0,No,0.0,Yes,1.0,No,0.0,No,0.0,No,0.0,Yes,1.0,No,0.0,Yes,1.0,No,0.0,No,0.0,No,0.0
1071,"EQUINIX, INC.",,US29444U7000,Real Estate,UNITED STATES,35.3,12.0,12,1,21,Yes,1.0,No,0.0,Yes,1.0,No,0.0,Yes,1.0,Yes,1.0,No,0.0,Yes,1.0,No,0.0,Yes,1.0,Yes,1.0,Yes,1.0,No,0.0,No,0.0,No,0.0,Yes,1.0,No,0.0,Partial,0.0,No,0.0,No,0.0,No,0.0,No,0.0,No,0.0,No,0.0,No,0.0,No,0.0,No,0.0,Yes,1.0,No,0.0,No,0.0,Yes,1.0,No,0.0,Yes,1.0,No,0.0
1483,EQUINOR ASA,,NO0010096985,Energy,NORWAY,0.0,0.0,0,0,34,No,0.0,No,0.0,No,0.0,No,0.0,No,0.0,No,0.0,No,0.0,No,0.0,No,0.0,No,0.0,No,0.0,No,0.0,No,0.0,No,0.0,No,0.0,No,0.0,No,0.0,No,0.0,No,0.0,No,0.0,No,0.0,No,0.0,No,0.0,No,0.0,No,0.0,No,0.0,No,0.0,No,0.0,No,0.0,No,0.0,No,0.0,No,0.0,No,0.0,No,0.0
2046,"EQUITABLE HOLDINGS, INC.",,US29452E1010,Financials,UNITED STATES,11.8,4.0,4,1,29,No,0.0,No,0.0,No,0.0,Yes,1.0,Partial,0.0,Yes,1.0,No,0.0,Yes,1.0,No,0.0,No,0.0,No,0.0,No,0.0,No,0.0,No,0.0,No,0.0,No,0.0,No,0.0,No,0.0,No,0.0,No,0.0,No,0.0,No,0.0,No,0.0,No,0.0,No,0.0,No,0.0,No,0.0,No,0.0,No,0.0,No,0.0,Yes,1.0,No,0.0,No,0.0,No,0.0
729,EQUITY RESIDENTIAL,,US29476L1070,Real Estate,UNITED STATES,17.6,6.0,6,1,27,No,0.0,No,0.0,No,0.0,Partial,0.0,No,0.0,Yes,1.0,No,0.0,Yes,1.0,No,0.0,Yes,1.0,No,0.0,No,0.0,No,0.0,No,0.0,No,0.0,No,0.0,No,0.0,No,0.0,No,0.0,No,0.0,No,0.0,No,0.0,Yes,1.0,No,0.0,No,0.0,No,0.0,No,0.0,No,0.0,No,0.0,No,0.0,Yes,1.0,No,0.0,Yes,1.0,No,0.0
748,EREGLI DEMIR VE CELIK FABRIKALARI TURK ANONIM SIRKETI,,TRAEREGL91G3,Basic Materials,TURKEY,0.0,0.0,0,0,34,No,0.0,No,0.0,No,0.0,No,0.0,No,0.0,No,0.0,No,0.0,No,0.0,No,0.0,No,0.0,No,0.0,No,0.0,No,0.0,No,0.0,No,0.0,No,0.0,No,0.0,No,0.0,No,0.0,No,0.0,No,0.0,No,0.0,No,0.0,No,0.0,No,0.0,No,0.0,No,0.0,No,0.0,No,0.0,No,0.0,No,0.0,No,0.0,No,0.0,No,0.0
691,ERIE INDEMNITY COMPANY,,US29530P1021,Financials,UNITED STATES,17.6,6.0,6,0,28,Yes,1.0,No,0.0,No,0.0,No,0.0,No,0.0,Yes,1.0,No,0.0,Yes,1.0,No,0.0,Yes,1.0,No,0.0,No,0.0,No,0.0,No,0.0,No,0.0,No,0.0,No,0.0,No,0.0,No,0.0,No,0.0,No,0.0,No,0.0,No,0.0,No,0.0,No,0.0,No,0.0,No,0.0,Yes,1.0,No,0.0,No,0.0,Yes,1.0,No,0.0,No,0.0,No,0.0
909,ERSTE BANK POLSKA SPOLKA AKCYJNA,,PLBZ00000044,Financials,POLAND,2.9,1.0,1,0,33,No,0.0,No,0.0,No,0.0,No,0.0,No,0.0,No,0.0,No,0.0,No,0.0,No,0.0,Yes,1.0,No,0.0,No,0.0,No,0.0,No,0.0,No,0.0,No,0.0,No,0.0,No,0.0,No,0.0,No,0.0,No,0.0,No,0.0,No,0.0,No,0.0,No,0.0,No,0.0,No,0.0,No,0.0,No,0.0,No,0.0,No,0.0,No,0.0,No,0.0,No,0.0
745,Erste Group Bank AG,,AT0000652011,Financials,AUSTRIA,29.4,10.0,10,0,24,Yes,1.0,No,0.0,No,0.0,No,0.0,No,0.0,Yes,1.0,No,0.0,Yes,1.0,No,0.0,Yes,1.0,No,0.0,No,0.0,No,0.0,No,0.0,No,0.0,No,0.0,No,0.0,No,0.0,No,0.0,No,0.0,Yes,1.0,No,0.0,Yes,1.0,Yes,1.0,Yes,1.0,No,0.0,No,0.0,Yes,1.0,Yes,1.0,No,0.0,No,0.0,No,0.0,No,0.0,No,0.0
1073,"ESSEX PROPERTY TRUST, INC.",,US2971781057,Real Estate,UNITED STATES,11.8,4.0,4,0,30,No,0.0,No,0.0,No,0.0,No,0.0,No,0.0,Yes,1.0,No,0.0,No,0.0,No,0.0,Yes,1.0,No,0.0,No,0.0,No,0.0,No,0.0,No,0.0,Yes,1.0,No,0.0,No,0.0,No,0.0,No,0.0,No,0.0,No,0.0,No,0.0,No,0.0,No,0.0,No,0.0,No,0.0,No,0.0,No,0.0,No,0.0,Yes,1.0,No,0.0,No,0.0,No,0.0
116,ESSILORLUXOTTICA SA,,FR0000121667,Health Care,FRANCE,14.7,5.0,5,0,29,Yes,1.0,No,0.0,Yes,1.0,No,0.0,No,0.0,Yes,1.0,No,0.0,Yes,1.0,No,0.0,Yes,1.0,No,0.0,No,0.0,No,0.0,No,0.0,No,0.0,No,0.0,No,0.0,No,0.0,No,0.0,No,0.0,No,0.0,No,0.0,No,0.0,No,0.0,No,0.0,No,0.0,No,0.0,No,0.0,No,0.0,No,0.0,No,0.0,No,0.0,No,0.0,No,0.0
2111,Essity Aktiebolag (publ),,SE0009922164,Consumer Staples,SWEDEN,38.2,13.0,13,0,21,Yes,1.0,No,0.0,No,0.0,No,0.0,Yes,1.0,Yes,1.0,No,0.0,Yes,1.0,No,0.0,Yes,1.0,No,0.0,No,0.0,No,0.0,No,0.0,No,0.0,Yes,1.0,Yes,1.0,Yes,1.0,Yes,1.0,Yes,1.0,Yes,1.0,No,0.0,Yes,1.0,No,0.0,No,0.0,No,0.0,No,0.0,No,0.0,No,0.0,Yes,1.0,No,0.0,No,0.0,No,0.0,No,0.0
1047,"E. SUN FINANCIAL HOLDING COMPANY, LTD.",,TW0002884004,Financials,TAIWAN,14.7,5.0,5,0,29,No,0.0,No,0.0,No,0.0,No,0.0,No,0.0,Yes,1.0,No,0.0,Yes,1.0,No,0.0,Yes,1.0,Yes,1.0,No,0.0,No,0.0,No,0.0,No,0.0,No,0.0,No,0.0,No,0.0,No,0.0,No,0.0,No,0.0,No,0.0,No,0.0,No,0.0,No,0.0,No,0.0,No,0.0,No,0.0,Yes,1.0,No,0.0,No,0.0,No,0.0,No,0.0,No,0.0
2299,Eternal Ltd,,INE758T01015,Technology,INDIA,5.9,2.0,2,0,32,No,0.0,No,0.0,No,0.0,No,0.0,No,0.0,Yes,1.0,No,0.0,No,0.0,No,0.0,Yes,1.0,No,0.0,No,0.0,No,0.0,No,0.0,No,0.0,No,0.0,No,0.0,No,0.0,No,0.0,No,0.0,No,0.0,No,0.0,No,0.0,No,0.0,No,0.0,No,0.0,No,0.0,No,0.0,No,0.0,No,0.0,No,0.0,No,0.0,No,0.0,No,0.0
569,Etihad Etisalat Company SJSC,,SA000A0DM9P2,Telecommunications,SAUDI ARABIA,0.0,0.0,0,0,34,No,0.0,No,0.0,No,0.0,No,0.0,No,0.0,No,0.0,No,0.0,No,0.0,No,0.0,No,0.0,No,0.0,No,0.0,No,0.0,No,0.0,No,0.0,No,0.0,No,0.0,No,0.0,No,0.0,No,0.0,No,0.0,No,0.0,No,0.0,No,0.0,No,0.0,No,0.0,No,0.0,No,0.0,No,0.0,No,0.0,No,0.0,No,0.0,No,0.0,No,0.0
2242,Eurobank S.A.,,GRS829003003,Financials,GREECE,0.0,0.0,0,0,34,No,0.0,No,0.0,No,0.0,No,0.0,No,0.0,No,0.0,No,0.0,No,0.0,No,0.0,No,0.0,No,0.0,No,0.0,No,0.0,No,0.0,No,0.0,No,0.0,No,0.0,No,0.0,No,0.0,No,0.0,No,0.0,No,0.0,No,0.0,No,0.0,No,0.0,No,0.0,No,0.0,No,0.0,No,0.0,No,0.0,No,0.0,No,0.0,No,0.0,No,0.0
2030,EUROFINS SCIENTIFIC SE,,FR0014000MR3,Health Care,FRANCE,23.5,8.0,7,2,25,No,0.0,No,0.0,Yes,1.0,No,0.0,No,0.0,Yes,1.0,No,0.0,Yes,1.0,No,0.0,Yes,1.0,Partial,0.5,No,0.0,No,0.0,No,0.0,No,0.0,Partial,0.5,No,0.0,No,0.0,No,0.0,No,0.0,Yes,1.0,No,0.0,No,0.0,No,0.0,No,0.0,No,0.0,No,0.0,No,0.0,No,0.0,No,0.0,Yes,1.0,No,0.0,Yes,1.0,No,0.0
1995,Euronext N.V.,,NL0006294274,Financials,FRANCE,23.5,8.0,5,7,22,Yes,1.0,No,0.0,No,0.0,No,0.0,Yes,1.0,Yes,1.0,No,0.0,Partial,0.5,No,0.0,Partial,0.5,No,0.0,No,0.0,Yes,1.0,Yes,1.0,No,0.0,Partial,0.5,Partial,0.5,Partial,0.5,Partial,0.0,Partial,0.5,No,0.0,No,0.0,No,0.0,No,0.0,No,0.0,No,0.0,No,0.0,No,0.0,No,0.0,No,0.0,No,0.0,No,0.0,No,0.0,No,0.0
1075,EVA AIRWAYS CORPORATION,,TW0002618006,Consumer Discretion,TAIWAN,8.8,3.0,3,0,31,No,0.0,No,0.0,No,0.0,No,0.0,No,0.0,Yes,1.0,No,0.0,Yes,1.0,No,0.0,Yes,1.0,No,0.0,No,0.0,No,0.0,No,0.0,No,0.0,No,0.0,No,0.0,No,0.0,No,0.0,No,0.0,No,0.0,No,0.0,No,0.0,No,0.0,No,0.0,No,0.0,No,0.0,No,0.0,No,0.0,No,0.0,No,0.0,No,0.0,No,0.0,No,0.0
1785,"EVE Energy Co., Ltd.",,CNE100000GS4,Industrials,CHINA,8.8,3.0,3,0,31,No,0.0,No,0.0,No,0.0,No,0.0,No,0.0,Yes,1.0,No,0.0,Yes,1.0,No,0.0,Yes,1.0,No,0.0,No,0.0,No,0.0,No,0.0,No,0.0,No,0.0,No,0.0,No,0.0,No,0.0,No,0.0,No,0.0,No,0.0,No,0.0,No,0.0,No,0.0,No,0.0,No,0.0,No,0.0,No,0.0,No,0.0,No,0.0,No,0.0,No,0.0,No,0.0
1698,Everbright Securities Company Limited,,CNE100000FD8,Financials,CHINA,8.8,3.0,3,0,31,Yes,1.0,No,0.0,No,0.0,No,0.0,No,0.0,Yes,1.0,No,0.0,Yes,1.0,No,0.0,No,0.0,No,0.0,No,0.0,No,0.0,No,0.0,No,0.0,No,0.0,No,0.0,No,0.0,No,0.0,No,0.0,No,0.0,No,0.0,No,0.0,No,0.0,No,0.0,No,0.0,No,0.0,No,0.0,No,0.0,No,0.0,No,0.0,No,0.0,No,0.0,No,0.0
2301,Everdisplay Optronics Shanghai Co Ltd,,CNE1000051N6,Technology,CHINA,0.0,0.0,0,0,34,No,0.0,No,0.0,No,0.0,No,0.0,No,0.0,No,0.0,No,0.0,No,0.0,No,0.0,No,0.0,No,0.0,No,0.0,No,0.0,No,0.0,No,0.0,No,0.0,No,0.0,No,0.0,No,0.0,No,0.0,No,0.0,No,0.0,No,0.0,No,0.0,No,0.0,No,0.0,No,0.0,No,0.0,No,0.0,No,0.0,No,0.0,No,0.0,No,0.0,No,0.0
1076,"Everest Group, Ltd.",,BMG3223R1088,Financials,UNITED STATES,17.6,6.0,6,0,28,No,0.0,No,0.0,No,0.0,No,0.0,No,0.0,Yes,1.0,No,0.0,Yes,1.0,No,0.0,Yes,1.0,Yes,1.0,Yes,1.0,No,0.0,No,0.0,No,0.0,No,0.0,No,0.0,No,0.0,No,0.0,No,0.0,No,0.0,No,0.0,No,0.0,No,0.0,No,0.0,No,0.0,No,0.0,No,0.0,No,0.0,No,0.0,Yes,1.0,No,0.0,No,0.0,No,0.0
1077,EVERGREEN MARINE CORPORATION (TAIWAN) LTD.,,TW0002603008,Industrials,TAIWAN,11.8,4.0,4,0,30,Yes,1.0,No,0.0,Yes,1.0,No,0.0,No,0.0,No,0.0,No,0.0,No,0.0,No,0.0,No,0.0,No,0.0,No,0.0,No,0.0,No,0.0,No,0.0,Yes,1.0,No,0.0,No,0.0,Yes,1.0,No,0.0,No,0.0,No,0.0,No,0.0,No,0.0,No,0.0,No,0.0,No,0.0,No,0.0,No,0.0,No,0.0,No,0.0,No,0.0,No,0.0,No,0.0
2166,"Evergy, Inc.",,US30034W1062,Utilities,UNITED STATES,0.0,0.0,0,1,33,No,0.0,No,0.0,No,0.0,Partial,0.0,No,0.0,No,0.0,No,0.0,No,0.0,No,0.0,No,0.0,No,0.0,No,0.0,No,0.0,No,0.0,No,0.0,No,0.0,No,0.0,No,0.0,No,0.0,No,0.0,No,0.0,No,0.0,No,0.0,No,0.0,No,0.0,No,0.0,No,0.0,No,0.0,No,0.0,No,0.0,No,0.0,No,0.0,No,0.0,No,0.0
2060,"Everpure, Inc",,US74624M1027,Technology,UNITED STATES,4.4,1.5,0,4,30,No,0.0,No,0.0,No,0.0,No,0.0,Partial,0.0,Partial,0.5,No,0.0,No,0.0,No,0.0,No,0.0,Partial,0.5,Partial,0.5,No,0.0,No,0.0,No,0.0,No,0.0,No,0.0,No,0.0,No,0.0,No,0.0,No,0.0,No,0.0,No,0.0,No,0.0,No,0.0,No,0.0,No,0.0,No,0.0,No,0.0,No,0.0,No,0.0,No,0.0,No,0.0,No,0.0
784,Eversource Energy,,US30040W1080,Utilities,UNITED STATES,27.9,9.5,9,3,22,Partial,0.5,No,0.0,No,0.0,No,0.0,Partial,0.0,Yes,1.0,No,0.0,Yes,1.0,No,0.0,Yes,1.0,No,0.0,No,0.0,No,0.0,Yes,1.0,No,0.0,Yes,1.0,No,0.0,Yes,1.0,No,0.0,Partial,0.0,Yes,1.0,Yes,1.0,No,0.0,No,0.0,No,0.0,No,0.0,No,0.0,No,0.0,No,0.0,No,0.0,Yes,1.0,No,0.0,No,0.0,No,0.0
2041,Evolution AB (publ),,SE0012673267,Consumer Discretion,SWEDEN,14.7,5.0,5,0,29,Yes,1.0,No,0.0,No,0.0,No,0.0,No,0.0,Yes,1.0,No,0.0,Yes,1.0,No,0.0,Yes,1.0,No,0.0,No,0.0,No,0.0,No,0.0,No,0.0,No,0.0,No,0.0,No,0.0,No,0.0,No,0.0,Yes,1.0,No,0.0,No,0.0,No,0.0,No,0.0,No,0.0,No,0.0,No,0.0,No,0.0,No,0.0,No,0.0,No,0.0,No,0.0,No,0.0
1587,EVOLUTION MINING LIMITED,,AU000000EVN4,Basic Materials,AUSTRALIA,1.5,0.5,0,1,33,No,0.0,No,0.0,No,0.0,No,0.0,No,0.0,No,0.0,No,0.0,No,0.0,No,0.0,No,0.0,Partial,0.5,No,0.0,No,0.0,No,0.0,No,0.0,No,0.0,No,0.0,No,0.0,No,0.0,No,0.0,No,0.0,No,0.0,No,0.0,No,0.0,No,0.0,No,0.0,No,0.0,No,0.0,No,0.0,No,0.0,No,0.0,No,0.0,No,0.0,No,0.0
1723,Evonik Industries AG,,DE000EVNK013,Basic Materials,GERMANY,17.6,6.0,6,0,28,Yes,1.0,No,0.0,No,0.0,No,0.0,No,0.0,Yes,1.0,No,0.0,Yes,1.0,No,0.0,Yes,1.0,Yes,1.0,No,0.0,No,0.0,No,0.0,No,0.0,No,0.0,No,0.0,No,0.0,No,0.0,No,0.0,No,0.0,No,0.0,No,0.0,No,0.0,No,0.0,No,0.0,No,0.0,No,0.0,Yes,1.0,No,0.0,No,0.0,No,0.0,No,0.0,No,0.0
730,EXELON CORPORATION,,US30161N1019,Utilities,UNITED STATES,2.9,1.0,1,0,33,No,0.0,No,0.0,No,0.0,Yes,1.0,No,0.0,No,0.0,No,0.0,No,0.0,No,0.0,No,0.0,No,0.0,No,0.0,No,0.0,No,0.0,No,0.0,No,0.0,No,0.0,No,0.0,No,0.0,No,0.0,No,0.0,No,0.0,No,0.0,No,0.0,No,0.0,No,0.0,No,0.0,No,0.0,No,0.0,No,0.0,No,0.0,No,0.0,No,0.0,No,0.0
2105,EXOR N.V.,,NL0012059018,Financials,ITALY,0.0,0.0,0,0,34,No,0.0,No,0.0,No,0.0,No,0.0,No,0.0,No,0.0,No,0.0,No,0.0,No,0.0,No,0.0,No,0.0,No,0.0,No,0.0,No,0.0,No,0.0,No,0.0,No,0.0,No,0.0,No,0.0,No,0.0,No,0.0,No,0.0,No,0.0,No,0.0,No,0.0,No,0.0,No,0.0,No,0.0,No,0.0,No,0.0,No,0.0,No,0.0,No,0.0,No,0.0
712,EXPAND ENERGY CORPORATION,,US1651677353,Energy,UNITED STATES,8.8,3.0,3,0,31,No,0.0,No,0.0,No,0.0,No,0.0,No,0.0,No,0.0,No,0.0,Yes,1.0,No,0.0,No,0.0,Yes,1.0,No,0.0,No,0.0,No,0.0,No,0.0,Yes,1.0,No,0.0,No,0.0,No,0.0,No,0.0,No,0.0,No,0.0,No,0.0,No,0.0,No,0.0,No,0.0,No,0.0,No,0.0,No,0.0,No,0.0,No,0.0,No,0.0,No,0.0,No,0.0
692,"EXPEDIA GROUP, INC.",,US30212P3038,Consumer Discretion,UNITED STATES,29.4,10.0,10,1,23,Yes,1.0,No,0.0,No,0.0,Yes,1.0,Partial,0.0,Yes,1.0,No,0.0,No,0.0,No,0.0,Yes,1.0,Yes,1.0,No,0.0,No,0.0,No,0.0,No,0.0,No,0.0,Yes,1.0,No,0.0,No,0.0,No,0.0,Yes,1.0,No,0.0,Yes,1.0,No,0.0,No,0.0,No,0.0,No,0.0,No,0.0,No,0.0,No,0.0,Yes,1.0,No,0.0,Yes,1.0,No,0.0
1078,"EXPEDITORS INTERNATIONAL OF WASHINGTON, INC.",,US3021301094,Industrials,UNITED STATES,7.4,2.5,2,1,31,Yes,1.0,No,0.0,No,0.0,No,0.0,No,0.0,Yes,1.0,No,0.0,Partial,0.5,No,0.0,No,0.0,No,0.0,No,0.0,No,0.0,No,0.0,No,0.0,No,0.0,No,0.0,No,0.0,No,0.0,No,0.0,No,0.0,No,0.0,No,0.0,No,0.0,No,0.0,No,0.0,No,0.0,No,0.0,No,0.0,No,0.0,No,0.0,No,0.0,No,0.0,No,0.0
1079,EXPERIAN PLC,,GB00B19NLV48,Industrials,UNITED KINGDOM,38.2,13.0,13,3,18,Yes,1.0,No,0.0,No,0.0,Yes,1.0,Partial,0.0,Yes,1.0,No,0.0,Yes,1.0,No,0.0,Yes,1.0,Yes,1.0,No,0.0,No,0.0,No,0.0,Yes,1.0,Yes,1.0,Yes,1.0,Yes,1.0,Yes,1.0,Partial,0.0,Yes,1.0,No,0.0,No,0.0,No,0.0,Yes,1.0,No,0.0,No,0.0,No,0.0,No,0.0,Partial,0.0,No,0.0,No,0.0,No,0.0,No,0.0
1080,EXTRA SPACE STORAGE INC.,,US30225T1025,Real Estate,UNITED STATES,26.5,9.0,9,0,25,Yes,1.0,No,0.0,Yes,1.0,No,0.0,No,0.0,Yes,1.0,No,0.0,Yes,1.0,No,0.0,Yes,1.0,Yes,1.0,No,0.0,No,0.0,No,0.0,No,0.0,Yes,1.0,Yes,1.0,No,0.0,No,0.0,No,0.0,No,0.0,No,0.0,No,0.0,No,0.0,No,0.0,No,0.0,No,0.0,No,0.0,No,0.0,No,0.0,Yes,1.0,No,0.0,No,0.0,No,0.0
146,EXXON MOBIL CORPORATION,,US30231G1022,Energy,UNITED STATES,5.9,2.0,2,0,32,No,0.0,No,0.0,No,0.0,No,0.0,No,0.0,Yes,1.0,No,0.0,No,0.0,No,0.0,Yes,1.0,No,0.0,No,0.0,No,0.0,No,0.0,No,0.0,No,0.0,No,0.0,No,0.0,No,0.0,No,0.0,No,0.0,No,0.0,No,0.0,No,0.0,No,0.0,No,0.0,No,0.0,No,0.0,No,0.0,No,0.0,No,0.0,No,0.0,No,0.0,No,0.0
53,"F5, INC.",,US3156161024,Technology,UNITED STATES,23.5,8.0,6,4,24,Yes,1.0,No,0.0,No,0.0,Partial,0.5,No,0.0,Yes,1.0,No,0.0,Yes,1.0,No,0.0,No,0.0,No,0.0,No,0.0,No,0.0,No,0.0,No,0.0,Partial,0.5,Partial,0.5,Partial,0.5,No,0.0,No,0.0,No,0.0,Yes,1.0,No,0.0,No,0.0,No,0.0,No,0.0,No,0.0,Yes,1.0,No,0.0,No,0.0,Yes,1.0,No,0.0,No,0.0,No,0.0
1084,FAIRFAX FINANCIAL HOLDINGS LIMITED,,CA3039011026,Financials,CANADA,23.5,8.0,7,2,25,Partial,0.5,No,0.0,No,0.0,No,0.0,No,0.0,Yes,1.0,No,0.0,Yes,1.0,No,0.0,Yes,1.0,No,0.0,No,0.0,No,0.0,No,0.0,No,0.0,Yes,1.0,Partial,0.5,No,0.0,No,0.0,No,0.0,Yes,1.0,No,0.0,Yes,1.0,No,0.0,No,0.0,No,0.0,No,0.0,Yes,1.0,No,0.0,No,0.0,No,0.0,No,0.0,No,0.0,No,0.0
417,FAIR ISAAC CORPORATION,,US3032501047,Industrials,UNITED STATES,25.0,8.5,8,1,25,No,0.0,No,0.0,No,0.0,Yes,1.0,No,0.0,Yes,1.0,No,0.0,Yes,1.0,No,0.0,Yes,1.0,No,0.0,No,0.0,Yes,1.0,No,0.0,Yes,1.0,Partial,0.5,Yes,1.0,Yes,1.0,No,0.0,No,0.0,No,0.0,No,0.0,No,0.0,No,0.0,No,0.0,No,0.0,No,0.0,No,0.0,No,0.0,No,0.0,No,0.0,No,0.0,No,0.0,No,0.0
1416,FALABELLA S.A.,,CLP3880F1085,Consumer Discretion,CHILE,11.8,4.0,4,0,30,No,0.0,No,0.0,No,0.0,No,0.0,No,0.0,Yes,1.0,No,0.0,Yes,1.0,No,0.0,Yes,1.0,No,0.0,No,0.0,No,0.0,No,0.0,No,0.0,No,0.0,No,0.0,No,0.0,No,0.0,No,0.0,No,0.0,No,0.0,No,0.0,No,0.0,Yes,1.0,No,0.0,No,0.0,No,0.0,No,0.0,No,0.0,No,0.0,No,0.0,No,0.0,No,0.0
1081,FANUC CORPORATION,,JP3802400006,Industrials,JAPAN,5.9,2.0,2,0,32,No,0.0,No,0.0,No,0.0,No,0.0,No,0.0,Yes,1.0,No,0.0,No,0.0,No,0.0,Yes,1.0,No,0.0,No,0.0,No,0.0,No,0.0,No,0.0,No,0.0,No,0.0,No,0.0,No,0.0,No,0.0,No,0.0,No,0.0,No,0.0,No,0.0,No,0.0,No,0.0,No,0.0,No,0.0,No,0.0,No,0.0,No,0.0,No,0.0,No,0.0,No,0.0
523,Far Eastern New Century Corporation,,TW0001402006,Industrials,TAIWAN,20.6,7.0,7,0,27,Yes,1.0,No,0.0,Yes,1.0,Yes,1.0,No,0.0,Yes,1.0,No,0.0,Yes,1.0,No,0.0,Yes,1.0,No,0.0,No,0.0,No,0.0,No,0.0,No,0.0,No,0.0,No,0.0,No,0.0,No,0.0,No,0.0,No,0.0,No,0.0,No,0.0,No,0.0,Yes,1.0,No,0.0,No,0.0,No,0.0,No,0.0,No,0.0,No,0.0,No,0.0,No,0.0,No,0.0
1813,Far East Horizon Limited,,HK0000077468,Financials,HONG KONG,20.6,7.0,7,0,27,Yes,1.0,No,0.0,No,0.0,No,0.0,No,0.0,Yes,1.0,No,0.0,Yes,1.0,No,0.0,Yes,1.0,No,0.0,No,0.0,No,0.0,No,0.0,No,0.0,No,0.0,No,0.0,No,0.0,No,0.0,No,0.0,Yes,1.0,No,0.0,Yes,1.0,No,0.0,No,0.0,No,0.0,No,0.0,Yes,1.0,No,0.0,No,0.0,No,0.0,No,0.0,No,0.0,No,0.0
1085,"Far EasTone Telecommunications Co., Ltd.",,TW0004904008,Telecommunications,TAIWAN,23.5,8.0,8,0,26,Yes,1.0,No,0.0,Yes,1.0,No,0.0,No,0.0,Yes,1.0,No,0.0,Yes,1.0,No,0.0,Yes,1.0,No,0.0,No,0.0,No,0.0,No,0.0,No,0.0,No,0.0,No,0.0,No,0.0,No,0.0,No,0.0,Yes,1.0,No,0.0,Yes,1.0,Yes,1.0,No,0.0,No,0.0,No,0.0,No,0.0,No,0.0,No,0.0,No,0.0,No,0.0,No,0.0,No,0.0
1087,FASTENAL COMPANY,,US3119001044,Basic Materials,UNITED STATES,8.8,3.0,3,0,31,No,0.0,No,0.0,No,0.0,No,0.0,No,0.0,No,0.0,No,0.0,No,0.0,No,0.0,No,0.0,Yes,1.0,Yes,1.0,No,0.0,No,0.0,No,0.0,No,0.0,No,0.0,No,0.0,No,0.0,No,0.0,No,0.0,No,0.0,No,0.0,No,0.0,No,0.0,No,0.0,No,0.0,No,0.0,No,0.0,No,0.0,Yes,1.0,No,0.0,No,0.0,No,0.0
683,Fastighets AB Balder,,SE0017832488,Real Estate,SWEDEN,0.0,0.0,0,0,34,No,0.0,No,0.0,No,0.0,No,0.0,No,0.0,No,0.0,No,0.0,No,0.0,No,0.0,No,0.0,No,0.0,No,0.0,No,0.0,No,0.0,No,0.0,No,0.0,No,0.0,No,0.0,No,0.0,No,0.0,No,0.0,No,0.0,No,0.0,No,0.0,No,0.0,No,0.0,No,0.0,No,0.0,No,0.0,No,0.0,No,0.0,No,0.0,No,0.0,No,0.0
1086,"FAST RETAILING CO., LTD.",,JP3802300008,Consumer Discretion,JAPAN,11.8,4.0,4,0,30,No,0.0,No,0.0,No,0.0,No,0.0,No,0.0,Yes,1.0,No,0.0,Yes,1.0,No,0.0,Yes,1.0,No,0.0,No,0.0,No,0.0,No,0.0,No,0.0,No,0.0,No,0.0,No,0.0,No,0.0,No,0.0,No,0.0,No,0.0,No,0.0,No,0.0,No,0.0,No,0.0,No,0.0,Yes,1.0,No,0.0,No,0.0,No,0.0,No,0.0,No,0.0,No,0.0
1088,FEDEX CORPORATION,,US31428X1063,Industrials,UNITED STATES,30.9,10.5,9,3,22,No,0.0,No,0.0,No,0.0,Yes,1.0,No,0.0,Partial,0.5,No,0.0,Yes,1.0,No,0.0,Partial,0.5,Yes,1.0,Yes,1.0,No,0.0,No,0.0,No,0.0,Yes,1.0,Yes,1.0,Yes,1.0,No,0.0,No,0.0,No,0.0,No,0.0,No,0.0,No,0.0,No,0.0,No,0.0,No,0.0,Partial,0.5,No,0.0,No,0.0,Yes,1.0,No,0.0,Yes,1.0,No,0.0
2413,FERGUSON ENTERPRISES INC.,,US31488V1070,Industrials,UNITED KINGDOM,8.8,3.0,3,1,30,No,0.0,No,0.0,No,0.0,Partial,0.0,No,0.0,No,0.0,No,0.0,No,0.0,No,0.0,No,0.0,Yes,1.0,No,0.0,No,0.0,No,0.0,No,0.0,No,0.0,No,0.0,No,0.0,No,0.0,No,0.0,No,0.0,No,0.0,No,0.0,No,0.0,No,0.0,No,0.0,No,0.0,No,0.0,No,0.0,No,0.0,Yes,1.0,No,0.0,Yes,1.0,No,0.0
2072,Ferrari N.V.,,NL0011585146,Consumer Discretion,ITALY,2.9,1.0,1,0,33,No,0.0,No,0.0,No,0.0,No,0.0,No,0.0,No,0.0,No,0.0,No,0.0,No,0.0,No,0.0,No,0.0,No,0.0,No,0.0,No,0.0,No,0.0,No,0.0,No,0.0,No,0.0,No,0.0,No,0.0,No,0.0,No,0.0,No,0.0,No,0.0,No,0.0,No,0.0,No,0.0,No,0.0,Yes,1.0,No,0.0,No,0.0,No,0.0,No,0.0,No,0.0
2256,Ferrovial SE,,NL0015001FS8,Industrials,NETHERLANDS,0.0,0.0,0,0,34,No,0.0,No,0.0,No,0.0,No,0.0,No,0.0,No,0.0,No,0.0,No,0.0,No,0.0,No,0.0,No,0.0,No,0.0,No,0.0,No,0.0,No,0.0,No,0.0,No,0.0,No,0.0,No,0.0,No,0.0,No,0.0,No,0.0,No,0.0,No,0.0,No,0.0,No,0.0,No,0.0,No,0.0,No,0.0,No,0.0,No,0.0,No,0.0,No,0.0,No,0.0
309,"Fiberhome Telecommunication Technologies Co., Ltd.",,CNE0000018P2,Telecommunications,CHINA,1.5,0.5,0,1,33,No,0.0,No,0.0,No,0.0,No,0.0,No,0.0,Partial,0.5,No,0.0,No,0.0,No,0.0,No,0.0,No,0.0,No,0.0,No,0.0,No,0.0,No,0.0,No,0.0,No,0.0,No,0.0,No,0.0,No,0.0,No,0.0,No,0.0,No,0.0,No,0.0,No,0.0,No,0.0,No,0.0,No,0.0,No,0.0,No,0.0,No,0.0,No,0.0,No,0.0,No,0.0
2140,"Fideicomiso Irrevocable 1721 Banco Actinver, S. A., Institucion de Banca Multiple, Grupo Financiero Actinver, Division Fiduciaria",,MXCFFI170008,Real Estate,MEXICO,0.0,0.0,0,0,34,No,0.0,No,0.0,No,0.0,No,0.0,No,0.0,No,0.0,No,0.0,No,0.0,No,0.0,No,0.0,No,0.0,No,0.0,No,0.0,No,0.0,No,0.0,No,0.0,No,0.0,No,0.0,No,0.0,No,0.0,No,0.0,No,0.0,No,0.0,No,0.0,No,0.0,No,0.0,No,0.0,No,0.0,No,0.0,No,0.0,No,0.0,No,0.0,No,0.0,No,0.0
2227,Fideicomiso Irrevocable No. F/1401,,MXCFFU000001,Real Estate,MEXICO,0.0,0.0,0,0,34,No,0.0,No,0.0,No,0.0,No,0.0,No,0.0,No,0.0,No,0.0,No,0.0,No,0.0,No,0.0,No,0.0,No,0.0,No,0.0,No,0.0,No,0.0,No,0.0,No,0.0,No,0.0,No,0.0,No,0.0,No,0.0,No,0.0,No,0.0,No,0.0,No,0.0,No,0.0,No,0.0,No,0.0,No,0.0,No,0.0,No,0.0,No,0.0,No,0.0,No,0.0
2435,"FIDELITY NATIONAL FINANCIAL, INC",,US31620R3030,Financials,UNITED STATES,2.9,1.0,1,0,33,No,0.0,No,0.0,No,0.0,No,0.0,No,0.0,No,0.0,No,0.0,No,0.0,No,0.0,No,0.0,No,0.0,No,0.0,No,0.0,No,0.0,No,0.0,No,0.0,No,0.0,No,0.0,No,0.0,No,0.0,No,0.0,No,0.0,Yes,1.0,No,0.0,No,0.0,No,0.0,No,0.0,No,0.0,No,0.0,No,0.0,No,0.0,No,0.0,No,0.0,No,0.0
1089,"FIDELITY NATIONAL INFORMATION SERVICES, INC.",,US31620M1062,Industrials,UNITED STATES,26.5,9.0,9,0,25,Yes,1.0,No,0.0,Yes,1.0,No,0.0,Yes,1.0,Yes,1.0,No,0.0,Yes,1.0,No,0.0,Yes,1.0,Yes,1.0,No,0.0,No,0.0,No,0.0,No,0.0,No,0.0,No,0.0,No,0.0,No,0.0,No,0.0,No,0.0,No,0.0,No,0.0,No,0.0,No,0.0,No,0.0,No,0.0,No,0.0,No,0.0,No,0.0,Yes,1.0,No,0.0,Yes,1.0,No,0.0
1090,FIFTH THIRD BANCORP,,US3167731005,Financials,UNITED STATES,11.8,4.0,4,0,30,No,0.0,No,0.0,No,0.0,No,0.0,No,0.0,Yes,1.0,No,0.0,No,0.0,No,0.0,No,0.0,No,0.0,No,0.0,No,0.0,No,0.0,No,0.0,Yes,1.0,No,0.0,No,0.0,No,0.0,No,0.0,No,0.0,No,0.0,No,0.0,No,0.0,Yes,1.0,No,0.0,No,0.0,No,0.0,No,0.0,No,0.0,Yes,1.0,No,0.0,No,0.0,No,0.0
1091,Financiere de Tubize SA,,BE0003823409,Health Care,BELGIUM,0.0,0.0,0,0,34,No,0.0,No,0.0,No,0.0,No,0.0,No,0.0,No,0.0,No,0.0,No,0.0,No,0.0,No,0.0,No,0.0,No,0.0,No,0.0,No,0.0,No,0.0,No,0.0,No,0.0,No,0.0,No,0.0,No,0.0,No,0.0,No,0.0,No,0.0,No,0.0,No,0.0,No,0.0,No,0.0,No,0.0,No,0.0,No,0.0,No,0.0,No,0.0,No,0.0,No,0.0
1951,FINECOBANK BANCA FINECO S.P.A.,,IT0000072170,Financials,ITALY,14.7,5.0,3,5,26,No,0.0,No,0.0,No,0.0,No,0.0,Partial,0.0,Yes,1.0,No,0.0,Partial,0.5,No,0.0,No,0.0,Yes,1.0,No,0.0,No,0.0,No,0.0,No,0.0,Partial,0.5,Partial,0.5,Partial,0.5,Yes,1.0,No,0.0,No,0.0,No,0.0,No,0.0,No,0.0,No,0.0,No,0.0,No,0.0,No,0.0,No,0.0,No,0.0,No,0.0,No,0.0,No,0.0,No,0.0
1315,FIRST ABU DHABI BANK P.J.S.C.,,AEN000101016,Financials,UNITED ARAB EMIRATES,38.2,13.0,13,0,21,Yes,1.0,No,0.0,Yes,1.0,No,0.0,No,0.0,Yes,1.0,No,0.0,Yes,1.0,No,0.0,Yes,1.0,Yes,1.0,No,0.0,No,0.0,No,0.0,No,0.0,Yes,1.0,Yes,1.0,Yes,1.0,Yes,1.0,No,0.0,No,0.0,No,0.0,No,0.0,No,0.0,Yes,1.0,Yes,1.0,No,0.0,Yes,1.0,No,0.0,No,0.0,No,0.0,No,0.0,No,0.0,No,0.0
694,"FIRST CITIZENS BANCSHARES, INC.",,US31946M1036,Financials,UNITED STATES,8.8,3.0,3,1,30,No,0.0,No,0.0,No,0.0,No,0.0,Partial,0.0,No,0.0,No,0.0,No,0.0,No,0.0,No,0.0,No,0.0,No,0.0,No,0.0,No,0.0,No,0.0,Yes,1.0,No,0.0,No,0.0,No,0.0,No,0.0,No,0.0,No,0.0,No,0.0,No,0.0,No,0.0,No,0.0,No,0.0,No,0.0,No,0.0,No,0.0,Yes,1.0,No,0.0,Yes,1.0,No,0.0
102,FIRSTENERGY CORP.,,US3379321074,Utilities,UNITED STATES,2.9,1.0,1,0,33,No,0.0,No,0.0,No,0.0,No,0.0,No,0.0,No,0.0,No,0.0,No,0.0,No,0.0,No,0.0,No,0.0,No,0.0,No,0.0,No,0.0,No,0.0,No,0.0,No,0.0,No,0.0,No,0.0,No,0.0,No,0.0,No,0.0,No,0.0,No,0.0,No,0.0,No,0.0,No,0.0,No,0.0,No,0.0,No,0.0,Yes,1.0,No,0.0,No,0.0,No,0.0
520,First Financial Holding Co. Ltd.,,TW0002892007,Financials,TAIWAN,7.4,2.5,2,1,31,No,0.0,No,0.0,No,0.0,No,0.0,No,0.0,Partial,0.5,No,0.0,Yes,1.0,No,0.0,Yes,1.0,No,0.0,No,0.0,No,0.0,No,0.0,No,0.0,No,0.0,No,0.0,No,0.0,No,0.0,No,0.0,No,0.0,No,0.0,No,0.0,No,0.0,No,0.0,No,0.0,No,0.0,No,0.0,No,0.0,No,0.0,No,0.0,No,0.0,No,0.0,No,0.0
76,FIRST QUANTUM MINERALS LTD.,,CA3359341052,Basic Materials,CANADA,14.7,5.0,5,0,29,No,0.0,No,0.0,No,0.0,No,0.0,No,0.0,Yes,1.0,No,0.0,Yes,1.0,No,0.0,Yes,1.0,Yes,1.0,No,0.0,No,0.0,No,0.0,No,0.0,No,0.0,No,0.0,No,0.0,No,0.0,No,0.0,Yes,1.0,No,0.0,No,0.0,No,0.0,No,0.0,No,0.0,No,0.0,No,0.0,No,0.0,No,0.0,No,0.0,No,0.0,No,0.0,No,0.0
312,FIRSTRAND LIMITED,,ZAE000066304,Financials,SOUTH AFRICA,11.8,4.0,4,1,29,No,0.0,No,0.0,No,0.0,Yes,1.0,Partial,0.0,Yes,1.0,No,0.0,Yes,1.0,No,0.0,No,0.0,No,0.0,No,0.0,No,0.0,No,0.0,No,0.0,No,0.0,No,0.0,No,0.0,No,0.0,No,0.0,No,0.0,No,0.0,No,0.0,No,0.0,No,0.0,No,0.0,No,0.0,No,0.0,No,0.0,No,0.0,Yes,1.0,No,0.0,No,0.0,No,0.0
2052,FIRSTSERVICE CORPORATION,,CA33767E2024,Real Estate,CANADA,8.8,3.0,3,0,31,No,0.0,No,0.0,No,0.0,No,0.0,No,0.0,Yes,1.0,No,0.0,Yes,1.0,No,0.0,Yes,1.0,No,0.0,No,0.0,No,0.0,No,0.0,No,0.0,No,0.0,No,0.0,No,0.0,No,0.0,No,0.0,No,0.0,No,0.0,No,0.0,No,0.0,No,0.0,No,0.0,No,0.0,No,0.0,No,0.0,No,0.0,No,0.0,No,0.0,No,0.0,No,0.0
453,"FIRST SOLAR, INC.",,US3364331070,Energy,UNITED STATES,8.8,3.0,3,0,31,No,0.0,No,0.0,No,0.0,Yes,1.0,No,0.0,Yes,1.0,No,0.0,No,0.0,No,0.0,No,0.0,No,0.0,No,0.0,No,0.0,No,0.0,No,0.0,No,0.0,No,0.0,No,0.0,No,0.0,No,0.0,No,0.0,No,0.0,No,0.0,No,0.0,No,0.0,No,0.0,No,0.0,No,0.0,No,0.0,No,0.0,Yes,1.0,No,0.0,No,0.0,No,0.0
1093,"FISERV, INC.",,US3377381088,Industrials,UNITED STATES,23.5,8.0,8,1,25,Yes,1.0,No,0.0,No,0.0,No,0.0,Partial,0.0,Yes,1.0,No,0.0,No,0.0,No,0.0,No,0.0,Yes,1.0,Yes,1.0,No,0.0,No,0.0,No,0.0,Yes,1.0,No,0.0,Yes,1.0,No,0.0,No,0.0,No,0.0,No,0.0,No,0.0,No,0.0,No,0.0,No,0.0,No,0.0,No,0.0,No,0.0,No,0.0,Yes,1.0,No,0.0,Yes,1.0,No,0.0
727,FISHER & PAYKEL HEALTHCARE CORPORATION LIMITED,,NZFAPE0001S2,Health Care,NEW ZEALAND,0.0,0.0,0,0,34,No,0.0,No,0.0,No,0.0,No,0.0,No,0.0,No,0.0,No,0.0,No,0.0,No,0.0,No,0.0,No,0.0,No,0.0,No,0.0,No,0.0,No,0.0,No,0.0,No,0.0,No,0.0,No,0.0,No,0.0,No,0.0,No,0.0,No,0.0,No,0.0,No,0.0,No,0.0,No,0.0,No,0.0,No,0.0,No,0.0,No,0.0,No,0.0,No,0.0,No,0.0
1094,FLEX LTD.,,SG9999000020,Technology,UNITED STATES,11.8,4.0,4,0,30,Yes,1.0,No,0.0,No,0.0,No,0.0,No,0.0,Yes,1.0,No,0.0,No,0.0,No,0.0,No,0.0,Yes,1.0,No,0.0,No,0.0,No,0.0,No,0.0,No,0.0,No,0.0,No,0.0,No,0.0,No,0.0,No,0.0,No,0.0,No,0.0,No,0.0,No,0.0,No,0.0,No,0.0,No,0.0,No,0.0,No,0.0,Yes,1.0,No,0.0,No,0.0,No,0.0
1352,FLUTTER ENTERTAINMENT PUBLIC LIMITED COMPANY,,IE00BWT6H894,Consumer Discretion,IRELAND,38.2,13.0,13,0,21,Yes,1.0,No,0.0,Yes,1.0,Yes,1.0,Yes,1.0,Yes,1.0,Yes,1.0,Yes,1.0,No,0.0,No,0.0,No,0.0,No,0.0,No,0.0,No,0.0,No,0.0,Yes,1.0,Yes,1.0,Yes,1.0,No,0.0,Yes,1.0,No,0.0,No,0.0,No,0.0,No,0.0,No,0.0,No,0.0,No,0.0,No,0.0,No,0.0,No,0.0,Yes,1.0,No,0.0,Yes,1.0,No,0.0
1128,"Focus Media Information Technology Co., Ltd.",,CNE000001KK2,Consumer Discretion,CHINA,8.8,3.0,3,0,31,No,0.0,No,0.0,No,0.0,No,0.0,No,0.0,Yes,1.0,No,0.0,Yes,1.0,No,0.0,Yes,1.0,No,0.0,No,0.0,No,0.0,No,0.0,No,0.0,No,0.0,No,0.0,No,0.0,No,0.0,No,0.0,No,0.0,No,0.0,No,0.0,No,0.0,No,0.0,No,0.0,No,0.0,No,0.0,No,0.0,No,0.0,No,0.0,No,0.0,No,0.0,No,0.0
1095,"Fomento Economico Mexicano, S.A.B. de C.V.",,MXP320321211,Consumer Staples,MEXICO,17.6,6.0,6,0,28,No,0.0,No,0.0,No,0.0,Yes,1.0,No,0.0,Yes,1.0,No,0.0,Yes,1.0,No,0.0,Yes,1.0,No,0.0,No,0.0,No,0.0,No,0.0,No,0.0,No,0.0,No,0.0,No,0.0,No,0.0,No,0.0,Yes,1.0,No,0.0,No,0.0,No,0.0,No,0.0,No,0.0,No,0.0,No,0.0,No,0.0,No,0.0,Yes,1.0,No,0.0,No,0.0,No,0.0
1096,FORD MOTOR COMPANY,,US3453708600,Consumer Discretion,UNITED STATES,20.6,7.0,7,0,27,No,0.0,No,0.0,No,0.0,No,0.0,Yes,1.0,Yes,1.0,No,0.0,Yes,1.0,No,0.0,Yes,1.0,No,0.0,No,0.0,No,0.0,No,0.0,No,0.0,No,0.0,No,0.0,No,0.0,No,0.0,No,0.0,No,0.0,No,0.0,No,0.0,No,0.0,Yes,1.0,No,0.0,No,0.0,Yes,1.0,No,0.0,No,0.0,Yes,1.0,No,0.0,No,0.0,No,0.0
313,FORD OTOMOTIV SANAYI ANONIM SIRKETI,,TRAOTOSN91H6,Consumer Discretion,TURKEY,2.9,1.0,1,0,33,No,0.0,No,0.0,No,0.0,No,0.0,No,0.0,Yes,1.0,No,0.0,No,0.0,No,0.0,No,0.0,No,0.0,No,0.0,No,0.0,No,0.0,No,0.0,No,0.0,No,0.0,No,0.0,No,0.0,No,0.0,No,0.0,No,0.0,No,0.0,No,0.0,No,0.0,No,0.0,No,0.0,No,0.0,No,0.0,No,0.0,No,0.0,No,0.0,No,0.0,No,0.0
626,Formosa Chemicals And Fibre Corporation,,TW0001326007,Basic Materials,TAIWAN,20.6,7.0,7,0,27,Yes,1.0,No,0.0,No,0.0,No,0.0,No,0.0,Yes,1.0,Yes,1.0,Yes,1.0,No,0.0,Yes,1.0,No,0.0,No,0.0,No,0.0,No,0.0,No,0.0,No,0.0,No,0.0,No,0.0,No,0.0,No,0.0,No,0.0,Yes,1.0,No,0.0,No,0.0,Yes,1.0,No,0.0,No,0.0,No,0.0,No,0.0,No,0.0,No,0.0,No,0.0,No,0.0,No,0.0
1097,Formosa Plastics Corporation,,TW0001301000,Industrials,TAIWAN,14.7,5.0,5,0,29,Yes,1.0,No,0.0,No,0.0,No,0.0,No,0.0,Yes,1.0,No,0.0,Yes,1.0,No,0.0,Yes,1.0,No,0.0,No,0.0,No,0.0,No,0.0,No,0.0,No,0.0,No,0.0,No,0.0,No,0.0,No,0.0,Yes,1.0,No,0.0,No,0.0,No,0.0,No,0.0,No,0.0,No,0.0,No,0.0,No,0.0,No,0.0,No,0.0,No,0.0,No,0.0,No,0.0
2249,FORMULA ONE GROUP,,US5312297550,Consumer Discretion,UNITED STATES,0.0,0.0,0,0,34,No,0.0,No,0.0,No,0.0,No,0.0,No,0.0,No,0.0,No,0.0,No,0.0,No,0.0,No,0.0,No,0.0,No,0.0,No,0.0,No,0.0,No,0.0,No,0.0,No,0.0,No,0.0,No,0.0,No,0.0,No,0.0,No,0.0,No,0.0,No,0.0,No,0.0,No,0.0,No,0.0,No,0.0,No,0.0,No,0.0,No,0.0,No,0.0,No,0.0,No,0.0
317,FORTESCUE LTD,,AU000000FMG4,Basic Materials,AUSTRALIA,17.6,6.0,6,0,28,Yes,1.0,No,0.0,No,0.0,No,0.0,No,0.0,Yes,1.0,No,0.0,Yes,1.0,No,0.0,Yes,1.0,No,0.0,No,0.0,No,0.0,No,0.0,No,0.0,No,0.0,No,0.0,No,0.0,No,0.0,No,0.0,No,0.0,No,0.0,No,0.0,No,0.0,No,0.0,No,0.0,No,0.0,No,0.0,No,0.0,No,0.0,Yes,1.0,No,0.0,Yes,1.0,No,0.0
1797,"FORTINET, INC.",,US34959E1091,Technology,UNITED STATES,32.4,11.0,11,0,23,No,0.0,No,0.0,No,0.0,Yes,1.0,Yes,1.0,Yes,1.0,No,0.0,Yes,1.0,No,0.0,No,0.0,No,0.0,No,0.0,No,0.0,Yes,1.0,No,0.0,Yes,1.0,Yes,1.0,Yes,1.0,No,0.0,No,0.0,No,0.0,No,0.0,No,0.0,No,0.0,Yes,1.0,No,0.0,No,0.0,No,0.0,Yes,1.0,No,0.0,Yes,1.0,No,0.0,No,0.0,No,0.0
1098,FORTIS HEALTHCARE LIMITED,,INE061F01013,Health Care,INDIA,8.8,3.0,3,0,31,No,0.0,No,0.0,No,0.0,No,0.0,No,0.0,Yes,1.0,No,0.0,Yes,1.0,No,0.0,Yes,1.0,No,0.0,No,0.0,No,0.0,No,0.0,No,0.0,No,0.0,No,0.0,No,0.0,No,0.0,No,0.0,No,0.0,No,0.0,No,0.0,No,0.0,No,0.0,No,0.0,No,0.0,No,0.0,No,0.0,No,0.0,No,0.0,No,0.0,No,0.0,No,0.0
86,Fortis Inc.,,CA3495531079,Utilities,CANADA,5.9,2.0,2,1,31,No,0.0,No,0.0,No,0.0,Partial,0.0,No,0.0,No,0.0,No,0.0,No,0.0,No,0.0,No,0.0,No,0.0,No,0.0,No,0.0,No,0.0,No,0.0,Yes,1.0,No,0.0,No,0.0,No,0.0,No,0.0,No,0.0,No,0.0,No,0.0,No,0.0,No,0.0,No,0.0,No,0.0,No,0.0,No,0.0,No,0.0,Yes,1.0,No,0.0,No,0.0,No,0.0
2085,FORTIVE CORPORATION,,US34959J1088,Industrials,UNITED STATES,16.2,5.5,5,1,28,Yes,1.0,No,0.0,No,0.0,No,0.0,No,0.0,Yes,1.0,No,0.0,No,0.0,No,0.0,No,0.0,Yes,1.0,No,0.0,No,0.0,No,0.0,No,0.0,Yes,1.0,Partial,0.5,No,0.0,No,0.0,No,0.0,No,0.0,No,0.0,No,0.0,No,0.0,No,0.0,No,0.0,No,0.0,No,0.0,No,0.0,No,0.0,Yes,1.0,No,0.0,No,0.0,No,0.0
441,Fortum Oyj,,FI0009007132,Utilities,FINLAND,8.8,3.0,3,0,31,No,0.0,No,0.0,No,0.0,No,0.0,No,0.0,Yes,1.0,No,0.0,Yes,1.0,No,0.0,Yes,1.0,No,0.0,No,0.0,No,0.0,No,0.0,No,0.0,No,0.0,No,0.0,No,0.0,No,0.0,No,0.0,No,0.0,No,0.0,No,0.0,No,0.0,No,0.0,No,0.0,No,0.0,No,0.0,No,0.0,No,0.0,No,0.0,No,0.0,No,0.0,No,0.0
205,"Fortune Electric Co., Ltd.",,TW0001519007,Industrials,TAIWAN,2.9,1.0,1,0,33,No,0.0,No,0.0,No,0.0,No,0.0,No,0.0,Yes,1.0,No,0.0,No,0.0,No,0.0,No,0.0,No,0.0,No,0.0,No,0.0,No,0.0,No,0.0,No,0.0,No,0.0,No,0.0,No,0.0,No,0.0,No,0.0,No,0.0,No,0.0,No,0.0,No,0.0,No,0.0,No,0.0,No,0.0,No,0.0,No,0.0,No,0.0,No,0.0,No,0.0,No,0.0
1984,Foshan Haitian Flavouring and Food Co Ltd,,CNE100001SL2,Consumer Staples,CHINA,2.9,1.0,1,0,33,No,0.0,No,0.0,Yes,1.0,No,0.0,No,0.0,No,0.0,No,0.0,No,0.0,No,0.0,No,0.0,No,0.0,No,0.0,No,0.0,No,0.0,No,0.0,No,0.0,No,0.0,No,0.0,No,0.0,No,0.0,No,0.0,No,0.0,No,0.0,No,0.0,No,0.0,No,0.0,No,0.0,No,0.0,No,0.0,No,0.0,No,0.0,No,0.0,No,0.0,No,0.0
1895,"Founder Securities Co., Ltd.",,CNE1000015Y8,Financials,CHINA,0.0,0.0,0,0,34,No,0.0,No,0.0,No,0.0,No,0.0,No,0.0,No,0.0,No,0.0,No,0.0,No,0.0,No,0.0,No,0.0,No,0.0,No,0.0,No,0.0,No,0.0,No,0.0,No,0.0,No,0.0,No,0.0,No,0.0,No,0.0,No,0.0,No,0.0,No,0.0,No,0.0,No,0.0,No,0.0,No,0.0,No,0.0,No,0.0,No,0.0,No,0.0,No,0.0,No,0.0
1100,"Founder Technology Group Co.,Ltd.",,CNE0000001S2,Technology,CHINA,0.0,0.0,0,0,34,No,0.0,No,0.0,No,0.0,No,0.0,No,0.0,No,0.0,No,0.0,No,0.0,No,0.0,No,0.0,No,0.0,No,0.0,No,0.0,No,0.0,No,0.0,No,0.0,No,0.0,No,0.0,No,0.0,No,0.0,No,0.0,No,0.0,No,0.0,No,0.0,No,0.0,No,0.0,No,0.0,No,0.0,No,0.0,No,0.0,No,0.0,No,0.0,No,0.0,No,0.0
2162,"Foxconn Industrial Internet Co., Ltd.",,CNE1000031P3,Telecommunications,CHINA,11.8,4.0,4,0,30,Yes,1.0,No,0.0,No,0.0,No,0.0,No,0.0,Yes,1.0,No,0.0,Yes,1.0,No,0.0,Yes,1.0,No,0.0,No,0.0,No,0.0,No,0.0,No,0.0,No,0.0,No,0.0,No,0.0,No,0.0,No,0.0,No,0.0,No,0.0,No,0.0,No,0.0,No,0.0,No,0.0,No,0.0,No,0.0,No,0.0,No,0.0,No,0.0,No,0.0,No,0.0,No,0.0
2198,FOX CORPORATION,,US35137L1052,Consumer Discretion,UNITED STATES,20.6,7.0,7,0,27,No,0.0,No,0.0,No,0.0,No,0.0,No,0.0,Yes,1.0,No,0.0,Yes,1.0,No,0.0,Yes,1.0,Yes,1.0,Yes,1.0,No,0.0,No,0.0,No,0.0,No,0.0,No,0.0,No,0.0,No,0.0,No,0.0,No,0.0,No,0.0,No,0.0,No,0.0,No,0.0,No,0.0,No,0.0,No,0.0,No,0.0,No,0.0,Yes,1.0,No,0.0,Yes,1.0,No,0.0
710,Franco-Nevada Corporation,,CA3518581051,Basic Materials,CANADA,0.0,0.0,0,0,34,No,0.0,No,0.0,No,0.0,No,0.0,No,0.0,No,0.0,No,0.0,No,0.0,No,0.0,No,0.0,No,0.0,No,0.0,No,0.0,No,0.0,No,0.0,No,0.0,No,0.0,No,0.0,No,0.0,No,0.0,No,0.0,No,0.0,No,0.0,No,0.0,No,0.0,No,0.0,No,0.0,No,0.0,No,0.0,No,0.0,No,0.0,No,0.0,No,0.0,No,0.0
101,FREEPORT-MCMORAN INC.,,US35671D8570,Basic Materials,UNITED STATES,2.9,1.0,1,1,32,No,0.0,No,0.0,No,0.0,No,0.0,No,0.0,No,0.0,No,0.0,No,0.0,No,0.0,No,0.0,Yes,1.0,Partial,0.0,No,0.0,No,0.0,No,0.0,No,0.0,No,0.0,No,0.0,No,0.0,No,0.0,No,0.0,No,0.0,No,0.0,No,0.0,No,0.0,No,0.0,No,0.0,No,0.0,No,0.0,No,0.0,No,0.0,No,0.0,No,0.0,No,0.0
237,Fresenius Medical Care AG,,DE0005785802,Health Care,GERMANY,2.9,1.0,1,1,32,No,0.0,No,0.0,No,0.0,No,0.0,Partial,0.0,Yes,1.0,No,0.0,No,0.0,No,0.0,No,0.0,No,0.0,No,0.0,No,0.0,No,0.0,No,0.0,No,0.0,No,0.0,No,0.0,No,0.0,No,0.0,No,0.0,No,0.0,No,0.0,No,0.0,No,0.0,No,0.0,No,0.0,No,0.0,No,0.0,No,0.0,No,0.0,No,0.0,No,0.0,No,0.0
1101,Fresenius SE & Co. KGaA,,DE0005785604,Health Care,GERMANY,32.4,11.0,11,0,23,Yes,1.0,No,0.0,Yes,1.0,Yes,1.0,Yes,1.0,Yes,1.0,No,0.0,Yes,1.0,No,0.0,Yes,1.0,No,0.0,No,0.0,No,0.0,No,0.0,No,0.0,Yes,1.0,Yes,1.0,Yes,1.0,No,0.0,Yes,1.0,No,0.0,No,0.0,No,0.0,No,0.0,No,0.0,No,0.0,No,0.0,No,0.0,No,0.0,No,0.0,No,0.0,No,0.0,No,0.0,No,0.0
1651,FRESNILLO PLC,,GB00B2QPKJ12,Basic Materials,UNITED KINGDOM,0.0,0.0,0,0,34,No,0.0,No,0.0,No,0.0,No,0.0,No,0.0,No,0.0,No,0.0,No,0.0,No,0.0,No,0.0,No,0.0,No,0.0,No,0.0,No,0.0,No,0.0,No,0.0,No,0.0,No,0.0,No,0.0,No,0.0,No,0.0,No,0.0,No,0.0,No,0.0,No,0.0,No,0.0,No,0.0,No,0.0,No,0.0,No,0.0,No,0.0,No,0.0,No,0.0,No,0.0
2313,FSN E-COMMERCE VENTURES LIMITED,,INE388Y01029,Consumer Discretion,INDIA,32.4,11.0,11,0,23,Yes,1.0,No,0.0,Yes,1.0,Yes,1.0,No,0.0,Yes,1.0,No,0.0,Yes,1.0,No,0.0,Yes,1.0,No,0.0,No,0.0,No,0.0,No,0.0,No,0.0,No,0.0,No,0.0,No,0.0,No,0.0,No,0.0,Yes,1.0,Yes,1.0,Yes,1.0,Yes,1.0,No,0.0,No,0.0,No,0.0,No,0.0,Yes,1.0,No,0.0,No,0.0,No,0.0,No,0.0,No,0.0
2360,FTAI Aviation Ltd.,,KYG3730V1059,Industrials,UNITED STATES,2.9,1.0,1,0,33,No,0.0,No,0.0,No,0.0,No,0.0,No,0.0,No,0.0,No,0.0,No,0.0,No,0.0,No,0.0,No,0.0,No,0.0,No,0.0,No,0.0,No,0.0,No,0.0,No,0.0,No,0.0,No,0.0,No,0.0,No,0.0,No,0.0,No,0.0,No,0.0,No,0.0,No,0.0,No,0.0,No,0.0,No,0.0,No,0.0,Yes,1.0,No,0.0,No,0.0,No,0.0
1102,"Fubon Financial Holding Co., Ltd.",,TW0002881000,Financials,TAIWAN,17.6,6.0,6,0,28,Yes,1.0,No,0.0,No,0.0,Yes,1.0,No,0.0,Yes,1.0,No,0.0,Yes,1.0,No,0.0,Yes,1.0,No,0.0,No,0.0,No,0.0,No,0.0,No,0.0,No,0.0,No,0.0,No,0.0,No,0.0,No,0.0,No,0.0,No,0.0,No,0.0,No,0.0,Yes,1.0,No,0.0,No,0.0,No,0.0,No,0.0,No,0.0,No,0.0,No,0.0,No,0.0,No,0.0
1083,"FUJI ELECTRIC CO., LTD.",,JP3820000002,Industrials,JAPAN,14.7,5.0,4,2,28,Partial,0.5,No,0.0,No,0.0,No,0.0,No,0.0,Yes,1.0,No,0.0,Yes,1.0,No,0.0,Yes,1.0,No,0.0,No,0.0,No,0.0,No,0.0,No,0.0,No,0.0,No,0.0,No,0.0,No,0.0,No,0.0,Yes,1.0,Partial,0.5,No,0.0,No,0.0,No,0.0,No,0.0,No,0.0,No,0.0,No,0.0,No,0.0,No,0.0,No,0.0,No,0.0,No,0.0
716,FUJIFILM Holdings Corporation,,JP3814000000,Technology,JAPAN,19.1,6.5,6,1,27,Yes,1.0,No,0.0,No,0.0,No,0.0,No,0.0,Partial,0.5,No,0.0,No,0.0,No,0.0,No,0.0,Yes,1.0,No,0.0,No,0.0,No,0.0,No,0.0,Yes,1.0,Yes,1.0,No,0.0,Yes,1.0,No,0.0,No,0.0,No,0.0,No,0.0,No,0.0,Yes,1.0,No,0.0,No,0.0,No,0.0,No,0.0,No,0.0,No,0.0,No,0.0,No,0.0,No,0.0
428,Fujikura Ltd.,,JP3811000003,Industrials,JAPAN,11.8,4.0,4,0,30,No,0.0,No,0.0,No,0.0,No,0.0,No,0.0,Yes,1.0,No,0.0,Yes,1.0,No,0.0,Yes,1.0,No,0.0,No,0.0,No,0.0,No,0.0,No,0.0,No,0.0,No,0.0,No,0.0,No,0.0,No,0.0,No,0.0,No,0.0,No,0.0,No,0.0,No,0.0,No,0.0,No,0.0,Yes,1.0,No,0.0,No,0.0,No,0.0,No,0.0,No,0.0,No,0.0
233,Fujitsu Limited,,JP3818000006,Technology,JAPAN,35.3,12.0,10,4,20,Yes,1.0,No,0.0,Yes,1.0,Partial,0.5,Yes,1.0,Partial,0.5,No,0.0,Yes,1.0,No,0.0,Partial,0.5,No,0.0,No,0.0,No,0.0,No,0.0,Yes,1.0,Yes,1.0,Yes,1.0,Yes,1.0,No,0.0,No,0.0,No,0.0,No,0.0,No,0.0,No,0.0,No,0.0,Yes,1.0,No,0.0,No,0.0,Yes,1.0,Partial,0.5,No,0.0,No,0.0,No,0.0,No,0.0
2200,Futu Holdings Limited,,US36118L1061,Financials,HONG KONG,0.0,0.0,0,0,34,No,0.0,No,0.0,No,0.0,No,0.0,No,0.0,No,0.0,No,0.0,No,0.0,No,0.0,No,0.0,No,0.0,No,0.0,No,0.0,No,0.0,No,0.0,No,0.0,No,0.0,No,0.0,No,0.0,No,0.0,No,0.0,No,0.0,No,0.0,No,0.0,No,0.0,No,0.0,No,0.0,No,0.0,No,0.0,No,0.0,No,0.0,No,0.0,No,0.0,No,0.0
315,"FUYAO GLASS INDUSTRY GROUP CO., LTD.",,CNE000000230,Industrials,CHINA,0.0,0.0,0,0,34,No,0.0,No,0.0,No,0.0,No,0.0,No,0.0,No,0.0,No,0.0,No,0.0,No,0.0,No,0.0,No,0.0,No,0.0,No,0.0,No,0.0,No,0.0,No,0.0,No,0.0,No,0.0,No,0.0,No,0.0,No,0.0,No,0.0,No,0.0,No,0.0,No,0.0,No,0.0,No,0.0,No,0.0,No,0.0,No,0.0,No,0.0,No,0.0,No,0.0,No,0.0
474,GAIL (INDIA) LIMITED,,INE129A01019,Energy,INDIA,2.9,1.0,1,0,33,No,0.0,No,0.0,No,0.0,No,0.0,No,0.0,Yes,1.0,No,0.0,No,0.0,No,0.0,No,0.0,No,0.0,No,0.0,No,0.0,No,0.0,No,0.0,No,0.0,No,0.0,No,0.0,No,0.0,No,0.0,No,0.0,No,0.0,No,0.0,No,0.0,No,0.0,No,0.0,No,0.0,No,0.0,No,0.0,No,0.0,No,0.0,No,0.0,No,0.0,No,0.0
2311,GalaxyCore Inc,,CNE100004PM0,Technology,CHINA,0.0,0.0,0,0,34,No,0.0,No,0.0,No,0.0,No,0.0,No,0.0,No,0.0,No,0.0,No,0.0,No,0.0,No,0.0,No,0.0,No,0.0,No,0.0,No,0.0,No,0.0,No,0.0,No,0.0,No,0.0,No,0.0,No,0.0,No,0.0,No,0.0,No,0.0,No,0.0,No,0.0,No,0.0,No,0.0,No,0.0,No,0.0,No,0.0,No,0.0,No,0.0,No,0.0,No,0.0
662,Galaxy Entertainment Group Limited,,HK0027032686,Consumer Discretion,HONG KONG,0.0,0.0,0,0,34,No,0.0,No,0.0,No,0.0,No,0.0,No,0.0,No,0.0,No,0.0,No,0.0,No,0.0,No,0.0,No,0.0,No,0.0,No,0.0,No,0.0,No,0.0,No,0.0,No,0.0,No,0.0,No,0.0,No,0.0,No,0.0,No,0.0,No,0.0,No,0.0,No,0.0,No,0.0,No,0.0,No,0.0,No,0.0,No,0.0,No,0.0,No,0.0,No,0.0,No,0.0
2403,Galderma Group AG,,CH1335392721,Health Care,SWITZERLAND,5.9,2.0,1,2,31,No,0.0,No,0.0,No,0.0,No,0.0,No,0.0,Yes,1.0,No,0.0,Partial,0.5,No,0.0,Partial,0.5,No,0.0,No,0.0,No,0.0,No,0.0,No,0.0,No,0.0,No,0.0,No,0.0,No,0.0,No,0.0,No,0.0,No,0.0,No,0.0,No,0.0,No,0.0,No,0.0,No,0.0,No,0.0,No,0.0,No,0.0,No,0.0,No,0.0,No,0.0,No,0.0
1107,"Galp Energia, SGPS, S.A.",,PTGAL0AM0009,Energy,PORTUGAL,14.7,5.0,5,0,29,No,0.0,No,0.0,No,0.0,No,0.0,No,0.0,Yes,1.0,No,0.0,No,0.0,No,0.0,Yes,1.0,No,0.0,No,0.0,No,0.0,No,0.0,No,0.0,Yes,1.0,No,0.0,No,0.0,No,0.0,No,0.0,No,0.0,No,0.0,No,0.0,No,0.0,Yes,1.0,No,0.0,No,0.0,Yes,1.0,No,0.0,No,0.0,No,0.0,No,0.0,No,0.0,No,0.0
1972,"Gaming and Leisure Properties, Inc.",,US36467J1088,Real Estate,UNITED STATES,0.0,0.0,0,0,34,No,0.0,No,0.0,No,0.0,No,0.0,No,0.0,No,0.0,No,0.0,No,0.0,No,0.0,No,0.0,No,0.0,No,0.0,No,0.0,No,0.0,No,0.0,No,0.0,No,0.0,No,0.0,No,0.0,No,0.0,No,0.0,No,0.0,No,0.0,No,0.0,No,0.0,No,0.0,No,0.0,No,0.0,No,0.0,No,0.0,No,0.0,No,0.0,No,0.0,No,0.0
318,GAMUDA BERHAD,,MYL5398OO002,Industrials,MALAYSIA,23.5,8.0,8,0,26,Yes,1.0,No,0.0,No,0.0,Yes,1.0,No,0.0,Yes,1.0,No,0.0,Yes,1.0,No,0.0,Yes,1.0,No,0.0,No,0.0,No,0.0,No,0.0,No,0.0,No,0.0,No,0.0,No,0.0,No,0.0,No,0.0,No,0.0,No,0.0,No,0.0,No,0.0,Yes,1.0,No,0.0,No,0.0,Yes,1.0,Yes,1.0,No,0.0,No,0.0,No,0.0,No,0.0,No,0.0
1831,"Ganfeng Lithium Group Co., Ltd.",,CNE100000SF6,Basic Materials,CHINA,2.9,1.0,1,1,32,Partial,0.0,No,0.0,No,0.0,No,0.0,No,0.0,Yes,1.0,No,0.0,No,0.0,No,0.0,No,0.0,No,0.0,No,0.0,No,0.0,No,0.0,No,0.0,No,0.0,No,0.0,No,0.0,No,0.0,No,0.0,No,0.0,No,0.0,No,0.0,No,0.0,No,0.0,No,0.0,No,0.0,No,0.0,No,0.0,No,0.0,No,0.0,No,0.0,No,0.0,No,0.0
254,Garmin Ltd.,,CH0114405324,Consumer Discretion,UNITED STATES,2.9,1.0,1,0,33,No,0.0,No,0.0,No,0.0,No,0.0,No,0.0,No,0.0,No,0.0,No,0.0,No,0.0,No,0.0,Yes,1.0,No,0.0,No,0.0,No,0.0,No,0.0,No,0.0,No,0.0,No,0.0,No,0.0,No,0.0,No,0.0,No,0.0,No,0.0,No,0.0,No,0.0,No,0.0,No,0.0,No,0.0,No,0.0,No,0.0,No,0.0,No,0.0,No,0.0,No,0.0
1108,"GARTNER, INC.",,US3666511072,Technology,UNITED STATES,32.4,11.0,11,0,23,Yes,1.0,No,0.0,No,0.0,No,0.0,Yes,1.0,Yes,1.0,No,0.0,Yes,1.0,No,0.0,Yes,1.0,No,0.0,No,0.0,No,0.0,Yes,1.0,No,0.0,Yes,1.0,Yes,1.0,Yes,1.0,No,0.0,No,0.0,No,0.0,No,0.0,No,0.0,No,0.0,No,0.0,No,0.0,No,0.0,No,0.0,No,0.0,No,0.0,Yes,1.0,No,0.0,Yes,1.0,No,0.0
1104,GCL Technology Holdings Limited,,KYG3774X1088,Energy,HONG KONG,11.8,4.0,4,0,30,Yes,1.0,No,0.0,No,0.0,No,0.0,No,0.0,Yes,1.0,No,0.0,Yes,1.0,No,0.0,Yes,1.0,No,0.0,No,0.0,No,0.0,No,0.0,No,0.0,No,0.0,No,0.0,No,0.0,No,0.0,No,0.0,No,0.0,No,0.0,No,0.0,No,0.0,No,0.0,No,0.0,No,0.0,No,0.0,No,0.0,No,0.0,No,0.0,No,0.0,No,0.0,No,0.0
1105,"GD POWER DEVELOPMENT CO., LTD.",,CNE000000PC0,Utilities,CHINA,7.4,2.5,1,3,30,No,0.0,No,0.0,No,0.0,No,0.0,No,0.0,Partial,0.5,No,0.0,Partial,0.5,No,0.0,Partial,0.5,No,0.0,No,0.0,No,0.0,No,0.0,No,0.0,No,0.0,No,0.0,No,0.0,No,0.0,No,0.0,Yes,1.0,No,0.0,No,0.0,No,0.0,No,0.0,No,0.0,No,0.0,No,0.0,No,0.0,No,0.0,No,0.0,No,0.0,No,0.0,No,0.0
2096,GDS HOLDINGS LIMITED,,KYG3902L1095,Technology,CHINA,0.0,0.0,0,0,34,No,0.0,No,0.0,No,0.0,No,0.0,No,0.0,No,0.0,No,0.0,No,0.0,No,0.0,No,0.0,No,0.0,No,0.0,No,0.0,No,0.0,No,0.0,No,0.0,No,0.0,No,0.0,No,0.0,No,0.0,No,0.0,No,0.0,No,0.0,No,0.0,No,0.0,No,0.0,No,0.0,No,0.0,No,0.0,No,0.0,No,0.0,No,0.0,No,0.0,No,0.0
445,GEA Group Aktiengesellschaft,,DE0006602006,Industrials,GERMANY,14.7,5.0,5,0,29,Yes,1.0,No,0.0,No,0.0,No,0.0,No,0.0,Yes,1.0,No,0.0,Yes,1.0,No,0.0,Yes,1.0,Yes,1.0,No,0.0,No,0.0,No,0.0,No,0.0,No,0.0,No,0.0,No,0.0,No,0.0,No,0.0,No,0.0,No,0.0,No,0.0,No,0.0,No,0.0,No,0.0,No,0.0,No,0.0,No,0.0,No,0.0,No,0.0,No,0.0,No,0.0,No,0.0
316,Geberit AG,,CH0030170408,Industrials,SWITZERLAND,17.6,6.0,6,0,28,Yes,1.0,No,0.0,Yes,1.0,No,0.0,No,0.0,Yes,1.0,No,0.0,Yes,1.0,No,0.0,Yes,1.0,No,0.0,No,0.0,No,0.0,No,0.0,No,0.0,No,0.0,No,0.0,No,0.0,No,0.0,No,0.0,No,0.0,No,0.0,No,0.0,No,0.0,Yes,1.0,No,0.0,No,0.0,No,0.0,No,0.0,No,0.0,No,0.0,No,0.0,No,0.0,No,0.0
122,GECINA SA,,FR0010040865,Real Estate,FRANCE,0.0,0.0,0,0,34,No,0.0,No,0.0,No,0.0,No,0.0,No,0.0,No,0.0,No,0.0,No,0.0,No,0.0,No,0.0,No,0.0,No,0.0,No,0.0,No,0.0,No,0.0,No,0.0,No,0.0,No,0.0,No,0.0,No,0.0,No,0.0,No,0.0,No,0.0,No,0.0,No,0.0,No,0.0,No,0.0,No,0.0,No,0.0,No,0.0,No,0.0,No,0.0,No,0.0,No,0.0
427,GEELY AUTOMOBILE HOLDINGS LIMITED,,KYG3777B1032,Consumer Discretion,HONG KONG,20.6,7.0,7,0,27,Yes,1.0,No,0.0,No,0.0,No,0.0,No,0.0,Yes,1.0,No,0.0,Yes,1.0,No,0.0,Yes,1.0,No,0.0,No,0.0,No,0.0,No,0.0,Yes,1.0,No,0.0,Yes,1.0,Yes,1.0,No,0.0,No,0.0,No,0.0,No,0.0,No,0.0,No,0.0,No,0.0,No,0.0,No,0.0,No,0.0,No,0.0,No,0.0,No,0.0,No,0.0,No,0.0,No,0.0
2359,GE HEALTHCARE TECHNOLOGIES INC.,,US36266G1076,Health Care,UNITED STATES,26.5,9.0,9,0,25,Yes,1.0,No,0.0,No,0.0,No,0.0,Yes,1.0,Yes,1.0,No,0.0,No,0.0,No,0.0,Yes,1.0,Yes,1.0,No,0.0,No,0.0,No,0.0,No,0.0,Yes,1.0,Yes,1.0,No,0.0,No,0.0,No,0.0,No,0.0,No,0.0,No,0.0,No,0.0,No,0.0,No,0.0,No,0.0,No,0.0,No,0.0,Yes,1.0,Yes,1.0,No,0.0,No,0.0,No,0.0
1804,"GEM Co., Ltd.",,CNE100000KT4,Utilities,CHINA,0.0,0.0,0,0,34,No,0.0,No,0.0,No,0.0,No,0.0,No,0.0,No,0.0,No,0.0,No,0.0,No,0.0,No,0.0,No,0.0,No,0.0,No,0.0,No,0.0,No,0.0,No,0.0,No,0.0,No,0.0,No,0.0,No,0.0,No,0.0,No,0.0,No,0.0,No,0.0,No,0.0,No,0.0,No,0.0,No,0.0,No,0.0,No,0.0,No,0.0,No,0.0,No,0.0,No,0.0
1500,GEN DIGITAL INC.,,US6687711084,Technology,UNITED STATES,33.8,11.5,10,3,21,Yes,1.0,No,0.0,No,0.0,Yes,1.0,Partial,0.5,Yes,1.0,No,0.0,Yes,1.0,No,0.0,No,0.0,Yes,1.0,No,0.0,No,0.0,No,0.0,Yes,1.0,Yes,1.0,Partial,0.5,Yes,1.0,No,0.0,No,0.0,No,0.0,No,0.0,No,0.0,No,0.0,Yes,1.0,No,0.0,No,0.0,No,0.0,No,0.0,Partial,0.5,Yes,1.0,No,0.0,No,0.0,No,0.0
655,GENERAL DYNAMICS CORPORATION,,US3695501086,Industrials,UNITED STATES,8.8,3.0,2,2,30,Partial,0.5,No,0.0,No,0.0,No,0.0,No,0.0,Yes,1.0,No,0.0,No,0.0,No,0.0,No,0.0,Partial,0.5,No,0.0,No,0.0,No,0.0,No,0.0,Yes,1.0,No,0.0,No,0.0,No,0.0,No,0.0,No,0.0,No,0.0,No,0.0,No,0.0,No,0.0,No,0.0,No,0.0,No,0.0,No,0.0,No,0.0,No,0.0,No,0.0,No,0.0,No,0.0
281,GENERAL ELECTRIC COMPANY,,US3696043013,Industrials,UNITED STATES,20.6,7.0,7,0,27,Yes,1.0,No,0.0,Yes,1.0,No,0.0,No,0.0,Yes,1.0,No,0.0,Yes,1.0,No,0.0,Yes,1.0,No,0.0,No,0.0,No,0.0,No,0.0,Yes,1.0,No,0.0,Yes,1.0,No,0.0,No,0.0,No,0.0,No,0.0,No,0.0,No,0.0,No,0.0,No,0.0,No,0.0,No,0.0,No,0.0,No,0.0,No,0.0,No,0.0,No,0.0,No,0.0,No,0.0
331,"GENERAL MILLS, INC.",,US3703341046,Consumer Staples,UNITED STATES,2.9,1.0,1,0,33,No,0.0,No,0.0,No,0.0,No,0.0,No,0.0,No,0.0,No,0.0,No,0.0,No,0.0,No,0.0,Yes,1.0,No,0.0,No,0.0,No,0.0,No,0.0,No,0.0,No,0.0,No,0.0,No,0.0,No,0.0,No,0.0,No,0.0,No,0.0,No,0.0,No,0.0,No,0.0,No,0.0,No,0.0,No,0.0,No,0.0,No,0.0,No,0.0,No,0.0,No,0.0
1772,GENERAL MOTORS COMPANY,,US37045V1008,Consumer Discretion,UNITED STATES,17.6,6.0,4,4,26,Yes,1.0,No,0.0,No,0.0,No,0.0,Yes,1.0,Partial,0.5,No,0.0,Partial,0.5,No,0.0,Partial,0.5,No,0.0,No,0.0,No,0.0,No,0.0,No,0.0,No,0.0,No,0.0,No,0.0,No,0.0,No,0.0,No,0.0,No,0.0,No,0.0,No,0.0,No,0.0,No,0.0,No,0.0,Yes,1.0,No,0.0,No,0.0,Partial,0.5,No,0.0,No,0.0,Yes,1.0
506,GENMAB A/S,,DK0010272202,Health Care,DENMARK,0.0,0.0,0,1,33,No,0.0,No,0.0,No,0.0,No,0.0,Partial,0.0,No,0.0,No,0.0,No,0.0,No,0.0,No,0.0,No,0.0,No,0.0,No,0.0,No,0.0,No,0.0,No,0.0,No,0.0,No,0.0,No,0.0,No,0.0,No,0.0,No,0.0,No,0.0,No,0.0,No,0.0,No,0.0,No,0.0,No,0.0,No,0.0,No,0.0,No,0.0,No,0.0,No,0.0,No,0.0
2070,Genscript Biotech Corp,,KYG3825B1059,Health Care,HONG KONG,11.8,4.0,4,0,30,Yes,1.0,No,0.0,No,0.0,No,0.0,No,0.0,Yes,1.0,No,0.0,Yes,1.0,No,0.0,Yes,1.0,No,0.0,No,0.0,No,0.0,No,0.0,No,0.0,No,0.0,No,0.0,No,0.0,No,0.0,No,0.0,No,0.0,No,0.0,No,0.0,No,0.0,No,0.0,No,0.0,No,0.0,No,0.0,No,0.0,No,0.0,No,0.0,No,0.0,No,0.0,No,0.0
742,GENUINE PARTS COMPANY,,US3724601055,Consumer Discretion,UNITED STATES,2.9,1.0,1,0,33,No,0.0,No,0.0,No,0.0,No,0.0,No,0.0,No,0.0,No,0.0,No,0.0,No,0.0,No,0.0,No,0.0,No,0.0,No,0.0,No,0.0,No,0.0,No,0.0,No,0.0,No,0.0,No,0.0,No,0.0,No,0.0,No,0.0,No,0.0,No,0.0,No,0.0,No,0.0,No,0.0,No,0.0,No,0.0,No,0.0,Yes,1.0,No,0.0,No,0.0,No,0.0
2314,GEORGE WESTON LIMITED,,CA9611485090,Consumer Staples,CANADA,8.8,3.0,3,0,31,No,0.0,No,0.0,No,0.0,No,0.0,No,0.0,No,0.0,No,0.0,No,0.0,No,0.0,No,0.0,Yes,1.0,Yes,1.0,No,0.0,No,0.0,No,0.0,Yes,1.0,No,0.0,No,0.0,No,0.0,No,0.0,No,0.0,No,0.0,No,0.0,No,0.0,No,0.0,No,0.0,No,0.0,No,0.0,No,0.0,No,0.0,No,0.0,No,0.0,No,0.0,No,0.0
2254,Geovis Technology Co Ltd,,CNE100005584,Technology,CHINA,5.9,2.0,2,0,32,No,0.0,No,0.0,No,0.0,No,0.0,No,0.0,Yes,1.0,No,0.0,No,0.0,No,0.0,No,0.0,No,0.0,No,0.0,No,0.0,No,0.0,No,0.0,No,0.0,No,0.0,No,0.0,No,0.0,No,0.0,No,0.0,No,0.0,No,0.0,No,0.0,No,0.0,No,0.0,No,0.0,Yes,1.0,No,0.0,No,0.0,No,0.0,No,0.0,No,0.0,No,0.0
123,GERDAU S.A.,,BRGGBRACNOR1,Basic Materials,BRAZIL,14.7,5.0,5,0,29,Yes,1.0,No,0.0,No,0.0,Yes,1.0,No,0.0,Yes,1.0,No,0.0,No,0.0,No,0.0,Yes,1.0,No,0.0,No,0.0,No,0.0,No,0.0,No,0.0,No,0.0,No,0.0,No,0.0,No,0.0,No,0.0,No,0.0,No,0.0,No,0.0,No,0.0,No,0.0,No,0.0,No,0.0,No,0.0,Yes,1.0,No,0.0,No,0.0,No,0.0,No,0.0,No,0.0
1119,GETLINK S.E.,,FR0010533075,Industrials,FRANCE,14.7,5.0,5,0,29,No,0.0,Yes,1.0,No,0.0,Yes,1.0,No,0.0,No,0.0,Yes,1.0,No,0.0,No,0.0,Yes,1.0,No,0.0,No,0.0,No,0.0,No,0.0,No,0.0,No,0.0,No,0.0,No,0.0,No,0.0,No,0.0,No,0.0,No,0.0,No,0.0,Yes,1.0,No,0.0,No,0.0,No,0.0,No,0.0,No,0.0,No,0.0,No,0.0,No,0.0,No,0.0,No,0.0
2397,GE VERNOVA INC.,,US36828A1016,Industrials,UNITED STATES,22.1,7.5,6,4,24,Yes,1.0,No,0.0,Yes,1.0,Yes,1.0,Partial,0.0,Partial,0.5,No,0.0,Partial,0.5,No,0.0,Partial,0.5,No,0.0,No,0.0,No,0.0,No,0.0,No,0.0,Yes,1.0,Yes,1.0,No,0.0,No,0.0,No,0.0,No,0.0,No,0.0,No,0.0,No,0.0,No,0.0,No,0.0,No,0.0,No,0.0,No,0.0,No,0.0,Yes,1.0,No,0.0,No,0.0,No,0.0
869,GE VERNOVA T&D INDIA LIMITED,,INE200A01026,Industrials,INDIA,19.1,6.5,4,5,25,Yes,1.0,No,0.0,No,0.0,Yes,1.0,No,0.0,Yes,1.0,No,0.0,Partial,0.5,No,0.0,Yes,1.0,No,0.0,No,0.0,No,0.0,No,0.0,No,0.0,Partial,0.5,Partial,0.5,No,0.0,No,0.0,Partial,0.5,No,0.0,No,0.0,No,0.0,No,0.0,No,0.0,No,0.0,No,0.0,No,0.0,No,0.0,No,0.0,Partial,0.5,No,0.0,No,0.0,No,0.0
2039,GFL ENVIRONMENTAL INC.,,CA36168Q1046,Utilities,CANADA,11.8,4.0,4,0,30,No,0.0,No,0.0,No,0.0,No,0.0,No,0.0,Yes,1.0,No,0.0,Yes,1.0,No,0.0,Yes,1.0,No,0.0,No,0.0,No,0.0,No,0.0,No,0.0,No,0.0,No,0.0,No,0.0,No,0.0,No,0.0,Yes,1.0,No,0.0,No,0.0,No,0.0,No,0.0,No,0.0,No,0.0,No,0.0,No,0.0,No,0.0,No,0.0,No,0.0,No,0.0,No,0.0
1606,"GF Securities Co., Ltd.",,CNE0000008L2,Financials,CHINA,0.0,0.0,0,0,34,No,0.0,No,0.0,No,0.0,No,0.0,No,0.0,No,0.0,No,0.0,No,0.0,No,0.0,No,0.0,No,0.0,No,0.0,No,0.0,No,0.0,No,0.0,No,0.0,No,0.0,No,0.0,No,0.0,No,0.0,No,0.0,No,0.0,No,0.0,No,0.0,No,0.0,No,0.0,No,0.0,No,0.0,No,0.0,No,0.0,No,0.0,No,0.0,No,0.0,No,0.0
2358,Giant Biogene Holding Co Ltd,,KYG3887G1091,Consumer Staples,HONG KONG,0.0,0.0,0,0,34,No,0.0,No,0.0,No,0.0,No,0.0,No,0.0,No,0.0,No,0.0,No,0.0,No,0.0,No,0.0,No,0.0,No,0.0,No,0.0,No,0.0,No,0.0,No,0.0,No,0.0,No,0.0,No,0.0,No,0.0,No,0.0,No,0.0,No,0.0,No,0.0,No,0.0,No,0.0,No,0.0,No,0.0,No,0.0,No,0.0,No,0.0,No,0.0,No,0.0,No,0.0
1872,Giant Network Group Co Ltd,,CNE1000010R3,Consumer Discretion,CHINA,14.7,5.0,5,0,29,Yes,1.0,No,0.0,Yes,1.0,No,0.0,No,0.0,Yes,1.0,No,0.0,Yes,1.0,No,0.0,Yes,1.0,No,0.0,No,0.0,No,0.0,No,0.0,No,0.0,No,0.0,No,0.0,No,0.0,No,0.0,No,0.0,No,0.0,No,0.0,No,0.0,No,0.0,No,0.0,No,0.0,No,0.0,No,0.0,No,0.0,No,0.0,No,0.0,No,0.0,No,0.0,No,0.0
726,"GIGABYTE TECHNOLOGY CO., LTD.",,TW0002376001,Technology,TAIWAN,8.8,3.0,3,0,31,No,0.0,No,0.0,No,0.0,Yes,1.0,No,0.0,Yes,1.0,No,0.0,No,0.0,No,0.0,No,0.0,No,0.0,No,0.0,No,0.0,No,0.0,No,0.0,No,0.0,No,0.0,No,0.0,No,0.0,No,0.0,No,0.0,No,0.0,No,0.0,No,0.0,No,0.0,No,0.0,No,0.0,Yes,1.0,No,0.0,No,0.0,No,0.0,No,0.0,No,0.0,No,0.0
2090,GigaDevice Semiconductor Inc,,CNE1000030S9,Technology,CHINA,7.4,2.5,2,1,31,Partial,0.5,No,0.0,No,0.0,No,0.0,No,0.0,Yes,1.0,No,0.0,No,0.0,No,0.0,No,0.0,No,0.0,No,0.0,No,0.0,No,0.0,No,0.0,No,0.0,No,0.0,No,0.0,No,0.0,No,0.0,No,0.0,No,0.0,No,0.0,No,0.0,No,0.0,No,0.0,No,0.0,Yes,1.0,No,0.0,No,0.0,No,0.0,No,0.0,No,0.0,No,0.0
287,GILDAN ACTIVEWEAR INC,,CA3759161035,Consumer Discretion,CANADA,5.9,2.0,2,0,32,No,0.0,No,0.0,No,0.0,No,0.0,No,0.0,Yes,1.0,No,0.0,No,0.0,No,0.0,No,0.0,No,0.0,No,0.0,No,0.0,No,0.0,No,0.0,Yes,1.0,No,0.0,No,0.0,No,0.0,No,0.0,No,0.0,No,0.0,No,0.0,No,0.0,No,0.0,No,0.0,No,0.0,No,0.0,No,0.0,No,0.0,No,0.0,No,0.0,No,0.0,No,0.0
1110,"GILEAD SCIENCES, INC.",,US3755581036,Health Care,UNITED STATES,35.3,12.0,12,0,22,Yes,1.0,No,0.0,No,0.0,No,0.0,No,0.0,Yes,1.0,No,0.0,No,0.0,No,0.0,Yes,1.0,Yes,1.0,No,0.0,No,0.0,No,0.0,Yes,1.0,Yes,1.0,Yes,1.0,Yes,1.0,Yes,1.0,No,0.0,No,0.0,No,0.0,Yes,1.0,No,0.0,Yes,1.0,No,0.0,No,0.0,No,0.0,No,0.0,No,0.0,Yes,1.0,No,0.0,No,0.0,No,0.0
1111,Givaudan SA,,CH0010645932,Basic Materials,SWITZERLAND,14.7,5.0,5,0,29,Yes,1.0,No,0.0,No,0.0,No,0.0,No,0.0,Yes,1.0,No,0.0,Yes,1.0,No,0.0,Yes,1.0,No,0.0,No,0.0,No,0.0,No,0.0,No,0.0,No,0.0,No,0.0,No,0.0,No,0.0,No,0.0,No,0.0,No,0.0,No,0.0,No,0.0,No,0.0,No,0.0,No,0.0,Yes,1.0,No,0.0,No,0.0,No,0.0,No,0.0,No,0.0,No,0.0
1859,GJENSIDIGE FORSIKRING ASA,,NO0010582521,Financials,NORWAY,19.1,6.5,5,3,26,Partial,0.5,No,0.0,No,0.0,Partial,0.5,Yes,1.0,Partial,0.5,No,0.0,Yes,1.0,No,0.0,Yes,1.0,Yes,1.0,No,0.0,No,0.0,No,0.0,No,0.0,Yes,1.0,No,0.0,No,0.0,No,0.0,No,0.0,No,0.0,No,0.0,No,0.0,No,0.0,No,0.0,No,0.0,No,0.0,No,0.0,No,0.0,No,0.0,No,0.0,No,0.0,No,0.0,No,0.0
1883,GLENCORE PLC,,JE00B4T3BW64,Basic Materials,UNITED KINGDOM,8.8,3.0,3,0,31,No,0.0,No,0.0,No,0.0,No,0.0,No,0.0,Yes,1.0,No,0.0,Yes,1.0,No,0.0,Yes,1.0,No,0.0,No,0.0,No,0.0,No,0.0,No,0.0,No,0.0,No,0.0,No,0.0,No,0.0,No,0.0,No,0.0,No,0.0,No,0.0,No,0.0,No,0.0,No,0.0,No,0.0,No,0.0,No,0.0,No,0.0,No,0.0,No,0.0,No,0.0,No,0.0
1113,GLOBAL PAYMENTS INC.,,US37940X1028,Industrials,UNITED STATES,11.8,4.0,4,0,30,No,0.0,No,0.0,No,0.0,No,0.0,Yes,1.0,No,0.0,No,0.0,No,0.0,No,0.0,No,0.0,Yes,1.0,Yes,1.0,No,0.0,No,0.0,No,0.0,No,0.0,No,0.0,No,0.0,No,0.0,No,0.0,No,0.0,No,0.0,No,0.0,No,0.0,No,0.0,No,0.0,No,0.0,No,0.0,No,0.0,No,0.0,Yes,1.0,No,0.0,No,0.0,No,0.0
524,Global Unichip Corp,,TW0003443008,Technology,TAIWAN,11.8,4.0,4,0,30,No,0.0,No,0.0,Yes,1.0,No,0.0,No,0.0,Yes,1.0,No,0.0,No,0.0,No,0.0,Yes,1.0,No,0.0,No,0.0,No,0.0,No,0.0,No,0.0,No,0.0,No,0.0,No,0.0,No,0.0,No,0.0,No,0.0,No,0.0,No,0.0,No,0.0,No,0.0,No,0.0,No,0.0,Yes,1.0,No,0.0,No,0.0,No,0.0,No,0.0,No,0.0,No,0.0
2014,"GLOBALWAFERS CO., LTD.",,TW0006488000,Technology,TAIWAN,0.0,0.0,0,0,34,No,0.0,No,0.0,No,0.0,No,0.0,No,0.0,No,0.0,No,0.0,No,0.0,No,0.0,No,0.0,No,0.0,No,0.0,No,0.0,No,0.0,No,0.0,No,0.0,No,0.0,No,0.0,No,0.0,No,0.0,No,0.0,No,0.0,No,0.0,No,0.0,No,0.0,No,0.0,No,0.0,No,0.0,No,0.0,No,0.0,No,0.0,No,0.0,No,0.0,No,0.0
477,GMR AIRPORTS LIMITED,,INE776C01039,Industrials,INDIA,5.9,2.0,2,0,32,No,0.0,No,0.0,No,0.0,No,0.0,No,0.0,Yes,1.0,No,0.0,No,0.0,No,0.0,No,0.0,No,0.0,No,0.0,No,0.0,No,0.0,No,0.0,No,0.0,No,0.0,No,0.0,No,0.0,No,0.0,No,0.0,No,0.0,No,0.0,No,0.0,No,0.0,No,0.0,No,0.0,No,0.0,Yes,1.0,No,0.0,No,0.0,No,0.0,No,0.0,No,0.0
2036,GODADDY INC.,,US3802371076,Technology,UNITED STATES,38.2,13.0,13,0,21,Yes,1.0,No,0.0,No,0.0,Yes,1.0,No,0.0,Yes,1.0,No,0.0,Yes,1.0,No,0.0,Yes,1.0,No,0.0,No,0.0,No,0.0,Yes,1.0,No,0.0,Yes,1.0,Yes,1.0,Yes,1.0,Yes,1.0,Yes,1.0,No,0.0,No,0.0,No,0.0,No,0.0,Yes,1.0,No,0.0,No,0.0,No,0.0,No,0.0,No,0.0,Yes,1.0,No,0.0,No,0.0,No,0.0
705,GODREJ CONSUMER PRODUCTS LIMITED,,INE102D01028,Consumer Staples,INDIA,23.5,8.0,8,0,26,Yes,1.0,No,0.0,No,0.0,No,0.0,No,0.0,Yes,1.0,No,0.0,Yes,1.0,No,0.0,Yes,1.0,No,0.0,No,0.0,No,0.0,No,0.0,No,0.0,Yes,1.0,Yes,1.0,Yes,1.0,No,0.0,No,0.0,Yes,1.0,No,0.0,No,0.0,No,0.0,No,0.0,No,0.0,No,0.0,No,0.0,No,0.0,No,0.0,No,0.0,No,0.0,No,0.0,No,0.0
1802,GODREJ PROPERTIES LIMITED,,INE484J01027,Real Estate,INDIA,0.0,0.0,0,0,34,No,0.0,No,0.0,No,0.0,No,0.0,No,0.0,No,0.0,No,0.0,No,0.0,No,0.0,No,0.0,No,0.0,No,0.0,No,0.0,No,0.0,No,0.0,No,0.0,No,0.0,No,0.0,No,0.0,No,0.0,No,0.0,No,0.0,No,0.0,No,0.0,No,0.0,No,0.0,No,0.0,No,0.0,No,0.0,No,0.0,No,0.0,No,0.0,No,0.0,No,0.0
1638,Goertek Inc.,,CNE100000BP1,Industrials,CHINA,14.7,5.0,5,0,29,Yes,1.0,No,0.0,Yes,1.0,No,0.0,No,0.0,Yes,1.0,No,0.0,Yes,1.0,No,0.0,Yes,1.0,No,0.0,No,0.0,No,0.0,No,0.0,No,0.0,No,0.0,No,0.0,No,0.0,No,0.0,No,0.0,No,0.0,No,0.0,No,0.0,No,0.0,No,0.0,No,0.0,No,0.0,No,0.0,No,0.0,No,0.0,No,0.0,No,0.0,No,0.0,No,0.0
1106,GOLD CIRCUIT ELECTRONICS LTD.,,TW0002368008,Technology,TAIWAN,0.0,0.0,0,0,34,No,0.0,No,0.0,No,0.0,No,0.0,No,0.0,No,0.0,No,0.0,No,0.0,No,0.0,No,0.0,No,0.0,No,0.0,No,0.0,No,0.0,No,0.0,No,0.0,No,0.0,No,0.0,No,0.0,No,0.0,No,0.0,No,0.0,No,0.0,No,0.0,No,0.0,No,0.0,No,0.0,No,0.0,No,0.0,No,0.0,No,0.0,No,0.0,No,0.0,No,0.0
526,Gold Fields Limited,,ZAE000018123,Basic Materials,SOUTH AFRICA,0.0,0.0,0,0,34,No,0.0,No,0.0,No,0.0,No,0.0,No,0.0,No,0.0,No,0.0,No,0.0,No,0.0,No,0.0,No,0.0,No,0.0,No,0.0,No,0.0,No,0.0,No,0.0,No,0.0,No,0.0,No,0.0,No,0.0,No,0.0,No,0.0,No,0.0,No,0.0,No,0.0,No,0.0,No,0.0,No,0.0,No,0.0,No,0.0,No,0.0,No,0.0,No,0.0,No,0.0
1601,"GOLDWIND SCIENCE&TECHNOLOGY CO., LTD.",,CNE1000008S5,Energy,CHINA,10.3,3.5,3,1,30,Yes,1.0,No,0.0,No,0.0,No,0.0,No,0.0,Yes,1.0,No,0.0,Yes,1.0,No,0.0,Partial,0.5,No,0.0,No,0.0,No,0.0,No,0.0,No,0.0,No,0.0,No,0.0,No,0.0,No,0.0,No,0.0,No,0.0,No,0.0,No,0.0,No,0.0,No,0.0,No,0.0,No,0.0,No,0.0,No,0.0,No,0.0,No,0.0,No,0.0,No,0.0,No,0.0
2235,Goneo Group Co Ltd,,CNE100003RL0,Industrials,CHINA,5.9,2.0,2,0,32,No,0.0,No,0.0,No,0.0,No,0.0,No,0.0,Yes,1.0,No,0.0,No,0.0,No,0.0,Yes,1.0,No,0.0,No,0.0,No,0.0,No,0.0,No,0.0,No,0.0,No,0.0,No,0.0,No,0.0,No,0.0,No,0.0,No,0.0,No,0.0,No,0.0,No,0.0,No,0.0,No,0.0,No,0.0,No,0.0,No,0.0,No,0.0,No,0.0,No,0.0,No,0.0
2184,GOODMAN GROUP,,AU000000GMG2,Real Estate,AUSTRALIA,8.8,3.0,3,0,31,Yes,1.0,No,0.0,No,0.0,No,0.0,No,0.0,Yes,1.0,No,0.0,No,0.0,No,0.0,No,0.0,Yes,1.0,No,0.0,No,0.0,No,0.0,No,0.0,No,0.0,No,0.0,No,0.0,No,0.0,No,0.0,No,0.0,No,0.0,No,0.0,No,0.0,No,0.0,No,0.0,No,0.0,No,0.0,No,0.0,No,0.0,No,0.0,No,0.0,No,0.0,No,0.0
1200,"Gotion High-tech Co.,Ltd.",,CNE000001NY7,Industrials,CHINA,0.0,0.0,0,0,34,No,0.0,No,0.0,No,0.0,No,0.0,No,0.0,No,0.0,No,0.0,No,0.0,No,0.0,No,0.0,No,0.0,No,0.0,No,0.0,No,0.0,No,0.0,No,0.0,No,0.0,No,0.0,No,0.0,No,0.0,No,0.0,No,0.0,No,0.0,No,0.0,No,0.0,No,0.0,No,0.0,No,0.0,No,0.0,No,0.0,No,0.0,No,0.0,No,0.0,No,0.0
2152,GoTo Gojek Tokopedia PT Tbk,,ID1000166903,Technology,INDONESIA,26.5,9.0,9,0,25,Yes,1.0,No,0.0,Yes,1.0,No,0.0,No,0.0,Yes,1.0,No,0.0,Yes,1.0,No,0.0,Yes,1.0,No,0.0,No,0.0,No,0.0,No,0.0,No,0.0,No,0.0,No,0.0,No,0.0,No,0.0,No,0.0,Yes,1.0,No,0.0,Yes,1.0,No,0.0,No,0.0,No,0.0,No,0.0,Yes,1.0,Yes,1.0,No,0.0,No,0.0,No,0.0,No,0.0,No,0.0
2329,GRAB HOLDINGS LIMITED,,KYG4124C1096,Consumer Discretion,UNITED STATES,41.2,14.0,14,1,19,Yes,1.0,No,0.0,No,0.0,Yes,1.0,No,0.0,Yes,1.0,Yes,1.0,Yes,1.0,No,0.0,Yes,1.0,No,0.0,No,0.0,No,0.0,Partial,0.0,Yes,1.0,Yes,1.0,Yes,1.0,Yes,1.0,No,0.0,No,0.0,Yes,1.0,Yes,1.0,No,0.0,No,0.0,Yes,1.0,No,0.0,No,0.0,No,0.0,Yes,1.0,No,0.0,No,0.0,No,0.0,No,0.0,No,0.0
739,GRACO INC.,,US3841091040,Industrials,UNITED STATES,0.0,0.0,0,0,34,No,0.0,No,0.0,No,0.0,No,0.0,No,0.0,No,0.0,No,0.0,No,0.0,No,0.0,No,0.0,No,0.0,No,0.0,No,0.0,No,0.0,No,0.0,No,0.0,No,0.0,No,0.0,No,0.0,No,0.0,No,0.0,No,0.0,No,0.0,No,0.0,No,0.0,No,0.0,No,0.0,No,0.0,No,0.0,No,0.0,No,0.0,No,0.0,No,0.0,No,0.0
476,GRASIM INDUSTRIES LTD,,IN9047A01029,Industrials,INDIA,2.9,1.0,1,0,33,No,0.0,No,0.0,No,0.0,No,0.0,No,0.0,Yes,1.0,No,0.0,No,0.0,No,0.0,No,0.0,No,0.0,No,0.0,No,0.0,No,0.0,No,0.0,No,0.0,No,0.0,No,0.0,No,0.0,No,0.0,No,0.0,No,0.0,No,0.0,No,0.0,No,0.0,No,0.0,No,0.0,No,0.0,No,0.0,No,0.0,No,0.0,No,0.0,No,0.0,No,0.0
469,Great Wall Motor Company Limited,,CNE1000018V8,Consumer Discretion,CHINA,8.8,3.0,3,0,31,No,0.0,No,0.0,No,0.0,No,0.0,No,0.0,Yes,1.0,No,0.0,Yes,1.0,No,0.0,Yes,1.0,No,0.0,No,0.0,No,0.0,No,0.0,No,0.0,No,0.0,No,0.0,No,0.0,No,0.0,No,0.0,No,0.0,No,0.0,No,0.0,No,0.0,No,0.0,No,0.0,No,0.0,No,0.0,No,0.0,No,0.0,No,0.0,No,0.0,No,0.0,No,0.0
1115,GREAT-WEST LIFECO INC.,,CA39138C1068,Financials,CANADA,32.4,11.0,11,0,23,Yes,1.0,No,0.0,No,0.0,No,0.0,No,0.0,Yes,1.0,No,0.0,Yes,1.0,No,0.0,Yes,1.0,No,0.0,No,0.0,No,0.0,No,0.0,No,0.0,No,0.0,No,0.0,Yes,1.0,No,0.0,No,0.0,Yes,1.0,Yes,1.0,Yes,1.0,No,0.0,Yes,1.0,No,0.0,No,0.0,No,0.0,No,0.0,No,0.0,Yes,1.0,No,0.0,Yes,1.0,No,0.0
1116,"Gree Electric Appliances, Inc. of Zhuhai",,CNE0000001D4,Consumer Discretion,CHINA,8.8,3.0,3,0,31,No,0.0,No,0.0,No,0.0,No,0.0,No,0.0,Yes,1.0,No,0.0,Yes,1.0,No,0.0,Yes,1.0,No,0.0,No,0.0,No,0.0,No,0.0,No,0.0,No,0.0,No,0.0,No,0.0,No,0.0,No,0.0,No,0.0,No,0.0,No,0.0,No,0.0,No,0.0,No,0.0,No,0.0,No,0.0,No,0.0,No,0.0,No,0.0,No,0.0,No,0.0,No,0.0
530,"Grifols, S.A.",,ES0171996087,Health Care,SPAIN,22.1,7.5,7,1,26,Yes,1.0,No,0.0,Yes,1.0,No,0.0,No,0.0,Partial,0.5,No,0.0,Yes,1.0,No,0.0,Yes,1.0,Yes,1.0,No,0.0,No,0.0,No,0.0,No,0.0,No,0.0,No,0.0,No,0.0,No,0.0,No,0.0,Yes,1.0,No,0.0,No,0.0,No,0.0,No,0.0,No,0.0,No,0.0,Yes,1.0,No,0.0,No,0.0,No,0.0,No,0.0,No,0.0,No,0.0
1117,GROEP BRUSSEL LAMBERT NV,,BE0003797140,Financials,BELGIUM,8.8,3.0,3,0,31,No,0.0,No,0.0,No,0.0,No,0.0,No,0.0,Yes,1.0,No,0.0,No,0.0,No,0.0,No,0.0,Yes,1.0,No,0.0,No,0.0,No,0.0,No,0.0,No,0.0,No,0.0,No,0.0,No,0.0,No,0.0,No,0.0,No,0.0,No,0.0,No,0.0,No,0.0,No,0.0,No,0.0,No,0.0,No,0.0,No,0.0,Yes,1.0,No,0.0,No,0.0,No,0.0
319,"Gruma, S.A.B. de C.V.",,MXP4948K1056,Consumer Staples,MEXICO,0.0,0.0,0,0,34,No,0.0,No,0.0,No,0.0,No,0.0,No,0.0,No,0.0,No,0.0,No,0.0,No,0.0,No,0.0,No,0.0,No,0.0,No,0.0,No,0.0,No,0.0,No,0.0,No,0.0,No,0.0,No,0.0,No,0.0,No,0.0,No,0.0,No,0.0,No,0.0,No,0.0,No,0.0,No,0.0,No,0.0,No,0.0,No,0.0,No,0.0,No,0.0,No,0.0,No,0.0
1120,Grupo Aeroportuario del Centro Norte S.A.B. de C.V.,,MX01OM000018,Industrials,MEXICO,2.9,1.0,1,0,33,No,0.0,No,0.0,No,0.0,No,0.0,No,0.0,No,0.0,No,0.0,No,0.0,No,0.0,No,0.0,No,0.0,No,0.0,No,0.0,No,0.0,No,0.0,No,0.0,No,0.0,No,0.0,No,0.0,No,0.0,No,0.0,No,0.0,No,0.0,No,0.0,No,0.0,No,0.0,No,0.0,Yes,1.0,No,0.0,No,0.0,No,0.0,No,0.0,No,0.0,No,0.0
125,"Grupo Aeroportuario del Pacifico, S.A.B. de C.V.",,MX01GA000004,Industrials,MEXICO,0.0,0.0,0,0,34,No,0.0,No,0.0,No,0.0,No,0.0,No,0.0,No,0.0,No,0.0,No,0.0,No,0.0,No,0.0,No,0.0,No,0.0,No,0.0,No,0.0,No,0.0,No,0.0,No,0.0,No,0.0,No,0.0,No,0.0,No,0.0,No,0.0,No,0.0,No,0.0,No,0.0,No,0.0,No,0.0,No,0.0,No,0.0,No,0.0,No,0.0,No,0.0,No,0.0,No,0.0
1121,"Grupo Aeroportuario del Sureste, S.A.B. de C.V.",,MXP001661018,Industrials,MEXICO,0.0,0.0,0,0,34,No,0.0,No,0.0,No,0.0,No,0.0,No,0.0,No,0.0,No,0.0,No,0.0,No,0.0,No,0.0,No,0.0,No,0.0,No,0.0,No,0.0,No,0.0,No,0.0,No,0.0,No,0.0,No,0.0,No,0.0,No,0.0,No,0.0,No,0.0,No,0.0,No,0.0,No,0.0,No,0.0,No,0.0,No,0.0,No,0.0,No,0.0,No,0.0,No,0.0,No,0.0
1122,"Grupo Bimbo, S.A.B. de C.V.",,MXP495211262,Consumer Staples,MEXICO,17.6,6.0,6,0,28,Yes,1.0,No,0.0,No,0.0,Yes,1.0,No,0.0,Yes,1.0,No,0.0,Yes,1.0,No,0.0,Yes,1.0,No,0.0,No,0.0,No,0.0,No,0.0,No,0.0,No,0.0,No,0.0,No,0.0,No,0.0,No,0.0,No,0.0,No,0.0,No,0.0,No,0.0,No,0.0,No,0.0,No,0.0,Yes,1.0,No,0.0,No,0.0,No,0.0,No,0.0,No,0.0,No,0.0
1123,"GRUPO CARSO, S.A.B. DE C.V.",,MXP461181085,Industrials,MEXICO,4.4,1.5,0,3,31,No,0.0,No,0.0,No,0.0,No,0.0,No,0.0,Partial,0.5,No,0.0,Partial,0.5,No,0.0,Partial,0.5,No,0.0,No,0.0,No,0.0,No,0.0,No,0.0,No,0.0,No,0.0,No,0.0,No,0.0,No,0.0,No,0.0,No,0.0,No,0.0,No,0.0,No,0.0,No,0.0,No,0.0,No,0.0,No,0.0,No,0.0,No,0.0,No,0.0,No,0.0,No,0.0
2429,Grupo Cibest S.A.,,COTK7PA00010,Financials,COLOMBIA,0.0,0.0,0,0,34,No,0.0,No,0.0,No,0.0,No,0.0,No,0.0,No,0.0,No,0.0,No,0.0,No,0.0,No,0.0,No,0.0,No,0.0,No,0.0,No,0.0,No,0.0,No,0.0,No,0.0,No,0.0,No,0.0,No,0.0,No,0.0,No,0.0,No,0.0,No,0.0,No,0.0,No,0.0,No,0.0,No,0.0,No,0.0,No,0.0,No,0.0,No,0.0,No,0.0,No,0.0
1671,"Grupo Comercial Chedraui, S.A.B. de C.V.",,MX01CH170002,Consumer Discretion,MEXICO,0.0,0.0,0,0,34,No,0.0,No,0.0,No,0.0,No,0.0,No,0.0,No,0.0,No,0.0,No,0.0,No,0.0,No,0.0,No,0.0,No,0.0,No,0.0,No,0.0,No,0.0,No,0.0,No,0.0,No,0.0,No,0.0,No,0.0,No,0.0,No,0.0,No,0.0,No,0.0,No,0.0,No,0.0,No,0.0,No,0.0,No,0.0,No,0.0,No,0.0,No,0.0,No,0.0,No,0.0
1124,"Grupo Financiero Banorte, S.A.B. de C.V.",,MXP370711014,Financials,MEXICO,20.6,7.0,7,0,27,No,0.0,No,0.0,No,0.0,No,0.0,No,0.0,Yes,1.0,No,0.0,Yes,1.0,No,0.0,Yes,1.0,Yes,1.0,No,0.0,No,0.0,No,0.0,No,0.0,No,0.0,No,0.0,No,0.0,No,0.0,No,0.0,Yes,1.0,No,0.0,No,0.0,No,0.0,No,0.0,No,0.0,No,0.0,Yes,1.0,Yes,1.0,No,0.0,No,0.0,No,0.0,No,0.0,No,0.0
1125,"Grupo Financiero Inbursa, S.A.B. de C.V.",,MXP370641013,Financials,MEXICO,0.0,0.0,0,0,34,No,0.0,No,0.0,No,0.0,No,0.0,No,0.0,No,0.0,No,0.0,No,0.0,No,0.0,No,0.0,No,0.0,No,0.0,No,0.0,No,0.0,No,0.0,No,0.0,No,0.0,No,0.0,No,0.0,No,0.0,No,0.0,No,0.0,No,0.0,No,0.0,No,0.0,No,0.0,No,0.0,No,0.0,No,0.0,No,0.0,No,0.0,No,0.0,No,0.0,No,0.0
1126,"Grupo Mexico, S.A.B. de C.V.",,MXP370841019,Basic Materials,MEXICO,2.9,1.0,1,0,33,No,0.0,No,0.0,No,0.0,No,0.0,No,0.0,No,0.0,No,0.0,No,0.0,No,0.0,No,0.0,No,0.0,No,0.0,No,0.0,No,0.0,No,0.0,No,0.0,No,0.0,No,0.0,No,0.0,No,0.0,No,0.0,No,0.0,No,0.0,No,0.0,No,0.0,No,0.0,No,0.0,No,0.0,No,0.0,No,0.0,Yes,1.0,No,0.0,No,0.0,No,0.0
1112,GSK PLC,,GB00BN7SWP63,Health Care,UNITED KINGDOM,35.3,12.0,12,0,22,Yes,1.0,No,0.0,Yes,1.0,No,0.0,No,0.0,Yes,1.0,No,0.0,No,0.0,No,0.0,Yes,1.0,Yes,1.0,No,0.0,No,0.0,Yes,1.0,Yes,1.0,Yes,1.0,Yes,1.0,Yes,1.0,Yes,1.0,No,0.0,No,0.0,No,0.0,No,0.0,No,0.0,No,0.0,No,0.0,No,0.0,No,0.0,Yes,1.0,No,0.0,No,0.0,No,0.0,No,0.0,No,0.0
1794,"Guangdong Haid Group Co., Limited",,CNE100000HP8,Consumer Staples,CHINA,0.0,0.0,0,0,34,No,0.0,No,0.0,No,0.0,No,0.0,No,0.0,No,0.0,No,0.0,No,0.0,No,0.0,No,0.0,No,0.0,No,0.0,No,0.0,No,0.0,No,0.0,No,0.0,No,0.0,No,0.0,No,0.0,No,0.0,No,0.0,No,0.0,No,0.0,No,0.0,No,0.0,No,0.0,No,0.0,No,0.0,No,0.0,No,0.0,No,0.0,No,0.0,No,0.0,No,0.0
507,"GUANGDONG HEC TECHNOLOGY HOLDING CO., LTD",,CNE000000BL1,Basic Materials,CHINA,17.6,6.0,6,0,28,Yes,1.0,No,0.0,Yes,1.0,No,0.0,No,0.0,Yes,1.0,No,0.0,Yes,1.0,No,0.0,Yes,1.0,No,0.0,No,0.0,No,0.0,No,0.0,No,0.0,No,0.0,No,0.0,No,0.0,No,0.0,No,0.0,No,0.0,No,0.0,No,0.0,No,0.0,No,0.0,No,0.0,No,0.0,Yes,1.0,No,0.0,No,0.0,No,0.0,No,0.0,No,0.0,No,0.0
531,GUANGDONG INVESTMENT LIMITED,,HK0270001396,Utilities,HONG KONG,8.8,3.0,3,0,31,No,0.0,No,0.0,No,0.0,No,0.0,No,0.0,Yes,1.0,No,0.0,Yes,1.0,No,0.0,Yes,1.0,No,0.0,No,0.0,No,0.0,No,0.0,No,0.0,No,0.0,No,0.0,No,0.0,No,0.0,No,0.0,No,0.0,No,0.0,No,0.0,No,0.0,No,0.0,No,0.0,No,0.0,No,0.0,No,0.0,No,0.0,No,0.0,No,0.0,No,0.0,No,0.0
1711,"Guangzhou Automobile Group Co., Ltd.",,CNE100001NQ2,Consumer Discretion,CHINA,8.8,3.0,3,0,31,No,0.0,No,0.0,No,0.0,No,0.0,No,0.0,Yes,1.0,No,0.0,No,0.0,No,0.0,Yes,1.0,No,0.0,No,0.0,No,0.0,No,0.0,No,0.0,No,0.0,No,0.0,No,0.0,No,0.0,No,0.0,No,0.0,No,0.0,No,0.0,No,0.0,Yes,1.0,No,0.0,No,0.0,No,0.0,No,0.0,No,0.0,No,0.0,No,0.0,No,0.0,No,0.0
247,Guangzhou Baiyunshan Pharmaceutical Holdings Company Limited,,CNE000001733,Health Care,CHINA,0.0,0.0,0,0,34,No,0.0,No,0.0,No,0.0,No,0.0,No,0.0,No,0.0,No,0.0,No,0.0,No,0.0,No,0.0,No,0.0,No,0.0,No,0.0,No,0.0,No,0.0,No,0.0,No,0.0,No,0.0,No,0.0,No,0.0,No,0.0,No,0.0,No,0.0,No,0.0,No,0.0,No,0.0,No,0.0,No,0.0,No,0.0,No,0.0,No,0.0,No,0.0,No,0.0,No,0.0
1835,Guangzhou Haige Communications Group Incorporated Company,,CNE100000T24,Telecommunications,CHINA,0.0,0.0,0,0,34,No,0.0,No,0.0,No,0.0,No,0.0,No,0.0,No,0.0,No,0.0,No,0.0,No,0.0,No,0.0,No,0.0,No,0.0,No,0.0,No,0.0,No,0.0,No,0.0,No,0.0,No,0.0,No,0.0,No,0.0,No,0.0,No,0.0,No,0.0,No,0.0,No,0.0,No,0.0,No,0.0,No,0.0,No,0.0,No,0.0,No,0.0,No,0.0,No,0.0,No,0.0
1982,"Guangzhou Tinci Materials Technology Co., Ltd",,CNE100001RG4,Basic Materials,CHINA,2.9,1.0,1,0,33,No,0.0,No,0.0,No,0.0,No,0.0,No,0.0,No,0.0,No,0.0,No,0.0,No,0.0,Yes,1.0,No,0.0,No,0.0,No,0.0,No,0.0,No,0.0,No,0.0,No,0.0,No,0.0,No,0.0,No,0.0,No,0.0,No,0.0,No,0.0,No,0.0,No,0.0,No,0.0,No,0.0,No,0.0,No,0.0,No,0.0,No,0.0,No,0.0,No,0.0,No,0.0
403,Gulf Bank K.S.C.P,,KW0EQ0100028,Financials,KUWAIT,4.4,1.5,1,2,31,No,0.0,No,0.0,No,0.0,Partial,0.0,No,0.0,Yes,1.0,No,0.0,No,0.0,No,0.0,No,0.0,No,0.0,No,0.0,No,0.0,No,0.0,No,0.0,No,0.0,No,0.0,No,0.0,No,0.0,No,0.0,No,0.0,No,0.0,No,0.0,No,0.0,No,0.0,No,0.0,No,0.0,No,0.0,Partial,0.5,No,0.0,No,0.0,No,0.0,No,0.0,No,0.0
2423,GULF DEVELOPMENT PUBLIC COMPANY LIMITED,,THC903010005,Utilities,THAILAND,14.7,5.0,5,0,29,Yes,1.0,No,0.0,No,0.0,No,0.0,No,0.0,Yes,1.0,No,0.0,Yes,1.0,No,0.0,Yes,1.0,No,0.0,No,0.0,No,0.0,No,0.0,No,0.0,No,0.0,No,0.0,No,0.0,No,0.0,No,0.0,No,0.0,No,0.0,No,0.0,No,0.0,No,0.0,No,0.0,No,0.0,Yes,1.0,No,0.0,No,0.0,No,0.0,No,0.0,No,0.0,No,0.0
2346,Guobo Electronics Co Ltd,,CNE100005Q55,Technology,CHINA,0.0,0.0,0,0,34,No,0.0,No,0.0,No,0.0,No,0.0,No,0.0,No,0.0,No,0.0,No,0.0,No,0.0,No,0.0,No,0.0,No,0.0,No,0.0,No,0.0,No,0.0,No,0.0,No,0.0,No,0.0,No,0.0,No,0.0,No,0.0,No,0.0,No,0.0,No,0.0,No,0.0,No,0.0,No,0.0,No,0.0,No,0.0,No,0.0,No,0.0,No,0.0,No,0.0,No,0.0
1702,Guolian Minsheng Securities Company Limited,,CNE1000041D8,Financials,CHINA,5.9,2.0,1,3,30,No,0.0,No,0.0,Partial,0.0,Partial,0.5,No,0.0,Partial,0.5,No,0.0,No,0.0,No,0.0,Yes,1.0,No,0.0,No,0.0,No,0.0,No,0.0,No,0.0,No,0.0,No,0.0,No,0.0,No,0.0,No,0.0,No,0.0,No,0.0,No,0.0,No,0.0,No,0.0,No,0.0,No,0.0,No,0.0,No,0.0,No,0.0,No,0.0,No,0.0,No,0.0,No,0.0
1700,"GUOSEN SECURITIES CO., LTD.",,CNE100001WS9,Financials,CHINA,10.3,3.5,3,1,30,Partial,0.5,No,0.0,No,0.0,No,0.0,No,0.0,Yes,1.0,No,0.0,Yes,1.0,No,0.0,No,0.0,No,0.0,No,0.0,No,0.0,No,0.0,No,0.0,No,0.0,No,0.0,No,0.0,No,0.0,No,0.0,No,0.0,No,0.0,No,0.0,No,0.0,No,0.0,No,0.0,No,0.0,Yes,1.0,No,0.0,No,0.0,No,0.0,No,0.0,No,0.0,No,0.0
1664,"GUOTAI HAITONG SECURITIES CO., LTD.",,CNE1000022F3,Financials,CHINA,16.2,5.5,5,1,28,Yes,1.0,No,0.0,Yes,1.0,No,0.0,No,0.0,Yes,1.0,No,0.0,Yes,1.0,No,0.0,Yes,1.0,No,0.0,No,0.0,No,0.0,No,0.0,No,0.0,No,0.0,No,0.0,No,0.0,No,0.0,No,0.0,No,0.0,No,0.0,No,0.0,No,0.0,No,0.0,No,0.0,No,0.0,Partial,0.5,No,0.0,No,0.0,No,0.0,No,0.0,No,0.0,No,0.0
408,GUOYUAN SECURITIES COMPANY LIMITED,,CNE000000QZ9,Financials,CHINA,0.0,0.0,0,0,34,No,0.0,No,0.0,No,0.0,No,0.0,No,0.0,No,0.0,No,0.0,No,0.0,No,0.0,No,0.0,No,0.0,No,0.0,No,0.0,No,0.0,No,0.0,No,0.0,No,0.0,No,0.0,No,0.0,No,0.0,No,0.0,No,0.0,No,0.0,No,0.0,No,0.0,No,0.0,No,0.0,No,0.0,No,0.0,No,0.0,No,0.0,No,0.0,No,0.0,No,0.0
546,HACI OMER SABANCI HOLDING ANONIM SIRKETI,,TRASAHOL91Q5,Financials,TURKEY,11.8,4.0,4,1,29,No,0.0,No,0.0,Yes,1.0,Partial,0.0,No,0.0,Yes,1.0,No,0.0,Yes,1.0,No,0.0,Yes,1.0,No,0.0,No,0.0,No,0.0,No,0.0,No,0.0,No,0.0,No,0.0,No,0.0,No,0.0,No,0.0,No,0.0,No,0.0,No,0.0,No,0.0,No,0.0,No,0.0,No,0.0,No,0.0,No,0.0,No,0.0,No,0.0,No,0.0,No,0.0,No,0.0
2180,HAIDILAO INTERNATIONAL HOLDING LTD.,,KYG4290A1013,Consumer Discretion,HONG KONG,0.0,0.0,0,0,34,No,0.0,No,0.0,No,0.0,No,0.0,No,0.0,No,0.0,No,0.0,No,0.0,No,0.0,No,0.0,No,0.0,No,0.0,No,0.0,No,0.0,No,0.0,No,0.0,No,0.0,No,0.0,No,0.0,No,0.0,No,0.0,No,0.0,No,0.0,No,0.0,No,0.0,No,0.0,No,0.0,No,0.0,No,0.0,No,0.0,No,0.0,No,0.0,No,0.0,No,0.0
130,"Haier Smart Home Co., Ltd.",,CNE000000CG9,Consumer Discretion,CHINA,38.2,13.0,13,0,21,Yes,1.0,No,0.0,No,0.0,Yes,1.0,Yes,1.0,Yes,1.0,No,0.0,Yes,1.0,No,0.0,Yes,1.0,No,0.0,No,0.0,No,0.0,No,0.0,No,0.0,Yes,1.0,Yes,1.0,Yes,1.0,Yes,1.0,No,0.0,Yes,1.0,No,0.0,Yes,1.0,No,0.0,Yes,1.0,No,0.0,No,0.0,No,0.0,No,0.0,No,0.0,No,0.0,No,0.0,No,0.0,No,0.0
765,"Hainan Airlines Holding Co., Ltd.",,CNE0000011C5,Consumer Discretion,CHINA,11.8,4.0,4,0,30,No,0.0,No,0.0,No,0.0,No,0.0,No,0.0,Yes,1.0,No,0.0,No,0.0,No,0.0,Yes,1.0,No,0.0,No,0.0,No,0.0,No,0.0,No,0.0,No,0.0,No,0.0,No,0.0,No,0.0,No,0.0,No,0.0,No,0.0,Yes,1.0,No,0.0,No,0.0,No,0.0,No,0.0,Yes,1.0,No,0.0,No,0.0,No,0.0,No,0.0,No,0.0,No,0.0
534,"Hainan Airport Infrastructure Co., Ltd",,CNE000001C32,Real Estate,CHINA,20.6,7.0,7,0,27,No,0.0,No,0.0,No,0.0,No,0.0,No,0.0,Yes,1.0,No,0.0,Yes,1.0,No,0.0,Yes,1.0,No,0.0,No,0.0,No,0.0,No,0.0,No,0.0,No,0.0,No,0.0,No,0.0,No,0.0,No,0.0,Yes,1.0,Yes,1.0,No,0.0,No,0.0,No,0.0,No,0.0,No,0.0,Yes,1.0,No,0.0,No,0.0,No,0.0,Yes,1.0,No,0.0,No,0.0
1915,"Haisco Pharmaceutical Group Co., Ltd.",,CNE100001BC7,Health Care,CHINA,0.0,0.0,0,0,34,No,0.0,No,0.0,No,0.0,No,0.0,No,0.0,No,0.0,No,0.0,No,0.0,No,0.0,No,0.0,No,0.0,No,0.0,No,0.0,No,0.0,No,0.0,No,0.0,No,0.0,No,0.0,No,0.0,No,0.0,No,0.0,No,0.0,No,0.0,No,0.0,No,0.0,No,0.0,No,0.0,No,0.0,No,0.0,No,0.0,No,0.0,No,0.0,No,0.0,No,0.0
700,HAITIAN INTERNATIONAL HOLDINGS LIMITED,,KYG4232C1087,Industrials,HONG KONG,0.0,0.0,0,0,34,No,0.0,No,0.0,No,0.0,No,0.0,No,0.0,No,0.0,No,0.0,No,0.0,No,0.0,No,0.0,No,0.0,No,0.0,No,0.0,No,0.0,No,0.0,No,0.0,No,0.0,No,0.0,No,0.0,No,0.0,No,0.0,No,0.0,No,0.0,No,0.0,No,0.0,No,0.0,No,0.0,No,0.0,No,0.0,No,0.0,No,0.0,No,0.0,No,0.0,No,0.0
2337,HALEON PLC,,GB00BMX86B70,Health Care,UNITED KINGDOM,0.0,0.0,0,0,34,No,0.0,No,0.0,No,0.0,No,0.0,No,0.0,No,0.0,No,0.0,No,0.0,No,0.0,No,0.0,No,0.0,No,0.0,No,0.0,No,0.0,No,0.0,No,0.0,No,0.0,No,0.0,No,0.0,No,0.0,No,0.0,No,0.0,No,0.0,No,0.0,No,0.0,No,0.0,No,0.0,No,0.0,No,0.0,No,0.0,No,0.0,No,0.0,No,0.0,No,0.0
517,HALLIBURTON COMPANY,,US4062161017,Energy,UNITED STATES,27.9,9.5,9,1,24,Yes,1.0,No,0.0,No,0.0,No,0.0,No,0.0,Partial,0.5,No,0.0,Yes,1.0,No,0.0,Yes,1.0,Yes,1.0,No,0.0,No,0.0,No,0.0,No,0.0,No,0.0,No,0.0,No,0.0,No,0.0,Yes,1.0,Yes,1.0,No,0.0,Yes,1.0,No,0.0,No,0.0,No,0.0,No,0.0,Yes,1.0,No,0.0,No,0.0,Yes,1.0,No,0.0,No,0.0,No,0.0
1133,HALMA PUBLIC LIMITED COMPANY,,GB0004052071,Industrials,UNITED KINGDOM,0.0,0.0,0,0,34,No,0.0,No,0.0,No,0.0,No,0.0,No,0.0,No,0.0,No,0.0,No,0.0,No,0.0,No,0.0,No,0.0,No,0.0,No,0.0,No,0.0,No,0.0,No,0.0,No,0.0,No,0.0,No,0.0,No,0.0,No,0.0,No,0.0,No,0.0,No,0.0,No,0.0,No,0.0,No,0.0,No,0.0,No,0.0,No,0.0,No,0.0,No,0.0,No,0.0,No,0.0
536,Hana Financial Group Inc.,,KR7086790003,Financials,SOUTH KOREA,17.6,6.0,6,0,28,No,0.0,No,0.0,No,0.0,No,0.0,No,0.0,Yes,1.0,No,0.0,Yes,1.0,No,0.0,Yes,1.0,No,0.0,No,0.0,No,0.0,No,0.0,No,0.0,No,0.0,No,0.0,No,0.0,No,0.0,No,0.0,No,0.0,No,0.0,Yes,1.0,No,0.0,Yes,1.0,Yes,1.0,No,0.0,No,0.0,No,0.0,No,0.0,No,0.0,No,0.0,No,0.0,No,0.0
2121,Hangzhou Changchuan Technology Co Ltd,,CNE100002Q09,Technology,CHINA,0.0,0.0,0,0,34,No,0.0,No,0.0,No,0.0,No,0.0,No,0.0,No,0.0,No,0.0,No,0.0,No,0.0,No,0.0,No,0.0,No,0.0,No,0.0,No,0.0,No,0.0,No,0.0,No,0.0,No,0.0,No,0.0,No,0.0,No,0.0,No,0.0,No,0.0,No,0.0,No,0.0,No,0.0,No,0.0,No,0.0,No,0.0,No,0.0,No,0.0,No,0.0,No,0.0,No,0.0
2005,"HANGZHOU FIRST APPLIED MATERIAL CO., LTD.",,CNE100001VX1,Industrials,CHINA,0.0,0.0,0,0,34,No,0.0,No,0.0,No,0.0,No,0.0,No,0.0,No,0.0,No,0.0,No,0.0,No,0.0,No,0.0,No,0.0,No,0.0,No,0.0,No,0.0,No,0.0,No,0.0,No,0.0,No,0.0,No,0.0,No,0.0,No,0.0,No,0.0,No,0.0,No,0.0,No,0.0,No,0.0,No,0.0,No,0.0,No,0.0,No,0.0,No,0.0,No,0.0,No,0.0,No,0.0
104,"Hangzhou Silan Microelectronics Co., Ltd.",,CNE000001DN1,Technology,CHINA,0.0,0.0,0,0,34,No,0.0,No,0.0,No,0.0,No,0.0,No,0.0,No,0.0,No,0.0,No,0.0,No,0.0,No,0.0,No,0.0,No,0.0,No,0.0,No,0.0,No,0.0,No,0.0,No,0.0,No,0.0,No,0.0,No,0.0,No,0.0,No,0.0,No,0.0,No,0.0,No,0.0,No,0.0,No,0.0,No,0.0,No,0.0,No,0.0,No,0.0,No,0.0,No,0.0,No,0.0
1933,"Hangzhou Tigermed Consulting Co., Ltd",,CNE100001KV8,Health Care,CHINA,27.9,9.5,9,2,23,Yes,1.0,No,0.0,Yes,1.0,Partial,0.0,No,0.0,Yes,1.0,No,0.0,Yes,1.0,No,0.0,Yes,1.0,No,0.0,No,0.0,No,0.0,No,0.0,No,0.0,Yes,1.0,Yes,1.0,Partial,0.5,No,0.0,Yes,1.0,Yes,1.0,No,0.0,No,0.0,No,0.0,No,0.0,No,0.0,No,0.0,No,0.0,No,0.0,No,0.0,No,0.0,No,0.0,No,0.0,No,0.0
1960,HANJIN KAL Corp.,,KR7180640005,Consumer Discretion,SOUTH KOREA,0.0,0.0,0,0,34,No,0.0,No,0.0,No,0.0,No,0.0,No,0.0,No,0.0,No,0.0,No,0.0,No,0.0,No,0.0,No,0.0,No,0.0,No,0.0,No,0.0,No,0.0,No,0.0,No,0.0,No,0.0,No,0.0,No,0.0,No,0.0,No,0.0,No,0.0,No,0.0,No,0.0,No,0.0,No,0.0,No,0.0,No,0.0,No,0.0,No,0.0,No,0.0,No,0.0,No,0.0
1936,"HANKOOK TIRE & TECHNOLOGY CO., LTD.",,KR7161390000,Consumer Discretion,SOUTH KOREA,17.6,6.0,6,0,28,No,0.0,No,0.0,No,0.0,Yes,1.0,No,0.0,Yes,1.0,No,0.0,Yes,1.0,No,0.0,Yes,1.0,No,0.0,No,0.0,No,0.0,No,0.0,No,0.0,No,0.0,No,0.0,No,0.0,No,0.0,No,0.0,Yes,1.0,No,0.0,No,0.0,No,0.0,No,0.0,No,0.0,No,0.0,Yes,1.0,No,0.0,No,0.0,No,0.0,No,0.0,No,0.0,No,0.0
483,"Hankyu Hanshin Holdings, Inc.",,JP3774200004,Industrials,JAPAN,4.4,1.5,1,1,32,No,0.0,No,0.0,No,0.0,No,0.0,No,0.0,Partial,0.5,No,0.0,No,0.0,No,0.0,Yes,1.0,No,0.0,No,0.0,No,0.0,No,0.0,No,0.0,No,0.0,No,0.0,No,0.0,No,0.0,No,0.0,No,0.0,No,0.0,No,0.0,No,0.0,No,0.0,No,0.0,No,0.0,No,0.0,No,0.0,No,0.0,No,0.0,No,0.0,No,0.0,No,0.0
129,"HANMI Semiconductor CO., LTD.",,KR7042700005,Technology,SOUTH KOREA,2.9,1.0,1,0,33,No,0.0,No,0.0,No,0.0,No,0.0,No,0.0,No,0.0,No,0.0,No,0.0,No,0.0,No,0.0,Yes,1.0,No,0.0,No,0.0,No,0.0,No,0.0,No,0.0,No,0.0,No,0.0,No,0.0,No,0.0,No,0.0,No,0.0,No,0.0,No,0.0,No,0.0,No,0.0,No,0.0,No,0.0,No,0.0,No,0.0,No,0.0,No,0.0,No,0.0,No,0.0
1135,Hannover Rueck SE,,DE0008402215,Financials,GERMANY,8.8,3.0,3,1,30,No,0.0,No,0.0,No,0.0,No,0.0,Partial,0.0,Yes,1.0,No,0.0,Yes,1.0,No,0.0,Yes,1.0,No,0.0,No,0.0,No,0.0,No,0.0,No,0.0,No,0.0,No,0.0,No,0.0,No,0.0,No,0.0,No,0.0,No,0.0,No,0.0,No,0.0,No,0.0,No,0.0,No,0.0,No,0.0,No,0.0,No,0.0,No,0.0,No,0.0,No,0.0,No,0.0
2213,HANSOH PHARMACEUTICAL GROUP COMPANY LIMITED,,KYG549581067,Health Care,HONG KONG,25.0,8.5,7,3,24,Partial,0.5,No,0.0,No,0.0,No,0.0,No,0.0,Yes,1.0,No,0.0,No,0.0,No,0.0,Yes,1.0,No,0.0,No,0.0,No,0.0,Yes,1.0,Yes,1.0,Partial,0.5,Yes,1.0,Partial,0.5,No,0.0,No,0.0,No,0.0,No,0.0,No,0.0,No,0.0,Yes,1.0,No,0.0,No,0.0,Yes,1.0,No,0.0,No,0.0,No,0.0,No,0.0,No,0.0,No,0.0
1436,"HANWHA AEROSPACE CO., LTD.",,KR7012450003,Industrials,SOUTH KOREA,11.8,4.0,4,0,30,No,0.0,No,0.0,No,0.0,No,0.0,No,0.0,Yes,1.0,No,0.0,Yes,1.0,No,0.0,Yes,1.0,No,0.0,No,0.0,No,0.0,No,0.0,No,0.0,No,0.0,No,0.0,No,0.0,No,0.0,No,0.0,No,0.0,No,0.0,No,0.0,No,0.0,No,0.0,No,0.0,No,0.0,Yes,1.0,No,0.0,No,0.0,No,0.0,No,0.0,No,0.0,No,0.0
516,"Hanwha Ocean Co., Ltd.",,KR7042660001,Industrials,SOUTH KOREA,7.4,2.5,2,1,31,No,0.0,No,0.0,No,0.0,No,0.0,No,0.0,Partial,0.5,No,0.0,No,0.0,No,0.0,Yes,1.0,No,0.0,No,0.0,No,0.0,No,0.0,No,0.0,No,0.0,No,0.0,No,0.0,No,0.0,No,0.0,No,0.0,No,0.0,No,0.0,No,0.0,No,0.0,No,0.0,No,0.0,Yes,1.0,No,0.0,No,0.0,No,0.0,No,0.0,No,0.0,No,0.0
2136,"HANWHA SYSTEMS Co., Ltd.",,KR7272210006,Industrials,SOUTH KOREA,20.6,7.0,5,5,24,No,0.0,No,0.0,No,0.0,No,0.0,No,0.0,Partial,0.5,No,0.0,Yes,1.0,No,0.0,Yes,1.0,No,0.0,No,0.0,No,0.0,Partial,0.0,No,0.0,Yes,1.0,Yes,1.0,Partial,0.5,Yes,1.0,No,0.0,Partial,0.5,No,0.0,No,0.0,No,0.0,No,0.0,No,0.0,No,0.0,No,0.0,Partial,0.5,No,0.0,No,0.0,No,0.0,No,0.0,No,0.0
1136,HARMONY GOLD MINING COMPANY LIMITED,,ZAE000015228,Basic Materials,SOUTH AFRICA,0.0,0.0,0,0,34,No,0.0,No,0.0,No,0.0,No,0.0,No,0.0,No,0.0,No,0.0,No,0.0,No,0.0,No,0.0,No,0.0,No,0.0,No,0.0,No,0.0,No,0.0,No,0.0,No,0.0,No,0.0,No,0.0,No,0.0,No,0.0,No,0.0,No,0.0,No,0.0,No,0.0,No,0.0,No,0.0,No,0.0,No,0.0,No,0.0,No,0.0,No,0.0,No,0.0,No,0.0
1138,HAVELLS INDIA LIMITED,,INE176B01034,Industrials,INDIA,14.7,5.0,5,1,28,No,0.0,No,0.0,No,0.0,No,0.0,No,0.0,Yes,1.0,No,0.0,Yes,1.0,No,0.0,Yes,1.0,No,0.0,No,0.0,No,0.0,No,0.0,No,0.0,Yes,1.0,Partial,0.0,No,0.0,No,0.0,No,0.0,No,0.0,No,0.0,No,0.0,No,0.0,No,0.0,No,0.0,No,0.0,No,0.0,No,0.0,No,0.0,Yes,1.0,No,0.0,No,0.0,No,0.0
1852,"HCA HEALTHCARE, INC.",,US40412C1018,Health Care,UNITED STATES,45.6,15.5,15,1,18,Yes,1.0,No,0.0,No,0.0,Yes,1.0,Yes,1.0,Yes,1.0,No,0.0,No,0.0,No,0.0,Yes,1.0,No,0.0,No,0.0,No,0.0,Yes,1.0,Yes,1.0,Yes,1.0,Yes,1.0,Yes,1.0,Partial,0.5,Yes,1.0,Yes,1.0,No,0.0,No,0.0,No,0.0,Yes,1.0,No,0.0,No,0.0,Yes,1.0,No,0.0,No,0.0,Yes,1.0,No,0.0,No,0.0,No,0.0
274,HCL TECHNOLOGIES LIMITED,,INE860A01027,Technology,INDIA,50.0,17.0,15,4,15,Yes,1.0,No,0.0,No,0.0,Yes,1.0,Yes,1.0,Partial,0.5,No,0.0,No,0.0,No,0.0,No,0.0,Yes,1.0,No,0.0,No,0.0,Yes,1.0,Yes,1.0,Yes,1.0,Yes,1.0,Yes,1.0,Yes,1.0,Yes,1.0,Partial,0.5,No,0.0,Partial,0.5,Partial,0.5,Yes,1.0,Yes,1.0,No,0.0,Yes,1.0,No,0.0,Yes,1.0,No,0.0,No,0.0,No,0.0,No,0.0
1791,HDFC Asset Management Company Ltd,,INE127D01025,Financials,INDIA,17.6,6.0,6,0,28,Yes,1.0,No,0.0,Yes,1.0,Yes,1.0,No,0.0,Yes,1.0,No,0.0,Yes,1.0,No,0.0,No,0.0,Yes,1.0,No,0.0,No,0.0,No,0.0,No,0.0,No,0.0,No,0.0,No,0.0,No,0.0,No,0.0,No,0.0,No,0.0,No,0.0,No,0.0,No,0.0,No,0.0,No,0.0,No,0.0,No,0.0,No,0.0,No,0.0,No,0.0,No,0.0,No,0.0
485,HDFC BANK LIMITED,,INE040A01034,Financials,INDIA,23.5,8.0,8,0,26,Yes,1.0,No,0.0,No,0.0,Yes,1.0,No,0.0,Yes,1.0,No,0.0,Yes,1.0,No,0.0,Yes,1.0,No,0.0,No,0.0,No,0.0,No,0.0,Yes,1.0,Yes,1.0,Yes,1.0,No,0.0,No,0.0,No,0.0,No,0.0,No,0.0,No,0.0,No,0.0,No,0.0,No,0.0,No,0.0,No,0.0,No,0.0,No,0.0,No,0.0,No,0.0,No,0.0,No,0.0
2066,HDFC LIFE INSURANCE COMPANY LIMITED,,INE795G01014,Financials,INDIA,0.0,0.0,0,0,34,No,0.0,No,0.0,No,0.0,No,0.0,No,0.0,No,0.0,No,0.0,No,0.0,No,0.0,No,0.0,No,0.0,No,0.0,No,0.0,No,0.0,No,0.0,No,0.0,No,0.0,No,0.0,No,0.0,No,0.0,No,0.0,No,0.0,No,0.0,No,0.0,No,0.0,No,0.0,No,0.0,No,0.0,No,0.0,No,0.0,No,0.0,No,0.0,No,0.0,No,0.0
2122,"HD HYUNDAI CO.,LTD.",,KR7267250009,Energy,SOUTH KOREA,7.4,2.5,1,3,30,No,0.0,No,0.0,No,0.0,Yes,1.0,No,0.0,Partial,0.5,No,0.0,Partial,0.5,No,0.0,Partial,0.5,No,0.0,No,0.0,No,0.0,No,0.0,No,0.0,No,0.0,No,0.0,No,0.0,No,0.0,No,0.0,No,0.0,No,0.0,No,0.0,No,0.0,No,0.0,No,0.0,No,0.0,No,0.0,No,0.0,No,0.0,No,0.0,No,0.0,No,0.0,No,0.0
2123,"HD HYUNDAI ELECTRIC CO., LTD.",,KR7267260008,Industrials,SOUTH KOREA,2.9,1.0,1,0,33,No,0.0,No,0.0,Yes,1.0,No,0.0,No,0.0,No,0.0,No,0.0,No,0.0,No,0.0,No,0.0,No,0.0,No,0.0,No,0.0,No,0.0,No,0.0,No,0.0,No,0.0,No,0.0,No,0.0,No,0.0,No,0.0,No,0.0,No,0.0,No,0.0,No,0.0,No,0.0,No,0.0,No,0.0,No,0.0,No,0.0,No,0.0,No,0.0,No,0.0,No,0.0
2216,"HD HYUNDAI HEAVY INDUSTRIES CO.,LTD.",,KR7329180004,Industrials,SOUTH KOREA,11.8,4.0,4,0,30,No,0.0,No,0.0,No,0.0,No,0.0,No,0.0,Yes,1.0,No,0.0,Yes,1.0,No,0.0,Yes,1.0,No,0.0,No,0.0,No,0.0,No,0.0,No,0.0,No,0.0,No,0.0,No,0.0,No,0.0,No,0.0,No,0.0,No,0.0,No,0.0,No,0.0,No,0.0,No,0.0,No,0.0,Yes,1.0,No,0.0,No,0.0,No,0.0,No,0.0,No,0.0,No,0.0
2405,HD Hyundai Marine Solution Co Ltd,,KR7443060009,Industrials,SOUTH KOREA,17.6,6.0,4,4,26,No,0.0,No,0.0,No,0.0,Yes,1.0,No,0.0,Partial,0.5,No,0.0,Partial,0.5,No,0.0,Partial,0.5,No,0.0,No,0.0,No,0.0,No,0.0,No,0.0,No,0.0,No,0.0,No,0.0,No,0.0,No,0.0,Yes,1.0,Yes,1.0,No,0.0,No,0.0,No,0.0,No,0.0,No,0.0,Yes,1.0,No,0.0,No,0.0,No,0.0,Partial,0.5,No,0.0,No,0.0
328,"HD KOREA SHIPBUILDING & OFFSHORE ENGINEERING CO., LTD.",,KR7009540006,Industrials,SOUTH KOREA,11.8,4.0,4,0,30,No,0.0,No,0.0,No,0.0,No,0.0,No,0.0,Yes,1.0,No,0.0,No,0.0,No,0.0,Yes,1.0,Yes,1.0,No,0.0,No,0.0,No,0.0,No,0.0,No,0.0,No,0.0,No,0.0,No,0.0,No,0.0,Yes,1.0,No,0.0,No,0.0,No,0.0,No,0.0,No,0.0,No,0.0,No,0.0,No,0.0,No,0.0,No,0.0,No,0.0,No,0.0,No,0.0
2370,"HEALTHPEAK PROPERTIES, INC.",,US42250P1030,Real Estate,UNITED STATES,14.7,5.0,5,0,29,No,0.0,No,0.0,No,0.0,Yes,1.0,No,0.0,Yes,1.0,No,0.0,No,0.0,No,0.0,No,0.0,Yes,1.0,No,0.0,No,0.0,No,0.0,No,0.0,No,0.0,No,0.0,No,0.0,No,0.0,No,0.0,No,0.0,No,0.0,No,0.0,No,0.0,No,0.0,No,0.0,No,0.0,No,0.0,No,0.0,No,0.0,Yes,1.0,No,0.0,Yes,1.0,No,0.0
1896,Hebei Changshan Biochemical Pharmaceutical Co Ltd,,CNE1000016C2,Health Care,CHINA,0.0,0.0,0,0,34,No,0.0,No,0.0,No,0.0,No,0.0,No,0.0,No,0.0,No,0.0,No,0.0,No,0.0,No,0.0,No,0.0,No,0.0,No,0.0,No,0.0,No,0.0,No,0.0,No,0.0,No,0.0,No,0.0,No,0.0,No,0.0,No,0.0,No,0.0,No,0.0,No,0.0,No,0.0,No,0.0,No,0.0,No,0.0,No,0.0,No,0.0,No,0.0,No,0.0,No,0.0
1129,HEICO CORPORATION,,US4228061093,Industrials,UNITED STATES,0.0,0.0,0,0,34,No,0.0,No,0.0,No,0.0,No,0.0,No,0.0,No,0.0,No,0.0,No,0.0,No,0.0,No,0.0,No,0.0,No,0.0,No,0.0,No,0.0,No,0.0,No,0.0,No,0.0,No,0.0,No,0.0,No,0.0,No,0.0,No,0.0,No,0.0,No,0.0,No,0.0,No,0.0,No,0.0,No,0.0,No,0.0,No,0.0,No,0.0,No,0.0,No,0.0,No,0.0
682,Heidelberg Materials AG,,DE0006047004,Industrials,GERMANY,20.6,7.0,7,0,27,Yes,1.0,No,0.0,No,0.0,No,0.0,No,0.0,Yes,1.0,No,0.0,Yes,1.0,No,0.0,Yes,1.0,No,0.0,No,0.0,No,0.0,No,0.0,No,0.0,No,0.0,Yes,1.0,No,0.0,No,0.0,No,0.0,No,0.0,No,0.0,No,0.0,No,0.0,No,0.0,No,0.0,No,0.0,Yes,1.0,No,0.0,Yes,1.0,No,0.0,No,0.0,No,0.0,No,0.0
1139,Heineken Holding N.V.,,NL0000008977,Consumer Staples,NETHERLANDS,26.5,9.0,9,0,25,Yes,1.0,No,0.0,No,0.0,Yes,1.0,No,0.0,Yes,1.0,No,0.0,Yes,1.0,No,0.0,Yes,1.0,No,0.0,No,0.0,No,0.0,No,0.0,No,0.0,Yes,1.0,Yes,1.0,No,0.0,No,0.0,No,0.0,Yes,1.0,No,0.0,Yes,1.0,No,0.0,No,0.0,No,0.0,No,0.0,No,0.0,No,0.0,No,0.0,No,0.0,No,0.0,No,0.0,No,0.0
324,Heineken N.V.,,NL0000009165,Consumer Staples,NETHERLANDS,16.2,5.5,5,1,28,No,0.0,No,0.0,No,0.0,No,0.0,No,0.0,Partial,0.5,No,0.0,Yes,1.0,No,0.0,Yes,1.0,No,0.0,No,0.0,No,0.0,No,0.0,No,0.0,Yes,1.0,Yes,1.0,No,0.0,No,0.0,No,0.0,No,0.0,No,0.0,Yes,1.0,No,0.0,No,0.0,No,0.0,No,0.0,No,0.0,No,0.0,No,0.0,No,0.0,No,0.0,No,0.0,No,0.0
1140,HELLENIC TELECOMMUNICATIONS ORGANIZATION S.A.,,GRS260333000,Telecommunications,GREECE,5.9,2.0,2,0,32,No,0.0,No,0.0,No,0.0,No,0.0,No,0.0,No,0.0,No,0.0,Yes,1.0,No,0.0,No,0.0,No,0.0,No,0.0,No,0.0,No,0.0,No,0.0,Yes,1.0,No,0.0,No,0.0,No,0.0,No,0.0,No,0.0,No,0.0,No,0.0,No,0.0,No,0.0,No,0.0,No,0.0,No,0.0,No,0.0,No,0.0,No,0.0,No,0.0,No,0.0,No,0.0
1141,Helvetia Baloise Holding AG,,CH0466642201,Financials,SWITZERLAND,2.9,1.0,1,0,33,No,0.0,No,0.0,No,0.0,No,0.0,No,0.0,No,0.0,No,0.0,No,0.0,No,0.0,No,0.0,No,0.0,No,0.0,No,0.0,No,0.0,No,0.0,No,0.0,No,0.0,No,0.0,No,0.0,No,0.0,No,0.0,No,0.0,No,0.0,No,0.0,No,0.0,Yes,1.0,No,0.0,No,0.0,No,0.0,No,0.0,No,0.0,No,0.0,No,0.0,No,0.0
1142,"HENAN SHENHUO COAL & POWER CO.,LTD",,CNE000001097,Basic Materials,CHINA,0.0,0.0,0,0,34,No,0.0,No,0.0,No,0.0,No,0.0,No,0.0,No,0.0,No,0.0,No,0.0,No,0.0,No,0.0,No,0.0,No,0.0,No,0.0,No,0.0,No,0.0,No,0.0,No,0.0,No,0.0,No,0.0,No,0.0,No,0.0,No,0.0,No,0.0,No,0.0,No,0.0,No,0.0,No,0.0,No,0.0,No,0.0,No,0.0,No,0.0,No,0.0,No,0.0,No,0.0
1143,"Henan Shuanghui Investment & Development Co., Ltd.",,CNE000000XM3,Consumer Staples,CHINA,2.9,1.0,1,0,33,No,0.0,No,0.0,No,0.0,No,0.0,No,0.0,Yes,1.0,No,0.0,No,0.0,No,0.0,No,0.0,No,0.0,No,0.0,No,0.0,No,0.0,No,0.0,No,0.0,No,0.0,No,0.0,No,0.0,No,0.0,No,0.0,No,0.0,No,0.0,No,0.0,No,0.0,No,0.0,No,0.0,No,0.0,No,0.0,No,0.0,No,0.0,No,0.0,No,0.0,No,0.0
423,HENDERSON LAND DEVELOPMENT COMPANY LIMITED,,HK0012000102,Real Estate,HONG KONG,17.6,6.0,6,0,28,No,0.0,No,0.0,No,0.0,No,0.0,No,0.0,Yes,1.0,No,0.0,Yes,1.0,No,0.0,Yes,1.0,No,0.0,No,0.0,No,0.0,No,0.0,No,0.0,Yes,1.0,Yes,1.0,No,0.0,No,0.0,No,0.0,No,0.0,No,0.0,No,0.0,No,0.0,No,0.0,No,0.0,No,0.0,No,0.0,Yes,1.0,No,0.0,No,0.0,No,0.0,No,0.0,No,0.0
1144,Hengan International Group Company Limited,,KYG4402L1510,Consumer Staples,HONG KONG,5.9,2.0,2,0,32,No,0.0,No,0.0,No,0.0,No,0.0,No,0.0,Yes,1.0,No,0.0,No,0.0,No,0.0,No,0.0,No,0.0,No,0.0,No,0.0,No,0.0,No,0.0,No,0.0,No,0.0,No,0.0,No,0.0,No,0.0,No,0.0,No,0.0,No,0.0,No,0.0,Yes,1.0,No,0.0,No,0.0,No,0.0,No,0.0,No,0.0,No,0.0,No,0.0,No,0.0,No,0.0
1027,"HENGLI PETROCHEMICAL CO., LTD.",,CNE0000018V0,Basic Materials,CHINA,0.0,0.0,0,0,34,No,0.0,No,0.0,No,0.0,No,0.0,No,0.0,No,0.0,No,0.0,No,0.0,No,0.0,No,0.0,No,0.0,No,0.0,No,0.0,No,0.0,No,0.0,No,0.0,No,0.0,No,0.0,No,0.0,No,0.0,No,0.0,No,0.0,No,0.0,No,0.0,No,0.0,No,0.0,No,0.0,No,0.0,No,0.0,No,0.0,No,0.0,No,0.0,No,0.0,No,0.0
1201,"Hengtong Optic-Electric CO.,LTD",,CNE000001FQ9,Industrials,CHINA,8.8,3.0,3,0,31,No,0.0,No,0.0,No,0.0,No,0.0,No,0.0,Yes,1.0,No,0.0,Yes,1.0,No,0.0,No,0.0,No,0.0,No,0.0,No,0.0,No,0.0,No,0.0,No,0.0,No,0.0,No,0.0,No,0.0,No,0.0,Yes,1.0,No,0.0,No,0.0,No,0.0,No,0.0,No,0.0,No,0.0,No,0.0,No,0.0,No,0.0,No,0.0,No,0.0,No,0.0,No,0.0
1145,Henkel AG & Co. KGaA,,DE0006048408,Basic Materials,GERMANY,20.6,7.0,7,0,27,Yes,1.0,No,0.0,No,0.0,Yes,1.0,No,0.0,Yes,1.0,No,0.0,Yes,1.0,No,0.0,Yes,1.0,No,0.0,No,0.0,No,0.0,No,0.0,No,0.0,No,0.0,No,0.0,No,0.0,No,0.0,No,0.0,No,0.0,No,0.0,No,0.0,No,0.0,Yes,1.0,No,0.0,No,0.0,Yes,1.0,No,0.0,No,0.0,No,0.0,No,0.0,No,0.0,No,0.0
2272,Hensoldt AG,,DE000HAG0005,Industrials,GERMANY,20.6,7.0,7,0,27,Yes,1.0,No,0.0,Yes,1.0,Yes,1.0,No,0.0,Yes,1.0,No,0.0,Yes,1.0,No,0.0,Yes,1.0,No,0.0,No,0.0,No,0.0,No,0.0,No,0.0,No,0.0,No,0.0,No,0.0,No,0.0,No,0.0,No,0.0,No,0.0,No,0.0,No,0.0,No,0.0,No,0.0,No,0.0,Yes,1.0,No,0.0,No,0.0,No,0.0,No,0.0,No,0.0,No,0.0
539,HERMES INTERNATIONAL S.C.A.,,FR0000052292,Consumer Discretion,FRANCE,29.4,10.0,10,1,23,Yes,1.0,No,0.0,No,0.0,No,0.0,Yes,1.0,Yes,1.0,No,0.0,Yes,1.0,No,0.0,Yes,1.0,No,0.0,No,0.0,No,0.0,Yes,1.0,No,0.0,Yes,1.0,No,0.0,Yes,1.0,Partial,0.0,No,0.0,No,0.0,No,0.0,No,0.0,No,0.0,Yes,1.0,Yes,1.0,No,0.0,No,0.0,No,0.0,No,0.0,No,0.0,No,0.0,No,0.0,No,0.0
78,HERO MOTOCORP LIMITED,,INE158A01026,Consumer Discretion,INDIA,10.3,3.5,3,1,30,Yes,1.0,No,0.0,Yes,1.0,No,0.0,No,0.0,Yes,1.0,No,0.0,No,0.0,No,0.0,Partial,0.5,No,0.0,No,0.0,No,0.0,No,0.0,No,0.0,No,0.0,No,0.0,No,0.0,No,0.0,No,0.0,No,0.0,No,0.0,No,0.0,No,0.0,No,0.0,No,0.0,No,0.0,No,0.0,No,0.0,No,0.0,No,0.0,No,0.0,No,0.0,No,0.0
2369,Hesai Group,,KYG4417G1064,Industrials,CHINA,26.5,9.0,9,0,25,Yes,1.0,No,0.0,Yes,1.0,No,0.0,No,0.0,Yes,1.0,No,0.0,Yes,1.0,No,0.0,Yes,1.0,No,0.0,No,0.0,No,0.0,No,0.0,No,0.0,Yes,1.0,No,0.0,Yes,1.0,No,0.0,No,0.0,No,0.0,No,0.0,No,0.0,No,0.0,Yes,1.0,Yes,1.0,No,0.0,No,0.0,No,0.0,No,0.0,No,0.0,No,0.0,No,0.0,No,0.0
2062,HEWLETT PACKARD ENTERPRISE COMPANY,,US42824C1099,Technology,UNITED STATES,44.1,15.0,11,8,15,Yes,1.0,No,0.0,Yes,1.0,Partial,0.5,Partial,0.5,Partial,0.5,No,0.0,Yes,1.0,No,0.0,Yes,1.0,Partial,0.5,No,0.0,Partial,0.5,Partial,0.5,Partial,0.5,Yes,1.0,Yes,1.0,Partial,0.5,Yes,1.0,Yes,1.0,Yes,1.0,No,0.0,No,0.0,No,0.0,Yes,1.0,No,0.0,No,0.0,No,0.0,No,0.0,Yes,1.0,No,0.0,No,0.0,No,0.0,No,0.0
47,Hexagon Aktiebolag,,SE0015961909,Technology,SWEDEN,45.6,15.5,15,2,17,Yes,1.0,No,0.0,Yes,1.0,Yes,1.0,Partial,0.0,Partial,0.5,Yes,1.0,Yes,1.0,No,0.0,Yes,1.0,No,0.0,No,0.0,No,0.0,No,0.0,No,0.0,Yes,1.0,Yes,1.0,Yes,1.0,No,0.0,No,0.0,Yes,1.0,No,0.0,Yes,1.0,No,0.0,Yes,1.0,Yes,1.0,Yes,1.0,Yes,1.0,No,0.0,No,0.0,No,0.0,No,0.0,No,0.0,No,0.0
1130,"HIKARI TSUSHIN, INC.",,JP3783420007,Telecommunications,JAPAN,8.8,3.0,3,0,31,No,0.0,No,0.0,No,0.0,No,0.0,No,0.0,Yes,1.0,No,0.0,Yes,1.0,No,0.0,Yes,1.0,No,0.0,No,0.0,No,0.0,No,0.0,No,0.0,No,0.0,No,0.0,No,0.0,No,0.0,No,0.0,No,0.0,No,0.0,No,0.0,No,0.0,No,0.0,No,0.0,No,0.0,No,0.0,No,0.0,No,0.0,No,0.0,No,0.0,No,0.0,No,0.0
1968,HILTON WORLDWIDE HOLDINGS INC.,,US43300A2033,Consumer Discretion,UNITED STATES,8.8,3.0,3,0,31,No,0.0,No,0.0,No,0.0,Yes,1.0,No,0.0,No,0.0,No,0.0,No,0.0,No,0.0,No,0.0,No,0.0,No,0.0,No,0.0,No,0.0,No,0.0,No,0.0,No,0.0,No,0.0,No,0.0,No,0.0,No,0.0,No,0.0,No,0.0,No,0.0,No,0.0,No,0.0,No,0.0,No,0.0,No,0.0,No,0.0,Yes,1.0,No,0.0,Yes,1.0,No,0.0
1888,Himile Mechanical Science and Technology Shandong Co Ltd,,CNE1000014X3,Industrials,CHINA,0.0,0.0,0,0,34,No,0.0,No,0.0,No,0.0,No,0.0,No,0.0,No,0.0,No,0.0,No,0.0,No,0.0,No,0.0,No,0.0,No,0.0,No,0.0,No,0.0,No,0.0,No,0.0,No,0.0,No,0.0,No,0.0,No,0.0,No,0.0,No,0.0,No,0.0,No,0.0,No,0.0,No,0.0,No,0.0,No,0.0,No,0.0,No,0.0,No,0.0,No,0.0,No,0.0,No,0.0
1147,HINDALCO INDUSTRIES LIMITED,,INE038A01020,Basic Materials,INDIA,5.9,2.0,1,2,31,No,0.0,No,0.0,No,0.0,No,0.0,No,0.0,Partial,0.5,No,0.0,Yes,1.0,No,0.0,Partial,0.5,No,0.0,No,0.0,No,0.0,No,0.0,No,0.0,No,0.0,No,0.0,No,0.0,No,0.0,No,0.0,No,0.0,No,0.0,No,0.0,No,0.0,No,0.0,No,0.0,No,0.0,No,0.0,No,0.0,No,0.0,No,0.0,No,0.0,No,0.0,No,0.0
1660,HINDUSTAN AERONAUTICS LIMITED,,INE066F01020,Industrials,INDIA,8.8,3.0,3,0,31,No,0.0,No,0.0,No,0.0,No,0.0,No,0.0,Yes,1.0,No,0.0,Yes,1.0,No,0.0,Yes,1.0,No,0.0,No,0.0,No,0.0,No,0.0,No,0.0,No,0.0,No,0.0,No,0.0,No,0.0,No,0.0,No,0.0,No,0.0,No,0.0,No,0.0,No,0.0,No,0.0,No,0.0,No,0.0,No,0.0,No,0.0,No,0.0,No,0.0,No,0.0,No,0.0
77,HINDUSTAN PETROLEUM CORPORATION LIMITED,,INE094A01015,Energy,INDIA,11.8,4.0,4,1,29,Yes,1.0,No,0.0,No,0.0,Partial,0.0,No,0.0,Yes,1.0,No,0.0,Yes,1.0,No,0.0,Yes,1.0,No,0.0,No,0.0,No,0.0,No,0.0,No,0.0,No,0.0,No,0.0,No,0.0,No,0.0,No,0.0,No,0.0,No,0.0,No,0.0,No,0.0,No,0.0,No,0.0,No,0.0,No,0.0,No,0.0,No,0.0,No,0.0,No,0.0,No,0.0,No,0.0
1148,HINDUSTAN UNILEVER LIMITED,,INE030A01027,Consumer Staples,INDIA,13.2,4.5,3,3,28,No,0.0,No,0.0,No,0.0,Yes,1.0,No,0.0,Partial,0.5,No,0.0,Partial,0.5,No,0.0,Partial,0.5,No,0.0,No,0.0,No,0.0,No,0.0,No,0.0,No,0.0,No,0.0,No,0.0,No,0.0,No,0.0,Yes,1.0,No,0.0,Yes,1.0,No,0.0,No,0.0,No,0.0,No,0.0,No,0.0,No,0.0,No,0.0,No,0.0,No,0.0,No,0.0,No,0.0
2243,HITACHI ENERGY INDIA LIMITED,,INE07Y701011,Industrials,INDIA,19.1,6.5,6,1,27,Yes,1.0,No,0.0,Yes,1.0,No,0.0,No,0.0,Yes,1.0,No,0.0,Yes,1.0,No,0.0,Yes,1.0,No,0.0,No,0.0,No,0.0,No,0.0,No,0.0,No,0.0,No,0.0,No,0.0,No,0.0,No,0.0,Yes,1.0,No,0.0,No,0.0,No,0.0,Partial,0.5,No,0.0,No,0.0,No,0.0,No,0.0,No,0.0,No,0.0,No,0.0,No,0.0,No,0.0
1149,"Hitachi, Ltd.",,JP3788600009,Industrials,JAPAN,39.7,13.5,12,4,18,No,0.0,No,0.0,No,0.0,Yes,1.0,Partial,0.0,Yes,1.0,No,0.0,No,0.0,No,0.0,No,0.0,No,0.0,No,0.0,No,0.0,Partial,0.5,Yes,1.0,Partial,0.5,Partial,0.5,Yes,1.0,Yes,1.0,Yes,1.0,Yes,1.0,Yes,1.0,No,0.0,No,0.0,Yes,1.0,Yes,1.0,No,0.0,Yes,1.0,No,0.0,Yes,1.0,No,0.0,No,0.0,No,0.0,No,0.0
1799,"Hithink RoyalFlush Information Network Co., Ltd.",,CNE100000JG3,Technology,CHINA,2.9,1.0,1,0,33,No,0.0,No,0.0,No,0.0,No,0.0,No,0.0,Yes,1.0,No,0.0,No,0.0,No,0.0,No,0.0,No,0.0,No,0.0,No,0.0,No,0.0,No,0.0,No,0.0,No,0.0,No,0.0,No,0.0,No,0.0,No,0.0,No,0.0,No,0.0,No,0.0,No,0.0,No,0.0,No,0.0,No,0.0,No,0.0,No,0.0,No,0.0,No,0.0,No,0.0,No,0.0
1908,HKT Trust and HKT Limited,,US4041991013,Telecommunications,HONG KONG,32.4,11.0,11,3,20,Yes,1.0,No,0.0,Yes,1.0,Partial,0.0,Partial,0.0,Yes,1.0,No,0.0,Yes,1.0,No,0.0,Yes,1.0,No,0.0,No,0.0,No,0.0,Partial,0.0,No,0.0,Yes,1.0,No,0.0,Yes,1.0,No,0.0,No,0.0,Yes,1.0,No,0.0,No,0.0,No,0.0,Yes,1.0,Yes,1.0,No,0.0,No,0.0,Yes,1.0,No,0.0,No,0.0,No,0.0,No,0.0,No,0.0
303,HLB INC.,,KR7028300002,Health Care,SOUTH KOREA,2.9,1.0,1,1,32,Yes,1.0,No,0.0,No,0.0,No,0.0,Partial,0.0,No,0.0,No,0.0,No,0.0,No,0.0,No,0.0,No,0.0,No,0.0,No,0.0,No,0.0,No,0.0,No,0.0,No,0.0,No,0.0,No,0.0,No,0.0,No,0.0,No,0.0,No,0.0,No,0.0,No,0.0,No,0.0,No,0.0,No,0.0,No,0.0,No,0.0,No,0.0,No,0.0,No,0.0,No,0.0
327,H & M Hennes & Mauritz AB,,SE0000106270,Consumer Discretion,SWEDEN,23.5,8.0,8,0,26,Yes,1.0,No,0.0,No,0.0,No,0.0,No,0.0,Yes,1.0,No,0.0,Yes,1.0,No,0.0,Yes,1.0,Yes,1.0,No,0.0,No,0.0,No,0.0,No,0.0,Yes,1.0,Yes,1.0,Yes,1.0,No,0.0,No,0.0,No,0.0,No,0.0,No,0.0,No,0.0,No,0.0,No,0.0,No,0.0,No,0.0,No,0.0,No,0.0,No,0.0,No,0.0,No,0.0,No,0.0
1162,"HMM CO.,LTD",,KR7011200003,Industrials,SOUTH KOREA,2.9,1.0,1,0,33,No,0.0,No,0.0,No,0.0,No,0.0,No,0.0,Yes,1.0,No,0.0,No,0.0,No,0.0,No,0.0,No,0.0,No,0.0,No,0.0,No,0.0,No,0.0,No,0.0,No,0.0,No,0.0,No,0.0,No,0.0,No,0.0,No,0.0,No,0.0,No,0.0,No,0.0,No,0.0,No,0.0,No,0.0,No,0.0,No,0.0,No,0.0,No,0.0,No,0.0,No,0.0
439,HOCHTIEF Aktiengesellschaft,,DE0006070006,Industrials,GERMANY,2.9,1.0,1,0,33,No,0.0,No,0.0,No,0.0,No,0.0,No,0.0,No,0.0,No,0.0,No,0.0,No,0.0,No,0.0,No,0.0,No,0.0,No,0.0,No,0.0,No,0.0,No,0.0,No,0.0,No,0.0,No,0.0,No,0.0,No,0.0,No,0.0,No,0.0,No,0.0,No,0.0,No,0.0,No,0.0,Yes,1.0,No,0.0,No,0.0,No,0.0,No,0.0,No,0.0,No,0.0
545,Holcim AG,,CH0012214059,Industrials,SWITZERLAND,44.1,15.0,15,0,19,Yes,1.0,No,0.0,Yes,1.0,Yes,1.0,No,0.0,Yes,1.0,Yes,1.0,Yes,1.0,No,0.0,Yes,1.0,No,0.0,No,0.0,No,0.0,Yes,1.0,No,0.0,Yes,1.0,Yes,1.0,Yes,1.0,No,0.0,No,0.0,Yes,1.0,No,0.0,No,0.0,No,0.0,Yes,1.0,No,0.0,No,0.0,Yes,1.0,No,0.0,Yes,1.0,No,0.0,No,0.0,No,0.0,No,0.0
1150,Holmen Aktiebolag,,SE0011090018,Basic Materials,SWEDEN,8.8,3.0,3,0,31,No,0.0,No,0.0,No,0.0,No,0.0,No,0.0,Yes,1.0,No,0.0,Yes,1.0,No,0.0,Yes,1.0,No,0.0,No,0.0,No,0.0,No,0.0,No,0.0,No,0.0,No,0.0,No,0.0,No,0.0,No,0.0,No,0.0,No,0.0,No,0.0,No,0.0,No,0.0,No,0.0,No,0.0,No,0.0,No,0.0,No,0.0,No,0.0,No,0.0,No,0.0,No,0.0
676,"HONDA MOTOR CO., LTD.",,JP3854600008,Consumer Discretion,JAPAN,20.6,7.0,7,0,27,No,0.0,No,0.0,No,0.0,No,0.0,No,0.0,Yes,1.0,No,0.0,No,0.0,No,0.0,Yes,1.0,No,0.0,No,0.0,No,0.0,No,0.0,No,0.0,Yes,1.0,No,0.0,Yes,1.0,No,0.0,No,0.0,No,0.0,No,0.0,No,0.0,No,0.0,No,0.0,No,0.0,No,0.0,Yes,1.0,No,0.0,No,0.0,Yes,1.0,No,0.0,Yes,1.0,No,0.0
2411,HONEYWELL INTERNATIONAL INCORPORATION,,US4385161066,Industrials,UNITED STATES,27.9,9.5,9,1,24,Yes,1.0,No,0.0,Yes,1.0,No,0.0,No,0.0,Yes,1.0,No,0.0,No,0.0,No,0.0,No,0.0,No,0.0,No,0.0,No,0.0,Yes,1.0,No,0.0,Yes,1.0,Partial,0.5,Yes,1.0,Yes,1.0,Yes,1.0,No,0.0,No,0.0,No,0.0,No,0.0,No,0.0,No,0.0,No,0.0,Yes,1.0,No,0.0,No,0.0,No,0.0,No,0.0,No,0.0,No,0.0
79,Hong Kong Exchanges and Clearing Limited,,HK0388045442,Financials,HONG KONG,14.7,5.0,5,0,29,Yes,1.0,No,0.0,No,0.0,No,0.0,No,0.0,Yes,1.0,No,0.0,Yes,1.0,No,0.0,Yes,1.0,No,0.0,No,0.0,No,0.0,No,0.0,No,0.0,Yes,1.0,No,0.0,No,0.0,No,0.0,No,0.0,No,0.0,No,0.0,No,0.0,No,0.0,No,0.0,No,0.0,No,0.0,No,0.0,No,0.0,No,0.0,No,0.0,No,0.0,No,0.0,No,0.0
119,HONGKONG LAND HOLDINGS LIMITED,,BMG4587L1090,Real Estate,SINGAPORE,33.8,11.5,11,1,22,No,0.0,No,0.0,No,0.0,Yes,1.0,No,0.0,Yes,1.0,No,0.0,Yes,1.0,No,0.0,Yes,1.0,No,0.0,No,0.0,No,0.0,No,0.0,Yes,1.0,Yes,1.0,Partial,0.5,Yes,1.0,Yes,1.0,Yes,1.0,Yes,1.0,No,0.0,Yes,1.0,No,0.0,No,0.0,No,0.0,No,0.0,No,0.0,No,0.0,No,0.0,No,0.0,No,0.0,No,0.0,No,0.0
1153,HONG LEONG BANK BERHAD,,MYL5819OO007,Financials,MALAYSIA,26.5,9.0,9,0,25,Yes,1.0,No,0.0,No,0.0,No,0.0,No,0.0,Yes,1.0,No,0.0,Yes,1.0,No,0.0,Yes,1.0,No,0.0,No,0.0,No,0.0,No,0.0,No,0.0,Yes,1.0,Yes,1.0,Yes,1.0,No,0.0,No,0.0,Yes,1.0,No,0.0,No,0.0,No,0.0,Yes,1.0,No,0.0,No,0.0,No,0.0,No,0.0,No,0.0,No,0.0,No,0.0,No,0.0,No,0.0
1151,"HON HAI PRECISION INDUSTRY CO., LTD.",,TW0002317005,Technology,TAIWAN,10.3,3.5,1,5,28,Partial,0.5,No,0.0,Partial,0.5,No,0.0,No,0.0,Partial,0.5,No,0.0,Partial,0.5,No,0.0,Partial,0.5,No,0.0,No,0.0,No,0.0,No,0.0,No,0.0,No,0.0,No,0.0,No,0.0,No,0.0,No,0.0,No,0.0,No,0.0,No,0.0,No,0.0,No,0.0,No,0.0,No,0.0,Yes,1.0,No,0.0,No,0.0,No,0.0,No,0.0,No,0.0,No,0.0
2418,HonPrecision Inc,,TW0007769002,Technology,TAIWAN,8.8,3.0,3,0,31,Yes,1.0,No,0.0,No,0.0,No,0.0,No,0.0,Yes,1.0,No,0.0,No,0.0,No,0.0,Yes,1.0,No,0.0,No,0.0,No,0.0,No,0.0,No,0.0,No,0.0,No,0.0,No,0.0,No,0.0,No,0.0,No,0.0,No,0.0,No,0.0,No,0.0,No,0.0,No,0.0,No,0.0,No,0.0,No,0.0,No,0.0,No,0.0,No,0.0,No,0.0,No,0.0
2416,Horizon Robotics,,KYG4602S1057,Technology,CHINA,26.5,9.0,9,0,25,Yes,1.0,No,0.0,Yes,1.0,No,0.0,No,0.0,Yes,1.0,No,0.0,Yes,1.0,No,0.0,Yes,1.0,No,0.0,No,0.0,No,0.0,No,0.0,Yes,1.0,Yes,1.0,No,0.0,No,0.0,No,0.0,No,0.0,No,0.0,No,0.0,No,0.0,No,0.0,No,0.0,No,0.0,No,0.0,Yes,1.0,No,0.0,No,0.0,Yes,1.0,No,0.0,No,0.0,No,0.0
749,HORMEL FOODS CORPORATION,,US4404521001,Consumer Staples,UNITED STATES,5.9,2.0,2,0,32,No,0.0,No,0.0,No,0.0,No,0.0,No,0.0,Yes,1.0,No,0.0,No,0.0,No,0.0,No,0.0,Yes,1.0,No,0.0,No,0.0,No,0.0,No,0.0,No,0.0,No,0.0,No,0.0,No,0.0,No,0.0,No,0.0,No,0.0,No,0.0,No,0.0,No,0.0,No,0.0,No,0.0,No,0.0,No,0.0,No,0.0,No,0.0,No,0.0,No,0.0,No,0.0
2104,"Hoshine Silicon Industry Co., Ltd.",,CNE100002V10,Basic Materials,CHINA,0.0,0.0,0,0,34,No,0.0,No,0.0,No,0.0,No,0.0,No,0.0,No,0.0,No,0.0,No,0.0,No,0.0,No,0.0,No,0.0,No,0.0,No,0.0,No,0.0,No,0.0,No,0.0,No,0.0,No,0.0,No,0.0,No,0.0,No,0.0,No,0.0,No,0.0,No,0.0,No,0.0,No,0.0,No,0.0,No,0.0,No,0.0,No,0.0,No,0.0,No,0.0,No,0.0,No,0.0
1154,"HOTAI MOTOR CO.,LTD.",,TW0002207008,Consumer Discretion,TAIWAN,22.1,7.5,7,1,26,Yes,1.0,No,0.0,No,0.0,No,0.0,No,0.0,Yes,1.0,No,0.0,Yes,1.0,No,0.0,Yes,1.0,No,0.0,No,0.0,No,0.0,No,0.0,No,0.0,No,0.0,No,0.0,No,0.0,No,0.0,Partial,0.5,Yes,1.0,No,0.0,Yes,1.0,No,0.0,No,0.0,No,0.0,No,0.0,Yes,1.0,No,0.0,No,0.0,No,0.0,No,0.0,No,0.0,No,0.0
422,HOWMET AEROSPACE INC.,,US4432011082,Industrials,UNITED STATES,2.9,1.0,1,0,33,No,0.0,No,0.0,No,0.0,No,0.0,No,0.0,No,0.0,No,0.0,No,0.0,No,0.0,No,0.0,No,0.0,No,0.0,No,0.0,No,0.0,No,0.0,No,0.0,No,0.0,No,0.0,No,0.0,No,0.0,No,0.0,No,0.0,No,0.0,No,0.0,No,0.0,No,0.0,No,0.0,No,0.0,No,0.0,No,0.0,Yes,1.0,No,0.0,No,0.0,No,0.0
256,HOYA CORPORATION,,JP3837800006,Health Care,JAPAN,0.0,0.0,0,0,34,No,0.0,No,0.0,No,0.0,No,0.0,No,0.0,No,0.0,No,0.0,No,0.0,No,0.0,No,0.0,No,0.0,No,0.0,No,0.0,No,0.0,No,0.0,No,0.0,No,0.0,No,0.0,No,0.0,No,0.0,No,0.0,No,0.0,No,0.0,No,0.0,No,0.0,No,0.0,No,0.0,No,0.0,No,0.0,No,0.0,No,0.0,No,0.0,No,0.0,No,0.0
220,HP INC.,,US40434L1052,Technology,UNITED STATES,39.7,13.5,13,1,20,Yes,1.0,No,0.0,Yes,1.0,Yes,1.0,No,0.0,Yes,1.0,No,0.0,Yes,1.0,No,0.0,No,0.0,Yes,1.0,No,0.0,No,0.0,Yes,1.0,No,0.0,Yes,1.0,Yes,1.0,Partial,0.5,No,0.0,No,0.0,No,0.0,No,0.0,Yes,1.0,No,0.0,Yes,1.0,Yes,1.0,No,0.0,No,0.0,No,0.0,No,0.0,Yes,1.0,No,0.0,No,0.0,No,0.0
1131,HSBC HOLDINGS PLC,,GB0005405286,Financials,UNITED KINGDOM,25.0,8.5,8,3,23,No,0.0,No,0.0,No,0.0,Yes,1.0,Partial,0.0,Yes,1.0,No,0.0,No,0.0,No,0.0,No,0.0,No,0.0,No,0.0,No,0.0,No,0.0,Partial,0.0,Yes,1.0,Yes,1.0,Yes,1.0,Partial,0.5,Yes,1.0,Yes,1.0,No,0.0,No,0.0,No,0.0,No,0.0,No,0.0,No,0.0,No,0.0,No,0.0,No,0.0,Yes,1.0,No,0.0,No,0.0,No,0.0
62,Huadian Power International Corporation Limited,,CNE000001LJ2,Utilities,CHINA,0.0,0.0,0,0,34,No,0.0,No,0.0,No,0.0,No,0.0,No,0.0,No,0.0,No,0.0,No,0.0,No,0.0,No,0.0,No,0.0,No,0.0,No,0.0,No,0.0,No,0.0,No,0.0,No,0.0,No,0.0,No,0.0,No,0.0,No,0.0,No,0.0,No,0.0,No,0.0,No,0.0,No,0.0,No,0.0,No,0.0,No,0.0,No,0.0,No,0.0,No,0.0,No,0.0,No,0.0
1155,"HUADONG MEDICINE CO., LTD",,CNE0000011S1,Health Care,CHINA,0.0,0.0,0,0,34,No,0.0,No,0.0,No,0.0,No,0.0,No,0.0,No,0.0,No,0.0,No,0.0,No,0.0,No,0.0,No,0.0,No,0.0,No,0.0,No,0.0,No,0.0,No,0.0,No,0.0,No,0.0,No,0.0,No,0.0,No,0.0,No,0.0,No,0.0,No,0.0,No,0.0,No,0.0,No,0.0,No,0.0,No,0.0,No,0.0,No,0.0,No,0.0,No,0.0,No,0.0
1616,"Huafon Chemical Co., Ltd.",,CNE000001NK6,Basic Materials,CHINA,0.0,0.0,0,0,34,No,0.0,No,0.0,No,0.0,No,0.0,No,0.0,No,0.0,No,0.0,No,0.0,No,0.0,No,0.0,No,0.0,No,0.0,No,0.0,No,0.0,No,0.0,No,0.0,No,0.0,No,0.0,No,0.0,No,0.0,No,0.0,No,0.0,No,0.0,No,0.0,No,0.0,No,0.0,No,0.0,No,0.0,No,0.0,No,0.0,No,0.0,No,0.0,No,0.0,No,0.0
638,Huagong Tech Company Limited,,CNE000001303,Technology,CHINA,10.3,3.5,3,1,30,Yes,1.0,No,0.0,No,0.0,No,0.0,No,0.0,Partial,0.5,No,0.0,Yes,1.0,No,0.0,Yes,1.0,No,0.0,No,0.0,No,0.0,No,0.0,No,0.0,No,0.0,No,0.0,No,0.0,No,0.0,No,0.0,No,0.0,No,0.0,No,0.0,No,0.0,No,0.0,No,0.0,No,0.0,No,0.0,No,0.0,No,0.0,No,0.0,No,0.0,No,0.0,No,0.0
2012,HUA HONG SEMICONDUCTOR LIMITED,,CNE100006M90,Technology,HONG KONG,0.0,0.0,0,0,34,No,0.0,No,0.0,No,0.0,No,0.0,No,0.0,No,0.0,No,0.0,No,0.0,No,0.0,No,0.0,No,0.0,No,0.0,No,0.0,No,0.0,No,0.0,No,0.0,No,0.0,No,0.0,No,0.0,No,0.0,No,0.0,No,0.0,No,0.0,No,0.0,No,0.0,No,0.0,No,0.0,No,0.0,No,0.0,No,0.0,No,0.0,No,0.0,No,0.0,No,0.0
307,"HUA NAN FINANCIAL HOLDINGS CO., LTD.",,TW0002880002,Financials,TAIWAN,14.7,5.0,5,1,28,Yes,1.0,No,0.0,Yes,1.0,Partial,0.0,No,0.0,Yes,1.0,No,0.0,Yes,1.0,No,0.0,Yes,1.0,No,0.0,No,0.0,No,0.0,No,0.0,No,0.0,No,0.0,No,0.0,No,0.0,No,0.0,No,0.0,No,0.0,No,0.0,No,0.0,No,0.0,No,0.0,No,0.0,No,0.0,No,0.0,No,0.0,No,0.0,No,0.0,No,0.0,No,0.0,No,0.0
89,"HUANENG POWER INTERNATIONAL, INC.",,CNE000001998,Utilities,CHINA,0.0,0.0,0,0,34,No,0.0,No,0.0,No,0.0,No,0.0,No,0.0,No,0.0,No,0.0,No,0.0,No,0.0,No,0.0,No,0.0,No,0.0,No,0.0,No,0.0,No,0.0,No,0.0,No,0.0,No,0.0,No,0.0,No,0.0,No,0.0,No,0.0,No,0.0,No,0.0,No,0.0,No,0.0,No,0.0,No,0.0,No,0.0,No,0.0,No,0.0,No,0.0,No,0.0,No,0.0
2383,"Huaqin Co.,Ltd.",,CNE100006M82,Technology,CHINA,11.8,4.0,4,0,30,No,0.0,No,0.0,No,0.0,No,0.0,No,0.0,Yes,1.0,No,0.0,Yes,1.0,No,0.0,No,0.0,No,0.0,No,0.0,No,0.0,No,0.0,No,0.0,No,0.0,Yes,1.0,No,0.0,No,0.0,No,0.0,No,0.0,No,0.0,Yes,1.0,No,0.0,No,0.0,No,0.0,No,0.0,No,0.0,No,0.0,No,0.0,No,0.0,No,0.0,No,0.0,No,0.0
1697,"HUATAI SECURITIES CO.,LTD.",,CNE100000LQ8,Financials,CHINA,11.8,4.0,3,2,29,Partial,0.5,No,0.0,No,0.0,No,0.0,No,0.0,Yes,1.0,No,0.0,Partial,0.5,No,0.0,Yes,1.0,No,0.0,No,0.0,No,0.0,No,0.0,No,0.0,No,0.0,No,0.0,No,0.0,No,0.0,No,0.0,No,0.0,No,0.0,No,0.0,No,0.0,No,0.0,No,0.0,No,0.0,Yes,1.0,No,0.0,No,0.0,No,0.0,No,0.0,No,0.0,No,0.0
533,"HUA XIA BANK CO., Limited",,CNE000001FW7,Financials,CHINA,8.8,3.0,3,0,31,No,0.0,No,0.0,No,0.0,No,0.0,No,0.0,Yes,1.0,No,0.0,Yes,1.0,No,0.0,Yes,1.0,No,0.0,No,0.0,No,0.0,No,0.0,No,0.0,No,0.0,No,0.0,No,0.0,No,0.0,No,0.0,No,0.0,No,0.0,No,0.0,No,0.0,No,0.0,No,0.0,No,0.0,No,0.0,No,0.0,No,0.0,No,0.0,No,0.0,No,0.0,No,0.0
540,HUAYU Automotive Systems Company Limited,,CNE000000M15,Consumer Discretion,CHINA,0.0,0.0,0,0,34,No,0.0,No,0.0,No,0.0,No,0.0,No,0.0,No,0.0,No,0.0,No,0.0,No,0.0,No,0.0,No,0.0,No,0.0,No,0.0,No,0.0,No,0.0,No,0.0,No,0.0,No,0.0,No,0.0,No,0.0,No,0.0,No,0.0,No,0.0,No,0.0,No,0.0,No,0.0,No,0.0,No,0.0,No,0.0,No,0.0,No,0.0,No,0.0,No,0.0,No,0.0
306,HUBBELL INCORPORATED,,US4435106079,Industrials,UNITED STATES,23.5,8.0,8,0,26,No,0.0,No,0.0,No,0.0,No,0.0,Yes,1.0,No,0.0,No,0.0,No,0.0,No,0.0,No,0.0,Yes,1.0,No,0.0,No,0.0,No,0.0,Yes,1.0,Yes,1.0,No,0.0,Yes,1.0,No,0.0,Yes,1.0,Yes,1.0,No,0.0,No,0.0,No,0.0,No,0.0,No,0.0,No,0.0,No,0.0,No,0.0,No,0.0,Yes,1.0,No,0.0,No,0.0,No,0.0
2008,"HUBSPOT, INC.",,US4435731009,Technology,UNITED STATES,41.2,14.0,14,0,20,Yes,1.0,No,0.0,No,0.0,Yes,1.0,No,0.0,Yes,1.0,No,0.0,Yes,1.0,No,0.0,Yes,1.0,Yes,1.0,No,0.0,No,0.0,No,0.0,Yes,1.0,Yes,1.0,Yes,1.0,Yes,1.0,No,0.0,Yes,1.0,No,0.0,No,0.0,No,0.0,No,0.0,No,0.0,No,0.0,No,0.0,No,0.0,Yes,1.0,No,0.0,Yes,1.0,No,0.0,Yes,1.0,No,0.0
2146,Huizhou Desay SV Automotive Co Ltd,,CNE1000033C7,Consumer Discretion,CHINA,23.5,8.0,8,0,26,No,0.0,No,0.0,No,0.0,No,0.0,No,0.0,Yes,1.0,No,0.0,Yes,1.0,No,0.0,Yes,1.0,No,0.0,No,0.0,No,0.0,No,0.0,No,0.0,No,0.0,No,0.0,No,0.0,No,0.0,No,0.0,Yes,1.0,Yes,1.0,Yes,1.0,Yes,1.0,No,0.0,No,0.0,No,0.0,Yes,1.0,No,0.0,No,0.0,No,0.0,No,0.0,No,0.0,No,0.0
481,"Hulic Co.,Ltd.",,JP3360800001,Real Estate,JAPAN,0.0,0.0,0,0,34,No,0.0,No,0.0,No,0.0,No,0.0,No,0.0,No,0.0,No,0.0,No,0.0,No,0.0,No,0.0,No,0.0,No,0.0,No,0.0,No,0.0,No,0.0,No,0.0,No,0.0,No,0.0,No,0.0,No,0.0,No,0.0,No,0.0,No,0.0,No,0.0,No,0.0,No,0.0,No,0.0,No,0.0,No,0.0,No,0.0,No,0.0,No,0.0,No,0.0,No,0.0
1157,HUMANA INC.,,US4448591028,Health Care,UNITED STATES,0.0,0.0,0,0,34,No,0.0,No,0.0,No,0.0,No,0.0,No,0.0,No,0.0,No,0.0,No,0.0,No,0.0,No,0.0,No,0.0,No,0.0,No,0.0,No,0.0,No,0.0,No,0.0,No,0.0,No,0.0,No,0.0,No,0.0,No,0.0,No,0.0,No,0.0,No,0.0,No,0.0,No,0.0,No,0.0,No,0.0,No,0.0,No,0.0,No,0.0,No,0.0,No,0.0,No,0.0
1158,"Hunan Valin Steel Co., Ltd.",,CNE000001006,Basic Materials,CHINA,0.0,0.0,0,0,34,No,0.0,No,0.0,No,0.0,No,0.0,No,0.0,No,0.0,No,0.0,No,0.0,No,0.0,No,0.0,No,0.0,No,0.0,No,0.0,No,0.0,No,0.0,No,0.0,No,0.0,No,0.0,No,0.0,No,0.0,No,0.0,No,0.0,No,0.0,No,0.0,No,0.0,No,0.0,No,0.0,No,0.0,No,0.0,No,0.0,No,0.0,No,0.0,No,0.0,No,0.0
1134,Hundsun Technologies Inc.,,CNE000001GD5,Technology,CHINA,2.9,1.0,1,0,33,No,0.0,No,0.0,No,0.0,No,0.0,No,0.0,No,0.0,No,0.0,Yes,1.0,No,0.0,No,0.0,No,0.0,No,0.0,No,0.0,No,0.0,No,0.0,No,0.0,No,0.0,No,0.0,No,0.0,No,0.0,No,0.0,No,0.0,No,0.0,No,0.0,No,0.0,No,0.0,No,0.0,No,0.0,No,0.0,No,0.0,No,0.0,No,0.0,No,0.0,No,0.0
1159,HUNTINGTON BANCSHARES INCORPORATED,,US4461501045,Financials,UNITED STATES,14.7,5.0,5,0,29,Yes,1.0,No,0.0,No,0.0,No,0.0,No,0.0,Yes,1.0,No,0.0,Yes,1.0,No,0.0,No,0.0,Yes,1.0,No,0.0,No,0.0,No,0.0,No,0.0,No,0.0,No,0.0,No,0.0,No,0.0,No,0.0,No,0.0,No,0.0,No,0.0,No,0.0,No,0.0,No,0.0,No,0.0,No,0.0,No,0.0,No,0.0,Yes,1.0,No,0.0,No,0.0,No,0.0
2342,Hwatsing Technology Co Ltd,,CNE100005QL7,Technology,CHINA,0.0,0.0,0,0,34,No,0.0,No,0.0,No,0.0,No,0.0,No,0.0,No,0.0,No,0.0,No,0.0,No,0.0,No,0.0,No,0.0,No,0.0,No,0.0,No,0.0,No,0.0,No,0.0,No,0.0,No,0.0,No,0.0,No,0.0,No,0.0,No,0.0,No,0.0,No,0.0,No,0.0,No,0.0,No,0.0,No,0.0,No,0.0,No,0.0,No,0.0,No,0.0,No,0.0,No,0.0
1818,H World Group Limited,,KYG465871120,Consumer Discretion,CHINA,13.2,4.5,4,1,29,No,0.0,No,0.0,No,0.0,No,0.0,Partial,0.5,Yes,1.0,No,0.0,Yes,1.0,No,0.0,Yes,1.0,No,0.0,No,0.0,No,0.0,No,0.0,No,0.0,No,0.0,No,0.0,No,0.0,No,0.0,No,0.0,No,0.0,No,0.0,No,0.0,No,0.0,No,0.0,No,0.0,No,0.0,No,0.0,No,0.0,No,0.0,Yes,1.0,No,0.0,No,0.0,No,0.0
1775,HYATT HOTELS CORPORATION,,US4485791028,Consumer Discretion,UNITED STATES,5.9,2.0,2,0,32,No,0.0,No,0.0,No,0.0,No,0.0,No,0.0,Yes,1.0,No,0.0,No,0.0,No,0.0,No,0.0,No,0.0,No,0.0,No,0.0,No,0.0,No,0.0,No,0.0,No,0.0,No,0.0,No,0.0,No,0.0,No,0.0,No,0.0,No,0.0,No,0.0,No,0.0,No,0.0,No,0.0,No,0.0,No,0.0,No,0.0,No,0.0,No,0.0,Yes,1.0,No,0.0
2274,"HYBE Co., Ltd.",,KR7352820005,Consumer Discretion,SOUTH KOREA,0.0,0.0,0,0,34,No,0.0,No,0.0,No,0.0,No,0.0,No,0.0,No,0.0,No,0.0,No,0.0,No,0.0,No,0.0,No,0.0,No,0.0,No,0.0,No,0.0,No,0.0,No,0.0,No,0.0,No,0.0,No,0.0,No,0.0,No,0.0,No,0.0,No,0.0,No,0.0,No,0.0,No,0.0,No,0.0,No,0.0,No,0.0,No,0.0,No,0.0,No,0.0,No,0.0,No,0.0
2064,HYDRO ONE LIMITED,,CA4488112083,Utilities,CANADA,0.0,0.0,0,0,34,No,0.0,No,0.0,No,0.0,No,0.0,No,0.0,No,0.0,No,0.0,No,0.0,No,0.0,No,0.0,No,0.0,No,0.0,No,0.0,No,0.0,No,0.0,No,0.0,No,0.0,No,0.0,No,0.0,No,0.0,No,0.0,No,0.0,No,0.0,No,0.0,No,0.0,No,0.0,No,0.0,No,0.0,No,0.0,No,0.0,No,0.0,No,0.0,No,0.0,No,0.0
2349,Hygon Information Technology Co Ltd,,CNE100005PT2,Technology,CHINA,2.9,1.0,0,2,32,No,0.0,No,0.0,Partial,0.5,No,0.0,No,0.0,Partial,0.5,No,0.0,No,0.0,No,0.0,No,0.0,No,0.0,No,0.0,No,0.0,No,0.0,No,0.0,No,0.0,No,0.0,No,0.0,No,0.0,No,0.0,No,0.0,No,0.0,No,0.0,No,0.0,No,0.0,No,0.0,No,0.0,No,0.0,No,0.0,No,0.0,No,0.0,No,0.0,No,0.0,No,0.0
2169,Hyosung Heavy Industries Corporation,,KR7298040007,Technology,SOUTH KOREA,0.0,0.0,0,0,34,No,0.0,No,0.0,No,0.0,No,0.0,No,0.0,No,0.0,No,0.0,No,0.0,No,0.0,No,0.0,No,0.0,No,0.0,No,0.0,No,0.0,No,0.0,No,0.0,No,0.0,No,0.0,No,0.0,No,0.0,No,0.0,No,0.0,No,0.0,No,0.0,No,0.0,No,0.0,No,0.0,No,0.0,No,0.0,No,0.0,No,0.0,No,0.0,No,0.0,No,0.0
1161,"HYUNDAI ENGINEERING & CONSTRUCTION CO.,LTD",,KR7000720003,Industrials,SOUTH KOREA,7.4,2.5,2,1,31,No,0.0,No,0.0,No,0.0,No,0.0,No,0.0,Partial,0.5,No,0.0,Yes,1.0,No,0.0,Yes,1.0,No,0.0,No,0.0,No,0.0,No,0.0,No,0.0,No,0.0,No,0.0,No,0.0,No,0.0,No,0.0,No,0.0,No,0.0,No,0.0,No,0.0,No,0.0,No,0.0,No,0.0,No,0.0,No,0.0,No,0.0,No,0.0,No,0.0,No,0.0,No,0.0
124,"HYUNDAI GLOVIS Co., LTD.",,KR7086280005,Industrials,SOUTH KOREA,8.8,3.0,3,0,31,No,0.0,No,0.0,No,0.0,No,0.0,No,0.0,Yes,1.0,No,0.0,No,0.0,No,0.0,Yes,1.0,No,0.0,No,0.0,No,0.0,No,0.0,No,0.0,No,0.0,No,0.0,No,0.0,No,0.0,No,0.0,No,0.0,No,0.0,No,0.0,No,0.0,Yes,1.0,No,0.0,No,0.0,No,0.0,No,0.0,No,0.0,No,0.0,No,0.0,No,0.0,No,0.0
1132,"HYUNDAI MOBIS CO.,LTD",,KR7012330007,Consumer Discretion,SOUTH KOREA,11.8,4.0,4,0,30,No,0.0,No,0.0,No,0.0,No,0.0,No,0.0,Yes,1.0,No,0.0,Yes,1.0,No,0.0,Yes,1.0,No,0.0,No,0.0,No,0.0,No,0.0,No,0.0,Yes,1.0,No,0.0,No,0.0,No,0.0,No,0.0,No,0.0,No,0.0,No,0.0,No,0.0,No,0.0,No,0.0,No,0.0,No,0.0,No,0.0,No,0.0,No,0.0,No,0.0,No,0.0,No,0.0
330,HYUNDAI MOTOR COMPANY,,KR7005380001,Consumer Discretion,SOUTH KOREA,23.5,8.0,8,0,26,No,0.0,No,0.0,No,0.0,Yes,1.0,No,0.0,Yes,1.0,No,0.0,Yes,1.0,No,0.0,Yes,1.0,No,0.0,No,0.0,No,0.0,No,0.0,No,0.0,Yes,1.0,Yes,1.0,No,0.0,No,0.0,No,0.0,Yes,1.0,No,0.0,No,0.0,No,0.0,Yes,1.0,No,0.0,No,0.0,No,0.0,No,0.0,No,0.0,No,0.0,No,0.0,No,0.0,No,0.0
1773,HYUNDAI MOTOR INDIA LIMITED,,INE0V6F01027,Consumer Discretion,INDIA,4.4,1.5,0,3,31,No,0.0,No,0.0,No,0.0,No,0.0,No,0.0,Partial,0.5,No,0.0,Partial,0.5,No,0.0,Partial,0.5,No,0.0,No,0.0,No,0.0,No,0.0,No,0.0,No,0.0,No,0.0,No,0.0,No,0.0,No,0.0,No,0.0,No,0.0,No,0.0,No,0.0,No,0.0,No,0.0,No,0.0,No,0.0,No,0.0,No,0.0,No,0.0,No,0.0,No,0.0,No,0.0
1677,HYUNDAI ROTEM COMPANY,,KR7064350002,Industrials,SOUTH KOREA,8.8,3.0,3,0,31,No,0.0,No,0.0,No,0.0,No,0.0,No,0.0,Yes,1.0,No,0.0,No,0.0,No,0.0,No,0.0,No,0.0,No,0.0,No,0.0,No,0.0,No,0.0,Yes,1.0,No,0.0,No,0.0,Yes,1.0,No,0.0,No,0.0,No,0.0,No,0.0,No,0.0,No,0.0,No,0.0,No,0.0,No,0.0,No,0.0,No,0.0,No,0.0,No,0.0,No,0.0,No,0.0
2196,IA FINANCIAL CORPORATION INC,,CA45075E1043,Financials,CANADA,23.5,8.0,8,1,25,No,0.0,No,0.0,No,0.0,No,0.0,Yes,1.0,Yes,1.0,No,0.0,No,0.0,No,0.0,Yes,1.0,No,0.0,No,0.0,No,0.0,Partial,0.0,No,0.0,Yes,1.0,Yes,1.0,Yes,1.0,No,0.0,Yes,1.0,No,0.0,No,0.0,No,0.0,No,0.0,No,0.0,No,0.0,No,0.0,No,0.0,No,0.0,No,0.0,Yes,1.0,No,0.0,No,0.0,No,0.0
133,"Iberdrola, S.A.",,ES0144580Y14,Utilities,SPAIN,2.9,1.0,0,2,32,No,0.0,No,0.0,No,0.0,No,0.0,No,0.0,No,0.0,No,0.0,No,0.0,No,0.0,No,0.0,No,0.0,No,0.0,No,0.0,No,0.0,No,0.0,Partial,0.5,Partial,0.5,No,0.0,No,0.0,No,0.0,No,0.0,No,0.0,No,0.0,No,0.0,No,0.0,No,0.0,No,0.0,No,0.0,No,0.0,No,0.0,No,0.0,No,0.0,No,0.0,No,0.0
706,"IBIDEN CO.,LTD.",,JP3148800000,Technology,JAPAN,5.9,2.0,2,0,32,No,0.0,No,0.0,No,0.0,No,0.0,No,0.0,No,0.0,No,0.0,No,0.0,No,0.0,No,0.0,No,0.0,No,0.0,No,0.0,No,0.0,No,0.0,Yes,1.0,Yes,1.0,No,0.0,No,0.0,No,0.0,No,0.0,No,0.0,No,0.0,No,0.0,No,0.0,No,0.0,No,0.0,No,0.0,No,0.0,No,0.0,No,0.0,No,0.0,No,0.0,No,0.0
1163,ICICI BANK LIMITED,,INE090A01021,Financials,INDIA,0.0,0.0,0,0,34,No,0.0,No,0.0,No,0.0,No,0.0,No,0.0,No,0.0,No,0.0,No,0.0,No,0.0,No,0.0,No,0.0,No,0.0,No,0.0,No,0.0,No,0.0,No,0.0,No,0.0,No,0.0,No,0.0,No,0.0,No,0.0,No,0.0,No,0.0,No,0.0,No,0.0,No,0.0,No,0.0,No,0.0,No,0.0,No,0.0,No,0.0,No,0.0,No,0.0,No,0.0
2109,ICICI LOMBARD GENERAL INSURANCE COMPANY LIMITED,,INE765G01017,Financials,INDIA,0.0,0.0,0,0,34,No,0.0,No,0.0,No,0.0,No,0.0,No,0.0,No,0.0,No,0.0,No,0.0,No,0.0,No,0.0,No,0.0,No,0.0,No,0.0,No,0.0,No,0.0,No,0.0,No,0.0,No,0.0,No,0.0,No,0.0,No,0.0,No,0.0,No,0.0,No,0.0,No,0.0,No,0.0,No,0.0,No,0.0,No,0.0,No,0.0,No,0.0,No,0.0,No,0.0,No,0.0
1719,ICICI PRUDENTIAL LIFE INSURANCE COMPANY LIMITED,,INE726G01019,Financials,INDIA,11.8,4.0,4,0,30,No,0.0,No,0.0,No,0.0,Yes,1.0,No,0.0,Yes,1.0,No,0.0,Yes,1.0,No,0.0,Yes,1.0,No,0.0,No,0.0,No,0.0,No,0.0,No,0.0,No,0.0,No,0.0,No,0.0,No,0.0,No,0.0,No,0.0,No,0.0,No,0.0,No,0.0,No,0.0,No,0.0,No,0.0,No,0.0,No,0.0,No,0.0,No,0.0,No,0.0,No,0.0,No,0.0
1164,ICL GROUP LTD,,IL0002810146,Basic Materials,ISRAEL,8.8,3.0,2,2,30,No,0.0,No,0.0,No,0.0,No,0.0,No,0.0,Partial,0.5,No,0.0,Yes,1.0,No,0.0,Partial,0.5,No,0.0,No,0.0,No,0.0,No,0.0,No,0.0,No,0.0,No,0.0,No,0.0,No,0.0,No,0.0,No,0.0,No,0.0,No,0.0,No,0.0,No,0.0,No,0.0,No,0.0,No,0.0,No,0.0,No,0.0,Yes,1.0,No,0.0,No,0.0,No,0.0
29,"Idemitsu Kosan Co.,Ltd.",,JP3142500002,Energy,JAPAN,8.8,3.0,3,0,31,No,0.0,No,0.0,No,0.0,Yes,1.0,No,0.0,Yes,1.0,No,0.0,No,0.0,No,0.0,Yes,1.0,No,0.0,No,0.0,No,0.0,No,0.0,No,0.0,No,0.0,No,0.0,No,0.0,No,0.0,No,0.0,No,0.0,No,0.0,No,0.0,No,0.0,No,0.0,No,0.0,No,0.0,No,0.0,No,0.0,No,0.0,No,0.0,No,0.0,No,0.0,No,0.0
754,IDEX CORPORATION,,US45167R1041,Industrials,UNITED STATES,14.7,5.0,5,0,29,No,0.0,No,0.0,No,0.0,No,0.0,No,0.0,No,0.0,No,0.0,No,0.0,No,0.0,No,0.0,Yes,1.0,No,0.0,No,0.0,Yes,1.0,No,0.0,Yes,1.0,Yes,1.0,No,0.0,No,0.0,No,0.0,No,0.0,No,0.0,No,0.0,No,0.0,No,0.0,No,0.0,No,0.0,No,0.0,No,0.0,No,0.0,Yes,1.0,No,0.0,No,0.0,No,0.0
695,"IDEXX LABORATORIES, INC.",,US45168D1046,Health Care,UNITED STATES,14.7,5.0,5,0,29,No,0.0,No,0.0,No,0.0,No,0.0,Yes,1.0,No,0.0,No,0.0,No,0.0,No,0.0,No,0.0,Yes,1.0,No,0.0,No,0.0,Yes,1.0,No,0.0,Yes,1.0,No,0.0,No,0.0,No,0.0,No,0.0,No,0.0,No,0.0,No,0.0,No,0.0,No,0.0,No,0.0,No,0.0,No,0.0,No,0.0,No,0.0,Yes,1.0,No,0.0,No,0.0,No,0.0
2065,IDFC FIRST BANK LIMITED,,INE092T01019,Financials,INDIA,8.8,3.0,3,0,31,Yes,1.0,No,0.0,No,0.0,No,0.0,No,0.0,Yes,1.0,No,0.0,Yes,1.0,No,0.0,No,0.0,No,0.0,No,0.0,No,0.0,No,0.0,No,0.0,No,0.0,No,0.0,No,0.0,No,0.0,No,0.0,No,0.0,No,0.0,No,0.0,No,0.0,No,0.0,No,0.0,No,0.0,No,0.0,No,0.0,No,0.0,No,0.0,No,0.0,No,0.0,No,0.0
1185,"IEIT SYSTEMS Co., Ltd,",,CNE0000012M2,Technology,CHINA,14.7,5.0,5,0,29,Yes,1.0,No,0.0,Yes,1.0,No,0.0,No,0.0,Yes,1.0,No,0.0,Yes,1.0,No,0.0,Yes,1.0,No,0.0,No,0.0,No,0.0,No,0.0,No,0.0,No,0.0,No,0.0,No,0.0,No,0.0,No,0.0,No,0.0,No,0.0,No,0.0,No,0.0,No,0.0,No,0.0,No,0.0,No,0.0,No,0.0,No,0.0,No,0.0,No,0.0,No,0.0,No,0.0
1631,"iFLYTEK CO.,LTD",,CNE100000B81,Technology,CHINA,17.6,6.0,6,0,28,Yes,1.0,No,0.0,No,0.0,No,0.0,No,0.0,Yes,1.0,No,0.0,Yes,1.0,No,0.0,Yes,1.0,No,0.0,No,0.0,No,0.0,No,0.0,Yes,1.0,No,0.0,No,0.0,No,0.0,No,0.0,No,0.0,No,0.0,No,0.0,Yes,1.0,No,0.0,No,0.0,No,0.0,No,0.0,No,0.0,No,0.0,No,0.0,No,0.0,No,0.0,No,0.0,No,0.0
528,IGM FINANCIAL INC,,CA4495861060,Financials,CANADA,33.8,11.5,11,1,22,Partial,0.5,No,0.0,No,0.0,Yes,1.0,No,0.0,Yes,1.0,No,0.0,Yes,1.0,No,0.0,No,0.0,Yes,1.0,Yes,1.0,No,0.0,Yes,1.0,No,0.0,Yes,1.0,Yes,1.0,Yes,1.0,No,0.0,Yes,1.0,No,0.0,No,0.0,No,0.0,No,0.0,Yes,1.0,No,0.0,No,0.0,No,0.0,No,0.0,No,0.0,No,0.0,No,0.0,No,0.0,No,0.0
1930,IHH HEALTHCARE BERHAD,,MYL5225OO007,Health Care,MALAYSIA,5.9,2.0,2,0,32,No,0.0,No,0.0,Yes,1.0,No,0.0,No,0.0,No,0.0,No,0.0,No,0.0,No,0.0,No,0.0,No,0.0,No,0.0,No,0.0,No,0.0,No,0.0,No,0.0,No,0.0,No,0.0,No,0.0,No,0.0,No,0.0,No,0.0,No,0.0,No,0.0,No,0.0,No,0.0,No,0.0,No,0.0,No,0.0,No,0.0,Yes,1.0,No,0.0,No,0.0,No,0.0
1166,IHI Corporation,,JP3134800006,Industrials,JAPAN,0.0,0.0,0,0,34,No,0.0,No,0.0,No,0.0,No,0.0,No,0.0,No,0.0,No,0.0,No,0.0,No,0.0,No,0.0,No,0.0,No,0.0,No,0.0,No,0.0,No,0.0,No,0.0,No,0.0,No,0.0,No,0.0,No,0.0,No,0.0,No,0.0,No,0.0,No,0.0,No,0.0,No,0.0,No,0.0,No,0.0,No,0.0,No,0.0,No,0.0,No,0.0,No,0.0,No,0.0
218,ILLINOIS TOOL WORKS INC.,,US4523081093,Industrials,UNITED STATES,5.9,2.0,2,0,32,No,0.0,No,0.0,No,0.0,No,0.0,No,0.0,No,0.0,No,0.0,No,0.0,No,0.0,No,0.0,No,0.0,No,0.0,No,0.0,No,0.0,No,0.0,No,0.0,No,0.0,No,0.0,No,0.0,No,0.0,No,0.0,No,0.0,No,0.0,No,0.0,No,0.0,No,0.0,No,0.0,No,0.0,No,0.0,No,0.0,Yes,1.0,No,0.0,Yes,1.0,No,0.0
696,"ILLUMINA, INC.",,US4523271090,Health Care,UNITED STATES,17.6,6.0,6,0,28,No,0.0,No,0.0,No,0.0,No,0.0,No,0.0,Yes,1.0,No,0.0,Yes,1.0,No,0.0,Yes,1.0,No,0.0,No,0.0,No,0.0,No,0.0,No,0.0,Yes,1.0,No,0.0,No,0.0,No,0.0,No,0.0,No,0.0,No,0.0,No,0.0,No,0.0,No,0.0,No,0.0,No,0.0,Yes,1.0,No,0.0,No,0.0,Yes,1.0,No,0.0,No,0.0,No,0.0
2270,Imeik Technology Development Co Ltd,,CNE100004868,Health Care,CHINA,0.0,0.0,0,0,34,No,0.0,No,0.0,No,0.0,No,0.0,No,0.0,No,0.0,No,0.0,No,0.0,No,0.0,No,0.0,No,0.0,No,0.0,No,0.0,No,0.0,No,0.0,No,0.0,No,0.0,No,0.0,No,0.0,No,0.0,No,0.0,No,0.0,No,0.0,No,0.0,No,0.0,No,0.0,No,0.0,No,0.0,No,0.0,No,0.0,No,0.0,No,0.0,No,0.0,No,0.0
334,IMPALA PLATINUM HOLDINGS LIMITED,,ZAE000083648,Basic Materials,SOUTH AFRICA,2.9,1.0,1,0,33,No,0.0,No,0.0,No,0.0,No,0.0,No,0.0,Yes,1.0,No,0.0,No,0.0,No,0.0,No,0.0,No,0.0,No,0.0,No,0.0,No,0.0,No,0.0,No,0.0,No,0.0,No,0.0,No,0.0,No,0.0,No,0.0,No,0.0,No,0.0,No,0.0,No,0.0,No,0.0,No,0.0,No,0.0,No,0.0,No,0.0,No,0.0,No,0.0,No,0.0,No,0.0
1170,IMPERIAL BRANDS PLC,,GB0004544929,Consumer Staples,UNITED KINGDOM,0.0,0.0,0,0,34,No,0.0,No,0.0,No,0.0,No,0.0,No,0.0,No,0.0,No,0.0,No,0.0,No,0.0,No,0.0,No,0.0,No,0.0,No,0.0,No,0.0,No,0.0,No,0.0,No,0.0,No,0.0,No,0.0,No,0.0,No,0.0,No,0.0,No,0.0,No,0.0,No,0.0,No,0.0,No,0.0,No,0.0,No,0.0,No,0.0,No,0.0,No,0.0,No,0.0,No,0.0
525,IMPERIAL OIL LTD,,CA4530384086,Energy,CANADA,8.8,3.0,3,0,31,No,0.0,No,0.0,No,0.0,No,0.0,No,0.0,No,0.0,No,0.0,Yes,1.0,No,0.0,No,0.0,Yes,1.0,No,0.0,No,0.0,No,0.0,No,0.0,No,0.0,No,0.0,No,0.0,No,0.0,No,0.0,No,0.0,No,0.0,No,0.0,No,0.0,No,0.0,No,0.0,No,0.0,No,0.0,No,0.0,No,0.0,Yes,1.0,No,0.0,No,0.0,No,0.0
56,INCYTE CORPORATION,,US45337C1027,Health Care,UNITED STATES,8.8,3.0,3,0,31,No,0.0,No,0.0,No,0.0,Yes,1.0,No,0.0,Yes,1.0,No,0.0,No,0.0,No,0.0,No,0.0,No,0.0,No,0.0,No,0.0,No,0.0,No,0.0,No,0.0,No,0.0,No,0.0,No,0.0,No,0.0,No,0.0,No,0.0,No,0.0,No,0.0,No,0.0,No,0.0,No,0.0,Yes,1.0,No,0.0,No,0.0,No,0.0,No,0.0,No,0.0,No,0.0
1172,INDIAN OIL CORPORATION LIMITED,,INE242A01010,Energy,INDIA,8.8,3.0,3,0,31,No,0.0,No,0.0,No,0.0,No,0.0,No,0.0,Yes,1.0,No,0.0,Yes,1.0,No,0.0,Yes,1.0,No,0.0,No,0.0,No,0.0,No,0.0,No,0.0,No,0.0,No,0.0,No,0.0,No,0.0,No,0.0,No,0.0,No,0.0,No,0.0,No,0.0,No,0.0,No,0.0,No,0.0,No,0.0,No,0.0,No,0.0,No,0.0,No,0.0,No,0.0,No,0.0
335,"Indra Sistemas, S.A.",,ES0118594417,Technology,SPAIN,17.6,6.0,6,0,28,Yes,1.0,No,0.0,No,0.0,Yes,1.0,No,0.0,Yes,1.0,No,0.0,No,0.0,No,0.0,No,0.0,No,0.0,No,0.0,No,0.0,No,0.0,No,0.0,Yes,1.0,Yes,1.0,No,0.0,No,0.0,Yes,1.0,No,0.0,No,0.0,No,0.0,No,0.0,No,0.0,No,0.0,No,0.0,No,0.0,No,0.0,No,0.0,No,0.0,No,0.0,No,0.0,No,0.0
1173,INDUSIND BANK LTD.,,INE095A01012,Financials,INDIA,16.2,5.5,3,5,26,Yes,1.0,No,0.0,Yes,1.0,No,0.0,No,0.0,Partial,0.5,No,0.0,Partial,0.5,No,0.0,Partial,0.5,No,0.0,No,0.0,No,0.0,No,0.0,No,0.0,No,0.0,No,0.0,No,0.0,No,0.0,No,0.0,Yes,1.0,No,0.0,No,0.0,No,0.0,Partial,0.5,No,0.0,No,0.0,Partial,0.5,No,0.0,No,0.0,No,0.0,No,0.0,No,0.0,No,0.0
1740,INDUS TOWERS LIMITED,,INE121J01017,Telecommunications,INDIA,11.8,4.0,4,0,30,Yes,1.0,No,0.0,No,0.0,No,0.0,No,0.0,Yes,1.0,No,0.0,No,0.0,No,0.0,Yes,1.0,No,0.0,No,0.0,No,0.0,No,0.0,No,0.0,No,0.0,No,0.0,No,0.0,No,0.0,No,0.0,Yes,1.0,No,0.0,No,0.0,No,0.0,No,0.0,No,0.0,No,0.0,No,0.0,No,0.0,No,0.0,No,0.0,No,0.0,No,0.0,No,0.0
337,"Industria de Diseno Textil, S.A.",,ES0148396007,Consumer Discretion,SPAIN,4.4,1.5,1,1,32,No,0.0,No,0.0,No,0.0,No,0.0,No,0.0,Yes,1.0,No,0.0,No,0.0,No,0.0,No,0.0,Partial,0.5,No,0.0,No,0.0,No,0.0,No,0.0,No,0.0,No,0.0,No,0.0,No,0.0,No,0.0,No,0.0,No,0.0,No,0.0,No,0.0,No,0.0,No,0.0,No,0.0,No,0.0,No,0.0,No,0.0,No,0.0,No,0.0,No,0.0,No,0.0
1674,INDUSTRIAL AND COMMERCIAL BANK OF CHINA LIMITED,,CNE000001P37,Financials,CHINA,14.7,5.0,5,0,29,No,0.0,No,0.0,No,0.0,No,0.0,No,0.0,Yes,1.0,No,0.0,Yes,1.0,No,0.0,Yes,1.0,No,0.0,No,0.0,No,0.0,No,0.0,No,0.0,Yes,1.0,No,0.0,Yes,1.0,No,0.0,No,0.0,No,0.0,No,0.0,No,0.0,No,0.0,No,0.0,No,0.0,No,0.0,No,0.0,No,0.0,No,0.0,No,0.0,No,0.0,No,0.0,No,0.0
131,"INDUSTRIAL BANK CO.,LTD.",,CNE000001QZ7,Financials,CHINA,11.8,4.0,4,0,30,Yes,1.0,No,0.0,Yes,1.0,No,0.0,No,0.0,Yes,1.0,No,0.0,No,0.0,No,0.0,No,0.0,No,0.0,No,0.0,No,0.0,No,0.0,No,0.0,No,0.0,No,0.0,No,0.0,No,0.0,No,0.0,No,0.0,No,0.0,No,0.0,No,0.0,No,0.0,No,0.0,No,0.0,No,0.0,No,0.0,No,0.0,Yes,1.0,No,0.0,No,0.0,No,0.0
332,INDUSTRIAL BANK OF KOREA,,KR7024110009,Financials,SOUTH KOREA,0.0,0.0,0,0,34,No,0.0,No,0.0,No,0.0,No,0.0,No,0.0,No,0.0,No,0.0,No,0.0,No,0.0,No,0.0,No,0.0,No,0.0,No,0.0,No,0.0,No,0.0,No,0.0,No,0.0,No,0.0,No,0.0,No,0.0,No,0.0,No,0.0,No,0.0,No,0.0,No,0.0,No,0.0,No,0.0,No,0.0,No,0.0,No,0.0,No,0.0,No,0.0,No,0.0,No,0.0
1683,"INDUSTRIAL SECURITIES CO.,LTD.",,CNE100000V95,Financials,CHINA,8.8,3.0,2,2,30,Yes,1.0,No,0.0,No,0.0,No,0.0,No,0.0,Partial,0.5,No,0.0,Yes,1.0,No,0.0,Partial,0.5,No,0.0,No,0.0,No,0.0,No,0.0,No,0.0,No,0.0,No,0.0,No,0.0,No,0.0,No,0.0,No,0.0,No,0.0,No,0.0,No,0.0,No,0.0,No,0.0,No,0.0,No,0.0,No,0.0,No,0.0,No,0.0,No,0.0,No,0.0,No,0.0
550,"INDUSTRIAS PENOLES, S.A.B. DE C.V.",,MXP554091415,Basic Materials,MEXICO,0.0,0.0,0,0,34,No,0.0,No,0.0,No,0.0,No,0.0,No,0.0,No,0.0,No,0.0,No,0.0,No,0.0,No,0.0,No,0.0,No,0.0,No,0.0,No,0.0,No,0.0,No,0.0,No,0.0,No,0.0,No,0.0,No,0.0,No,0.0,No,0.0,No,0.0,No,0.0,No,0.0,No,0.0,No,0.0,No,0.0,No,0.0,No,0.0,No,0.0,No,0.0,No,0.0,No,0.0
1174,Industries Qatar Q.P.S.C,,QA000A0KD6K3,Basic Materials,QATAR,0.0,0.0,0,0,34,No,0.0,No,0.0,No,0.0,No,0.0,No,0.0,No,0.0,No,0.0,No,0.0,No,0.0,No,0.0,No,0.0,No,0.0,No,0.0,No,0.0,No,0.0,No,0.0,No,0.0,No,0.0,No,0.0,No,0.0,No,0.0,No,0.0,No,0.0,No,0.0,No,0.0,No,0.0,No,0.0,No,0.0,No,0.0,No,0.0,No,0.0,No,0.0,No,0.0,No,0.0
1176,Indutrade Aktiebolag,,SE0001515552,Industrials,SWEDEN,5.9,2.0,2,0,32,No,0.0,No,0.0,No,0.0,No,0.0,No,0.0,No,0.0,No,0.0,No,0.0,No,0.0,No,0.0,No,0.0,No,0.0,No,0.0,No,0.0,No,0.0,Yes,1.0,Yes,1.0,No,0.0,No,0.0,No,0.0,No,0.0,No,0.0,No,0.0,No,0.0,No,0.0,No,0.0,No,0.0,No,0.0,No,0.0,No,0.0,No,0.0,No,0.0,No,0.0,No,0.0
1177,Infineon Technologies AG,,DE0006231004,Technology,GERMANY,39.7,13.5,13,1,20,No,0.0,No,0.0,No,0.0,No,0.0,Yes,1.0,Yes,1.0,No,0.0,Yes,1.0,No,0.0,Yes,1.0,No,0.0,No,0.0,No,0.0,Yes,1.0,Yes,1.0,Yes,1.0,Partial,0.5,Yes,1.0,Yes,1.0,Yes,1.0,Yes,1.0,No,0.0,No,0.0,No,0.0,Yes,1.0,No,0.0,No,0.0,No,0.0,No,0.0,Yes,1.0,No,0.0,No,0.0,No,0.0,No,0.0
1178,INFO EDGE (INDIA) LIMITED,,INE663F01032,Technology,INDIA,17.6,6.0,6,0,28,Yes,1.0,No,0.0,Yes,1.0,No,0.0,No,0.0,Yes,1.0,Yes,1.0,Yes,1.0,No,0.0,Yes,1.0,No,0.0,No,0.0,No,0.0,No,0.0,No,0.0,No,0.0,No,0.0,No,0.0,No,0.0,No,0.0,No,0.0,No,0.0,No,0.0,No,0.0,No,0.0,No,0.0,No,0.0,No,0.0,No,0.0,No,0.0,No,0.0,No,0.0,No,0.0,No,0.0
2022,INFORMA PLC,,GB00BMJ6DW54,Consumer Discretion,UNITED KINGDOM,19.1,6.5,6,1,27,Yes,1.0,No,0.0,No,0.0,No,0.0,Yes,1.0,No,0.0,No,0.0,No,0.0,No,0.0,No,0.0,Yes,1.0,No,0.0,No,0.0,Yes,1.0,No,0.0,Yes,1.0,No,0.0,Yes,1.0,No,0.0,No,0.0,No,0.0,No,0.0,No,0.0,No,0.0,No,0.0,No,0.0,No,0.0,No,0.0,No,0.0,No,0.0,Partial,0.5,No,0.0,No,0.0,No,0.0
1179,INFOSYS LIMITED,,INE009A01021,Technology,INDIA,26.5,9.0,9,2,23,Yes,1.0,No,0.0,No,0.0,Yes,1.0,Partial,0.0,Yes,1.0,No,0.0,Yes,1.0,No,0.0,Yes,1.0,No,0.0,No,0.0,No,0.0,No,0.0,Partial,0.0,Yes,1.0,Yes,1.0,Yes,1.0,No,0.0,No,0.0,No,0.0,No,0.0,No,0.0,No,0.0,Yes,1.0,No,0.0,No,0.0,No,0.0,No,0.0,No,0.0,No,0.0,No,0.0,No,0.0,No,0.0
1180,INFRATIL LIMITED,,NZIFTE0003S3,Financials,NEW ZEALAND,2.9,1.0,0,2,32,No,0.0,No,0.0,No,0.0,No,0.0,No,0.0,Partial,0.5,No,0.0,No,0.0,No,0.0,Partial,0.5,No,0.0,No,0.0,No,0.0,No,0.0,No,0.0,No,0.0,No,0.0,No,0.0,No,0.0,No,0.0,No,0.0,No,0.0,No,0.0,No,0.0,No,0.0,No,0.0,No,0.0,No,0.0,No,0.0,No,0.0,No,0.0,No,0.0,No,0.0,No,0.0
1882,Ingenic Semiconductor Co Ltd,,CNE100001377,Technology,CHINA,8.8,3.0,3,0,31,No,0.0,No,0.0,No,0.0,No,0.0,No,0.0,Yes,1.0,No,0.0,Yes,1.0,No,0.0,Yes,1.0,No,0.0,No,0.0,No,0.0,No,0.0,No,0.0,No,0.0,No,0.0,No,0.0,No,0.0,No,0.0,No,0.0,No,0.0,No,0.0,No,0.0,No,0.0,No,0.0,No,0.0,No,0.0,No,0.0,No,0.0,No,0.0,No,0.0,No,0.0,No,0.0
1957,INGERSOLL RAND INC.,,US45687V1061,Industrials,UNITED STATES,17.6,6.0,6,0,28,Yes,1.0,No,0.0,No,0.0,No,0.0,No,0.0,Yes,1.0,No,0.0,No,0.0,No,0.0,No,0.0,No,0.0,No,0.0,No,0.0,No,0.0,No,0.0,No,0.0,No,0.0,No,0.0,No,0.0,No,0.0,No,0.0,No,0.0,No,0.0,No,0.0,Yes,1.0,No,0.0,No,0.0,Yes,1.0,No,0.0,No,0.0,Yes,1.0,No,0.0,Yes,1.0,No,0.0
137,ING Groep N.V.,,NL0011821202,Financials,NETHERLANDS,36.8,12.5,12,2,20,Yes,1.0,No,0.0,No,0.0,Yes,1.0,Partial,0.0,Yes,1.0,No,0.0,Yes,1.0,No,0.0,Yes,1.0,No,0.0,No,0.0,No,0.0,No,0.0,No,0.0,Yes,1.0,Partial,0.5,Yes,1.0,No,0.0,No,0.0,Yes,1.0,No,0.0,No,0.0,No,0.0,Yes,1.0,Yes,1.0,Yes,1.0,No,0.0,No,0.0,No,0.0,Yes,1.0,No,0.0,No,0.0,No,0.0
1182,"Inner Mongolia Baotou Steel Union Co., Ltd",,CNE0000017H1,Basic Materials,CHINA,0.0,0.0,0,0,34,No,0.0,No,0.0,No,0.0,No,0.0,No,0.0,No,0.0,No,0.0,No,0.0,No,0.0,No,0.0,No,0.0,No,0.0,No,0.0,No,0.0,No,0.0,No,0.0,No,0.0,No,0.0,No,0.0,No,0.0,No,0.0,No,0.0,No,0.0,No,0.0,No,0.0,No,0.0,No,0.0,No,0.0,No,0.0,No,0.0,No,0.0,No,0.0,No,0.0,No,0.0
639,INNER MONGOLIA DIAN TOU ENERGY CORPORATION LIMITED,,CNE100000098,Energy,CHINA,0.0,0.0,0,0,34,No,0.0,No,0.0,No,0.0,No,0.0,No,0.0,No,0.0,No,0.0,No,0.0,No,0.0,No,0.0,No,0.0,No,0.0,No,0.0,No,0.0,No,0.0,No,0.0,No,0.0,No,0.0,No,0.0,No,0.0,No,0.0,No,0.0,No,0.0,No,0.0,No,0.0,No,0.0,No,0.0,No,0.0,No,0.0,No,0.0,No,0.0,No,0.0,No,0.0,No,0.0
1867,"INNER MONGOLIA JUNZHENG ENERGY & CHEMICAL GROUP CO., LTD.",,CNE1000010F8,Basic Materials,CHINA,0.0,0.0,0,0,34,No,0.0,No,0.0,No,0.0,No,0.0,No,0.0,No,0.0,No,0.0,No,0.0,No,0.0,No,0.0,No,0.0,No,0.0,No,0.0,No,0.0,No,0.0,No,0.0,No,0.0,No,0.0,No,0.0,No,0.0,No,0.0,No,0.0,No,0.0,No,0.0,No,0.0,No,0.0,No,0.0,No,0.0,No,0.0,No,0.0,No,0.0,No,0.0,No,0.0,No,0.0
969,"INNER MONGOLIA XINGYE SILVER&TIN MINING CO.,LTD",,CNE000000D24,Basic Materials,CHINA,0.0,0.0,0,0,34,No,0.0,No,0.0,No,0.0,No,0.0,No,0.0,No,0.0,No,0.0,No,0.0,No,0.0,No,0.0,No,0.0,No,0.0,No,0.0,No,0.0,No,0.0,No,0.0,No,0.0,No,0.0,No,0.0,No,0.0,No,0.0,No,0.0,No,0.0,No,0.0,No,0.0,No,0.0,No,0.0,No,0.0,No,0.0,No,0.0,No,0.0,No,0.0,No,0.0,No,0.0
325,"Inner Mongolia Yili Industrial Group Co., Ltd.",,CNE000000JP5,Consumer Staples,CHINA,8.8,3.0,1,4,29,No,0.0,No,0.0,No,0.0,No,0.0,No,0.0,Yes,1.0,No,0.0,Partial,0.5,No,0.0,Partial,0.5,No,0.0,No,0.0,No,0.0,No,0.0,No,0.0,No,0.0,No,0.0,No,0.0,No,0.0,No,0.0,Partial,0.5,No,0.0,No,0.0,No,0.0,No,0.0,No,0.0,No,0.0,Partial,0.5,No,0.0,No,0.0,No,0.0,No,0.0,No,0.0,No,0.0
1183,"INNER MONGOLIA YITAI COAL CO.,LTD.",,CNE000000SK7,Energy,CHINA,5.9,2.0,2,0,32,No,0.0,No,0.0,No,0.0,No,0.0,No,0.0,Yes,1.0,No,0.0,No,0.0,No,0.0,Yes,1.0,No,0.0,No,0.0,No,0.0,No,0.0,No,0.0,No,0.0,No,0.0,No,0.0,No,0.0,No,0.0,No,0.0,No,0.0,No,0.0,No,0.0,No,0.0,No,0.0,No,0.0,No,0.0,No,0.0,No,0.0,No,0.0,No,0.0,No,0.0,No,0.0
757,Innolux Corporation,,TW0003481008,Technology,TAIWAN,2.9,1.0,1,0,33,No,0.0,No,0.0,No,0.0,No,0.0,No,0.0,Yes,1.0,No,0.0,No,0.0,No,0.0,No,0.0,No,0.0,No,0.0,No,0.0,No,0.0,No,0.0,No,0.0,No,0.0,No,0.0,No,0.0,No,0.0,No,0.0,No,0.0,No,0.0,No,0.0,No,0.0,No,0.0,No,0.0,No,0.0,No,0.0,No,0.0,No,0.0,No,0.0,No,0.0,No,0.0
2185,"INNOVENT BIOLOGICS, INC.",,KYG4818G1010,Health Care,HONG KONG,5.9,2.0,2,0,32,No,0.0,No,0.0,No,0.0,No,0.0,No,0.0,Yes,1.0,No,0.0,No,0.0,No,0.0,No,0.0,No,0.0,No,0.0,No,0.0,No,0.0,No,0.0,No,0.0,No,0.0,No,0.0,No,0.0,No,0.0,No,0.0,No,0.0,No,0.0,No,0.0,No,0.0,No,0.0,No,0.0,Yes,1.0,No,0.0,No,0.0,No,0.0,No,0.0,No,0.0,No,0.0
1167,INPEX CORPORATION,,JP3294460005,Energy,JAPAN,11.8,4.0,4,1,29,Yes,1.0,No,0.0,No,0.0,Partial,0.0,No,0.0,Yes,1.0,No,0.0,No,0.0,No,0.0,No,0.0,Yes,1.0,No,0.0,No,0.0,No,0.0,No,0.0,Yes,1.0,No,0.0,No,0.0,No,0.0,No,0.0,No,0.0,No,0.0,No,0.0,No,0.0,No,0.0,No,0.0,No,0.0,No,0.0,No,0.0,No,0.0,No,0.0,No,0.0,No,0.0,No,0.0
2291,InPost S.A.,,LU2290522684,Industrials,NETHERLANDS,14.7,5.0,5,0,29,Yes,1.0,No,0.0,No,0.0,Yes,1.0,No,0.0,Yes,1.0,No,0.0,Yes,1.0,No,0.0,Yes,1.0,No,0.0,No,0.0,No,0.0,No,0.0,No,0.0,No,0.0,No,0.0,No,0.0,No,0.0,No,0.0,No,0.0,No,0.0,No,0.0,No,0.0,No,0.0,No,0.0,No,0.0,No,0.0,No,0.0,No,0.0,No,0.0,No,0.0,No,0.0,No,0.0
1184,INSMED INCORPORATED,,US4576693075,Health Care,UNITED STATES,14.7,5.0,5,0,29,Yes,1.0,No,0.0,No,0.0,No,0.0,No,0.0,Yes,1.0,No,0.0,No,0.0,No,0.0,Yes,1.0,No,0.0,No,0.0,No,0.0,No,0.0,No,0.0,No,0.0,No,0.0,No,0.0,No,0.0,No,0.0,No,0.0,No,0.0,No,0.0,No,0.0,No,0.0,No,0.0,No,0.0,Yes,1.0,No,0.0,No,0.0,Yes,1.0,No,0.0,No,0.0,No,0.0
365,INSULET CORPORATION,,US45784P1012,Health Care,UNITED STATES,30.9,10.5,10,1,23,Yes,1.0,No,0.0,No,0.0,Yes,1.0,Yes,1.0,Yes,1.0,No,0.0,Yes,1.0,No,0.0,No,0.0,Yes,1.0,No,0.0,No,0.0,Yes,1.0,No,0.0,Yes,1.0,Yes,1.0,Yes,1.0,No,0.0,No,0.0,No,0.0,No,0.0,No,0.0,No,0.0,No,0.0,No,0.0,No,0.0,No,0.0,No,0.0,No,0.0,Partial,0.5,No,0.0,No,0.0,No,0.0
132,INSURANCE AUSTRALIA GROUP LIMITED,,AU000000IAG3,Financials,AUSTRALIA,4.4,1.5,1,1,32,Yes,1.0,No,0.0,No,0.0,No,0.0,No,0.0,Partial,0.5,No,0.0,No,0.0,No,0.0,No,0.0,No,0.0,No,0.0,No,0.0,No,0.0,No,0.0,No,0.0,No,0.0,No,0.0,No,0.0,No,0.0,No,0.0,No,0.0,No,0.0,No,0.0,No,0.0,No,0.0,No,0.0,No,0.0,No,0.0,No,0.0,No,0.0,No,0.0,No,0.0,No,0.0
529,INTACT FINANCIAL CORP,,CA45823T1066,Financials,CANADA,58.8,20.0,19,3,12,No,0.0,No,0.0,Yes,1.0,Yes,1.0,Yes,1.0,Yes,1.0,Yes,1.0,Yes,1.0,No,0.0,Yes,1.0,Yes,1.0,No,0.0,No,0.0,Partial,0.0,Yes,1.0,Partial,0.5,Yes,1.0,Yes,1.0,Yes,1.0,Yes,1.0,Yes,1.0,Yes,1.0,Yes,1.0,Yes,1.0,No,0.0,No,0.0,No,0.0,Yes,1.0,No,0.0,No,0.0,Partial,0.5,No,0.0,Yes,1.0,No,0.0
249,INTEL CORPORATION,,US4581401001,Technology,UNITED STATES,2.9,1.0,1,0,33,No,0.0,No,0.0,No,0.0,No,0.0,No,0.0,No,0.0,No,0.0,No,0.0,No,0.0,No,0.0,No,0.0,No,0.0,No,0.0,No,0.0,No,0.0,No,0.0,No,0.0,No,0.0,No,0.0,No,0.0,No,0.0,No,0.0,No,0.0,No,0.0,No,0.0,No,0.0,No,0.0,No,0.0,No,0.0,No,0.0,Yes,1.0,No,0.0,No,0.0,No,0.0
1186,"INTERACTIVE BROKERS GROUP, INC.",,US45841N1072,Financials,UNITED STATES,0.0,0.0,0,0,34,No,0.0,No,0.0,No,0.0,No,0.0,No,0.0,No,0.0,No,0.0,No,0.0,No,0.0,No,0.0,No,0.0,No,0.0,No,0.0,No,0.0,No,0.0,No,0.0,No,0.0,No,0.0,No,0.0,No,0.0,No,0.0,No,0.0,No,0.0,No,0.0,No,0.0,No,0.0,No,0.0,No,0.0,No,0.0,No,0.0,No,0.0,No,0.0,No,0.0,No,0.0
1187,Interconexion Electrica S.A. E.S.P.,,COE15PA00026,Utilities,COLOMBIA,0.0,0.0,0,0,34,No,0.0,No,0.0,No,0.0,No,0.0,No,0.0,No,0.0,No,0.0,No,0.0,No,0.0,No,0.0,No,0.0,No,0.0,No,0.0,No,0.0,No,0.0,No,0.0,No,0.0,No,0.0,No,0.0,No,0.0,No,0.0,No,0.0,No,0.0,No,0.0,No,0.0,No,0.0,No,0.0,No,0.0,No,0.0,No,0.0,No,0.0,No,0.0,No,0.0,No,0.0
1971,"INTERCONTINENTAL EXCHANGE, INC.",,US45866F1049,Financials,UNITED STATES,0.0,0.0,0,0,34,No,0.0,No,0.0,No,0.0,No,0.0,No,0.0,No,0.0,No,0.0,No,0.0,No,0.0,No,0.0,No,0.0,No,0.0,No,0.0,No,0.0,No,0.0,No,0.0,No,0.0,No,0.0,No,0.0,No,0.0,No,0.0,No,0.0,No,0.0,No,0.0,No,0.0,No,0.0,No,0.0,No,0.0,No,0.0,No,0.0,No,0.0,No,0.0,No,0.0,No,0.0
336,INTERCONTINENTAL HOTELS GROUP PLC,,GB00BHJYC057,Consumer Discretion,UNITED KINGDOM,41.2,14.0,13,2,19,Yes,1.0,No,0.0,Yes,1.0,Yes,1.0,No,0.0,Yes,1.0,No,0.0,Yes,1.0,No,0.0,Yes,1.0,Partial,0.5,No,0.0,No,0.0,Partial,0.5,No,0.0,Yes,1.0,No,0.0,Yes,1.0,Yes,1.0,Yes,1.0,No,0.0,No,0.0,No,0.0,No,0.0,Yes,1.0,No,0.0,No,0.0,No,0.0,No,0.0,No,0.0,Yes,1.0,No,0.0,Yes,1.0,No,0.0
2001,INTERGLOBE AVIATION LIMITED,,INE646L01027,Consumer Discretion,INDIA,16.2,5.5,4,4,26,Yes,1.0,No,0.0,No,0.0,No,0.0,Partial,0.0,Partial,0.5,No,0.0,Partial,0.5,No,0.0,Partial,0.5,No,0.0,No,0.0,No,0.0,No,0.0,No,0.0,No,0.0,No,0.0,No,0.0,No,0.0,No,0.0,No,0.0,No,0.0,No,0.0,No,0.0,No,0.0,No,0.0,No,0.0,Yes,1.0,No,0.0,No,0.0,Yes,1.0,No,0.0,Yes,1.0,No,0.0
245,INTERNATIONAL BUSINESS MACHINES CORPORATION,,US4592001014,Technology,UNITED STATES,38.2,13.0,13,0,21,Yes,1.0,No,0.0,No,0.0,Yes,1.0,No,0.0,Yes,1.0,No,0.0,No,0.0,No,0.0,No,0.0,Yes,1.0,Yes,1.0,Yes,1.0,Yes,1.0,Yes,1.0,Yes,1.0,Yes,1.0,Yes,1.0,No,0.0,Yes,1.0,No,0.0,No,0.0,No,0.0,No,0.0,No,0.0,No,0.0,No,0.0,Yes,1.0,No,0.0,No,0.0,No,0.0,No,0.0,No,0.0,No,0.0
1865,"International Consolidated Airlines Group, S.A.",,ES0177542018,Consumer Discretion,SPAIN,25.0,8.5,8,1,25,Yes,1.0,No,0.0,No,0.0,No,0.0,No,0.0,Yes,1.0,No,0.0,Yes,1.0,No,0.0,Yes,1.0,No,0.0,No,0.0,No,0.0,Yes,1.0,No,0.0,Yes,1.0,No,0.0,No,0.0,No,0.0,No,0.0,No,0.0,No,0.0,No,0.0,No,0.0,Yes,1.0,Yes,1.0,No,0.0,No,0.0,No,0.0,No,0.0,Partial,0.5,No,0.0,No,0.0,No,0.0
1188,"INTERNATIONAL CONTAINER TERMINAL SERVICES, INC.",,PHY411571011,Industrials,PHILIPPINES,0.0,0.0,0,0,34,No,0.0,No,0.0,No,0.0,No,0.0,No,0.0,No,0.0,No,0.0,No,0.0,No,0.0,No,0.0,No,0.0,No,0.0,No,0.0,No,0.0,No,0.0,No,0.0,No,0.0,No,0.0,No,0.0,No,0.0,No,0.0,No,0.0,No,0.0,No,0.0,No,0.0,No,0.0,No,0.0,No,0.0,No,0.0,No,0.0,No,0.0,No,0.0,No,0.0,No,0.0
646,INTERNATIONAL FLAVORS & FRAGRANCES INC.,,US4595061015,Basic Materials,UNITED STATES,32.4,11.0,9,4,21,Yes,1.0,No,0.0,No,0.0,No,0.0,Yes,1.0,Yes,1.0,No,0.0,Yes,1.0,No,0.0,Yes,1.0,Yes,1.0,No,0.0,No,0.0,Partial,0.5,No,0.0,Partial,0.5,Partial,0.5,Partial,0.5,Yes,1.0,Yes,1.0,No,0.0,No,0.0,No,0.0,No,0.0,No,0.0,No,0.0,No,0.0,No,0.0,No,0.0,No,0.0,Yes,1.0,No,0.0,No,0.0,No,0.0
549,International Games System Co Ltd,,TW0003293007,Consumer Discretion,TAIWAN,2.9,1.0,1,0,33,No,0.0,No,0.0,No,0.0,No,0.0,No,0.0,Yes,1.0,No,0.0,No,0.0,No,0.0,No,0.0,No,0.0,No,0.0,No,0.0,No,0.0,No,0.0,No,0.0,No,0.0,No,0.0,No,0.0,No,0.0,No,0.0,No,0.0,No,0.0,No,0.0,No,0.0,No,0.0,No,0.0,No,0.0,No,0.0,No,0.0,No,0.0,No,0.0,No,0.0,No,0.0
456,INTERNATIONAL PAPER COMPANY,,US4601461035,Basic Materials,UNITED STATES,8.8,3.0,3,1,30,No,0.0,No,0.0,No,0.0,No,0.0,Partial,0.0,No,0.0,No,0.0,No,0.0,No,0.0,No,0.0,Yes,1.0,Yes,1.0,No,0.0,No,0.0,No,0.0,No,0.0,No,0.0,No,0.0,No,0.0,No,0.0,No,0.0,No,0.0,No,0.0,No,0.0,No,0.0,No,0.0,No,0.0,No,0.0,No,0.0,No,0.0,Yes,1.0,No,0.0,No,0.0,No,0.0
1189,INTERTEK GROUP PLC,,GB0031638363,Industrials,UNITED KINGDOM,0.0,0.0,0,1,33,No,0.0,No,0.0,No,0.0,No,0.0,Partial,0.0,No,0.0,No,0.0,No,0.0,No,0.0,No,0.0,No,0.0,No,0.0,No,0.0,No,0.0,No,0.0,No,0.0,No,0.0,No,0.0,No,0.0,No,0.0,No,0.0,No,0.0,No,0.0,No,0.0,No,0.0,No,0.0,No,0.0,No,0.0,No,0.0,No,0.0,No,0.0,No,0.0,No,0.0,No,0.0
1190,INTESA SANPAOLO SPA,,IT0000072618,Financials,ITALY,50.0,17.0,16,3,15,Yes,1.0,Yes,1.0,Yes,1.0,Yes,1.0,Partial,0.0,Yes,1.0,Yes,1.0,Yes,1.0,No,0.0,Yes,1.0,No,0.0,No,0.0,Yes,1.0,Yes,1.0,No,0.0,Yes,1.0,No,0.0,Yes,1.0,No,0.0,No,0.0,Yes,1.0,No,0.0,Yes,1.0,No,0.0,Yes,1.0,Partial,0.5,No,0.0,Yes,1.0,Partial,0.5,No,0.0,No,0.0,No,0.0,No,0.0,No,0.0
1191,INTUIT INC.,,US4612021034,Technology,UNITED STATES,55.9,19.0,19,0,15,Yes,1.0,No,0.0,Yes,1.0,Yes,1.0,Yes,1.0,Yes,1.0,No,0.0,Yes,1.0,No,0.0,Yes,1.0,Yes,1.0,No,0.0,No,0.0,Yes,1.0,Yes,1.0,Yes,1.0,Yes,1.0,Yes,1.0,Yes,1.0,Yes,1.0,Yes,1.0,No,0.0,No,0.0,No,0.0,Yes,1.0,No,0.0,No,0.0,No,0.0,No,0.0,Yes,1.0,Yes,1.0,No,0.0,No,0.0,No,0.0
68,"INTUITIVE SURGICAL, INC.",,US46120E6023,Health Care,UNITED STATES,22.1,7.5,7,1,26,No,0.0,No,0.0,No,0.0,Yes,1.0,No,0.0,Yes,1.0,No,0.0,Yes,1.0,No,0.0,Yes,1.0,Yes,1.0,No,0.0,No,0.0,No,0.0,No,0.0,No,0.0,No,0.0,No,0.0,No,0.0,No,0.0,Yes,1.0,No,0.0,No,0.0,No,0.0,No,0.0,No,0.0,No,0.0,No,0.0,Partial,0.5,No,0.0,Yes,1.0,No,0.0,No,0.0,No,0.0
1192,INVENTEC CORPORATION,,TW0002356003,Technology,TAIWAN,22.1,7.5,6,3,25,Partial,0.5,No,0.0,Yes,1.0,No,0.0,No,0.0,Partial,0.5,No,0.0,Yes,1.0,No,0.0,Partial,0.5,No,0.0,No,0.0,No,0.0,No,0.0,No,0.0,Yes,1.0,No,0.0,Yes,1.0,No,0.0,Yes,1.0,No,0.0,No,0.0,No,0.0,No,0.0,No,0.0,No,0.0,No,0.0,No,0.0,Yes,1.0,No,0.0,No,0.0,No,0.0,No,0.0,No,0.0
1193,Investmentaktiebolaget Latour,,SE0010100958,Industrials,SWEDEN,0.0,0.0,0,0,34,No,0.0,No,0.0,No,0.0,No,0.0,No,0.0,No,0.0,No,0.0,No,0.0,No,0.0,No,0.0,No,0.0,No,0.0,No,0.0,No,0.0,No,0.0,No,0.0,No,0.0,No,0.0,No,0.0,No,0.0,No,0.0,No,0.0,No,0.0,No,0.0,No,0.0,No,0.0,No,0.0,No,0.0,No,0.0,No,0.0,No,0.0,No,0.0,No,0.0,No,0.0
752,Investor Aktiebolag,,SE0015811963,Financials,SWEDEN,16.2,5.5,5,1,28,Yes,1.0,No,0.0,Yes,1.0,No,0.0,No,0.0,Partial,0.5,No,0.0,Yes,1.0,No,0.0,Yes,1.0,Yes,1.0,No,0.0,No,0.0,No,0.0,No,0.0,No,0.0,No,0.0,No,0.0,No,0.0,No,0.0,No,0.0,No,0.0,No,0.0,No,0.0,No,0.0,No,0.0,No,0.0,No,0.0,No,0.0,No,0.0,No,0.0,No,0.0,No,0.0,No,0.0
2114,INVITATION HOMES INC.,,US46187W1071,Real Estate,UNITED STATES,2.9,1.0,1,0,33,No,0.0,No,0.0,No,0.0,No,0.0,No,0.0,No,0.0,No,0.0,No,0.0,No,0.0,No,0.0,Yes,1.0,No,0.0,No,0.0,No,0.0,No,0.0,No,0.0,No,0.0,No,0.0,No,0.0,No,0.0,No,0.0,No,0.0,No,0.0,No,0.0,No,0.0,No,0.0,No,0.0,No,0.0,No,0.0,No,0.0,No,0.0,No,0.0,No,0.0,No,0.0
1168,IOI CORPORATION BERHAD,,MYL1961OO001,Consumer Staples,MALAYSIA,13.2,4.5,4,2,28,Yes,1.0,No,0.0,No,0.0,Partial,0.0,No,0.0,Yes,1.0,No,0.0,Yes,1.0,No,0.0,Yes,1.0,Partial,0.5,No,0.0,No,0.0,No,0.0,No,0.0,No,0.0,No,0.0,No,0.0,No,0.0,No,0.0,No,0.0,No,0.0,No,0.0,No,0.0,No,0.0,No,0.0,No,0.0,No,0.0,No,0.0,No,0.0,No,0.0,No,0.0,No,0.0,No,0.0
2276,IONQ Inc,,US46222L1089,Technology,UNITED STATES,8.8,3.0,3,0,31,No,0.0,No,0.0,No,0.0,No,0.0,No,0.0,Yes,1.0,No,0.0,No,0.0,No,0.0,Yes,1.0,No,0.0,No,0.0,No,0.0,No,0.0,No,0.0,No,0.0,No,0.0,No,0.0,No,0.0,No,0.0,No,0.0,No,0.0,No,0.0,No,0.0,No,0.0,No,0.0,No,0.0,No,0.0,No,0.0,No,0.0,Yes,1.0,No,0.0,No,0.0,No,0.0
766,IPSEN SA,,FR0010259150,Health Care,FRANCE,20.6,7.0,6,2,26,Yes,1.0,No,0.0,No,0.0,No,0.0,No,0.0,Yes,1.0,No,0.0,No,0.0,No,0.0,No,0.0,No,0.0,No,0.0,No,0.0,No,0.0,No,0.0,Partial,0.5,Partial,0.5,No,0.0,Yes,1.0,No,0.0,No,0.0,No,0.0,No,0.0,No,0.0,Yes,1.0,No,0.0,No,0.0,No,0.0,Yes,1.0,Yes,1.0,No,0.0,No,0.0,No,0.0,No,0.0
2094,IQVIA HOLDINGS INC,,US46266C1053,Health Care,UNITED STATES,42.6,14.5,14,1,19,Yes,1.0,No,0.0,Yes,1.0,Yes,1.0,Yes,1.0,Yes,1.0,No,0.0,Yes,1.0,No,0.0,Yes,1.0,No,0.0,No,0.0,No,0.0,Yes,1.0,Yes,1.0,Yes,1.0,Yes,1.0,Yes,1.0,No,0.0,No,0.0,Partial,0.5,No,0.0,No,0.0,No,0.0,Yes,1.0,No,0.0,No,0.0,No,0.0,No,0.0,Yes,1.0,No,0.0,No,0.0,No,0.0,No,0.0
2322,IREN LIMITED,,AU0000185993,Technology,UNITED STATES,14.7,5.0,5,0,29,No,0.0,No,0.0,Yes,1.0,No,0.0,No,0.0,Yes,1.0,No,0.0,Yes,1.0,No,0.0,No,0.0,No,0.0,No,0.0,No,0.0,No,0.0,No,0.0,No,0.0,No,0.0,No,0.0,No,0.0,No,0.0,No,0.0,No,0.0,Yes,1.0,No,0.0,No,0.0,No,0.0,No,0.0,Yes,1.0,No,0.0,No,0.0,No,0.0,No,0.0,No,0.0,No,0.0
2031,IRON MOUNTAIN INCORPORATED,,US46284V1017,Real Estate,UNITED STATES,20.6,7.0,7,1,26,No,0.0,No,0.0,Yes,1.0,No,0.0,Partial,0.0,Yes,1.0,No,0.0,No,0.0,No,0.0,No,0.0,Yes,1.0,Yes,1.0,No,0.0,No,0.0,No,0.0,Yes,1.0,No,0.0,Yes,1.0,No,0.0,No,0.0,No,0.0,No,0.0,No,0.0,No,0.0,No,0.0,No,0.0,No,0.0,No,0.0,No,0.0,No,0.0,Yes,1.0,No,0.0,No,0.0,No,0.0
2336,iSoftStone Information Technology Group Co Ltd,,CNE1000058S0,Technology,CHINA,16.2,5.5,5,1,28,Yes,1.0,No,0.0,No,0.0,No,0.0,No,0.0,Partial,0.5,No,0.0,Yes,1.0,No,0.0,Yes,1.0,No,0.0,No,0.0,No,0.0,No,0.0,No,0.0,No,0.0,No,0.0,No,0.0,No,0.0,No,0.0,Yes,1.0,No,0.0,No,0.0,No,0.0,No,0.0,No,0.0,No,0.0,Yes,1.0,No,0.0,No,0.0,No,0.0,No,0.0,No,0.0,No,0.0
1194,ISRAEL DISCOUNT BANK LIMITED,,IL0006912120,Financials,ISRAEL,0.0,0.0,0,0,34,No,0.0,No,0.0,No,0.0,No,0.0,No,0.0,No,0.0,No,0.0,No,0.0,No,0.0,No,0.0,No,0.0,No,0.0,No,0.0,No,0.0,No,0.0,No,0.0,No,0.0,No,0.0,No,0.0,No,0.0,No,0.0,No,0.0,No,0.0,No,0.0,No,0.0,No,0.0,No,0.0,No,0.0,No,0.0,No,0.0,No,0.0,No,0.0,No,0.0,No,0.0
250,ISUZU MOTORS LIMITED,,JP3137200006,Industrials,JAPAN,5.9,2.0,1,2,31,No,0.0,No,0.0,No,0.0,No,0.0,No,0.0,Partial,0.5,No,0.0,Partial,0.5,No,0.0,Yes,1.0,No,0.0,No,0.0,No,0.0,No,0.0,No,0.0,No,0.0,No,0.0,No,0.0,No,0.0,No,0.0,No,0.0,No,0.0,No,0.0,No,0.0,No,0.0,No,0.0,No,0.0,No,0.0,No,0.0,No,0.0,No,0.0,No,0.0,No,0.0,No,0.0
2101,ITALGAS S.P.A.,,IT0005211237,Utilities,ITALY,44.1,15.0,14,2,18,Yes,1.0,Yes,1.0,Yes,1.0,Yes,1.0,No,0.0,Yes,1.0,Yes,1.0,Partial,0.5,No,0.0,Yes,1.0,No,0.0,No,0.0,No,0.0,No,0.0,Yes,1.0,No,0.0,No,0.0,Partial,0.5,No,0.0,No,0.0,Yes,1.0,Yes,1.0,Yes,1.0,Yes,1.0,Yes,1.0,No,0.0,No,0.0,No,0.0,No,0.0,No,0.0,No,0.0,Yes,1.0,No,0.0,No,0.0
1195,ITAUSA S.A.,,BRITSAACNOR0,Financials,BRAZIL,0.0,0.0,0,0,34,No,0.0,No,0.0,No,0.0,No,0.0,No,0.0,No,0.0,No,0.0,No,0.0,No,0.0,No,0.0,No,0.0,No,0.0,No,0.0,No,0.0,No,0.0,No,0.0,No,0.0,No,0.0,No,0.0,No,0.0,No,0.0,No,0.0,No,0.0,No,0.0,No,0.0,No,0.0,No,0.0,No,0.0,No,0.0,No,0.0,No,0.0,No,0.0,No,0.0,No,0.0
1691,Itau Unibanco Holding S.A.,,BRITUBACNOR4,Financials,BRAZIL,2.9,1.0,1,0,33,No,0.0,No,0.0,No,0.0,No,0.0,No,0.0,No,0.0,No,0.0,Yes,1.0,No,0.0,No,0.0,No,0.0,No,0.0,No,0.0,No,0.0,No,0.0,No,0.0,No,0.0,No,0.0,No,0.0,No,0.0,No,0.0,No,0.0,No,0.0,No,0.0,No,0.0,No,0.0,No,0.0,No,0.0,No,0.0,No,0.0,No,0.0,No,0.0,No,0.0,No,0.0
1169,ITC LIMITED,,INE154A01025,Consumer Staples,INDIA,5.9,2.0,1,3,30,No,0.0,No,0.0,No,0.0,Partial,0.0,No,0.0,Partial,0.5,No,0.0,Yes,1.0,No,0.0,Partial,0.5,No,0.0,No,0.0,No,0.0,No,0.0,No,0.0,No,0.0,No,0.0,No,0.0,No,0.0,No,0.0,No,0.0,No,0.0,No,0.0,No,0.0,No,0.0,No,0.0,No,0.0,No,0.0,No,0.0,No,0.0,No,0.0,No,0.0,No,0.0,No,0.0
251,ITOCHU Corporation,,JP3143600009,Industrials,JAPAN,26.5,9.0,9,0,25,Yes,1.0,No,0.0,No,0.0,Yes,1.0,No,0.0,Yes,1.0,No,0.0,Yes,1.0,No,0.0,Yes,1.0,No,0.0,No,0.0,No,0.0,No,0.0,No,0.0,Yes,1.0,Yes,1.0,No,0.0,No,0.0,No,0.0,Yes,1.0,No,0.0,No,0.0,No,0.0,No,0.0,No,0.0,No,0.0,Yes,1.0,No,0.0,No,0.0,No,0.0,No,0.0,No,0.0,No,0.0
1940,IVANHOE MINES LTD.,,CA46579R1047,Basic Materials,CANADA,0.0,0.0,0,0,34,No,0.0,No,0.0,No,0.0,No,0.0,No,0.0,No,0.0,No,0.0,No,0.0,No,0.0,No,0.0,No,0.0,No,0.0,No,0.0,No,0.0,No,0.0,No,0.0,No,0.0,No,0.0,No,0.0,No,0.0,No,0.0,No,0.0,No,0.0,No,0.0,No,0.0,No,0.0,No,0.0,No,0.0,No,0.0,No,0.0,No,0.0,No,0.0,No,0.0,No,0.0
783,Jabal Omar Development Company SJSC,,SA000A0MR864,Real Estate,SAUDI ARABIA,0.0,0.0,0,0,34,No,0.0,No,0.0,No,0.0,No,0.0,No,0.0,No,0.0,No,0.0,No,0.0,No,0.0,No,0.0,No,0.0,No,0.0,No,0.0,No,0.0,No,0.0,No,0.0,No,0.0,No,0.0,No,0.0,No,0.0,No,0.0,No,0.0,No,0.0,No,0.0,No,0.0,No,0.0,No,0.0,No,0.0,No,0.0,No,0.0,No,0.0,No,0.0,No,0.0,No,0.0
1198,JABIL INC.,,US4663131039,Technology,UNITED STATES,26.5,9.0,9,0,25,No,0.0,No,0.0,Yes,1.0,No,0.0,No,0.0,Yes,1.0,No,0.0,Yes,1.0,No,0.0,No,0.0,Yes,1.0,No,0.0,No,0.0,No,0.0,No,0.0,Yes,1.0,No,0.0,No,0.0,No,0.0,No,0.0,Yes,1.0,No,0.0,No,0.0,No,0.0,No,0.0,No,0.0,No,0.0,Yes,1.0,No,0.0,No,0.0,Yes,1.0,No,0.0,Yes,1.0,No,0.0
70,"JACK HENRY & ASSOCIATES, INC.",,US4262811015,Industrials,UNITED STATES,27.9,9.5,9,1,24,Yes,1.0,No,0.0,No,0.0,Yes,1.0,No,0.0,Yes,1.0,No,0.0,Yes,1.0,No,0.0,Yes,1.0,No,0.0,No,0.0,No,0.0,No,0.0,No,0.0,Yes,1.0,Partial,0.5,Yes,1.0,No,0.0,No,0.0,No,0.0,No,0.0,No,0.0,No,0.0,Yes,1.0,Yes,1.0,No,0.0,No,0.0,No,0.0,No,0.0,No,0.0,No,0.0,No,0.0,No,0.0
2351,JACOBS SOLUTIONS INC.,,US46982L1089,Industrials,UNITED STATES,32.4,11.0,11,0,23,Yes,1.0,No,0.0,Yes,1.0,Yes,1.0,No,0.0,Yes,1.0,No,0.0,Yes,1.0,No,0.0,Yes,1.0,No,0.0,No,0.0,No,0.0,No,0.0,No,0.0,Yes,1.0,No,0.0,Yes,1.0,No,0.0,No,0.0,No,0.0,No,0.0,No,0.0,No,0.0,Yes,1.0,No,0.0,No,0.0,Yes,1.0,No,0.0,No,0.0,Yes,1.0,No,0.0,No,0.0,No,0.0
1653,"Japan Airlines Co., Ltd.",,JP3705200008,Consumer Discretion,JAPAN,2.9,1.0,1,0,33,No,0.0,No,0.0,No,0.0,No,0.0,No,0.0,No,0.0,No,0.0,No,0.0,No,0.0,Yes,1.0,No,0.0,No,0.0,No,0.0,No,0.0,No,0.0,No,0.0,No,0.0,No,0.0,No,0.0,No,0.0,No,0.0,No,0.0,No,0.0,No,0.0,No,0.0,No,0.0,No,0.0,No,0.0,No,0.0,No,0.0,No,0.0,No,0.0,No,0.0,No,0.0
152,"Japan Exchange Group, Inc.",,JP3183200009,Financials,JAPAN,20.6,7.0,6,2,26,Yes,1.0,No,0.0,No,0.0,Partial,0.5,No,0.0,Yes,1.0,No,0.0,Partial,0.5,No,0.0,Yes,1.0,No,0.0,No,0.0,No,0.0,No,0.0,No,0.0,Yes,1.0,Yes,1.0,No,0.0,No,0.0,No,0.0,No,0.0,No,0.0,No,0.0,No,0.0,No,0.0,No,0.0,No,0.0,Yes,1.0,No,0.0,No,0.0,No,0.0,No,0.0,No,0.0,No,0.0
1768,"JAPAN POST BANK Co.,Ltd.",,JP3946750001,Financials,JAPAN,7.4,2.5,2,2,30,No,0.0,No,0.0,No,0.0,No,0.0,No,0.0,No,0.0,No,0.0,No,0.0,No,0.0,No,0.0,No,0.0,No,0.0,No,0.0,No,0.0,No,0.0,Yes,1.0,Partial,0.5,Partial,0.0,No,0.0,No,0.0,No,0.0,No,0.0,No,0.0,No,0.0,Yes,1.0,No,0.0,No,0.0,No,0.0,No,0.0,No,0.0,No,0.0,No,0.0,No,0.0,No,0.0
1985,"JAPAN POST HOLDINGS Co.,Ltd.",,JP3752900005,Financials,JAPAN,2.9,1.0,0,2,32,No,0.0,No,0.0,No,0.0,No,0.0,No,0.0,No,0.0,No,0.0,No,0.0,No,0.0,No,0.0,No,0.0,No,0.0,No,0.0,No,0.0,No,0.0,Partial,0.5,Partial,0.5,No,0.0,No,0.0,No,0.0,No,0.0,No,0.0,No,0.0,No,0.0,No,0.0,No,0.0,No,0.0,No,0.0,No,0.0,No,0.0,No,0.0,No,0.0,No,0.0,No,0.0
2059,"JAPAN POST INSURANCE Co.,Ltd.",,JP3233250004,Financials,JAPAN,0.0,0.0,0,0,34,No,0.0,No,0.0,No,0.0,No,0.0,No,0.0,No,0.0,No,0.0,No,0.0,No,0.0,No,0.0,No,0.0,No,0.0,No,0.0,No,0.0,No,0.0,No,0.0,No,0.0,No,0.0,No,0.0,No,0.0,No,0.0,No,0.0,No,0.0,No,0.0,No,0.0,No,0.0,No,0.0,No,0.0,No,0.0,No,0.0,No,0.0,No,0.0,No,0.0,No,0.0
262,JAPAN TOBACCO INC.,,JP3726800000,Consumer Staples,JAPAN,0.0,0.0,0,0,34,No,0.0,No,0.0,No,0.0,No,0.0,No,0.0,No,0.0,No,0.0,No,0.0,No,0.0,No,0.0,No,0.0,No,0.0,No,0.0,No,0.0,No,0.0,No,0.0,No,0.0,No,0.0,No,0.0,No,0.0,No,0.0,No,0.0,No,0.0,No,0.0,No,0.0,No,0.0,No,0.0,No,0.0,No,0.0,No,0.0,No,0.0,No,0.0,No,0.0,No,0.0
522,JARDINE MATHESON HOLDINGS LIMITED,,BMG507361001,Industrials,SINGAPORE,14.7,5.0,5,3,26,No,0.0,No,0.0,No,0.0,No,0.0,Partial,0.0,Yes,1.0,No,0.0,No,0.0,No,0.0,No,0.0,No,0.0,No,0.0,No,0.0,No,0.0,No,0.0,Yes,1.0,Yes,1.0,Partial,0.0,No,0.0,Partial,0.0,No,0.0,No,0.0,No,0.0,No,0.0,No,0.0,No,0.0,No,0.0,Yes,1.0,No,0.0,No,0.0,Yes,1.0,No,0.0,No,0.0,No,0.0
356,Jarir Marketing Company SJSC,,SA000A0BLA62,Consumer Discretion,SAUDI ARABIA,0.0,0.0,0,0,34,No,0.0,No,0.0,No,0.0,No,0.0,No,0.0,No,0.0,No,0.0,No,0.0,No,0.0,No,0.0,No,0.0,No,0.0,No,0.0,No,0.0,No,0.0,No,0.0,No,0.0,No,0.0,No,0.0,No,0.0,No,0.0,No,0.0,No,0.0,No,0.0,No,0.0,No,0.0,No,0.0,No,0.0,No,0.0,No,0.0,No,0.0,No,0.0,No,0.0,No,0.0
1832,"JA Solar Technology Co., Ltd.",,CNE100000SD1,Energy,CHINA,11.8,4.0,4,0,30,No,0.0,No,0.0,No,0.0,No,0.0,No,0.0,Yes,1.0,No,0.0,Yes,1.0,No,0.0,Yes,1.0,No,0.0,No,0.0,No,0.0,No,0.0,No,0.0,No,0.0,No,0.0,No,0.0,No,0.0,No,0.0,No,0.0,No,0.0,Yes,1.0,No,0.0,No,0.0,No,0.0,No,0.0,No,0.0,No,0.0,No,0.0,No,0.0,No,0.0,No,0.0,No,0.0
475,"J. B. HUNT TRANSPORT SERVICES, INC.",,US4456581077,Industrials,UNITED STATES,22.1,7.5,7,1,26,Yes,1.0,No,0.0,No,0.0,No,0.0,No,0.0,Yes,1.0,No,0.0,Yes,1.0,No,0.0,Yes,1.0,No,0.0,No,0.0,No,0.0,No,0.0,No,0.0,No,0.0,No,0.0,No,0.0,No,0.0,Partial,0.5,Yes,1.0,No,0.0,No,0.0,No,0.0,No,0.0,No,0.0,No,0.0,Yes,1.0,No,0.0,No,0.0,Yes,1.0,No,0.0,No,0.0,No,0.0
2434,JBS N.V.,,NL0015002J37,Consumer Staples,NETHERLANDS,2.9,1.0,1,0,33,No,0.0,No,0.0,Yes,1.0,No,0.0,No,0.0,No,0.0,No,0.0,No,0.0,No,0.0,No,0.0,No,0.0,No,0.0,No,0.0,No,0.0,No,0.0,No,0.0,No,0.0,No,0.0,No,0.0,No,0.0,No,0.0,No,0.0,No,0.0,No,0.0,No,0.0,No,0.0,No,0.0,No,0.0,No,0.0,No,0.0,No,0.0,No,0.0,No,0.0,No,0.0
1199,"JCET Group Co., Ltd.",,CNE000001F05,Technology,CHINA,5.9,2.0,2,0,32,No,0.0,No,0.0,Yes,1.0,No,0.0,No,0.0,Yes,1.0,No,0.0,No,0.0,No,0.0,No,0.0,No,0.0,No,0.0,No,0.0,No,0.0,No,0.0,No,0.0,No,0.0,No,0.0,No,0.0,No,0.0,No,0.0,No,0.0,No,0.0,No,0.0,No,0.0,No,0.0,No,0.0,No,0.0,No,0.0,No,0.0,No,0.0,No,0.0,No,0.0,No,0.0
1990,"JD.COM, INC.",,KYG8208B1014,Consumer Discretion,CHINA,8.8,3.0,3,0,31,No,0.0,No,0.0,No,0.0,No,0.0,No,0.0,Yes,1.0,No,0.0,Yes,1.0,No,0.0,Yes,1.0,No,0.0,No,0.0,No,0.0,No,0.0,No,0.0,No,0.0,No,0.0,No,0.0,No,0.0,No,0.0,No,0.0,No,0.0,No,0.0,No,0.0,No,0.0,No,0.0,No,0.0,No,0.0,No,0.0,No,0.0,No,0.0,No,0.0,No,0.0,No,0.0
2283,JD Health International Inc,,KYG5074A1004,Consumer Staples,HONG KONG,11.8,4.0,3,2,29,No,0.0,No,0.0,No,0.0,No,0.0,No,0.0,Partial,0.5,No,0.0,Yes,1.0,No,0.0,Yes,1.0,No,0.0,No,0.0,No,0.0,No,0.0,No,0.0,No,0.0,No,0.0,Yes,1.0,No,0.0,No,0.0,Partial,0.5,No,0.0,No,0.0,No,0.0,No,0.0,No,0.0,No,0.0,No,0.0,No,0.0,No,0.0,No,0.0,No,0.0,No,0.0,No,0.0
2302,"JD LOGISTICS, INC.",,KYG5074S1012,Industrials,HONG KONG,8.8,3.0,3,0,31,No,0.0,No,0.0,No,0.0,No,0.0,No,0.0,Yes,1.0,No,0.0,Yes,1.0,No,0.0,Yes,1.0,No,0.0,No,0.0,No,0.0,No,0.0,No,0.0,No,0.0,No,0.0,No,0.0,No,0.0,No,0.0,No,0.0,No,0.0,No,0.0,No,0.0,No,0.0,No,0.0,No,0.0,No,0.0,No,0.0,No,0.0,No,0.0,No,0.0,No,0.0,No,0.0
608,JD SPORTS FASHION PLC,,GB00BM8Q5M07,Consumer Discretion,UNITED KINGDOM,0.0,0.0,0,0,34,No,0.0,No,0.0,No,0.0,No,0.0,No,0.0,No,0.0,No,0.0,No,0.0,No,0.0,No,0.0,No,0.0,No,0.0,No,0.0,No,0.0,No,0.0,No,0.0,No,0.0,No,0.0,No,0.0,No,0.0,No,0.0,No,0.0,No,0.0,No,0.0,No,0.0,No,0.0,No,0.0,No,0.0,No,0.0,No,0.0,No,0.0,No,0.0,No,0.0,No,0.0
1748,"JENTECH PRECISION INDUSTRIAL CO., LTD",,TW0003653002,Technology,TAIWAN,0.0,0.0,0,0,34,No,0.0,No,0.0,No,0.0,No,0.0,No,0.0,No,0.0,No,0.0,No,0.0,No,0.0,No,0.0,No,0.0,No,0.0,No,0.0,No,0.0,No,0.0,No,0.0,No,0.0,No,0.0,No,0.0,No,0.0,No,0.0,No,0.0,No,0.0,No,0.0,No,0.0,No,0.0,No,0.0,No,0.0,No,0.0,No,0.0,No,0.0,No,0.0,No,0.0,No,0.0
134,"Jeronimo Martins, SGPS, S.A.",,PTJMT0AE0001,Consumer Staples,PORTUGAL,0.0,0.0,0,0,34,No,0.0,No,0.0,No,0.0,No,0.0,No,0.0,No,0.0,No,0.0,No,0.0,No,0.0,No,0.0,No,0.0,No,0.0,No,0.0,No,0.0,No,0.0,No,0.0,No,0.0,No,0.0,No,0.0,No,0.0,No,0.0,No,0.0,No,0.0,No,0.0,No,0.0,No,0.0,No,0.0,No,0.0,No,0.0,No,0.0,No,0.0,No,0.0,No,0.0,No,0.0
1196,"JFE Holdings, Inc.",,JP3386030005,Basic Materials,JAPAN,17.6,6.0,5,2,27,Partial,0.5,No,0.0,No,0.0,Yes,1.0,No,0.0,Yes,1.0,No,0.0,Yes,1.0,No,0.0,Partial,0.5,No,0.0,No,0.0,No,0.0,No,0.0,No,0.0,Yes,1.0,No,0.0,No,0.0,No,0.0,No,0.0,No,0.0,No,0.0,No,0.0,No,0.0,Yes,1.0,No,0.0,No,0.0,No,0.0,No,0.0,No,0.0,No,0.0,No,0.0,No,0.0,No,0.0
1596,"Jiangsu Eastern Shenghong Co., Ltd.",,CNE0000012K6,Basic Materials,CHINA,23.5,8.0,8,0,26,Yes,1.0,No,0.0,Yes,1.0,No,0.0,No,0.0,Yes,1.0,No,0.0,Yes,1.0,No,0.0,Yes,1.0,No,0.0,No,0.0,Yes,1.0,No,0.0,No,0.0,No,0.0,No,0.0,No,0.0,No,0.0,No,0.0,Yes,1.0,No,0.0,Yes,1.0,No,0.0,No,0.0,No,0.0,No,0.0,No,0.0,No,0.0,No,0.0,No,0.0,No,0.0,No,0.0,No,0.0
666,Jiangsu Expressway Company Limited,,CNE0000016S0,Industrials,CHINA,11.8,4.0,4,0,30,No,0.0,No,0.0,No,0.0,No,0.0,No,0.0,Yes,1.0,No,0.0,Yes,1.0,No,0.0,Yes,1.0,No,0.0,No,0.0,No,0.0,No,0.0,No,0.0,No,0.0,No,0.0,No,0.0,No,0.0,No,0.0,Yes,1.0,No,0.0,No,0.0,No,0.0,No,0.0,No,0.0,No,0.0,No,0.0,No,0.0,No,0.0,No,0.0,No,0.0,No,0.0,No,0.0
1901,Jiangsu Hengli Hydraulic Co Ltd,,CNE1000019R4,Industrials,CHINA,0.0,0.0,0,0,34,No,0.0,No,0.0,No,0.0,No,0.0,No,0.0,No,0.0,No,0.0,No,0.0,No,0.0,No,0.0,No,0.0,No,0.0,No,0.0,No,0.0,No,0.0,No,0.0,No,0.0,No,0.0,No,0.0,No,0.0,No,0.0,No,0.0,No,0.0,No,0.0,No,0.0,No,0.0,No,0.0,No,0.0,No,0.0,No,0.0,No,0.0,No,0.0,No,0.0,No,0.0
333,"Jiangsu Hengrui Pharmaceuticals Co.,Ltd",,CNE0000014W7,Health Care,CHINA,0.0,0.0,0,0,34,No,0.0,No,0.0,No,0.0,No,0.0,No,0.0,No,0.0,No,0.0,No,0.0,No,0.0,No,0.0,No,0.0,No,0.0,No,0.0,No,0.0,No,0.0,No,0.0,No,0.0,No,0.0,No,0.0,No,0.0,No,0.0,No,0.0,No,0.0,No,0.0,No,0.0,No,0.0,No,0.0,No,0.0,No,0.0,No,0.0,No,0.0,No,0.0,No,0.0,No,0.0
1929,"Jiangsu Hoperun Software Co., Ltd.",,CNE100001JT4,Technology,CHINA,2.9,1.0,1,0,33,No,0.0,No,0.0,No,0.0,No,0.0,No,0.0,No,0.0,No,0.0,No,0.0,No,0.0,No,0.0,No,0.0,No,0.0,No,0.0,No,0.0,No,0.0,No,0.0,No,0.0,Yes,1.0,No,0.0,No,0.0,No,0.0,No,0.0,No,0.0,No,0.0,No,0.0,No,0.0,No,0.0,No,0.0,No,0.0,No,0.0,No,0.0,No,0.0,No,0.0,No,0.0
1994,Jiangsu King's Luck Brewery Joint-Stock Co Ltd,,CNE100001TH8,Consumer Staples,CHINA,0.0,0.0,0,0,34,No,0.0,No,0.0,No,0.0,No,0.0,No,0.0,No,0.0,No,0.0,No,0.0,No,0.0,No,0.0,No,0.0,No,0.0,No,0.0,No,0.0,No,0.0,No,0.0,No,0.0,No,0.0,No,0.0,No,0.0,No,0.0,No,0.0,No,0.0,No,0.0,No,0.0,No,0.0,No,0.0,No,0.0,No,0.0,No,0.0,No,0.0,No,0.0,No,0.0,No,0.0
1790,"JIANGSU YANGHE DISTILLERY CO., LTD.",,CNE100000HB8,Consumer Staples,CHINA,5.9,2.0,2,1,31,Yes,1.0,No,0.0,No,0.0,No,0.0,No,0.0,Yes,1.0,No,0.0,No,0.0,No,0.0,Partial,0.0,No,0.0,No,0.0,No,0.0,No,0.0,No,0.0,No,0.0,No,0.0,No,0.0,No,0.0,No,0.0,No,0.0,No,0.0,No,0.0,No,0.0,No,0.0,No,0.0,No,0.0,No,0.0,No,0.0,No,0.0,No,0.0,No,0.0,No,0.0,No,0.0
1626,"JIANGSU YUYUE MEDICAL EQUIPMENT & SUPPLY CO., LTD.",,CNE1000009X3,Health Care,CHINA,2.9,1.0,1,0,33,Yes,1.0,No,0.0,No,0.0,No,0.0,No,0.0,No,0.0,No,0.0,No,0.0,No,0.0,No,0.0,No,0.0,No,0.0,No,0.0,No,0.0,No,0.0,No,0.0,No,0.0,No,0.0,No,0.0,No,0.0,No,0.0,No,0.0,No,0.0,No,0.0,No,0.0,No,0.0,No,0.0,No,0.0,No,0.0,No,0.0,No,0.0,No,0.0,No,0.0,No,0.0
128,"Jiangsu Zhongtian Technology Co., Ltd.",,CNE000001CW4,Telecommunications,CHINA,0.0,0.0,0,0,34,No,0.0,No,0.0,No,0.0,No,0.0,No,0.0,No,0.0,No,0.0,No,0.0,No,0.0,No,0.0,No,0.0,No,0.0,No,0.0,No,0.0,No,0.0,No,0.0,No,0.0,No,0.0,No,0.0,No,0.0,No,0.0,No,0.0,No,0.0,No,0.0,No,0.0,No,0.0,No,0.0,No,0.0,No,0.0,No,0.0,No,0.0,No,0.0,No,0.0,No,0.0
1202,Jiangxi Copper Company Limited,,CNE0000019P0,Basic Materials,CHINA,8.8,3.0,3,0,31,No,0.0,No,0.0,No,0.0,No,0.0,No,0.0,Yes,1.0,No,0.0,Yes,1.0,No,0.0,Yes,1.0,No,0.0,No,0.0,No,0.0,No,0.0,No,0.0,No,0.0,No,0.0,No,0.0,No,0.0,No,0.0,No,0.0,No,0.0,No,0.0,No,0.0,No,0.0,No,0.0,No,0.0,No,0.0,No,0.0,No,0.0,No,0.0,No,0.0,No,0.0,No,0.0
728,JINDAL STAINLESS LIMITED,,INE220G01021,Basic Materials,INDIA,23.5,8.0,8,0,26,Yes,1.0,No,0.0,No,0.0,Yes,1.0,No,0.0,Yes,1.0,No,0.0,Yes,1.0,No,0.0,Yes,1.0,No,0.0,No,0.0,No,0.0,No,0.0,No,0.0,Yes,1.0,Yes,1.0,No,0.0,No,0.0,No,0.0,No,0.0,No,0.0,No,0.0,No,0.0,Yes,1.0,No,0.0,No,0.0,No,0.0,No,0.0,No,0.0,No,0.0,No,0.0,No,0.0,No,0.0
1204,JINDAL STEEL LIMITED,,INE749A01030,Basic Materials,INDIA,8.8,3.0,3,0,31,Yes,1.0,No,0.0,No,0.0,No,0.0,No,0.0,Yes,1.0,No,0.0,Yes,1.0,No,0.0,No,0.0,No,0.0,No,0.0,No,0.0,No,0.0,No,0.0,No,0.0,No,0.0,No,0.0,No,0.0,No,0.0,No,0.0,No,0.0,No,0.0,No,0.0,No,0.0,No,0.0,No,0.0,No,0.0,No,0.0,No,0.0,No,0.0,No,0.0,No,0.0,No,0.0
1627,Jinduicheng Molybdenum Co Ltd,,CNE1000009Y1,Basic Materials,CHINA,0.0,0.0,0,0,34,No,0.0,No,0.0,No,0.0,No,0.0,No,0.0,No,0.0,No,0.0,No,0.0,No,0.0,No,0.0,No,0.0,No,0.0,No,0.0,No,0.0,No,0.0,No,0.0,No,0.0,No,0.0,No,0.0,No,0.0,No,0.0,No,0.0,No,0.0,No,0.0,No,0.0,No,0.0,No,0.0,No,0.0,No,0.0,No,0.0,No,0.0,No,0.0,No,0.0,No,0.0
1863,"Jinko Solar Co., Ltd.",,CNE100005R96,Energy,CHINA,20.6,7.0,7,0,27,Yes,1.0,No,0.0,Yes,1.0,No,0.0,No,0.0,Yes,1.0,No,0.0,Yes,1.0,No,0.0,Yes,1.0,No,0.0,No,0.0,No,0.0,No,0.0,No,0.0,No,0.0,No,0.0,No,0.0,No,0.0,No,0.0,Yes,1.0,No,0.0,No,0.0,No,0.0,No,0.0,No,0.0,No,0.0,Yes,1.0,No,0.0,No,0.0,No,0.0,No,0.0,No,0.0,No,0.0
2382,JIO FINANCIAL SERVICES LIMITED,,INE758E01017,Financials,INDIA,11.8,4.0,4,1,29,No,0.0,No,0.0,No,0.0,Partial,0.0,No,0.0,Yes,1.0,No,0.0,Yes,1.0,No,0.0,Yes,1.0,No,0.0,No,0.0,No,0.0,No,0.0,No,0.0,No,0.0,No,0.0,No,0.0,No,0.0,No,0.0,No,0.0,No,0.0,No,0.0,No,0.0,Yes,1.0,No,0.0,No,0.0,No,0.0,No,0.0,No,0.0,No,0.0,No,0.0,No,0.0,No,0.0
2176,"JL MAG RARE-EARTH CO., LTD.",,CNE100003G83,Industrials,CHINA,0.0,0.0,0,0,34,No,0.0,No,0.0,No,0.0,No,0.0,No,0.0,No,0.0,No,0.0,No,0.0,No,0.0,No,0.0,No,0.0,No,0.0,No,0.0,No,0.0,No,0.0,No,0.0,No,0.0,No,0.0,No,0.0,No,0.0,No,0.0,No,0.0,No,0.0,No,0.0,No,0.0,No,0.0,No,0.0,No,0.0,No,0.0,No,0.0,No,0.0,No,0.0,No,0.0,No,0.0
2023,JOHNSON CONTROLS INTERNATIONAL PUBLIC LIMITED COMPANY,,IE00BY7QL619,Industrials,UNITED STATES,41.2,14.0,14,0,20,Yes,1.0,No,0.0,Yes,1.0,No,0.0,Yes,1.0,Yes,1.0,No,0.0,Yes,1.0,No,0.0,Yes,1.0,No,0.0,No,0.0,No,0.0,No,0.0,Yes,1.0,Yes,1.0,Yes,1.0,Yes,1.0,Yes,1.0,No,0.0,No,0.0,No,0.0,No,0.0,No,0.0,No,0.0,No,0.0,No,0.0,Yes,1.0,No,0.0,Yes,1.0,Yes,1.0,No,0.0,No,0.0,No,0.0
1205,JOHNSON & JOHNSON,,US4781601046,Health Care,UNITED STATES,11.8,4.0,4,1,29,No,0.0,No,0.0,No,0.0,No,0.0,Partial,0.0,Yes,1.0,No,0.0,Yes,1.0,No,0.0,No,0.0,No,0.0,No,0.0,No,0.0,No,0.0,No,0.0,No,0.0,No,0.0,No,0.0,No,0.0,No,0.0,No,0.0,No,0.0,No,0.0,No,0.0,No,0.0,No,0.0,No,0.0,No,0.0,No,0.0,No,0.0,Yes,1.0,No,0.0,Yes,1.0,No,0.0
1206,JOLLIBEE FOODS CORPORATION,,PHY4466S1007,Consumer Discretion,PHILIPPINES,0.0,0.0,0,0,34,No,0.0,No,0.0,No,0.0,No,0.0,No,0.0,No,0.0,No,0.0,No,0.0,No,0.0,No,0.0,No,0.0,No,0.0,No,0.0,No,0.0,No,0.0,No,0.0,No,0.0,No,0.0,No,0.0,No,0.0,No,0.0,No,0.0,No,0.0,No,0.0,No,0.0,No,0.0,No,0.0,No,0.0,No,0.0,No,0.0,No,0.0,No,0.0,No,0.0,No,0.0
521,JPMORGAN CHASE & CO.,,US46625H1005,Financials,UNITED STATES,44.1,15.0,15,0,19,Yes,1.0,No,0.0,Yes,1.0,Yes,1.0,Yes,1.0,Yes,1.0,Yes,1.0,Yes,1.0,No,0.0,Yes,1.0,Yes,1.0,No,0.0,No,0.0,No,0.0,No,0.0,Yes,1.0,No,0.0,Yes,1.0,No,0.0,No,0.0,Yes,1.0,No,0.0,Yes,1.0,No,0.0,Yes,1.0,No,0.0,No,0.0,No,0.0,No,0.0,No,0.0,Yes,1.0,No,0.0,No,0.0,No,0.0
715,J SAINSBURY PLC,,GB00B019KW72,Consumer Staples,UNITED KINGDOM,8.8,3.0,3,0,31,No,0.0,No,0.0,No,0.0,No,0.0,No,0.0,Yes,1.0,No,0.0,No,0.0,No,0.0,Yes,1.0,No,0.0,No,0.0,No,0.0,No,0.0,No,0.0,Yes,1.0,No,0.0,No,0.0,No,0.0,No,0.0,No,0.0,No,0.0,No,0.0,No,0.0,No,0.0,No,0.0,No,0.0,No,0.0,No,0.0,No,0.0,No,0.0,No,0.0,No,0.0,No,0.0
1661,JSW ENERGY LIMITED,,INE121E01018,Utilities,INDIA,8.8,3.0,2,2,30,No,0.0,No,0.0,No,0.0,No,0.0,No,0.0,Yes,1.0,No,0.0,Partial,0.5,No,0.0,Yes,1.0,No,0.0,No,0.0,No,0.0,No,0.0,No,0.0,No,0.0,No,0.0,No,0.0,No,0.0,No,0.0,No,0.0,No,0.0,No,0.0,No,0.0,No,0.0,No,0.0,No,0.0,No,0.0,No,0.0,No,0.0,Partial,0.5,No,0.0,No,0.0,No,0.0
1197,JSW STEEL LIMITED,,INE019A01038,Basic Materials,INDIA,14.7,5.0,5,0,29,Yes,1.0,No,0.0,No,0.0,No,0.0,No,0.0,Yes,1.0,No,0.0,Yes,1.0,No,0.0,Yes,1.0,No,0.0,No,0.0,No,0.0,No,0.0,Yes,1.0,No,0.0,No,0.0,No,0.0,No,0.0,No,0.0,No,0.0,No,0.0,No,0.0,No,0.0,No,0.0,No,0.0,No,0.0,No,0.0,No,0.0,No,0.0,No,0.0,No,0.0,No,0.0,No,0.0
2393,J&T Global Express Limited,,KYG4990A1040,Industrials,HONG KONG,10.3,3.5,2,3,29,Yes,1.0,No,0.0,Yes,1.0,No,0.0,No,0.0,Partial,0.5,No,0.0,Partial,0.5,No,0.0,Partial,0.5,No,0.0,No,0.0,No,0.0,No,0.0,No,0.0,No,0.0,No,0.0,No,0.0,No,0.0,No,0.0,No,0.0,No,0.0,No,0.0,No,0.0,No,0.0,No,0.0,No,0.0,No,0.0,No,0.0,No,0.0,No,0.0,No,0.0,No,0.0,No,0.0
1808,Jubilant FoodWorks Limited,,INE797F01020,Consumer Discretion,INDIA,14.7,5.0,5,0,29,Yes,1.0,No,0.0,Yes,1.0,No,0.0,No,0.0,Yes,1.0,No,0.0,Yes,1.0,No,0.0,Yes,1.0,No,0.0,No,0.0,No,0.0,No,0.0,No,0.0,No,0.0,No,0.0,No,0.0,No,0.0,No,0.0,No,0.0,No,0.0,No,0.0,No,0.0,No,0.0,No,0.0,No,0.0,No,0.0,No,0.0,No,0.0,No,0.0,No,0.0,No,0.0,No,0.0
1787,Julius Baer Gruppe AG,,CH0102484968,Financials,SWITZERLAND,35.3,12.0,12,0,22,Yes,1.0,No,0.0,Yes,1.0,No,0.0,No,0.0,Yes,1.0,No,0.0,Yes,1.0,No,0.0,No,0.0,Yes,1.0,No,0.0,No,0.0,Yes,1.0,Yes,1.0,Yes,1.0,Yes,1.0,Yes,1.0,No,0.0,Yes,1.0,No,0.0,No,0.0,No,0.0,No,0.0,Yes,1.0,No,0.0,No,0.0,No,0.0,No,0.0,No,0.0,No,0.0,No,0.0,No,0.0,No,0.0
1207,JUMBO S.A.,,GRS282183003,Consumer Discretion,GREECE,26.5,9.0,9,2,23,Yes,1.0,No,0.0,No,0.0,Yes,1.0,Partial,0.0,Yes,1.0,No,0.0,Yes,1.0,No,0.0,Yes,1.0,Yes,1.0,No,0.0,No,0.0,No,0.0,No,0.0,Yes,1.0,No,0.0,Yes,1.0,No,0.0,No,0.0,Yes,1.0,No,0.0,No,0.0,No,0.0,Partial,0.0,No,0.0,No,0.0,No,0.0,No,0.0,No,0.0,No,0.0,No,0.0,No,0.0,No,0.0
1306,JX Advanced Metals Corporation,,JP3379550001,Basic Materials,JAPAN,0.0,0.0,0,1,33,No,0.0,No,0.0,No,0.0,No,0.0,No,0.0,No,0.0,No,0.0,No,0.0,No,0.0,No,0.0,No,0.0,No,0.0,No,0.0,No,0.0,No,0.0,No,0.0,No,0.0,No,0.0,No,0.0,No,0.0,No,0.0,No,0.0,No,0.0,No,0.0,No,0.0,No,0.0,Partial,0.0,No,0.0,No,0.0,No,0.0,No,0.0,No,0.0,No,0.0,No,0.0
1208,KAJIMA CORPORATION,,JP3210200006,Industrials,JAPAN,2.9,1.0,1,1,32,Yes,1.0,No,0.0,No,0.0,Partial,0.0,No,0.0,No,0.0,No,0.0,No,0.0,No,0.0,No,0.0,No,0.0,No,0.0,No,0.0,No,0.0,No,0.0,No,0.0,No,0.0,No,0.0,No,0.0,No,0.0,No,0.0,No,0.0,No,0.0,No,0.0,No,0.0,No,0.0,No,0.0,No,0.0,No,0.0,No,0.0,No,0.0,No,0.0,No,0.0,No,0.0
2310,KakaoBank Corp,,KR7323410001,Financials,SOUTH KOREA,38.2,13.0,13,0,21,Yes,1.0,No,0.0,No,0.0,No,0.0,No,0.0,Yes,1.0,No,0.0,Yes,1.0,No,0.0,Yes,1.0,Yes,1.0,No,0.0,No,0.0,Yes,1.0,Yes,1.0,Yes,1.0,Yes,1.0,Yes,1.0,No,0.0,No,0.0,No,0.0,No,0.0,No,0.0,No,0.0,No,0.0,No,0.0,No,0.0,Yes,1.0,Yes,1.0,Yes,1.0,No,0.0,No,0.0,No,0.0,No,0.0
1030,Kakao Corp.,,KR7035720002,Technology,SOUTH KOREA,38.2,13.0,13,2,19,Yes,1.0,No,0.0,No,0.0,Yes,1.0,No,0.0,Yes,1.0,No,0.0,Yes,1.0,No,0.0,Yes,1.0,No,0.0,No,0.0,No,0.0,Partial,0.0,Yes,1.0,Yes,1.0,Yes,1.0,Yes,1.0,Yes,1.0,No,0.0,No,0.0,No,0.0,No,0.0,No,0.0,Yes,1.0,Partial,0.0,No,0.0,Yes,1.0,Yes,1.0,No,0.0,No,0.0,No,0.0,No,0.0,No,0.0
2157,KALYAN JEWELLERS INDIA LIMITED,,INE303R01014,Consumer Discretion,INDIA,2.9,1.0,1,0,33,No,0.0,No,0.0,No,0.0,No,0.0,No,0.0,No,0.0,No,0.0,No,0.0,No,0.0,Yes,1.0,No,0.0,No,0.0,No,0.0,No,0.0,No,0.0,No,0.0,No,0.0,No,0.0,No,0.0,No,0.0,No,0.0,No,0.0,No,0.0,No,0.0,No,0.0,No,0.0,No,0.0,No,0.0,No,0.0,No,0.0,No,0.0,No,0.0,No,0.0,No,0.0
2305,Kanzhun Ltd,,KYG5224V1032,Industrials,CHINA,2.9,1.0,1,0,33,No,0.0,No,0.0,No,0.0,No,0.0,No,0.0,No,0.0,No,0.0,No,0.0,No,0.0,No,0.0,No,0.0,No,0.0,No,0.0,No,0.0,No,0.0,No,0.0,No,0.0,No,0.0,No,0.0,No,0.0,No,0.0,No,0.0,Yes,1.0,No,0.0,No,0.0,No,0.0,No,0.0,No,0.0,No,0.0,No,0.0,No,0.0,No,0.0,No,0.0,No,0.0
82,Kao Corporation,,JP3205800000,Consumer Staples,JAPAN,11.8,4.0,4,0,30,No,0.0,No,0.0,Yes,1.0,No,0.0,No,0.0,Yes,1.0,No,0.0,Yes,1.0,No,0.0,Yes,1.0,No,0.0,No,0.0,No,0.0,No,0.0,No,0.0,No,0.0,No,0.0,No,0.0,No,0.0,No,0.0,No,0.0,No,0.0,No,0.0,No,0.0,No,0.0,No,0.0,No,0.0,No,0.0,No,0.0,No,0.0,No,0.0,No,0.0,No,0.0,No,0.0
1218,KASIKORNBANK PUBLIC COMPANY LIMITED,,TH0016010009,Financials,THAILAND,0.0,0.0,0,0,34,No,0.0,No,0.0,No,0.0,No,0.0,No,0.0,No,0.0,No,0.0,No,0.0,No,0.0,No,0.0,No,0.0,No,0.0,No,0.0,No,0.0,No,0.0,No,0.0,No,0.0,No,0.0,No,0.0,No,0.0,No,0.0,No,0.0,No,0.0,No,0.0,No,0.0,No,0.0,No,0.0,No,0.0,No,0.0,No,0.0,No,0.0,No,0.0,No,0.0,No,0.0
1219,"Kawasaki Heavy Industries, Ltd.",,JP3224200000,Industrials,JAPAN,17.6,6.0,4,4,26,No,0.0,No,0.0,No,0.0,Yes,1.0,No,0.0,Partial,0.5,No,0.0,Partial,0.5,No,0.0,Partial,0.5,No,0.0,No,0.0,No,0.0,No,0.0,No,0.0,Yes,1.0,Yes,1.0,No,0.0,No,0.0,No,0.0,No,0.0,No,0.0,No,0.0,No,0.0,Yes,1.0,No,0.0,No,0.0,Partial,0.5,No,0.0,No,0.0,No,0.0,No,0.0,No,0.0,No,0.0
74,"Kawasaki Kisen Kaisha, Ltd.",,JP3223800008,Industrials,JAPAN,20.6,7.0,4,6,24,Yes,1.0,No,0.0,No,0.0,Partial,0.5,No,0.0,Partial,0.5,No,0.0,Partial,0.5,No,0.0,Partial,0.5,No,0.0,No,0.0,No,0.0,No,0.0,Yes,1.0,Yes,1.0,Yes,1.0,No,0.0,No,0.0,No,0.0,No,0.0,No,0.0,No,0.0,No,0.0,Partial,0.5,No,0.0,No,0.0,Partial,0.5,No,0.0,No,0.0,No,0.0,No,0.0,No,0.0,No,0.0
1209,KBC GROEP NV,,BE0003565737,Financials,BELGIUM,35.3,12.0,12,1,21,Yes,1.0,No,0.0,Yes,1.0,No,0.0,No,0.0,Yes,1.0,No,0.0,Yes,1.0,No,0.0,Yes,1.0,Yes,1.0,No,0.0,No,0.0,No,0.0,Yes,1.0,Yes,1.0,Yes,1.0,Partial,0.0,No,0.0,No,0.0,No,0.0,No,0.0,No,0.0,No,0.0,Yes,1.0,No,0.0,No,0.0,Yes,1.0,No,0.0,No,0.0,Yes,1.0,No,0.0,No,0.0,No,0.0
1744,KB Financial Group Inc.,,KR7105560007,Financials,SOUTH KOREA,27.9,9.5,9,1,24,Yes,1.0,No,0.0,Yes,1.0,No,0.0,No,0.0,Yes,1.0,No,0.0,Yes,1.0,No,0.0,Yes,1.0,No,0.0,No,0.0,No,0.0,No,0.0,No,0.0,Yes,1.0,Partial,0.5,Yes,1.0,Yes,1.0,No,0.0,Yes,1.0,No,0.0,No,0.0,No,0.0,No,0.0,No,0.0,No,0.0,No,0.0,No,0.0,No,0.0,No,0.0,No,0.0,No,0.0,No,0.0
75,KDDI CORPORATION,,JP3496400007,Telecommunications,JAPAN,38.2,13.0,12,3,19,Yes,1.0,No,0.0,Yes,1.0,Yes,1.0,Partial,0.0,Yes,1.0,No,0.0,Yes,1.0,No,0.0,Partial,0.5,No,0.0,No,0.0,No,0.0,No,0.0,No,0.0,Yes,1.0,Yes,1.0,Yes,1.0,Yes,1.0,No,0.0,Yes,1.0,No,0.0,No,0.0,No,0.0,Yes,1.0,No,0.0,No,0.0,Partial,0.5,No,0.0,Yes,1.0,No,0.0,No,0.0,No,0.0,No,0.0
2265,KE Holdings Inc.,,KYG5223Y1089,Real Estate,CHINA,17.6,6.0,6,0,28,Yes,1.0,No,0.0,Yes,1.0,No,0.0,No,0.0,Yes,1.0,No,0.0,Yes,1.0,No,0.0,Yes,1.0,No,0.0,No,0.0,No,0.0,No,0.0,Yes,1.0,No,0.0,No,0.0,No,0.0,No,0.0,No,0.0,No,0.0,No,0.0,No,0.0,No,0.0,No,0.0,No,0.0,No,0.0,No,0.0,No,0.0,No,0.0,No,0.0,No,0.0,No,0.0,No,0.0
2367,KENVUE INC.,,US49177J1025,Consumer Staples,UNITED STATES,14.7,5.0,5,1,28,No,0.0,No,0.0,No,0.0,Partial,0.0,No,0.0,Yes,1.0,No,0.0,No,0.0,No,0.0,Yes,1.0,No,0.0,No,0.0,No,0.0,No,0.0,No,0.0,Yes,1.0,No,0.0,No,0.0,No,0.0,No,0.0,No,0.0,No,0.0,No,0.0,No,0.0,No,0.0,No,0.0,No,0.0,Yes,1.0,No,0.0,No,0.0,Yes,1.0,No,0.0,No,0.0,No,0.0
527,KEPPEL LTD.,,SG1U68934629,Utilities,SINGAPORE,38.2,13.0,13,1,20,Yes,1.0,No,0.0,Yes,1.0,Yes,1.0,Yes,1.0,Yes,1.0,No,0.0,Yes,1.0,No,0.0,Yes,1.0,No,0.0,No,0.0,No,0.0,No,0.0,No,0.0,Yes,1.0,Yes,1.0,Yes,1.0,Yes,1.0,Partial,0.0,Yes,1.0,No,0.0,No,0.0,No,0.0,No,0.0,No,0.0,No,0.0,Yes,1.0,No,0.0,No,0.0,No,0.0,No,0.0,No,0.0,No,0.0
354,KERING SA,,FR0000121485,Consumer Discretion,FRANCE,23.5,8.0,5,6,23,Partial,0.5,No,0.0,No,0.0,No,0.0,Partial,0.5,Partial,0.5,No,0.0,Yes,1.0,No,0.0,Partial,0.5,No,0.0,No,0.0,No,0.0,No,0.0,No,0.0,Partial,0.5,Partial,0.5,No,0.0,No,0.0,Yes,1.0,Yes,1.0,No,0.0,No,0.0,No,0.0,No,0.0,No,0.0,No,0.0,No,0.0,No,0.0,No,0.0,Yes,1.0,No,0.0,Yes,1.0,No,0.0
142,KERRY GROUP PUBLIC LIMITED COMPANY,,IE0004906560,Consumer Staples,IRELAND,14.7,5.0,5,0,29,No,0.0,No,0.0,No,0.0,Yes,1.0,No,0.0,Yes,1.0,No,0.0,No,0.0,No,0.0,No,0.0,Yes,1.0,No,0.0,No,0.0,No,0.0,No,0.0,Yes,1.0,No,0.0,No,0.0,No,0.0,No,0.0,No,0.0,No,0.0,No,0.0,No,0.0,No,0.0,No,0.0,No,0.0,No,0.0,No,0.0,No,0.0,Yes,1.0,No,0.0,No,0.0,No,0.0
1220,Kesko Oyj,,FI0009000202,Consumer Staples,FINLAND,35.3,12.0,12,0,22,Yes,1.0,No,0.0,No,0.0,No,0.0,Yes,1.0,Yes,1.0,No,0.0,Yes,1.0,No,0.0,Yes,1.0,Yes,1.0,No,0.0,No,0.0,Yes,1.0,No,0.0,Yes,1.0,Yes,1.0,Yes,1.0,Yes,1.0,Yes,1.0,No,0.0,No,0.0,No,0.0,No,0.0,No,0.0,No,0.0,No,0.0,No,0.0,No,0.0,No,0.0,No,0.0,No,0.0,No,0.0,No,0.0
1637,KEURIG DR PEPPER INC.,,US49271V1008,Consumer Staples,UNITED STATES,20.6,7.0,7,0,27,No,0.0,No,0.0,No,0.0,No,0.0,No,0.0,Yes,1.0,No,0.0,Yes,1.0,No,0.0,Yes,1.0,Yes,1.0,No,0.0,No,0.0,No,0.0,No,0.0,No,0.0,No,0.0,No,0.0,No,0.0,No,0.0,Yes,1.0,No,0.0,Yes,1.0,No,0.0,No,0.0,No,0.0,No,0.0,No,0.0,No,0.0,No,0.0,Yes,1.0,No,0.0,No,0.0,No,0.0
1221,KEYCORP,,US4932671088,Financials,UNITED STATES,29.4,10.0,10,0,24,No,0.0,No,0.0,No,0.0,Yes,1.0,No,0.0,Yes,1.0,No,0.0,Yes,1.0,No,0.0,Yes,1.0,Yes,1.0,Yes,1.0,No,0.0,No,0.0,No,0.0,Yes,1.0,No,0.0,Yes,1.0,No,0.0,No,0.0,No,0.0,No,0.0,No,0.0,No,0.0,Yes,1.0,No,0.0,No,0.0,No,0.0,No,0.0,No,0.0,Yes,1.0,No,0.0,No,0.0,No,0.0
60,KEYENCE CORPORATION,,JP3236200006,Industrials,JAPAN,8.8,3.0,3,0,31,No,0.0,No,0.0,No,0.0,No,0.0,No,0.0,Yes,1.0,No,0.0,Yes,1.0,No,0.0,Yes,1.0,No,0.0,No,0.0,No,0.0,No,0.0,No,0.0,No,0.0,No,0.0,No,0.0,No,0.0,No,0.0,No,0.0,No,0.0,No,0.0,No,0.0,No,0.0,No,0.0,No,0.0,No,0.0,No,0.0,No,0.0,No,0.0,No,0.0,No,0.0,No,0.0
1639,KEYERA CORP.,,CA4932711001,Energy,CANADA,0.0,0.0,0,0,34,No,0.0,No,0.0,No,0.0,No,0.0,No,0.0,No,0.0,No,0.0,No,0.0,No,0.0,No,0.0,No,0.0,No,0.0,No,0.0,No,0.0,No,0.0,No,0.0,No,0.0,No,0.0,No,0.0,No,0.0,No,0.0,No,0.0,No,0.0,No,0.0,No,0.0,No,0.0,No,0.0,No,0.0,No,0.0,No,0.0,No,0.0,No,0.0,No,0.0,No,0.0
2010,"KEYSIGHT TECHNOLOGIES, INC.",,US49338L1035,Industrials,UNITED STATES,42.6,14.5,14,2,18,Yes,1.0,No,0.0,No,0.0,No,0.0,Partial,0.0,Partial,0.5,No,0.0,Yes,1.0,No,0.0,Yes,1.0,Yes,1.0,No,0.0,No,0.0,Yes,1.0,Yes,1.0,Yes,1.0,Yes,1.0,Yes,1.0,Yes,1.0,Yes,1.0,No,0.0,No,0.0,No,0.0,No,0.0,Yes,1.0,No,0.0,No,0.0,No,0.0,No,0.0,No,0.0,Yes,1.0,No,0.0,Yes,1.0,No,0.0
1210,KGHM POLSKA MIEDZ SPOLKA AKCYJNA,,PLKGHM000017,Basic Materials,POLAND,0.0,0.0,0,0,34,No,0.0,No,0.0,No,0.0,No,0.0,No,0.0,No,0.0,No,0.0,No,0.0,No,0.0,No,0.0,No,0.0,No,0.0,No,0.0,No,0.0,No,0.0,No,0.0,No,0.0,No,0.0,No,0.0,No,0.0,No,0.0,No,0.0,No,0.0,No,0.0,No,0.0,No,0.0,No,0.0,No,0.0,No,0.0,No,0.0,No,0.0,No,0.0,No,0.0,No,0.0
733,"KGI Financial Holding Co., Ltd.",,TW0002883006,Financials,TAIWAN,14.7,5.0,5,0,29,No,0.0,No,0.0,No,0.0,No,0.0,No,0.0,Yes,1.0,No,0.0,Yes,1.0,No,0.0,Yes,1.0,No,0.0,No,0.0,No,0.0,No,0.0,No,0.0,No,0.0,No,0.0,No,0.0,No,0.0,No,0.0,Yes,1.0,No,0.0,Yes,1.0,No,0.0,No,0.0,No,0.0,No,0.0,No,0.0,No,0.0,No,0.0,No,0.0,No,0.0,No,0.0,No,0.0
1222,KIA CORPORATION,,KR7000270009,Consumer Discretion,SOUTH KOREA,16.2,5.5,5,2,27,Yes,1.0,Partial,0.0,No,0.0,No,0.0,No,0.0,Yes,1.0,No,0.0,Yes,1.0,No,0.0,Partial,0.5,No,0.0,No,0.0,No,0.0,No,0.0,No,0.0,No,0.0,No,0.0,No,0.0,No,0.0,No,0.0,Yes,1.0,No,0.0,No,0.0,No,0.0,No,0.0,No,0.0,No,0.0,No,0.0,No,0.0,No,0.0,No,0.0,Yes,1.0,No,0.0,No,0.0
1211,KIKKOMAN CORPORATION,,JP3240400006,Consumer Staples,JAPAN,0.0,0.0,0,0,34,No,0.0,No,0.0,No,0.0,No,0.0,No,0.0,No,0.0,No,0.0,No,0.0,No,0.0,No,0.0,No,0.0,No,0.0,No,0.0,No,0.0,No,0.0,No,0.0,No,0.0,No,0.0,No,0.0,No,0.0,No,0.0,No,0.0,No,0.0,No,0.0,No,0.0,No,0.0,No,0.0,No,0.0,No,0.0,No,0.0,No,0.0,No,0.0,No,0.0,No,0.0
320,KIMBERLY-CLARK CORPORATION,,US4943681035,Consumer Staples,UNITED STATES,2.9,1.0,1,0,33,No,0.0,No,0.0,No,0.0,No,0.0,No,0.0,No,0.0,No,0.0,No,0.0,No,0.0,No,0.0,No,0.0,No,0.0,No,0.0,No,0.0,No,0.0,No,0.0,No,0.0,No,0.0,No,0.0,No,0.0,No,0.0,No,0.0,No,0.0,No,0.0,No,0.0,No,0.0,No,0.0,No,0.0,No,0.0,No,0.0,Yes,1.0,No,0.0,No,0.0,No,0.0
1223,"Kimberly-Clark de Mexico, S.A.B. de C.V.",,MXP606941179,Consumer Staples,MEXICO,26.5,9.0,8,2,24,No,0.0,No,0.0,No,0.0,Yes,1.0,No,0.0,Yes,1.0,No,0.0,Yes,1.0,No,0.0,Yes,1.0,Partial,0.5,Partial,0.5,No,0.0,No,0.0,No,0.0,Yes,1.0,Yes,1.0,No,0.0,No,0.0,No,0.0,Yes,1.0,No,0.0,No,0.0,No,0.0,No,0.0,No,0.0,No,0.0,No,0.0,No,0.0,No,0.0,Yes,1.0,No,0.0,No,0.0,No,0.0
2368,KIMCO REALTY CORPORATION.,,US49446R1095,Real Estate,UNITED STATES,14.7,5.0,5,0,29,No,0.0,No,0.0,No,0.0,No,0.0,No,0.0,Yes,1.0,No,0.0,No,0.0,No,0.0,No,0.0,Yes,1.0,No,0.0,No,0.0,No,0.0,No,0.0,Yes,1.0,No,0.0,No,0.0,No,0.0,No,0.0,No,0.0,No,0.0,No,0.0,No,0.0,No,0.0,No,0.0,No,0.0,No,0.0,No,0.0,No,0.0,Yes,1.0,No,0.0,Yes,1.0,No,0.0
1788,"KINDER MORGAN, INC.",,US49456B1017,Energy,UNITED STATES,11.8,4.0,4,0,30,No,0.0,No,0.0,No,0.0,No,0.0,No,0.0,Yes,1.0,No,0.0,Yes,1.0,No,0.0,No,0.0,Yes,1.0,No,0.0,No,0.0,No,0.0,No,0.0,No,0.0,No,0.0,No,0.0,No,0.0,No,0.0,No,0.0,No,0.0,No,0.0,No,0.0,No,0.0,No,0.0,No,0.0,No,0.0,No,0.0,No,0.0,Yes,1.0,No,0.0,No,0.0,No,0.0
1224,KINGDEE INTERNATIONAL SOFTWARE GROUP COMPANY LIMITED,,KYG525681477,Technology,HONG KONG,35.3,12.0,9,7,18,Partial,0.5,No,0.0,Yes,1.0,Partial,0.5,Partial,0.0,Yes,1.0,No,0.0,Yes,1.0,No,0.0,Yes,1.0,No,0.0,No,0.0,No,0.0,No,0.0,Yes,1.0,Partial,0.5,Partial,0.5,Partial,0.5,Partial,0.5,Yes,1.0,Yes,1.0,No,0.0,Yes,1.0,No,0.0,No,0.0,No,0.0,No,0.0,No,0.0,No,0.0,No,0.0,No,0.0,No,0.0,Yes,1.0,No,0.0
1225,"KINGFA SCI. & TECH. CO., LTD.",,CNE000001JP3,Industrials,CHINA,0.0,0.0,0,0,34,No,0.0,No,0.0,No,0.0,No,0.0,No,0.0,No,0.0,No,0.0,No,0.0,No,0.0,No,0.0,No,0.0,No,0.0,No,0.0,No,0.0,No,0.0,No,0.0,No,0.0,No,0.0,No,0.0,No,0.0,No,0.0,No,0.0,No,0.0,No,0.0,No,0.0,No,0.0,No,0.0,No,0.0,No,0.0,No,0.0,No,0.0,No,0.0,No,0.0,No,0.0
547,KINGFISHER PLC,,GB0033195214,Consumer Discretion,UNITED KINGDOM,23.5,8.0,8,0,26,No,0.0,No,0.0,No,0.0,Yes,1.0,No,0.0,Yes,1.0,No,0.0,No,0.0,No,0.0,Yes,1.0,Yes,1.0,No,0.0,No,0.0,No,0.0,No,0.0,Yes,1.0,Yes,1.0,Yes,1.0,No,0.0,No,0.0,No,0.0,No,0.0,No,0.0,No,0.0,Yes,1.0,No,0.0,No,0.0,No,0.0,No,0.0,No,0.0,No,0.0,No,0.0,No,0.0,No,0.0
1854,Kingnet Network Co Ltd,,CNE100000XB5,Consumer Discretion,CHINA,14.7,5.0,5,0,29,Yes,1.0,No,0.0,No,0.0,No,0.0,No,0.0,Yes,1.0,No,0.0,Yes,1.0,No,0.0,Yes,1.0,No,0.0,No,0.0,No,0.0,No,0.0,No,0.0,No,0.0,No,0.0,Yes,1.0,No,0.0,No,0.0,No,0.0,No,0.0,No,0.0,No,0.0,No,0.0,No,0.0,No,0.0,No,0.0,No,0.0,No,0.0,No,0.0,No,0.0,No,0.0,No,0.0
140,"KING SLIDE WORKS CO.,LTD",,TW0002059003,Basic Materials,TAIWAN,0.0,0.0,0,0,34,No,0.0,No,0.0,No,0.0,No,0.0,No,0.0,No,0.0,No,0.0,No,0.0,No,0.0,No,0.0,No,0.0,No,0.0,No,0.0,No,0.0,No,0.0,No,0.0,No,0.0,No,0.0,No,0.0,No,0.0,No,0.0,No,0.0,No,0.0,No,0.0,No,0.0,No,0.0,No,0.0,No,0.0,No,0.0,No,0.0,No,0.0,No,0.0,No,0.0,No,0.0
479,KINGSOFT CORPORATION LIMITED,,KYG5264Y1089,Technology,HONG KONG,11.8,4.0,4,0,30,No,0.0,No,0.0,Yes,1.0,No,0.0,No,0.0,Yes,1.0,No,0.0,No,0.0,No,0.0,No,0.0,No,0.0,No,0.0,No,0.0,No,0.0,No,0.0,Yes,1.0,No,0.0,No,0.0,No,0.0,No,0.0,No,0.0,No,0.0,No,0.0,No,0.0,No,0.0,No,0.0,No,0.0,No,0.0,Yes,1.0,No,0.0,No,0.0,No,0.0,No,0.0,No,0.0
1226,KINGSPAN GROUP PUBLIC LIMITED COMPANY,,IE0004927939,Industrials,IRELAND,0.0,0.0,0,0,34,No,0.0,No,0.0,No,0.0,No,0.0,No,0.0,No,0.0,No,0.0,No,0.0,No,0.0,No,0.0,No,0.0,No,0.0,No,0.0,No,0.0,No,0.0,No,0.0,No,0.0,No,0.0,No,0.0,No,0.0,No,0.0,No,0.0,No,0.0,No,0.0,No,0.0,No,0.0,No,0.0,No,0.0,No,0.0,No,0.0,No,0.0,No,0.0,No,0.0,No,0.0
120,"KING YUAN ELECTRONICS CO., LTD.",,TW0002449006,Technology,TAIWAN,0.0,0.0,0,0,34,No,0.0,No,0.0,No,0.0,No,0.0,No,0.0,No,0.0,No,0.0,No,0.0,No,0.0,No,0.0,No,0.0,No,0.0,No,0.0,No,0.0,No,0.0,No,0.0,No,0.0,No,0.0,No,0.0,No,0.0,No,0.0,No,0.0,No,0.0,No,0.0,No,0.0,No,0.0,No,0.0,No,0.0,No,0.0,No,0.0,No,0.0,No,0.0,No,0.0,No,0.0
2424,KINROSS GOLD CORPORATION,,CA4969024047,Basic Materials,CANADA,8.8,3.0,3,0,31,No,0.0,No,0.0,No,0.0,No,0.0,No,0.0,Yes,1.0,No,0.0,No,0.0,No,0.0,Yes,1.0,No,0.0,No,0.0,No,0.0,No,0.0,No,0.0,No,0.0,No,0.0,No,0.0,No,0.0,No,0.0,No,0.0,No,0.0,No,0.0,No,0.0,Yes,1.0,No,0.0,No,0.0,No,0.0,No,0.0,No,0.0,No,0.0,No,0.0,No,0.0,No,0.0
2215,Kioxia Holdings Corporation,,JP3236330001,Technology,JAPAN,11.8,4.0,4,0,30,No,0.0,No,0.0,No,0.0,No,0.0,No,0.0,Yes,1.0,No,0.0,Yes,1.0,No,0.0,Yes,1.0,No,0.0,No,0.0,No,0.0,No,0.0,No,0.0,No,0.0,No,0.0,No,0.0,No,0.0,No,0.0,No,0.0,No,0.0,No,0.0,No,0.0,No,0.0,No,0.0,No,0.0,No,0.0,No,0.0,No,0.0,Yes,1.0,No,0.0,No,0.0,No,0.0
459,"Kirin Holdings Company, Limited",,JP3258000003,Consumer Staples,JAPAN,29.4,10.0,9,3,22,Yes,1.0,No,0.0,No,0.0,Yes,1.0,No,0.0,Yes,1.0,No,0.0,Yes,1.0,No,0.0,Yes,1.0,No,0.0,No,0.0,No,0.0,No,0.0,Partial,0.0,Partial,0.5,Partial,0.5,Yes,1.0,Yes,1.0,No,0.0,Yes,1.0,No,0.0,No,0.0,No,0.0,Yes,1.0,No,0.0,No,0.0,No,0.0,No,0.0,No,0.0,No,0.0,No,0.0,No,0.0,No,0.0
2343,KKR & CO. INC.,,US48251W1045,Financials,UNITED STATES,10.3,3.5,3,2,29,No,0.0,No,0.0,No,0.0,Partial,0.0,No,0.0,Yes,1.0,No,0.0,No,0.0,No,0.0,No,0.0,No,0.0,No,0.0,No,0.0,No,0.0,No,0.0,Yes,1.0,No,0.0,Yes,1.0,No,0.0,No,0.0,No,0.0,No,0.0,No,0.0,No,0.0,No,0.0,No,0.0,No,0.0,No,0.0,No,0.0,No,0.0,Partial,0.5,No,0.0,No,0.0,No,0.0
1227,KLABIN S.A.,,BRKLBNACNOR2,Basic Materials,BRAZIL,11.8,4.0,4,1,29,No,0.0,No,0.0,No,0.0,No,0.0,No,0.0,Yes,1.0,No,0.0,Yes,1.0,No,0.0,Yes,1.0,No,0.0,No,0.0,No,0.0,No,0.0,No,0.0,Partial,0.0,No,0.0,No,0.0,No,0.0,No,0.0,Yes,1.0,No,0.0,No,0.0,No,0.0,No,0.0,No,0.0,No,0.0,No,0.0,No,0.0,No,0.0,No,0.0,No,0.0,No,0.0,No,0.0
1212,KLA CORPORATION,,US4824801009,Technology,UNITED STATES,20.6,7.0,7,1,26,Yes,1.0,No,0.0,Yes,1.0,No,0.0,Partial,0.0,Yes,1.0,No,0.0,Yes,1.0,No,0.0,Yes,1.0,No,0.0,No,0.0,No,0.0,No,0.0,No,0.0,No,0.0,No,0.0,No,0.0,No,0.0,No,0.0,No,0.0,No,0.0,No,0.0,No,0.0,No,0.0,No,0.0,No,0.0,No,0.0,No,0.0,No,0.0,Yes,1.0,No,0.0,Yes,1.0,No,0.0
143,KLEPIERRE SA,,FR0000121964,Real Estate,FRANCE,0.0,0.0,0,0,34,No,0.0,No,0.0,No,0.0,No,0.0,No,0.0,No,0.0,No,0.0,No,0.0,No,0.0,No,0.0,No,0.0,No,0.0,No,0.0,No,0.0,No,0.0,No,0.0,No,0.0,No,0.0,No,0.0,No,0.0,No,0.0,No,0.0,No,0.0,No,0.0,No,0.0,No,0.0,No,0.0,No,0.0,No,0.0,No,0.0,No,0.0,No,0.0,No,0.0,No,0.0
1663,Knorr-Bremse Aktiengesellschaft,,DE000KBX1006,Industrials,GERMANY,20.6,7.0,7,0,27,Yes,1.0,No,0.0,Yes,1.0,No,0.0,No,0.0,Yes,1.0,No,0.0,Yes,1.0,No,0.0,Yes,1.0,No,0.0,No,0.0,No,0.0,No,0.0,No,0.0,No,0.0,No,0.0,No,0.0,No,0.0,No,0.0,Yes,1.0,No,0.0,No,0.0,No,0.0,No,0.0,No,0.0,No,0.0,Yes,1.0,No,0.0,No,0.0,No,0.0,No,0.0,No,0.0,No,0.0
342,KOC HOLDING ANONIM SIRKETI,,TRAKCHOL91Q8,Energy,TURKEY,23.5,8.0,8,1,25,Yes,1.0,No,0.0,No,0.0,No,0.0,No,0.0,Yes,1.0,No,0.0,Yes,1.0,No,0.0,Yes,1.0,No,0.0,No,0.0,No,0.0,No,0.0,No,0.0,No,0.0,No,0.0,No,0.0,No,0.0,No,0.0,Yes,1.0,No,0.0,No,0.0,No,0.0,Yes,1.0,Partial,0.0,No,0.0,Yes,1.0,Yes,1.0,No,0.0,No,0.0,No,0.0,No,0.0,No,0.0
724,KOMATSU LTD.,,JP3304200003,Industrials,JAPAN,23.5,8.0,8,0,26,Yes,1.0,No,0.0,No,0.0,No,0.0,No,0.0,Yes,1.0,No,0.0,Yes,1.0,No,0.0,Yes,1.0,No,0.0,No,0.0,No,0.0,No,0.0,No,0.0,No,0.0,No,0.0,No,0.0,No,0.0,No,0.0,Yes,1.0,No,0.0,No,0.0,No,0.0,Yes,1.0,Yes,1.0,No,0.0,Yes,1.0,No,0.0,No,0.0,No,0.0,No,0.0,No,0.0,No,0.0
67,"Komercni banka, a.s.",,CZ0008019106,Financials,CZECH REPUBLIC,10.3,3.5,2,3,29,Partial,0.5,No,0.0,No,0.0,No,0.0,No,0.0,Yes,1.0,No,0.0,Partial,0.5,No,0.0,Yes,1.0,No,0.0,No,0.0,No,0.0,No,0.0,No,0.0,No,0.0,No,0.0,No,0.0,No,0.0,No,0.0,No,0.0,No,0.0,No,0.0,No,0.0,No,0.0,No,0.0,No,0.0,No,0.0,Partial,0.5,No,0.0,No,0.0,No,0.0,No,0.0,No,0.0
231,KONAMI GROUP CORPORATION,,JP3300200007,Consumer Discretion,JAPAN,14.7,5.0,5,0,29,Yes,1.0,No,0.0,No,0.0,No,0.0,No,0.0,Yes,1.0,No,0.0,Yes,1.0,No,0.0,Yes,1.0,No,0.0,No,0.0,No,0.0,No,0.0,No,0.0,No,0.0,No,0.0,No,0.0,No,0.0,No,0.0,No,0.0,No,0.0,No,0.0,No,0.0,No,0.0,No,0.0,No,0.0,Yes,1.0,No,0.0,No,0.0,No,0.0,No,0.0,No,0.0,No,0.0
1228,KONE Oyj,,FI0009013403,Industrials,FINLAND,14.7,5.0,4,2,28,Yes,1.0,No,0.0,Yes,1.0,No,0.0,No,0.0,Partial,0.5,No,0.0,Yes,1.0,No,0.0,Yes,1.0,No,0.0,No,0.0,No,0.0,No,0.0,No,0.0,No,0.0,No,0.0,No,0.0,No,0.0,No,0.0,No,0.0,No,0.0,No,0.0,No,0.0,No,0.0,No,0.0,No,0.0,Partial,0.5,No,0.0,No,0.0,No,0.0,No,0.0,No,0.0,No,0.0
230,KONGSBERG GRUPPEN ASA,,NO0013536151,Industrials,NORWAY,17.6,6.0,6,1,27,Yes,1.0,No,0.0,No,0.0,No,0.0,Yes,1.0,Yes,1.0,No,0.0,Yes,1.0,No,0.0,Yes,1.0,No,0.0,No,0.0,No,0.0,No,0.0,No,0.0,Yes,1.0,No,0.0,No,0.0,No,0.0,Partial,0.0,No,0.0,No,0.0,No,0.0,No,0.0,No,0.0,No,0.0,No,0.0,No,0.0,No,0.0,No,0.0,No,0.0,No,0.0,No,0.0,No,0.0
1229,Koninklijke Ahold Delhaize N.V.,,NL0011794037,Consumer Staples,NETHERLANDS,14.7,5.0,5,0,29,Yes,1.0,No,0.0,No,0.0,No,0.0,No,0.0,Yes,1.0,No,0.0,No,0.0,No,0.0,Yes,1.0,No,0.0,No,0.0,No,0.0,No,0.0,No,0.0,Yes,1.0,No,0.0,No,0.0,No,0.0,No,0.0,No,0.0,No,0.0,No,0.0,No,0.0,Yes,1.0,No,0.0,No,0.0,No,0.0,No,0.0,No,0.0,No,0.0,No,0.0,No,0.0,No,0.0
1230,Koninklijke KPN N.V.,,NL0000009082,Telecommunications,NETHERLANDS,23.5,8.0,8,0,26,Yes,1.0,No,0.0,No,0.0,No,0.0,Yes,1.0,Yes,1.0,No,0.0,Yes,1.0,No,0.0,Yes,1.0,No,0.0,No,0.0,No,0.0,No,0.0,No,0.0,Yes,1.0,Yes,1.0,No,0.0,No,0.0,No,0.0,No,0.0,No,0.0,No,0.0,No,0.0,No,0.0,No,0.0,No,0.0,No,0.0,No,0.0,Yes,1.0,No,0.0,No,0.0,No,0.0,No,0.0
567,Koninklijke Philips N.V.,,NL0000009538,Health Care,NETHERLANDS,29.4,10.0,10,0,24,Yes,1.0,No,0.0,No,0.0,Yes,1.0,No,0.0,Yes,1.0,No,0.0,Yes,1.0,No,0.0,Yes,1.0,No,0.0,No,0.0,No,0.0,No,0.0,No,0.0,Yes,1.0,Yes,1.0,No,0.0,Yes,1.0,No,0.0,No,0.0,No,0.0,Yes,1.0,No,0.0,No,0.0,No,0.0,No,0.0,No,0.0,No,0.0,No,0.0,Yes,1.0,No,0.0,No,0.0,No,0.0
1678,"KOREA AEROSPACE INDUSTRIES, LTD.",,KR7047810007,Industrials,SOUTH KOREA,5.9,2.0,0,4,30,Partial,0.5,No,0.0,No,0.0,No,0.0,No,0.0,Partial,0.5,No,0.0,Partial,0.5,No,0.0,Partial,0.5,No,0.0,No,0.0,No,0.0,No,0.0,No,0.0,No,0.0,No,0.0,No,0.0,No,0.0,No,0.0,No,0.0,No,0.0,No,0.0,No,0.0,No,0.0,No,0.0,No,0.0,No,0.0,No,0.0,No,0.0,No,0.0,No,0.0,No,0.0,No,0.0
1231,KOREA ELECTRIC POWER CORPORATION,,KR7015760002,Utilities,SOUTH KOREA,2.9,1.0,1,0,33,No,0.0,No,0.0,No,0.0,No,0.0,No,0.0,No,0.0,No,0.0,No,0.0,No,0.0,No,0.0,No,0.0,No,0.0,No,0.0,No,0.0,No,0.0,No,0.0,No,0.0,No,0.0,No,0.0,No,0.0,No,0.0,No,0.0,Yes,1.0,No,0.0,No,0.0,No,0.0,No,0.0,No,0.0,No,0.0,No,0.0,No,0.0,No,0.0,No,0.0,No,0.0
1232,"Korea Investment Holdings Co., Ltd",,KR7071050009,Financials,SOUTH KOREA,0.0,0.0,0,0,34,No,0.0,No,0.0,No,0.0,No,0.0,No,0.0,No,0.0,No,0.0,No,0.0,No,0.0,No,0.0,No,0.0,No,0.0,No,0.0,No,0.0,No,0.0,No,0.0,No,0.0,No,0.0,No,0.0,No,0.0,No,0.0,No,0.0,No,0.0,No,0.0,No,0.0,No,0.0,No,0.0,No,0.0,No,0.0,No,0.0,No,0.0,No,0.0,No,0.0,No,0.0
1233,"KOREAN AIR LINES CO.,LTD",,KR7003490000,Consumer Discretion,SOUTH KOREA,5.9,2.0,2,0,32,No,0.0,No,0.0,No,0.0,No,0.0,No,0.0,Yes,1.0,No,0.0,No,0.0,No,0.0,No,0.0,No,0.0,No,0.0,No,0.0,No,0.0,No,0.0,No,0.0,No,0.0,No,0.0,No,0.0,No,0.0,No,0.0,No,0.0,No,0.0,No,0.0,No,0.0,No,0.0,No,0.0,Yes,1.0,No,0.0,No,0.0,No,0.0,No,0.0,No,0.0,No,0.0
1234,KOTAK MAHINDRA BANK LIMITED,,INE237A01036,Financials,INDIA,17.6,6.0,6,0,28,No,0.0,No,0.0,No,0.0,No,0.0,No,0.0,Yes,1.0,No,0.0,Yes,1.0,No,0.0,Yes,1.0,No,0.0,No,0.0,No,0.0,No,0.0,No,0.0,No,0.0,No,0.0,Yes,1.0,No,0.0,No,0.0,Yes,1.0,No,0.0,No,0.0,No,0.0,Yes,1.0,No,0.0,No,0.0,No,0.0,No,0.0,No,0.0,No,0.0,No,0.0,No,0.0,No,0.0
2192,"KRAFTON, Inc.",,KR7259960003,Consumer Discretion,SOUTH KOREA,39.7,13.5,12,3,19,Yes,1.0,No,0.0,No,0.0,Yes,1.0,No,0.0,Yes,1.0,No,0.0,Yes,1.0,No,0.0,Yes,1.0,No,0.0,No,0.0,No,0.0,Partial,0.5,Yes,1.0,Yes,1.0,Yes,1.0,Partial,0.5,Yes,1.0,Yes,1.0,Partial,0.5,No,0.0,No,0.0,No,0.0,No,0.0,No,0.0,No,0.0,Yes,1.0,Yes,1.0,No,0.0,No,0.0,No,0.0,No,0.0,No,0.0
556,KRUNG THAI BANK PUBLIC COMPANY LIMITED,,TH0150010Z03,Financials,THAILAND,2.9,1.0,1,0,33,No,0.0,No,0.0,No,0.0,No,0.0,No,0.0,No,0.0,No,0.0,No,0.0,No,0.0,No,0.0,No,0.0,No,0.0,No,0.0,No,0.0,No,0.0,No,0.0,No,0.0,No,0.0,No,0.0,No,0.0,No,0.0,No,0.0,No,0.0,No,0.0,No,0.0,No,0.0,No,0.0,Yes,1.0,No,0.0,No,0.0,No,0.0,No,0.0,No,0.0,No,0.0
1213,KT&G Corporation,,KR7033780008,Consumer Staples,SOUTH KOREA,0.0,0.0,0,0,34,No,0.0,No,0.0,No,0.0,No,0.0,No,0.0,No,0.0,No,0.0,No,0.0,No,0.0,No,0.0,No,0.0,No,0.0,No,0.0,No,0.0,No,0.0,No,0.0,No,0.0,No,0.0,No,0.0,No,0.0,No,0.0,No,0.0,No,0.0,No,0.0,No,0.0,No,0.0,No,0.0,No,0.0,No,0.0,No,0.0,No,0.0,No,0.0,No,0.0,No,0.0
2292,KUAISHOU TECHNOLOGY,,KYG532631028,Technology,HONG KONG,5.9,2.0,2,0,32,No,0.0,No,0.0,No,0.0,No,0.0,No,0.0,No,0.0,No,0.0,No,0.0,No,0.0,Yes,1.0,No,0.0,No,0.0,No,0.0,No,0.0,No,0.0,No,0.0,No,0.0,No,0.0,No,0.0,No,0.0,No,0.0,No,0.0,No,0.0,No,0.0,No,0.0,No,0.0,No,0.0,No,0.0,Yes,1.0,No,0.0,No,0.0,No,0.0,No,0.0,No,0.0
1237,KUALA LUMPUR KEPONG BERHAD,,MYL2445OO004,Basic Materials,MALAYSIA,0.0,0.0,0,0,34,No,0.0,No,0.0,No,0.0,No,0.0,No,0.0,No,0.0,No,0.0,No,0.0,No,0.0,No,0.0,No,0.0,No,0.0,No,0.0,No,0.0,No,0.0,No,0.0,No,0.0,No,0.0,No,0.0,No,0.0,No,0.0,No,0.0,No,0.0,No,0.0,No,0.0,No,0.0,No,0.0,No,0.0,No,0.0,No,0.0,No,0.0,No,0.0,No,0.0,No,0.0
1903,Kuang-Chi Technologies Co Ltd,,CNE1000018P0,Consumer Discretion,CHINA,14.7,5.0,5,0,29,Yes,1.0,No,0.0,No,0.0,No,0.0,No,0.0,Yes,1.0,No,0.0,Yes,1.0,No,0.0,Yes,1.0,No,0.0,No,0.0,No,0.0,No,0.0,No,0.0,No,0.0,No,0.0,No,0.0,No,0.0,No,0.0,No,0.0,No,0.0,Yes,1.0,No,0.0,No,0.0,No,0.0,No,0.0,No,0.0,No,0.0,No,0.0,No,0.0,No,0.0,No,0.0,No,0.0
1214,KUBOTA CORPORATION,,JP3266400005,Industrials,JAPAN,17.6,6.0,5,3,26,Yes,1.0,No,0.0,No,0.0,Partial,0.0,No,0.0,Yes,1.0,No,0.0,Partial,0.5,No,0.0,Partial,0.5,No,0.0,No,0.0,No,0.0,No,0.0,No,0.0,Yes,1.0,No,0.0,No,0.0,No,0.0,No,0.0,No,0.0,No,0.0,No,0.0,No,0.0,Yes,1.0,No,0.0,No,0.0,Yes,1.0,No,0.0,No,0.0,No,0.0,No,0.0,No,0.0,No,0.0
1238,Kuehne + Nagel International AG,,CH0025238863,Industrials,SWITZERLAND,25.0,8.5,8,1,25,No,0.0,No,0.0,No,0.0,Yes,1.0,No,0.0,Yes,1.0,No,0.0,Yes,1.0,No,0.0,Yes,1.0,No,0.0,No,0.0,No,0.0,No,0.0,No,0.0,Partial,0.5,Yes,1.0,Yes,1.0,No,0.0,No,0.0,Yes,1.0,No,0.0,No,0.0,No,0.0,No,0.0,No,0.0,No,0.0,Yes,1.0,No,0.0,No,0.0,No,0.0,No,0.0,No,0.0,No,0.0
946,KUNLUN ENERGY COMPANY LIMITED,,BMG5320C1082,Energy,HONG KONG,8.8,3.0,3,0,31,No,0.0,No,0.0,No,0.0,No,0.0,No,0.0,Yes,1.0,No,0.0,Yes,1.0,No,0.0,Yes,1.0,No,0.0,No,0.0,No,0.0,No,0.0,No,0.0,No,0.0,No,0.0,No,0.0,No,0.0,No,0.0,No,0.0,No,0.0,No,0.0,No,0.0,No,0.0,No,0.0,No,0.0,No,0.0,No,0.0,No,0.0,No,0.0,No,0.0,No,0.0,No,0.0
2029,"Kunlun Tech Co., Ltd.",,CNE100001YF2,Consumer Discretion,CHINA,20.6,7.0,7,0,27,No,0.0,No,0.0,No,0.0,No,0.0,No,0.0,Yes,1.0,No,0.0,Yes,1.0,No,0.0,Yes,1.0,No,0.0,No,0.0,No,0.0,No,0.0,No,0.0,No,0.0,No,0.0,No,0.0,No,0.0,No,0.0,No,0.0,Yes,1.0,Yes,1.0,Yes,1.0,No,0.0,No,0.0,No,0.0,Yes,1.0,No,0.0,No,0.0,No,0.0,No,0.0,No,0.0,No,0.0
1239,KUWAIT FINANCE HOUSE K.S.C.P,,KW0EQ0100085,Financials,KUWAIT,14.7,5.0,5,0,29,No,0.0,No,0.0,No,0.0,Yes,1.0,No,0.0,Yes,1.0,No,0.0,Yes,1.0,No,0.0,Yes,1.0,No,0.0,No,0.0,No,0.0,No,0.0,No,0.0,No,0.0,No,0.0,No,0.0,No,0.0,No,0.0,No,0.0,No,0.0,No,0.0,No,0.0,Yes,1.0,No,0.0,No,0.0,No,0.0,No,0.0,No,0.0,No,0.0,No,0.0,No,0.0,No,0.0
1240,"Kweichow Moutai Co., Ltd.",,CNE0000018R8,Consumer Staples,CHINA,0.0,0.0,0,0,34,No,0.0,No,0.0,No,0.0,No,0.0,No,0.0,No,0.0,No,0.0,No,0.0,No,0.0,No,0.0,No,0.0,No,0.0,No,0.0,No,0.0,No,0.0,No,0.0,No,0.0,No,0.0,No,0.0,No,0.0,No,0.0,No,0.0,No,0.0,No,0.0,No,0.0,No,0.0,No,0.0,No,0.0,No,0.0,No,0.0,No,0.0,No,0.0,No,0.0,No,0.0
1215,KYOCERA CORPORATION,,JP3249600002,Technology,JAPAN,26.5,9.0,9,0,25,Yes,1.0,No,0.0,No,0.0,Yes,1.0,No,0.0,Yes,1.0,No,0.0,Yes,1.0,No,0.0,Yes,1.0,No,0.0,No,0.0,No,0.0,Yes,1.0,No,0.0,Yes,1.0,Yes,1.0,Yes,1.0,No,0.0,No,0.0,No,0.0,No,0.0,No,0.0,No,0.0,No,0.0,No,0.0,No,0.0,No,0.0,No,0.0,No,0.0,No,0.0,No,0.0,No,0.0,No,0.0
1216,"Kyowa Kirin Co., Ltd.",,JP3256000005,Health Care,JAPAN,23.5,8.0,8,0,26,Yes,1.0,No,0.0,Yes,1.0,No,0.0,No,0.0,Yes,1.0,No,0.0,Yes,1.0,No,0.0,Yes,1.0,No,0.0,No,0.0,No,0.0,No,0.0,No,0.0,No,0.0,No,0.0,No,0.0,No,0.0,No,0.0,No,0.0,No,0.0,Yes,1.0,No,0.0,Yes,1.0,No,0.0,No,0.0,Yes,1.0,No,0.0,No,0.0,No,0.0,No,0.0,No,0.0,No,0.0
217,"L3HARRIS TECHNOLOGIES, INC.",,US5024311095,Industrials,UNITED STATES,20.6,7.0,7,0,27,No,0.0,No,0.0,Yes,1.0,No,0.0,No,0.0,Yes,1.0,No,0.0,Yes,1.0,No,0.0,Yes,1.0,Yes,1.0,No,0.0,No,0.0,No,0.0,No,0.0,No,0.0,No,0.0,No,0.0,No,0.0,No,0.0,No,0.0,No,0.0,No,0.0,No,0.0,No,0.0,No,0.0,No,0.0,Yes,1.0,No,0.0,No,0.0,Yes,1.0,No,0.0,No,0.0,No,0.0
2406,LABCORP HOLDINGS INC.,,US5049221055,Health Care,UNITED STATES,47.1,16.0,16,0,18,Yes,1.0,No,0.0,No,0.0,Yes,1.0,No,0.0,Yes,1.0,No,0.0,Yes,1.0,No,0.0,Yes,1.0,Yes,1.0,No,0.0,No,0.0,Yes,1.0,No,0.0,Yes,1.0,Yes,1.0,Yes,1.0,No,0.0,Yes,1.0,Yes,1.0,No,0.0,No,0.0,No,0.0,Yes,1.0,No,0.0,No,0.0,Yes,1.0,No,0.0,No,0.0,Yes,1.0,No,0.0,Yes,1.0,No,0.0
83,L'AIR LIQUIDE SOCIETE ANONYME POUR L'ETUDE ET L'EXPLOITATION DES PROCEDES GEORGES CLAUDE SA,,FR0000120073,Basic Materials,FRANCE,20.6,7.0,7,2,25,Yes,1.0,No,0.0,No,0.0,No,0.0,No,0.0,Yes,1.0,Yes,1.0,Yes,1.0,No,0.0,No,0.0,No,0.0,No,0.0,No,0.0,No,0.0,No,0.0,Yes,1.0,Yes,1.0,Partial,0.0,Partial,0.0,No,0.0,No,0.0,No,0.0,No,0.0,No,0.0,No,0.0,No,0.0,No,0.0,No,0.0,No,0.0,Yes,1.0,No,0.0,No,0.0,No,0.0,No,0.0
1248,LAM RESEARCH CORPORATION,,US5128073062,Technology,UNITED STATES,11.8,4.0,3,2,29,No,0.0,No,0.0,No,0.0,No,0.0,No,0.0,Partial,0.5,No,0.0,No,0.0,No,0.0,Partial,0.5,Yes,1.0,No,0.0,No,0.0,No,0.0,No,0.0,Yes,1.0,No,0.0,No,0.0,No,0.0,No,0.0,No,0.0,No,0.0,No,0.0,No,0.0,No,0.0,No,0.0,No,0.0,No,0.0,No,0.0,No,0.0,Yes,1.0,No,0.0,No,0.0,No,0.0
1250,LAND SECURITIES GROUP PLC,,GB00BYW0PQ60,Real Estate,UNITED KINGDOM,22.1,7.5,7,1,26,Partial,0.5,No,0.0,No,0.0,No,0.0,No,0.0,Yes,1.0,No,0.0,Yes,1.0,No,0.0,Yes,1.0,No,0.0,No,0.0,Yes,1.0,No,0.0,No,0.0,No,0.0,No,0.0,No,0.0,No,0.0,No,0.0,Yes,1.0,No,0.0,Yes,1.0,No,0.0,No,0.0,No,0.0,No,0.0,Yes,1.0,No,0.0,No,0.0,No,0.0,No,0.0,No,0.0,No,0.0
2410,Laopu Gold Co Ltd,,CNE100006JG0,Consumer Discretion,CHINA,0.0,0.0,0,0,34,No,0.0,No,0.0,No,0.0,No,0.0,No,0.0,No,0.0,No,0.0,No,0.0,No,0.0,No,0.0,No,0.0,No,0.0,No,0.0,No,0.0,No,0.0,No,0.0,No,0.0,No,0.0,No,0.0,No,0.0,No,0.0,No,0.0,No,0.0,No,0.0,No,0.0,No,0.0,No,0.0,No,0.0,No,0.0,No,0.0,No,0.0,No,0.0,No,0.0,No,0.0
1242,LARGAN Precision Co Ltd,,TW0003008009,Technology,TAIWAN,0.0,0.0,0,0,34,No,0.0,No,0.0,No,0.0,No,0.0,No,0.0,No,0.0,No,0.0,No,0.0,No,0.0,No,0.0,No,0.0,No,0.0,No,0.0,No,0.0,No,0.0,No,0.0,No,0.0,No,0.0,No,0.0,No,0.0,No,0.0,No,0.0,No,0.0,No,0.0,No,0.0,No,0.0,No,0.0,No,0.0,No,0.0,No,0.0,No,0.0,No,0.0,No,0.0,No,0.0
1251,LARSEN AND TOUBRO LIMITED,,INE018A01030,Industrials,INDIA,16.2,5.5,2,7,25,Partial,0.5,No,0.0,No,0.0,Partial,0.5,No,0.0,Partial,0.5,No,0.0,Partial,0.5,No,0.0,Partial,0.5,No,0.0,No,0.0,No,0.0,No,0.0,No,0.0,No,0.0,No,0.0,No,0.0,No,0.0,No,0.0,No,0.0,No,0.0,No,0.0,No,0.0,Partial,0.5,Partial,0.5,No,0.0,No,0.0,No,0.0,No,0.0,Yes,1.0,No,0.0,Yes,1.0,No,0.0
1253,Lasertec Corporation,,JP3979200007,Technology,JAPAN,0.0,0.0,0,0,34,No,0.0,No,0.0,No,0.0,No,0.0,No,0.0,No,0.0,No,0.0,No,0.0,No,0.0,No,0.0,No,0.0,No,0.0,No,0.0,No,0.0,No,0.0,No,0.0,No,0.0,No,0.0,No,0.0,No,0.0,No,0.0,No,0.0,No,0.0,No,0.0,No,0.0,No,0.0,No,0.0,No,0.0,No,0.0,No,0.0,No,0.0,No,0.0,No,0.0,No,0.0
1252,LAS VEGAS SANDS CORP.,,US5178341070,Consumer Discretion,UNITED STATES,2.9,1.0,1,0,33,No,0.0,No,0.0,No,0.0,No,0.0,No,0.0,No,0.0,No,0.0,No,0.0,No,0.0,No,0.0,No,0.0,No,0.0,No,0.0,No,0.0,No,0.0,No,0.0,No,0.0,No,0.0,No,0.0,No,0.0,No,0.0,No,0.0,No,0.0,No,0.0,No,0.0,No,0.0,No,0.0,No,0.0,No,0.0,No,0.0,Yes,1.0,No,0.0,No,0.0,No,0.0
1249,LATAM Airlines Group S.A.,,CL0000000423,Consumer Discretion,CHILE,5.9,2.0,2,1,31,No,0.0,No,0.0,No,0.0,No,0.0,Partial,0.0,No,0.0,No,0.0,No,0.0,No,0.0,No,0.0,No,0.0,No,0.0,No,0.0,No,0.0,No,0.0,Yes,1.0,No,0.0,No,0.0,No,0.0,No,0.0,No,0.0,No,0.0,No,0.0,No,0.0,No,0.0,No,0.0,No,0.0,No,0.0,No,0.0,No,0.0,Yes,1.0,No,0.0,No,0.0,No,0.0
1890,"LB Group Co., Ltd.",,CNE1000015M3,Basic Materials,CHINA,0.0,0.0,0,0,34,No,0.0,No,0.0,No,0.0,No,0.0,No,0.0,No,0.0,No,0.0,No,0.0,No,0.0,No,0.0,No,0.0,No,0.0,No,0.0,No,0.0,No,0.0,No,0.0,No,0.0,No,0.0,No,0.0,No,0.0,No,0.0,No,0.0,No,0.0,No,0.0,No,0.0,No,0.0,No,0.0,No,0.0,No,0.0,No,0.0,No,0.0,No,0.0,No,0.0,No,0.0
1254,LEGAL & GENERAL GROUP PLC,,GB0005603997,Financials,UNITED KINGDOM,10.3,3.5,2,4,28,No,0.0,No,0.0,No,0.0,Partial,0.0,No,0.0,Partial,0.5,No,0.0,No,0.0,No,0.0,No,0.0,Partial,0.5,No,0.0,No,0.0,No,0.0,No,0.0,Yes,1.0,No,0.0,No,0.0,No,0.0,Yes,1.0,No,0.0,No,0.0,No,0.0,No,0.0,No,0.0,No,0.0,No,0.0,No,0.0,No,0.0,Partial,0.5,No,0.0,No,0.0,No,0.0,No,0.0
2250,Legend Biotech Corp,,US52490G1022,Health Care,UNITED STATES,0.0,0.0,0,0,34,No,0.0,No,0.0,No,0.0,No,0.0,No,0.0,No,0.0,No,0.0,No,0.0,No,0.0,No,0.0,No,0.0,No,0.0,No,0.0,No,0.0,No,0.0,No,0.0,No,0.0,No,0.0,No,0.0,No,0.0,No,0.0,No,0.0,No,0.0,No,0.0,No,0.0,No,0.0,No,0.0,No,0.0,No,0.0,No,0.0,No,0.0,No,0.0,No,0.0,No,0.0
1945,LEG Immobilien SE,,DE000LEG1110,Real Estate,GERMANY,0.0,0.0,0,0,34,No,0.0,No,0.0,No,0.0,No,0.0,No,0.0,No,0.0,No,0.0,No,0.0,No,0.0,No,0.0,No,0.0,No,0.0,No,0.0,No,0.0,No,0.0,No,0.0,No,0.0,No,0.0,No,0.0,No,0.0,No,0.0,No,0.0,No,0.0,No,0.0,No,0.0,No,0.0,No,0.0,No,0.0,No,0.0,No,0.0,No,0.0,No,0.0,No,0.0,No,0.0
1255,LEGRAND SA,,FR0010307819,Industrials,FRANCE,0.0,0.0,0,0,34,No,0.0,No,0.0,No,0.0,No,0.0,No,0.0,No,0.0,No,0.0,No,0.0,No,0.0,No,0.0,No,0.0,No,0.0,No,0.0,No,0.0,No,0.0,No,0.0,No,0.0,No,0.0,No,0.0,No,0.0,No,0.0,No,0.0,No,0.0,No,0.0,No,0.0,No,0.0,No,0.0,No,0.0,No,0.0,No,0.0,No,0.0,No,0.0,No,0.0,No,0.0
1434,"LEIDOS HOLDINGS, INC.",,US5253271028,Technology,UNITED STATES,11.8,4.0,4,0,30,Yes,1.0,No,0.0,No,0.0,No,0.0,No,0.0,Yes,1.0,No,0.0,Yes,1.0,No,0.0,No,0.0,Yes,1.0,No,0.0,No,0.0,No,0.0,No,0.0,No,0.0,No,0.0,No,0.0,No,0.0,No,0.0,No,0.0,No,0.0,No,0.0,No,0.0,No,0.0,No,0.0,No,0.0,No,0.0,No,0.0,No,0.0,No,0.0,No,0.0,No,0.0,No,0.0
117,L E Lundbergforetagen Aktiebolag (publ),,SE0000108847,Financials,SWEDEN,0.0,0.0,0,0,34,No,0.0,No,0.0,No,0.0,No,0.0,No,0.0,No,0.0,No,0.0,No,0.0,No,0.0,No,0.0,No,0.0,No,0.0,No,0.0,No,0.0,No,0.0,No,0.0,No,0.0,No,0.0,No,0.0,No,0.0,No,0.0,No,0.0,No,0.0,No,0.0,No,0.0,No,0.0,No,0.0,No,0.0,No,0.0,No,0.0,No,0.0,No,0.0,No,0.0,No,0.0
1256,LENNAR CORPORATION,,US5260571048,Consumer Discretion,UNITED STATES,11.8,4.0,4,0,30,No,0.0,No,0.0,No,0.0,No,0.0,No,0.0,Yes,1.0,No,0.0,No,0.0,No,0.0,Yes,1.0,No,0.0,No,0.0,No,0.0,No,0.0,No,0.0,No,0.0,No,0.0,No,0.0,No,0.0,No,0.0,Yes,1.0,No,0.0,No,0.0,No,0.0,No,0.0,No,0.0,No,0.0,No,0.0,No,0.0,No,0.0,Yes,1.0,No,0.0,No,0.0,No,0.0
767,LENNOX INTERNATIONAL INC.,,US5261071071,Industrials,UNITED STATES,20.6,7.0,7,0,27,Yes,1.0,No,0.0,Yes,1.0,No,0.0,No,0.0,Yes,1.0,No,0.0,Yes,1.0,No,0.0,Yes,1.0,No,0.0,No,0.0,No,0.0,No,0.0,No,0.0,No,0.0,No,0.0,No,0.0,No,0.0,No,0.0,No,0.0,No,0.0,Yes,1.0,No,0.0,No,0.0,No,0.0,No,0.0,No,0.0,No,0.0,No,0.0,Yes,1.0,No,0.0,No,0.0,No,0.0
91,Lenovo Group Limited,,HK0992009065,Technology,HONG KONG,32.4,11.0,10,3,21,Yes,1.0,No,0.0,No,0.0,Yes,1.0,Partial,0.0,Yes,1.0,No,0.0,No,0.0,No,0.0,No,0.0,No,0.0,No,0.0,Yes,1.0,Yes,1.0,No,0.0,Partial,0.5,Partial,0.5,Yes,1.0,Yes,1.0,Yes,1.0,No,0.0,No,0.0,No,0.0,No,0.0,No,0.0,No,0.0,No,0.0,No,0.0,No,0.0,Yes,1.0,Yes,1.0,No,0.0,No,0.0,No,0.0
2038,"Lens Technology Co.,Ltd.",,CNE100001YW7,Technology,CHINA,14.7,5.0,5,0,29,Yes,1.0,No,0.0,Yes,1.0,No,0.0,No,0.0,Yes,1.0,No,0.0,Yes,1.0,No,0.0,Yes,1.0,No,0.0,No,0.0,No,0.0,No,0.0,No,0.0,No,0.0,No,0.0,No,0.0,No,0.0,No,0.0,No,0.0,No,0.0,No,0.0,No,0.0,No,0.0,No,0.0,No,0.0,No,0.0,No,0.0,No,0.0,No,0.0,No,0.0,No,0.0,No,0.0
640,"LEO GROUP CO., LTD.",,CNE1000000F9,Consumer Discretion,CHINA,17.6,6.0,6,0,28,Yes,1.0,No,0.0,Yes,1.0,No,0.0,No,0.0,Yes,1.0,No,0.0,Yes,1.0,No,0.0,Yes,1.0,No,0.0,No,0.0,No,0.0,No,0.0,No,0.0,No,0.0,No,0.0,No,0.0,No,0.0,No,0.0,No,0.0,No,0.0,No,0.0,No,0.0,No,0.0,No,0.0,No,0.0,No,0.0,No,0.0,No,0.0,Yes,1.0,No,0.0,No,0.0,No,0.0
1092,LEONARDO - SOCIETA PER AZIONI,,IT0003856405,Industrials,ITALY,25.0,8.5,7,3,24,Yes,1.0,No,0.0,No,0.0,No,0.0,Partial,0.5,Yes,1.0,No,0.0,No,0.0,No,0.0,Yes,1.0,No,0.0,No,0.0,No,0.0,No,0.0,Partial,0.5,Yes,1.0,No,0.0,Partial,0.5,No,0.0,No,0.0,Yes,1.0,No,0.0,No,0.0,No,0.0,No,0.0,No,0.0,No,0.0,Yes,1.0,No,0.0,No,0.0,Yes,1.0,No,0.0,No,0.0,No,0.0
138,LG CHEM LTD,,KR7051910008,Industrials,SOUTH KOREA,0.0,0.0,0,0,34,No,0.0,No,0.0,No,0.0,No,0.0,No,0.0,No,0.0,No,0.0,No,0.0,No,0.0,No,0.0,No,0.0,No,0.0,No,0.0,No,0.0,No,0.0,No,0.0,No,0.0,No,0.0,No,0.0,No,0.0,No,0.0,No,0.0,No,0.0,No,0.0,No,0.0,No,0.0,No,0.0,No,0.0,No,0.0,No,0.0,No,0.0,No,0.0,No,0.0,No,0.0
1243,LG Corp.,,KR7003550001,Industrials,SOUTH KOREA,25.0,8.5,7,4,23,Partial,0.5,No,0.0,Partial,0.5,No,0.0,Partial,0.0,Yes,1.0,No,0.0,Yes,1.0,No,0.0,Yes,1.0,No,0.0,No,0.0,No,0.0,No,0.0,Partial,0.5,Yes,1.0,Yes,1.0,No,0.0,Yes,1.0,No,0.0,Yes,1.0,No,0.0,No,0.0,No,0.0,No,0.0,No,0.0,No,0.0,No,0.0,No,0.0,No,0.0,No,0.0,No,0.0,No,0.0,No,0.0
1244,"LG Display Co., Ltd.",,KR7034220004,Technology,SOUTH KOREA,0.0,0.0,0,0,34,No,0.0,No,0.0,No,0.0,No,0.0,No,0.0,No,0.0,No,0.0,No,0.0,No,0.0,No,0.0,No,0.0,No,0.0,No,0.0,No,0.0,No,0.0,No,0.0,No,0.0,No,0.0,No,0.0,No,0.0,No,0.0,No,0.0,No,0.0,No,0.0,No,0.0,No,0.0,No,0.0,No,0.0,No,0.0,No,0.0,No,0.0,No,0.0,No,0.0,No,0.0
340,LG ELECTRONICS INC.,,KR7066570003,Consumer Discretion,SOUTH KOREA,17.6,6.0,1,10,23,Yes,1.0,No,0.0,No,0.0,Partial,0.5,No,0.0,Partial,0.5,No,0.0,Partial,0.5,No,0.0,Partial,0.5,No,0.0,No,0.0,No,0.0,No,0.0,Partial,0.5,Partial,0.5,Partial,0.5,Partial,0.5,Partial,0.5,No,0.0,No,0.0,No,0.0,No,0.0,No,0.0,No,0.0,No,0.0,No,0.0,Partial,0.5,No,0.0,No,0.0,No,0.0,No,0.0,No,0.0,No,0.0
2287,"LG ENERGY SOLUTION, LTD.",,KR7373220003,Industrials,SOUTH KOREA,4.4,1.5,0,3,31,No,0.0,No,0.0,No,0.0,No,0.0,No,0.0,Partial,0.5,No,0.0,Partial,0.5,No,0.0,Partial,0.5,No,0.0,No,0.0,No,0.0,No,0.0,No,0.0,No,0.0,No,0.0,No,0.0,No,0.0,No,0.0,No,0.0,No,0.0,No,0.0,No,0.0,No,0.0,No,0.0,No,0.0,No,0.0,No,0.0,No,0.0,No,0.0,No,0.0,No,0.0,No,0.0
1245,LG Uplus Corp.,,KR7032640005,Telecommunications,SOUTH KOREA,23.5,8.0,8,0,26,Yes,1.0,No,0.0,Yes,1.0,No,0.0,Yes,1.0,Yes,1.0,No,0.0,Yes,1.0,No,0.0,Yes,1.0,No,0.0,No,0.0,No,0.0,No,0.0,No,0.0,No,0.0,No,0.0,No,0.0,No,0.0,No,0.0,No,0.0,No,0.0,No,0.0,No,0.0,No,0.0,No,0.0,No,0.0,Yes,1.0,No,0.0,No,0.0,No,0.0,Yes,1.0,No,0.0,No,0.0
2262,Li Auto Inc.,,KYG5479M1050,Consumer Discretion,CHINA,2.9,1.0,1,0,33,No,0.0,No,0.0,No,0.0,No,0.0,No,0.0,Yes,1.0,No,0.0,No,0.0,No,0.0,No,0.0,No,0.0,No,0.0,No,0.0,No,0.0,No,0.0,No,0.0,No,0.0,No,0.0,No,0.0,No,0.0,No,0.0,No,0.0,No,0.0,No,0.0,No,0.0,No,0.0,No,0.0,No,0.0,No,0.0,No,0.0,No,0.0,No,0.0,No,0.0,No,0.0
2021,Lifco AB (publ),,SE0015949201,Industrials,SWEDEN,0.0,0.0,0,0,34,No,0.0,No,0.0,No,0.0,No,0.0,No,0.0,No,0.0,No,0.0,No,0.0,No,0.0,No,0.0,No,0.0,No,0.0,No,0.0,No,0.0,No,0.0,No,0.0,No,0.0,No,0.0,No,0.0,No,0.0,No,0.0,No,0.0,No,0.0,No,0.0,No,0.0,No,0.0,No,0.0,No,0.0,No,0.0,No,0.0,No,0.0,No,0.0,No,0.0,No,0.0
1684,"LIG Defense&Aerospace Co., Ltd",,KR7079550000,Industrials,SOUTH KOREA,2.9,1.0,1,0,33,No,0.0,No,0.0,No,0.0,No,0.0,No,0.0,No,0.0,No,0.0,No,0.0,No,0.0,No,0.0,No,0.0,No,0.0,No,0.0,No,0.0,No,0.0,No,0.0,No,0.0,No,0.0,No,0.0,No,0.0,No,0.0,No,0.0,No,0.0,No,0.0,No,0.0,No,0.0,No,0.0,Yes,1.0,No,0.0,No,0.0,No,0.0,No,0.0,No,0.0,No,0.0
2372,LINDE PUBLIC LIMITED COMPANY,,IE000S9YS762,Basic Materials,UNITED STATES,41.2,14.0,14,0,20,Yes,1.0,No,0.0,No,0.0,No,0.0,No,0.0,Yes,1.0,Yes,1.0,Yes,1.0,No,0.0,Yes,1.0,Yes,1.0,No,0.0,No,0.0,Yes,1.0,Yes,1.0,Yes,1.0,Yes,1.0,Yes,1.0,Yes,1.0,No,0.0,Yes,1.0,No,0.0,Yes,1.0,No,0.0,No,0.0,No,0.0,No,0.0,No,0.0,No,0.0,No,0.0,No,0.0,No,0.0,No,0.0,No,0.0
1891,LINGYI iTECH (GUANGDONG) COMPANY,,CNE1000015L5,Technology,CHINA,11.8,4.0,4,0,30,Yes,1.0,No,0.0,Yes,1.0,No,0.0,No,0.0,Yes,1.0,No,0.0,No,0.0,No,0.0,Yes,1.0,No,0.0,No,0.0,No,0.0,No,0.0,No,0.0,No,0.0,No,0.0,No,0.0,No,0.0,No,0.0,No,0.0,No,0.0,No,0.0,No,0.0,No,0.0,No,0.0,No,0.0,No,0.0,No,0.0,No,0.0,No,0.0,No,0.0,No,0.0,No,0.0
1257,Li Ning Co Ltd,,KYG5496K1242,Consumer Discretion,HONG KONG,5.9,2.0,2,0,32,Yes,1.0,No,0.0,No,0.0,No,0.0,No,0.0,Yes,1.0,No,0.0,No,0.0,No,0.0,No,0.0,No,0.0,No,0.0,No,0.0,No,0.0,No,0.0,No,0.0,No,0.0,No,0.0,No,0.0,No,0.0,No,0.0,No,0.0,No,0.0,No,0.0,No,0.0,No,0.0,No,0.0,No,0.0,No,0.0,No,0.0,No,0.0,No,0.0,No,0.0,No,0.0
1640,Link Real Estate Investment Trust,,HK0823032773,Real Estate,HONG KONG,11.8,4.0,4,0,30,No,0.0,No,0.0,No,0.0,No,0.0,No,0.0,Yes,1.0,No,0.0,Yes,1.0,No,0.0,Yes,1.0,No,0.0,No,0.0,No,0.0,No,0.0,No,0.0,No,0.0,No,0.0,No,0.0,No,0.0,No,0.0,Yes,1.0,No,0.0,No,0.0,No,0.0,No,0.0,No,0.0,No,0.0,No,0.0,No,0.0,No,0.0,No,0.0,No,0.0,No,0.0,No,0.0
305,LITE-ON TECHNOLOGY CORPORATION,,TW0002301009,Technology,TAIWAN,0.0,0.0,0,0,34,No,0.0,No,0.0,No,0.0,No,0.0,No,0.0,No,0.0,No,0.0,No,0.0,No,0.0,No,0.0,No,0.0,No,0.0,No,0.0,No,0.0,No,0.0,No,0.0,No,0.0,No,0.0,No,0.0,No,0.0,No,0.0,No,0.0,No,0.0,No,0.0,No,0.0,No,0.0,No,0.0,No,0.0,No,0.0,No,0.0,No,0.0,No,0.0,No,0.0,No,0.0
1258,"LIVE NATION ENTERTAINMENT, INC.",,US5380341090,Consumer Discretion,UNITED STATES,11.8,4.0,4,0,30,No,0.0,No,0.0,No,0.0,No,0.0,No,0.0,Yes,1.0,No,0.0,Yes,1.0,No,0.0,Yes,1.0,No,0.0,No,0.0,No,0.0,No,0.0,No,0.0,No,0.0,No,0.0,No,0.0,No,0.0,No,0.0,No,0.0,No,0.0,No,0.0,No,0.0,No,0.0,No,0.0,No,0.0,No,0.0,No,0.0,No,0.0,Yes,1.0,No,0.0,No,0.0,No,0.0
772,LLOYDS BANKING GROUP PLC,,GB0008706128,Financials,UNITED KINGDOM,2.9,1.0,1,1,32,No,0.0,No,0.0,No,0.0,Partial,0.0,No,0.0,Yes,1.0,No,0.0,No,0.0,No,0.0,No,0.0,No,0.0,No,0.0,No,0.0,No,0.0,No,0.0,No,0.0,No,0.0,No,0.0,No,0.0,No,0.0,No,0.0,No,0.0,No,0.0,No,0.0,No,0.0,No,0.0,No,0.0,No,0.0,No,0.0,No,0.0,No,0.0,No,0.0,No,0.0,No,0.0
1259,LOBLAW COMPANIES LTD,,CA5394811015,Consumer Staples,CANADA,25.0,8.5,7,4,23,Yes,1.0,No,0.0,Yes,1.0,Partial,0.0,No,0.0,Partial,0.5,No,0.0,Yes,1.0,No,0.0,Yes,1.0,Partial,0.5,Partial,0.5,No,0.0,No,0.0,No,0.0,Yes,1.0,No,0.0,No,0.0,No,0.0,No,0.0,No,0.0,No,0.0,No,0.0,No,0.0,No,0.0,No,0.0,No,0.0,Yes,1.0,No,0.0,No,0.0,Yes,1.0,No,0.0,No,0.0,No,0.0
1260,Localiza Rent a Car S.A.,,BRRENTACNOR4,Consumer Discretion,BRAZIL,0.0,0.0,0,0,34,No,0.0,No,0.0,No,0.0,No,0.0,No,0.0,No,0.0,No,0.0,No,0.0,No,0.0,No,0.0,No,0.0,No,0.0,No,0.0,No,0.0,No,0.0,No,0.0,No,0.0,No,0.0,No,0.0,No,0.0,No,0.0,No,0.0,No,0.0,No,0.0,No,0.0,No,0.0,No,0.0,No,0.0,No,0.0,No,0.0,No,0.0,No,0.0,No,0.0,No,0.0
541,LOCKHEED MARTIN CORPORATION,,US5398301094,Industrials,UNITED STATES,33.8,11.5,10,3,21,Partial,0.5,No,0.0,No,0.0,No,0.0,No,0.0,Partial,0.5,No,0.0,No,0.0,No,0.0,No,0.0,Yes,1.0,No,0.0,Yes,1.0,Yes,1.0,No,0.0,Yes,1.0,Yes,1.0,Yes,1.0,No,0.0,No,0.0,No,0.0,No,0.0,No,0.0,No,0.0,Yes,1.0,Yes,1.0,Yes,1.0,No,0.0,No,0.0,Yes,1.0,Partial,0.5,No,0.0,No,0.0,No,0.0
1917,LODHA DEVELOPERS LIMITED,,INE670K01029,Real Estate,INDIA,0.0,0.0,0,0,34,No,0.0,No,0.0,No,0.0,No,0.0,No,0.0,No,0.0,No,0.0,No,0.0,No,0.0,No,0.0,No,0.0,No,0.0,No,0.0,No,0.0,No,0.0,No,0.0,No,0.0,No,0.0,No,0.0,No,0.0,No,0.0,No,0.0,No,0.0,No,0.0,No,0.0,No,0.0,No,0.0,No,0.0,No,0.0,No,0.0,No,0.0,No,0.0,No,0.0,No,0.0
41,LOEWS CORPORATION,,US5404241086,Financials,UNITED STATES,5.9,2.0,2,1,31,No,0.0,No,0.0,No,0.0,No,0.0,Partial,0.0,No,0.0,No,0.0,No,0.0,No,0.0,No,0.0,No,0.0,No,0.0,No,0.0,No,0.0,No,0.0,No,0.0,No,0.0,No,0.0,No,0.0,No,0.0,No,0.0,No,0.0,No,0.0,No,0.0,No,0.0,No,0.0,No,0.0,No,0.0,No,0.0,No,0.0,Yes,1.0,No,0.0,Yes,1.0,No,0.0
1261,Logitech international S.A.,,CH0025751329,Technology,SWITZERLAND,35.3,12.0,12,0,22,No,0.0,No,0.0,No,0.0,Yes,1.0,No,0.0,Yes,1.0,No,0.0,Yes,1.0,No,0.0,Yes,1.0,No,0.0,No,0.0,No,0.0,No,0.0,No,0.0,Yes,1.0,Yes,1.0,Yes,1.0,Yes,1.0,No,0.0,No,0.0,No,0.0,No,0.0,No,0.0,Yes,1.0,No,0.0,No,0.0,Yes,1.0,No,0.0,No,0.0,Yes,1.0,No,0.0,Yes,1.0,No,0.0
1963,LONDON STOCK EXCHANGE GROUP PLC,,GB00B0SWJX34,Financials,UNITED KINGDOM,47.1,16.0,16,0,18,Yes,1.0,No,0.0,Yes,1.0,No,0.0,Yes,1.0,Yes,1.0,No,0.0,Yes,1.0,No,0.0,Yes,1.0,No,0.0,No,0.0,Yes,1.0,No,0.0,No,0.0,Yes,1.0,Yes,1.0,Yes,1.0,No,0.0,No,0.0,Yes,1.0,Yes,1.0,Yes,1.0,No,0.0,No,0.0,No,0.0,No,0.0,Yes,1.0,Yes,1.0,Yes,1.0,No,0.0,No,0.0,No,0.0,No,0.0
1793,LONGFOR GROUP HOLDINGS LIMITED,,KYG5635P1090,Real Estate,HONG KONG,17.6,6.0,6,0,28,No,0.0,No,0.0,No,0.0,No,0.0,No,0.0,Yes,1.0,No,0.0,Yes,1.0,No,0.0,Yes,1.0,No,0.0,No,0.0,Yes,1.0,No,0.0,No,0.0,No,0.0,No,0.0,No,0.0,No,0.0,No,0.0,No,0.0,Yes,1.0,Yes,1.0,No,0.0,No,0.0,No,0.0,No,0.0,No,0.0,No,0.0,No,0.0,No,0.0,No,0.0,No,0.0,No,0.0
1922,"LONGi Green Energy Technology Co., Ltd.",,CNE100001FR6,Energy,CHINA,11.8,4.0,4,0,30,Yes,1.0,No,0.0,No,0.0,No,0.0,No,0.0,Yes,1.0,No,0.0,Yes,1.0,No,0.0,Yes,1.0,No,0.0,No,0.0,No,0.0,No,0.0,No,0.0,No,0.0,No,0.0,No,0.0,No,0.0,No,0.0,No,0.0,No,0.0,No,0.0,No,0.0,No,0.0,No,0.0,No,0.0,No,0.0,No,0.0,No,0.0,No,0.0,No,0.0,No,0.0,No,0.0
1262,Lonza Group AG,,CH0013841017,Health Care,SWITZERLAND,10.3,3.5,3,2,29,Yes,1.0,No,0.0,No,0.0,Partial,0.0,No,0.0,Yes,1.0,No,0.0,No,0.0,No,0.0,Partial,0.5,No,0.0,No,0.0,No,0.0,No,0.0,No,0.0,No,0.0,No,0.0,No,0.0,No,0.0,No,0.0,No,0.0,No,0.0,Yes,1.0,No,0.0,No,0.0,No,0.0,No,0.0,No,0.0,No,0.0,No,0.0,No,0.0,No,0.0,No,0.0,No,0.0
2344,Loongson Technology Corp Ltd,,CNE100005QH5,Technology,CHINA,8.8,3.0,3,0,31,No,0.0,No,0.0,Yes,1.0,No,0.0,No,0.0,Yes,1.0,No,0.0,No,0.0,No,0.0,Yes,1.0,No,0.0,No,0.0,No,0.0,No,0.0,No,0.0,No,0.0,No,0.0,No,0.0,No,0.0,No,0.0,No,0.0,No,0.0,No,0.0,No,0.0,No,0.0,No,0.0,No,0.0,No,0.0,No,0.0,No,0.0,No,0.0,No,0.0,No,0.0,No,0.0
1241,L'OREAL SA,,FR0000120321,Consumer Discretion,FRANCE,5.9,2.0,2,0,32,No,0.0,No,0.0,Yes,1.0,No,0.0,No,0.0,No,0.0,No,0.0,No,0.0,No,0.0,No,0.0,No,0.0,No,0.0,No,0.0,No,0.0,No,0.0,Yes,1.0,No,0.0,No,0.0,No,0.0,No,0.0,No,0.0,No,0.0,No,0.0,No,0.0,No,0.0,No,0.0,No,0.0,No,0.0,No,0.0,No,0.0,No,0.0,No,0.0,No,0.0,No,0.0
1263,"LOTES CO., LTD.",,TW0003533006,Technology,TAIWAN,0.0,0.0,0,0,34,No,0.0,No,0.0,No,0.0,No,0.0,No,0.0,No,0.0,No,0.0,No,0.0,No,0.0,No,0.0,No,0.0,No,0.0,No,0.0,No,0.0,No,0.0,No,0.0,No,0.0,No,0.0,No,0.0,No,0.0,No,0.0,No,0.0,No,0.0,No,0.0,No,0.0,No,0.0,No,0.0,No,0.0,No,0.0,No,0.0,No,0.0,No,0.0,No,0.0,No,0.0
738,Lotus Bakeries NV,,BE0003604155,Consumer Staples,BELGIUM,0.0,0.0,0,0,34,No,0.0,No,0.0,No,0.0,No,0.0,No,0.0,No,0.0,No,0.0,No,0.0,No,0.0,No,0.0,No,0.0,No,0.0,No,0.0,No,0.0,No,0.0,No,0.0,No,0.0,No,0.0,No,0.0,No,0.0,No,0.0,No,0.0,No,0.0,No,0.0,No,0.0,No,0.0,No,0.0,No,0.0,No,0.0,No,0.0,No,0.0,No,0.0,No,0.0,No,0.0
1264,"LOWE'S COMPANIES, INC.",,US5486611073,Consumer Discretion,UNITED STATES,38.2,13.0,13,1,20,Yes,1.0,No,0.0,Yes,1.0,Yes,1.0,Partial,0.0,Yes,1.0,No,0.0,Yes,1.0,No,0.0,No,0.0,Yes,1.0,No,0.0,No,0.0,Yes,1.0,No,0.0,Yes,1.0,No,0.0,Yes,1.0,No,0.0,Yes,1.0,Yes,1.0,No,0.0,No,0.0,No,0.0,No,0.0,No,0.0,No,0.0,No,0.0,No,0.0,No,0.0,Yes,1.0,No,0.0,Yes,1.0,No,0.0
1855,LPL FINANCIAL HOLDINGS INC.,,US50212V1008,Financials,UNITED STATES,2.9,1.0,1,0,33,No,0.0,No,0.0,No,0.0,No,0.0,No,0.0,No,0.0,No,0.0,No,0.0,No,0.0,No,0.0,No,0.0,No,0.0,No,0.0,No,0.0,No,0.0,No,0.0,Yes,1.0,No,0.0,No,0.0,No,0.0,No,0.0,No,0.0,No,0.0,No,0.0,No,0.0,No,0.0,No,0.0,No,0.0,No,0.0,No,0.0,No,0.0,No,0.0,No,0.0,No,0.0
1246,LPP SPOLKA AKCYJNA,,PLLPP0000011,Consumer Discretion,POLAND,20.6,7.0,6,2,26,Yes,1.0,No,0.0,Yes,1.0,No,0.0,No,0.0,Partial,0.5,No,0.0,Yes,1.0,No,0.0,Partial,0.5,No,0.0,No,0.0,No,0.0,No,0.0,No,0.0,No,0.0,No,0.0,No,0.0,No,0.0,No,0.0,No,0.0,No,0.0,Yes,1.0,No,0.0,No,0.0,No,0.0,No,0.0,Yes,1.0,No,0.0,No,0.0,Yes,1.0,No,0.0,No,0.0,No,0.0
770,"LS ELECTRIC CO., LTD",,KR7010120004,Technology,SOUTH KOREA,20.6,7.0,7,0,27,Yes,1.0,No,0.0,Yes,1.0,No,0.0,No,0.0,Yes,1.0,No,0.0,Yes,1.0,No,0.0,Yes,1.0,No,0.0,No,0.0,No,0.0,No,0.0,No,0.0,No,0.0,No,0.0,No,0.0,No,0.0,No,0.0,No,0.0,No,0.0,Yes,1.0,No,0.0,Yes,1.0,No,0.0,No,0.0,No,0.0,No,0.0,No,0.0,No,0.0,No,0.0,No,0.0,No,0.0
1897,L&T Finance Limited,,INE498L01015,Financials,INDIA,14.7,5.0,4,2,28,No,0.0,No,0.0,No,0.0,No,0.0,No,0.0,Partial,0.5,No,0.0,Yes,1.0,No,0.0,Partial,0.5,No,0.0,No,0.0,Yes,1.0,No,0.0,No,0.0,No,0.0,No,0.0,Yes,1.0,No,0.0,No,0.0,No,0.0,No,0.0,No,0.0,No,0.0,No,0.0,No,0.0,No,0.0,No,0.0,No,0.0,No,0.0,Yes,1.0,No,0.0,No,0.0,No,0.0
2058,LTM Limited,,INE214T01019,Technology,INDIA,30.9,10.5,8,5,21,Yes,1.0,No,0.0,Yes,1.0,Yes,1.0,No,0.0,Partial,0.5,No,0.0,Yes,1.0,No,0.0,Partial,0.5,Partial,0.5,No,0.0,No,0.0,No,0.0,No,0.0,Partial,0.5,Partial,0.5,Yes,1.0,No,0.0,Yes,1.0,Yes,1.0,No,0.0,No,0.0,No,0.0,Yes,1.0,No,0.0,No,0.0,No,0.0,No,0.0,No,0.0,No,0.0,No,0.0,No,0.0,No,0.0
1623,LULULEMON ATHLETICA INC.,,US5500211090,Consumer Discretion,UNITED STATES,0.0,0.0,0,0,34,No,0.0,No,0.0,No,0.0,No,0.0,No,0.0,No,0.0,No,0.0,No,0.0,No,0.0,No,0.0,No,0.0,No,0.0,No,0.0,No,0.0,No,0.0,No,0.0,No,0.0,No,0.0,No,0.0,No,0.0,No,0.0,No,0.0,No,0.0,No,0.0,No,0.0,No,0.0,No,0.0,No,0.0,No,0.0,No,0.0,No,0.0,No,0.0,No,0.0,No,0.0
2055,LUMENTUM HOLDINGS INC.,,US55024U1097,Telecommunications,UNITED STATES,8.8,3.0,3,1,30,Yes,1.0,No,0.0,Yes,1.0,Partial,0.0,No,0.0,No,0.0,No,0.0,No,0.0,No,0.0,No,0.0,No,0.0,No,0.0,No,0.0,No,0.0,No,0.0,No,0.0,No,0.0,No,0.0,No,0.0,No,0.0,No,0.0,No,0.0,No,0.0,No,0.0,No,0.0,No,0.0,No,0.0,No,0.0,No,0.0,No,0.0,Yes,1.0,No,0.0,No,0.0,No,0.0
298,Lundin Gold Inc.,,CA5503711080,Basic Materials,CANADA,17.6,6.0,6,0,28,No,0.0,No,0.0,No,0.0,No,0.0,No,0.0,Yes,1.0,No,0.0,Yes,1.0,No,0.0,Yes,1.0,Yes,1.0,Yes,1.0,No,0.0,No,0.0,No,0.0,Yes,1.0,No,0.0,No,0.0,No,0.0,No,0.0,No,0.0,No,0.0,No,0.0,No,0.0,No,0.0,No,0.0,No,0.0,No,0.0,No,0.0,No,0.0,No,0.0,No,0.0,No,0.0,No,0.0
643,Lundin Mining Corporation,,CA5503721063,Basic Materials,CANADA,0.0,0.0,0,0,34,No,0.0,No,0.0,No,0.0,No,0.0,No,0.0,No,0.0,No,0.0,No,0.0,No,0.0,No,0.0,No,0.0,No,0.0,No,0.0,No,0.0,No,0.0,No,0.0,No,0.0,No,0.0,No,0.0,No,0.0,No,0.0,No,0.0,No,0.0,No,0.0,No,0.0,No,0.0,No,0.0,No,0.0,No,0.0,No,0.0,No,0.0,No,0.0,No,0.0,No,0.0
1265,LUPIN LIMITED,,INE326A01037,Health Care,INDIA,2.9,1.0,1,0,33,No,0.0,No,0.0,No,0.0,No,0.0,No,0.0,No,0.0,No,0.0,No,0.0,No,0.0,No,0.0,No,0.0,No,0.0,No,0.0,No,0.0,No,0.0,No,0.0,No,0.0,No,0.0,No,0.0,No,0.0,No,0.0,No,0.0,No,0.0,No,0.0,No,0.0,No,0.0,No,0.0,No,0.0,No,0.0,No,0.0,Yes,1.0,No,0.0,No,0.0,No,0.0
1838,"Luxshare Precision Industry Co., Ltd.",,CNE100000TP3,Consumer Discretion,CHINA,20.6,7.0,7,0,27,No,0.0,No,0.0,No,0.0,No,0.0,No,0.0,Yes,1.0,No,0.0,Yes,1.0,No,0.0,Yes,1.0,No,0.0,No,0.0,No,0.0,No,0.0,No,0.0,Yes,1.0,Yes,1.0,Yes,1.0,Yes,1.0,No,0.0,No,0.0,No,0.0,No,0.0,No,0.0,No,0.0,No,0.0,No,0.0,No,0.0,No,0.0,No,0.0,No,0.0,No,0.0,No,0.0,No,0.0
1266,"Luzhou Laojiao Co.,Ltd",,CNE000000GF2,Consumer Staples,CHINA,0.0,0.0,0,0,34,No,0.0,No,0.0,No,0.0,No,0.0,No,0.0,No,0.0,No,0.0,No,0.0,No,0.0,No,0.0,No,0.0,No,0.0,No,0.0,No,0.0,No,0.0,No,0.0,No,0.0,No,0.0,No,0.0,No,0.0,No,0.0,No,0.0,No,0.0,No,0.0,No,0.0,No,0.0,No,0.0,No,0.0,No,0.0,No,0.0,No,0.0,No,0.0,No,0.0,No,0.0
1247,LVMH MOET HENNESSY LOUIS VUITTON SE,,FR0000121014,Consumer Discretion,FRANCE,23.5,8.0,2,12,20,Partial,0.5,No,0.0,No,0.0,Partial,0.5,No,0.0,Partial,0.5,No,0.0,Partial,0.5,No,0.0,Partial,0.5,Partial,0.5,No,0.0,No,0.0,No,0.0,No,0.0,Partial,0.5,Partial,0.5,No,0.0,No,0.0,Partial,0.5,No,0.0,No,0.0,No,0.0,No,0.0,Yes,1.0,Yes,1.0,No,0.0,Partial,0.5,No,0.0,Partial,0.5,Partial,0.5,No,0.0,No,0.0,No,0.0
660,LY Corporation,,JP3933800009,Technology,JAPAN,38.2,13.0,12,2,20,Yes,1.0,No,0.0,Yes,1.0,Partial,0.5,No,0.0,Yes,1.0,No,0.0,No,0.0,No,0.0,Partial,0.5,No,0.0,No,0.0,No,0.0,No,0.0,Yes,1.0,Yes,1.0,Yes,1.0,Yes,1.0,Yes,1.0,Yes,1.0,No,0.0,No,0.0,No,0.0,No,0.0,Yes,1.0,No,0.0,No,0.0,No,0.0,Yes,1.0,No,0.0,No,0.0,No,0.0,Yes,1.0,No,0.0
261,LYNAS RARE EARTHS LIMITED,,AU000000LYC6,Basic Materials,AUSTRALIA,2.9,1.0,1,0,33,No,0.0,No,0.0,No,0.0,No,0.0,No,0.0,No,0.0,No,0.0,No,0.0,No,0.0,No,0.0,No,0.0,No,0.0,No,0.0,No,0.0,No,0.0,Yes,1.0,No,0.0,No,0.0,No,0.0,No,0.0,No,0.0,No,0.0,No,0.0,No,0.0,No,0.0,No,0.0,No,0.0,No,0.0,No,0.0,No,0.0,No,0.0,No,0.0,No,0.0,No,0.0
1823,LyondellBasell Industries N.V.,,NL0009434992,Basic Materials,UNITED STATES,14.7,5.0,5,0,29,Yes,1.0,No,0.0,No,0.0,Yes,1.0,Yes,1.0,No,0.0,No,0.0,No,0.0,No,0.0,No,0.0,No,0.0,No,0.0,No,0.0,No,0.0,No,0.0,Yes,1.0,No,0.0,No,0.0,No,0.0,No,0.0,No,0.0,No,0.0,No,0.0,No,0.0,No,0.0,No,0.0,No,0.0,No,0.0,No,0.0,No,0.0,Yes,1.0,No,0.0,No,0.0,No,0.0
671,"M3, Inc.",,JP3435750009,Health Care,JAPAN,17.6,6.0,5,2,27,Yes,1.0,No,0.0,No,0.0,No,0.0,No,0.0,Yes,1.0,No,0.0,No,0.0,No,0.0,Partial,0.5,Yes,1.0,No,0.0,Yes,1.0,No,0.0,No,0.0,No,0.0,No,0.0,No,0.0,No,0.0,No,0.0,No,0.0,No,0.0,No,0.0,No,0.0,No,0.0,No,0.0,No,0.0,Partial,0.5,Yes,1.0,No,0.0,No,0.0,No,0.0,No,0.0,No,0.0
635,Mabanee Company KPSC,,KW0EQ0400725,Real Estate,KUWAIT,0.0,0.0,0,0,34,No,0.0,No,0.0,No,0.0,No,0.0,No,0.0,No,0.0,No,0.0,No,0.0,No,0.0,No,0.0,No,0.0,No,0.0,No,0.0,No,0.0,No,0.0,No,0.0,No,0.0,No,0.0,No,0.0,No,0.0,No,0.0,No,0.0,No,0.0,No,0.0,No,0.0,No,0.0,No,0.0,No,0.0,No,0.0,No,0.0,No,0.0,No,0.0,No,0.0,No,0.0
1274,MACQUARIE GROUP LIMITED,,AU000000MQG1,Financials,AUSTRALIA,11.8,4.0,4,0,30,No,0.0,No,0.0,No,0.0,Yes,1.0,No,0.0,Yes,1.0,No,0.0,No,0.0,No,0.0,No,0.0,No,0.0,No,0.0,No,0.0,No,0.0,No,0.0,No,0.0,No,0.0,No,0.0,No,0.0,No,0.0,No,0.0,No,0.0,No,0.0,No,0.0,No,0.0,No,0.0,No,0.0,No,0.0,No,0.0,Yes,1.0,Yes,1.0,No,0.0,No,0.0,No,0.0
10,Magna International Inc.,,CA5592224011,Consumer Discretion,CANADA,41.2,14.0,13,2,19,Yes,1.0,No,0.0,No,0.0,Yes,1.0,Yes,1.0,Yes,1.0,No,0.0,Yes,1.0,No,0.0,Yes,1.0,Yes,1.0,No,0.0,No,0.0,No,0.0,Yes,1.0,Partial,0.5,Partial,0.5,Yes,1.0,Yes,1.0,Yes,1.0,Yes,1.0,No,0.0,No,0.0,No,0.0,No,0.0,No,0.0,No,0.0,No,0.0,No,0.0,No,0.0,Yes,1.0,No,0.0,No,0.0,No,0.0
144,MAHINDRA AND MAHINDRA LIMITED,,INE101A01026,Consumer Discretion,INDIA,35.3,12.0,12,0,22,Yes,1.0,No,0.0,Yes,1.0,Yes,1.0,No,0.0,Yes,1.0,No,0.0,Yes,1.0,No,0.0,Yes,1.0,No,0.0,No,0.0,No,0.0,Yes,1.0,Yes,1.0,No,0.0,No,0.0,Yes,1.0,No,0.0,No,0.0,Yes,1.0,No,0.0,No,0.0,No,0.0,Yes,1.0,No,0.0,No,0.0,Yes,1.0,No,0.0,No,0.0,No,0.0,No,0.0,No,0.0,No,0.0
1275,Makita Corporation,,JP3862400003,Industrials,JAPAN,0.0,0.0,0,0,34,No,0.0,No,0.0,No,0.0,No,0.0,No,0.0,No,0.0,No,0.0,No,0.0,No,0.0,No,0.0,No,0.0,No,0.0,No,0.0,No,0.0,No,0.0,No,0.0,No,0.0,No,0.0,No,0.0,No,0.0,No,0.0,No,0.0,No,0.0,No,0.0,No,0.0,No,0.0,No,0.0,No,0.0,No,0.0,No,0.0,No,0.0,No,0.0,No,0.0,No,0.0
358,Makkah Construction and Development Company SJSC,,SA0007879659,Industrials,SAUDI ARABIA,0.0,0.0,0,0,34,No,0.0,No,0.0,No,0.0,No,0.0,No,0.0,No,0.0,No,0.0,No,0.0,No,0.0,No,0.0,No,0.0,No,0.0,No,0.0,No,0.0,No,0.0,No,0.0,No,0.0,No,0.0,No,0.0,No,0.0,No,0.0,No,0.0,No,0.0,No,0.0,No,0.0,No,0.0,No,0.0,No,0.0,No,0.0,No,0.0,No,0.0,No,0.0,No,0.0,No,0.0
1276,MALAYAN BANKING BERHAD,,MYL1155OO000,Financials,MALAYSIA,13.2,4.5,4,2,28,Partial,0.5,No,0.0,No,0.0,No,0.0,No,0.0,Yes,1.0,No,0.0,Yes,1.0,No,0.0,Yes,1.0,No,0.0,No,0.0,No,0.0,No,0.0,No,0.0,No,0.0,No,0.0,No,0.0,No,0.0,Partial,0.0,No,0.0,No,0.0,No,0.0,No,0.0,Yes,1.0,No,0.0,No,0.0,No,0.0,No,0.0,No,0.0,No,0.0,No,0.0,No,0.0,No,0.0
2028,Mango Excellent Media Co Ltd,,CNE100001Y83,Consumer Discretion,CHINA,17.6,6.0,6,0,28,No,0.0,No,0.0,No,0.0,No,0.0,No,0.0,Yes,1.0,Yes,1.0,Yes,1.0,No,0.0,Yes,1.0,No,0.0,No,0.0,No,0.0,No,0.0,No,0.0,No,0.0,No,0.0,No,0.0,No,0.0,No,0.0,Yes,1.0,No,0.0,No,0.0,No,0.0,No,0.0,No,0.0,No,0.0,No,0.0,Yes,1.0,No,0.0,No,0.0,No,0.0,No,0.0,No,0.0
398,Manila Electric Company,,PHY5764J1483,Utilities,PHILIPPINES,5.9,2.0,2,0,32,No,0.0,No,0.0,No,0.0,No,0.0,No,0.0,No,0.0,No,0.0,Yes,1.0,No,0.0,Yes,1.0,No,0.0,No,0.0,No,0.0,No,0.0,No,0.0,No,0.0,No,0.0,No,0.0,No,0.0,No,0.0,No,0.0,No,0.0,No,0.0,No,0.0,No,0.0,No,0.0,No,0.0,No,0.0,No,0.0,No,0.0,No,0.0,No,0.0,No,0.0,No,0.0
2103,MANKIND PHARMA LIMITED,,INE634S01028,Health Care,INDIA,14.7,5.0,4,2,28,Yes,1.0,No,0.0,No,0.0,No,0.0,No,0.0,Partial,0.5,Yes,1.0,Yes,1.0,No,0.0,Partial,0.5,No,0.0,No,0.0,No,0.0,No,0.0,No,0.0,No,0.0,No,0.0,No,0.0,No,0.0,No,0.0,No,0.0,No,0.0,No,0.0,No,0.0,No,0.0,No,0.0,No,0.0,Yes,1.0,No,0.0,No,0.0,No,0.0,No,0.0,No,0.0,No,0.0
127,MANULIFE FINANCIAL CORPORATION,,CA56501R1064,Financials,CANADA,55.9,19.0,19,0,15,Yes,1.0,Yes,1.0,Yes,1.0,Yes,1.0,No,0.0,Yes,1.0,Yes,1.0,Yes,1.0,Yes,1.0,Yes,1.0,No,0.0,No,0.0,No,0.0,Yes,1.0,Yes,1.0,Yes,1.0,Yes,1.0,Yes,1.0,No,0.0,No,0.0,Yes,1.0,Yes,1.0,Yes,1.0,No,0.0,Yes,1.0,Yes,1.0,No,0.0,No,0.0,No,0.0,No,0.0,No,0.0,No,0.0,No,0.0,No,0.0
148,"MAPFRE, S.A.",,ES0124244E34,Financials,SPAIN,0.0,0.0,0,1,33,No,0.0,No,0.0,No,0.0,No,0.0,Partial,0.0,No,0.0,No,0.0,No,0.0,No,0.0,No,0.0,No,0.0,No,0.0,No,0.0,No,0.0,No,0.0,No,0.0,No,0.0,No,0.0,No,0.0,No,0.0,No,0.0,No,0.0,No,0.0,No,0.0,No,0.0,No,0.0,No,0.0,No,0.0,No,0.0,No,0.0,No,0.0,No,0.0,No,0.0,No,0.0
1869,MARATHON PETROLEUM CORPORATION,,US56585A1025,Energy,UNITED STATES,5.9,2.0,2,0,32,No,0.0,No,0.0,No,0.0,No,0.0,No,0.0,No,0.0,No,0.0,No,0.0,No,0.0,No,0.0,Yes,1.0,No,0.0,No,0.0,No,0.0,No,0.0,No,0.0,No,0.0,No,0.0,No,0.0,No,0.0,No,0.0,No,0.0,No,0.0,No,0.0,No,0.0,No,0.0,No,0.0,No,0.0,No,0.0,No,0.0,Yes,1.0,No,0.0,No,0.0,No,0.0
1277,Marfrig Global Foods S.A.,,BRMBRFACNOR1,Consumer Staples,BRAZIL,0.0,0.0,0,0,34,No,0.0,No,0.0,No,0.0,No,0.0,No,0.0,No,0.0,No,0.0,No,0.0,No,0.0,No,0.0,No,0.0,No,0.0,No,0.0,No,0.0,No,0.0,No,0.0,No,0.0,No,0.0,No,0.0,No,0.0,No,0.0,No,0.0,No,0.0,No,0.0,No,0.0,No,0.0,No,0.0,No,0.0,No,0.0,No,0.0,No,0.0,No,0.0,No,0.0,No,0.0
1763,MARICO LIMITED,,INE196A01026,Consumer Staples,INDIA,2.9,1.0,1,0,33,No,0.0,No,0.0,No,0.0,No,0.0,No,0.0,No,0.0,No,0.0,No,0.0,No,0.0,No,0.0,No,0.0,No,0.0,No,0.0,No,0.0,No,0.0,No,0.0,No,0.0,No,0.0,No,0.0,No,0.0,No,0.0,No,0.0,No,0.0,No,0.0,Yes,1.0,No,0.0,No,0.0,No,0.0,No,0.0,No,0.0,No,0.0,No,0.0,No,0.0,No,0.0
360,Markel Group Inc.,,US5705351048,Financials,UNITED STATES,23.5,8.0,8,0,26,No,0.0,No,0.0,No,0.0,Yes,1.0,No,0.0,Yes,1.0,No,0.0,Yes,1.0,No,0.0,Yes,1.0,No,0.0,No,0.0,No,0.0,No,0.0,No,0.0,Yes,1.0,No,0.0,No,0.0,No,0.0,No,0.0,No,0.0,No,0.0,No,0.0,No,0.0,No,0.0,No,0.0,No,0.0,Yes,1.0,No,0.0,No,0.0,Yes,1.0,No,0.0,Yes,1.0,No,0.0
1279,MARKS AND SPENCER GROUP P.L.C.,,GB0031274896,Consumer Staples,UNITED KINGDOM,17.6,6.0,6,0,28,No,0.0,No,0.0,No,0.0,No,0.0,No,0.0,Yes,1.0,No,0.0,Yes,1.0,No,0.0,Yes,1.0,No,0.0,No,0.0,No,0.0,No,0.0,No,0.0,Yes,1.0,No,0.0,No,0.0,No,0.0,No,0.0,No,0.0,No,0.0,No,0.0,No,0.0,Yes,1.0,No,0.0,No,0.0,Yes,1.0,No,0.0,No,0.0,No,0.0,No,0.0,No,0.0,No,0.0
641,"MARRIOTT INTERNATIONAL, INC.",,US5719032022,Consumer Discretion,UNITED STATES,20.6,7.0,6,3,25,Partial,0.5,No,0.0,Yes,1.0,No,0.0,Partial,0.0,Yes,1.0,No,0.0,Yes,1.0,No,0.0,Partial,0.5,No,0.0,No,0.0,No,0.0,No,0.0,Yes,1.0,Yes,1.0,No,0.0,Yes,1.0,No,0.0,No,0.0,No,0.0,No,0.0,No,0.0,No,0.0,No,0.0,No,0.0,No,0.0,No,0.0,No,0.0,No,0.0,No,0.0,No,0.0,No,0.0,No,0.0
551,"MARSH & MCLENNAN COMPANIES, INC.",,US5717481023,Financials,UNITED STATES,19.1,6.5,6,1,27,No,0.0,No,0.0,No,0.0,Yes,1.0,Yes,1.0,Yes,1.0,No,0.0,Yes,1.0,No,0.0,Partial,0.5,No,0.0,No,0.0,No,0.0,No,0.0,No,0.0,No,0.0,No,0.0,No,0.0,No,0.0,No,0.0,No,0.0,No,0.0,No,0.0,No,0.0,No,0.0,No,0.0,No,0.0,No,0.0,No,0.0,No,0.0,Yes,1.0,No,0.0,Yes,1.0,No,0.0
13,"MARTIN MARIETTA MATERIALS, INC.",,US5732841060,Industrials,UNITED STATES,8.8,3.0,3,0,31,Yes,1.0,No,0.0,No,0.0,No,0.0,No,0.0,No,0.0,No,0.0,Yes,1.0,No,0.0,No,0.0,No,0.0,No,0.0,No,0.0,No,0.0,No,0.0,No,0.0,No,0.0,No,0.0,No,0.0,No,0.0,No,0.0,No,0.0,No,0.0,No,0.0,No,0.0,No,0.0,No,0.0,No,0.0,No,0.0,No,0.0,Yes,1.0,No,0.0,No,0.0,No,0.0
1280,Marubeni Corporation,,JP3877600001,Industrials,JAPAN,7.4,2.5,2,2,30,No,0.0,No,0.0,No,0.0,No,0.0,Partial,0.0,Yes,1.0,No,0.0,Partial,0.5,No,0.0,Yes,1.0,No,0.0,No,0.0,No,0.0,No,0.0,No,0.0,No,0.0,No,0.0,No,0.0,No,0.0,No,0.0,No,0.0,No,0.0,No,0.0,No,0.0,No,0.0,No,0.0,No,0.0,No,0.0,No,0.0,No,0.0,No,0.0,No,0.0,No,0.0,No,0.0
347,MARUTI SUZUKI INDIA LIMITED,,INE585B01010,Consumer Discretion,INDIA,5.9,2.0,2,0,32,Yes,1.0,No,0.0,No,0.0,No,0.0,No,0.0,Yes,1.0,No,0.0,No,0.0,No,0.0,No,0.0,No,0.0,No,0.0,No,0.0,No,0.0,No,0.0,No,0.0,No,0.0,No,0.0,No,0.0,No,0.0,No,0.0,No,0.0,No,0.0,No,0.0,No,0.0,No,0.0,No,0.0,No,0.0,No,0.0,No,0.0,No,0.0,No,0.0,No,0.0,No,0.0
2296,"MARVELL TECHNOLOGY, INC.",,US5738741041,Technology,UNITED STATES,13.2,4.5,4,1,29,No,0.0,No,0.0,No,0.0,Yes,1.0,No,0.0,Yes,1.0,No,0.0,No,0.0,No,0.0,No,0.0,No,0.0,No,0.0,No,0.0,No,0.0,No,0.0,No,0.0,No,0.0,No,0.0,No,0.0,No,0.0,No,0.0,No,0.0,No,0.0,No,0.0,No,0.0,No,0.0,No,0.0,Yes,1.0,No,0.0,No,0.0,Partial,0.5,No,0.0,Yes,1.0,No,0.0
1281,MASCO CORPORATION,,US5745991068,Industrials,UNITED STATES,2.9,1.0,1,0,33,No,0.0,No,0.0,No,0.0,No,0.0,No,0.0,No,0.0,No,0.0,No,0.0,No,0.0,No,0.0,No,0.0,No,0.0,No,0.0,No,0.0,No,0.0,No,0.0,No,0.0,No,0.0,No,0.0,No,0.0,No,0.0,No,0.0,No,0.0,No,0.0,No,0.0,No,0.0,No,0.0,No,0.0,No,0.0,No,0.0,Yes,1.0,No,0.0,No,0.0,No,0.0
1282,MASTERCARD INCORPORATED,,US57636Q1040,Industrials,UNITED STATES,33.8,11.5,7,9,18,Yes,1.0,No,0.0,Yes,1.0,Partial,0.5,Partial,0.5,Yes,1.0,No,0.0,Yes,1.0,No,0.0,Yes,1.0,No,0.0,No,0.0,Partial,0.5,No,0.0,No,0.0,Partial,0.5,Partial,0.5,Partial,0.5,Partial,0.5,Yes,1.0,Partial,0.5,No,0.0,No,0.0,No,0.0,Yes,1.0,No,0.0,No,0.0,No,0.0,No,0.0,No,0.0,Partial,0.5,No,0.0,No,0.0,No,0.0
482,MatsukiyoCocokara & Co.,,JP3869010003,Consumer Staples,JAPAN,5.9,2.0,2,0,32,No,0.0,No,0.0,No,0.0,No,0.0,No,0.0,Yes,1.0,No,0.0,No,0.0,No,0.0,Yes,1.0,No,0.0,No,0.0,No,0.0,No,0.0,No,0.0,No,0.0,No,0.0,No,0.0,No,0.0,No,0.0,No,0.0,No,0.0,No,0.0,No,0.0,No,0.0,No,0.0,No,0.0,No,0.0,No,0.0,No,0.0,No,0.0,No,0.0,No,0.0,No,0.0
2102,MAX HEALTHCARE INSTITUTE LIMITED,,INE027H01010,Health Care,INDIA,14.7,5.0,4,2,28,No,0.0,No,0.0,No,0.0,Yes,1.0,No,0.0,Partial,0.5,No,0.0,Yes,1.0,No,0.0,Yes,1.0,No,0.0,No,0.0,No,0.0,No,0.0,No,0.0,No,0.0,No,0.0,No,0.0,No,0.0,No,0.0,Partial,0.5,No,0.0,No,0.0,No,0.0,No,0.0,No,0.0,No,0.0,Yes,1.0,No,0.0,No,0.0,No,0.0,No,0.0,No,0.0,No,0.0
1792,MAXIS BERHAD,,MYL6012OO008,Telecommunications,MALAYSIA,10.3,3.5,3,2,29,Partial,0.5,No,0.0,No,0.0,Partial,0.0,No,0.0,Yes,1.0,No,0.0,No,0.0,No,0.0,No,0.0,No,0.0,No,0.0,No,0.0,No,0.0,No,0.0,No,0.0,No,0.0,No,0.0,No,0.0,No,0.0,No,0.0,No,0.0,No,0.0,No,0.0,Yes,1.0,No,0.0,No,0.0,No,0.0,Yes,1.0,No,0.0,No,0.0,No,0.0,No,0.0,No,0.0
2212,Maxscend Microelectronics Co Ltd,,CNE100003QK4,Technology,CHINA,0.0,0.0,0,0,34,No,0.0,No,0.0,No,0.0,No,0.0,No,0.0,No,0.0,No,0.0,No,0.0,No,0.0,No,0.0,No,0.0,No,0.0,No,0.0,No,0.0,No,0.0,No,0.0,No,0.0,No,0.0,No,0.0,No,0.0,No,0.0,No,0.0,No,0.0,No,0.0,No,0.0,No,0.0,No,0.0,No,0.0,No,0.0,No,0.0,No,0.0,No,0.0,No,0.0,No,0.0
890,MBANK SPOLKA AKCYJNA,,PLBRE0000012,Financials,POLAND,22.1,7.5,7,1,26,Partial,0.5,No,0.0,No,0.0,Yes,1.0,No,0.0,Yes,1.0,No,0.0,Yes,1.0,No,0.0,Yes,1.0,No,0.0,No,0.0,No,0.0,No,0.0,No,0.0,Yes,1.0,Yes,1.0,No,0.0,No,0.0,No,0.0,No,0.0,No,0.0,No,0.0,No,0.0,No,0.0,No,0.0,No,0.0,No,0.0,No,0.0,No,0.0,Yes,1.0,No,0.0,No,0.0,No,0.0
1283,"MCCORMICK & COMPANY, INCORPORATED",,US5797802064,Consumer Staples,UNITED STATES,17.6,6.0,6,0,28,No,0.0,No,0.0,No,0.0,No,0.0,No,0.0,No,0.0,No,0.0,No,0.0,No,0.0,No,0.0,Yes,1.0,No,0.0,No,0.0,Yes,1.0,No,0.0,Yes,1.0,No,0.0,Yes,1.0,No,0.0,No,0.0,Yes,1.0,No,0.0,No,0.0,No,0.0,No,0.0,No,0.0,No,0.0,No,0.0,No,0.0,No,0.0,Yes,1.0,No,0.0,No,0.0,No,0.0
650,MCDONALD'S CORPORATION,,US5801351017,Consumer Discretion,UNITED STATES,2.9,1.0,1,1,32,No,0.0,No,0.0,No,0.0,No,0.0,Partial,0.0,No,0.0,No,0.0,No,0.0,No,0.0,No,0.0,No,0.0,No,0.0,No,0.0,No,0.0,No,0.0,No,0.0,No,0.0,No,0.0,No,0.0,No,0.0,No,0.0,No,0.0,No,0.0,No,0.0,No,0.0,No,0.0,No,0.0,No,0.0,No,0.0,No,0.0,Yes,1.0,No,0.0,No,0.0,No,0.0
653,MCKESSON CORPORATION,,US58155Q1031,Consumer Staples,UNITED STATES,32.4,11.0,11,1,22,Yes,1.0,No,0.0,No,0.0,No,0.0,Partial,0.0,Yes,1.0,No,0.0,No,0.0,No,0.0,Yes,1.0,Yes,1.0,No,0.0,No,0.0,Yes,1.0,No,0.0,Yes,1.0,Yes,1.0,Yes,1.0,No,0.0,No,0.0,No,0.0,No,0.0,No,0.0,No,0.0,Yes,1.0,No,0.0,No,0.0,No,0.0,No,0.0,No,0.0,Yes,1.0,No,0.0,Yes,1.0,No,0.0
773,MediaTek Inc.,,TW0002454006,Technology,TAIWAN,25.0,8.5,8,1,25,Yes,1.0,No,0.0,No,0.0,Yes,1.0,No,0.0,Yes,1.0,No,0.0,Yes,1.0,No,0.0,Yes,1.0,Yes,1.0,No,0.0,No,0.0,No,0.0,No,0.0,Yes,1.0,No,0.0,Yes,1.0,No,0.0,No,0.0,No,0.0,No,0.0,No,0.0,No,0.0,No,0.0,No,0.0,No,0.0,No,0.0,Partial,0.5,No,0.0,No,0.0,No,0.0,No,0.0,No,0.0
1717,MEDIBANK PRIVATE LIMITED,,AU000000MPL3,Financials,AUSTRALIA,30.9,10.5,10,3,21,Partial,0.5,No,0.0,No,0.0,Yes,1.0,No,0.0,Yes,1.0,Yes,1.0,Yes,1.0,No,0.0,Partial,0.0,No,0.0,No,0.0,No,0.0,Partial,0.0,No,0.0,Yes,1.0,Yes,1.0,Yes,1.0,No,0.0,No,0.0,Yes,1.0,Yes,1.0,Yes,1.0,No,0.0,No,0.0,No,0.0,No,0.0,No,0.0,No,0.0,No,0.0,No,0.0,No,0.0,No,0.0,No,0.0
2032,MEDTRONIC PUBLIC LIMITED COMPANY,,IE00BTN1Y115,Health Care,UNITED STATES,23.5,8.0,7,2,25,Yes,1.0,No,0.0,No,0.0,Yes,1.0,Yes,1.0,Yes,1.0,No,0.0,No,0.0,No,0.0,Yes,1.0,Yes,1.0,No,0.0,No,0.0,No,0.0,No,0.0,Partial,0.5,Partial,0.5,No,0.0,No,0.0,No,0.0,No,0.0,No,0.0,No,0.0,No,0.0,No,0.0,No,0.0,No,0.0,No,0.0,No,0.0,No,0.0,Yes,1.0,No,0.0,No,0.0,No,0.0
308,MEGA FINANCIAL HOLDING COMPANY LIMITED,,TW0002886009,Financials,TAIWAN,0.0,0.0,0,0,34,No,0.0,No,0.0,No,0.0,No,0.0,No,0.0,No,0.0,No,0.0,No,0.0,No,0.0,No,0.0,No,0.0,No,0.0,No,0.0,No,0.0,No,0.0,No,0.0,No,0.0,No,0.0,No,0.0,No,0.0,No,0.0,No,0.0,No,0.0,No,0.0,No,0.0,No,0.0,No,0.0,No,0.0,No,0.0,No,0.0,No,0.0,No,0.0,No,0.0,No,0.0
2179,MEITUAN,,KYG596691041,Technology,HONG KONG,16.2,5.5,5,1,28,Partial,0.5,No,0.0,Yes,1.0,No,0.0,No,0.0,Yes,1.0,No,0.0,Yes,1.0,No,0.0,Yes,1.0,No,0.0,No,0.0,No,0.0,No,0.0,No,0.0,No,0.0,No,0.0,No,0.0,No,0.0,No,0.0,No,0.0,No,0.0,Yes,1.0,No,0.0,No,0.0,No,0.0,No,0.0,No,0.0,No,0.0,No,0.0,No,0.0,No,0.0,No,0.0,No,0.0
2092,"MEITU, INC.",,KYG5966D1051,Technology,HONG KONG,35.3,12.0,12,0,22,Yes,1.0,No,0.0,Yes,1.0,No,0.0,No,0.0,Yes,1.0,No,0.0,Yes,1.0,No,0.0,Yes,1.0,No,0.0,No,0.0,No,0.0,Yes,1.0,Yes,1.0,Yes,1.0,Yes,1.0,Yes,1.0,No,0.0,No,0.0,No,0.0,No,0.0,No,0.0,No,0.0,No,0.0,No,0.0,No,0.0,Yes,1.0,Yes,1.0,No,0.0,No,0.0,No,0.0,No,0.0,No,0.0
2068,MELROSE INDUSTRIES PLC,,GB00BNGDN821,Industrials,UNITED KINGDOM,0.0,0.0,0,0,34,No,0.0,No,0.0,No,0.0,No,0.0,No,0.0,No,0.0,No,0.0,No,0.0,No,0.0,No,0.0,No,0.0,No,0.0,No,0.0,No,0.0,No,0.0,No,0.0,No,0.0,No,0.0,No,0.0,No,0.0,No,0.0,No,0.0,No,0.0,No,0.0,No,0.0,No,0.0,No,0.0,No,0.0,No,0.0,No,0.0,No,0.0,No,0.0,No,0.0,No,0.0
790,"MercadoLibre, Inc.",,US58733R1023,Consumer Discretion,UNITED STATES,29.4,10.0,10,0,24,Yes,1.0,No,0.0,Yes,1.0,Yes,1.0,Yes,1.0,Yes,1.0,No,0.0,Yes,1.0,No,0.0,Yes,1.0,No,0.0,No,0.0,No,0.0,No,0.0,No,0.0,No,0.0,No,0.0,No,0.0,No,0.0,No,0.0,Yes,1.0,No,0.0,Yes,1.0,No,0.0,No,0.0,No,0.0,No,0.0,No,0.0,No,0.0,No,0.0,Yes,1.0,No,0.0,No,0.0,No,0.0
1024,Mercedes-Benz Group AG,,DE0007100000,Consumer Discretion,GERMANY,8.8,3.0,3,1,30,No,0.0,No,0.0,No,0.0,Partial,0.0,No,0.0,Yes,1.0,No,0.0,Yes,1.0,No,0.0,No,0.0,No,0.0,No,0.0,No,0.0,No,0.0,No,0.0,No,0.0,No,0.0,No,0.0,No,0.0,No,0.0,No,0.0,No,0.0,No,0.0,No,0.0,No,0.0,Yes,1.0,No,0.0,No,0.0,No,0.0,No,0.0,No,0.0,No,0.0,No,0.0,No,0.0
344,"MERCK & CO., INC.",,US58933Y1055,Health Care,UNITED STATES,8.8,3.0,3,0,31,No,0.0,No,0.0,No,0.0,No,0.0,No,0.0,No,0.0,No,0.0,No,0.0,No,0.0,No,0.0,Yes,1.0,No,0.0,No,0.0,No,0.0,No,0.0,No,0.0,No,0.0,No,0.0,No,0.0,No,0.0,No,0.0,No,0.0,No,0.0,No,0.0,No,0.0,No,0.0,No,0.0,No,0.0,No,0.0,No,0.0,Yes,1.0,No,0.0,Yes,1.0,No,0.0
1284,MERCK Kommanditgesellschaft auf Aktien,,DE0006599905,Health Care,GERMANY,33.8,11.5,11,1,22,Partial,0.5,No,0.0,No,0.0,Yes,1.0,Yes,1.0,Yes,1.0,No,0.0,Yes,1.0,No,0.0,Yes,1.0,No,0.0,No,0.0,No,0.0,No,0.0,No,0.0,Yes,1.0,Yes,1.0,Yes,1.0,No,0.0,No,0.0,Yes,1.0,No,0.0,No,0.0,No,0.0,Yes,1.0,No,0.0,No,0.0,Yes,1.0,No,0.0,No,0.0,No,0.0,No,0.0,No,0.0,No,0.0
1673,MERIDIAN ENERGY LIMITED,,NZMELE0002S7,Utilities,NEW ZEALAND,17.6,6.0,6,0,28,No,0.0,No,0.0,No,0.0,Yes,1.0,No,0.0,Yes,1.0,No,0.0,Yes,1.0,No,0.0,Yes,1.0,No,0.0,No,0.0,No,0.0,No,0.0,No,0.0,Yes,1.0,Yes,1.0,No,0.0,No,0.0,No,0.0,No,0.0,No,0.0,No,0.0,No,0.0,No,0.0,No,0.0,No,0.0,No,0.0,No,0.0,No,0.0,No,0.0,No,0.0,No,0.0,No,0.0
1881,MERITZ FINANCIAL GROUP INC.,,KR7138040001,Financials,SOUTH KOREA,14.7,5.0,5,0,29,Yes,1.0,No,0.0,No,0.0,No,0.0,No,0.0,Yes,1.0,No,0.0,No,0.0,No,0.0,Yes,1.0,No,0.0,No,0.0,No,0.0,No,0.0,No,0.0,No,0.0,No,0.0,No,0.0,No,0.0,No,0.0,No,0.0,No,0.0,Yes,1.0,No,0.0,No,0.0,No,0.0,No,0.0,Yes,1.0,No,0.0,No,0.0,No,0.0,No,0.0,No,0.0,No,0.0
1969,Mesaieed Petrochemical Holding Company Q.P.S.C.,,QA000VSUG130,Basic Materials,QATAR,2.9,1.0,1,0,33,No,0.0,No,0.0,No,0.0,No,0.0,No,0.0,Yes,1.0,No,0.0,No,0.0,No,0.0,No,0.0,No,0.0,No,0.0,No,0.0,No,0.0,No,0.0,No,0.0,No,0.0,No,0.0,No,0.0,No,0.0,No,0.0,No,0.0,No,0.0,No,0.0,No,0.0,No,0.0,No,0.0,No,0.0,No,0.0,No,0.0,No,0.0,No,0.0,No,0.0,No,0.0
1777,Metallurgical Corporation of China Ltd.,,CNE100000FX6,Industrials,CHINA,2.9,1.0,1,0,33,No,0.0,No,0.0,No,0.0,No,0.0,No,0.0,Yes,1.0,No,0.0,No,0.0,No,0.0,No,0.0,No,0.0,No,0.0,No,0.0,No,0.0,No,0.0,No,0.0,No,0.0,No,0.0,No,0.0,No,0.0,No,0.0,No,0.0,No,0.0,No,0.0,No,0.0,No,0.0,No,0.0,No,0.0,No,0.0,No,0.0,No,0.0,No,0.0,No,0.0,No,0.0
1918,"META PLATFORMS, INC.",,US30303M1027,Technology,UNITED STATES,20.6,7.0,7,1,26,Yes,1.0,No,0.0,No,0.0,Yes,1.0,No,0.0,Yes,1.0,No,0.0,No,0.0,No,0.0,No,0.0,Yes,1.0,Yes,1.0,No,0.0,No,0.0,No,0.0,No,0.0,Yes,1.0,Partial,0.0,No,0.0,No,0.0,No,0.0,No,0.0,No,0.0,No,0.0,No,0.0,No,0.0,No,0.0,No,0.0,No,0.0,No,0.0,Yes,1.0,No,0.0,No,0.0,No,0.0
1285,"METLIFE, INC.",,US59156R1086,Financials,UNITED STATES,11.8,4.0,4,0,30,No,0.0,No,0.0,No,0.0,No,0.0,No,0.0,No,0.0,No,0.0,No,0.0,No,0.0,No,0.0,Yes,1.0,No,0.0,No,0.0,No,0.0,No,0.0,Yes,1.0,Yes,1.0,No,0.0,Yes,1.0,No,0.0,No,0.0,No,0.0,No,0.0,No,0.0,No,0.0,No,0.0,No,0.0,No,0.0,No,0.0,No,0.0,No,0.0,No,0.0,No,0.0,No,0.0
1267,METRO INC.,,CA59162N1096,Consumer Staples,CANADA,0.0,0.0,0,0,34,No,0.0,No,0.0,No,0.0,No,0.0,No,0.0,No,0.0,No,0.0,No,0.0,No,0.0,No,0.0,No,0.0,No,0.0,No,0.0,No,0.0,No,0.0,No,0.0,No,0.0,No,0.0,No,0.0,No,0.0,No,0.0,No,0.0,No,0.0,No,0.0,No,0.0,No,0.0,No,0.0,No,0.0,No,0.0,No,0.0,No,0.0,No,0.0,No,0.0,No,0.0
774,Metropolitan Bank & Trust Company,,PHY6028G1361,Financials,PHILIPPINES,32.4,11.0,11,2,21,Yes,1.0,No,0.0,Yes,1.0,Partial,0.0,No,0.0,Yes,1.0,No,0.0,Yes,1.0,No,0.0,Yes,1.0,Yes,1.0,No,0.0,No,0.0,Yes,1.0,No,0.0,Yes,1.0,Yes,1.0,Yes,1.0,No,0.0,Partial,0.0,Yes,1.0,No,0.0,No,0.0,No,0.0,No,0.0,No,0.0,No,0.0,No,0.0,No,0.0,No,0.0,No,0.0,No,0.0,No,0.0,No,0.0
437,Metso Oyj,,FI0009014575,Industrials,FINLAND,11.8,4.0,4,0,30,Yes,1.0,No,0.0,No,0.0,No,0.0,No,0.0,No,0.0,No,0.0,No,0.0,No,0.0,No,0.0,No,0.0,No,0.0,No,0.0,No,0.0,No,0.0,Yes,1.0,Yes,1.0,Yes,1.0,No,0.0,No,0.0,No,0.0,No,0.0,No,0.0,No,0.0,No,0.0,No,0.0,No,0.0,No,0.0,No,0.0,No,0.0,No,0.0,No,0.0,No,0.0,No,0.0
1287,METTLER-TOLEDO INTERNATIONAL INC.,,US5926881054,Industrials,UNITED STATES,14.7,5.0,5,0,29,No,0.0,No,0.0,No,0.0,No,0.0,No,0.0,Yes,1.0,No,0.0,No,0.0,No,0.0,No,0.0,Yes,1.0,No,0.0,No,0.0,Yes,1.0,No,0.0,Yes,1.0,No,0.0,No,0.0,No,0.0,No,0.0,No,0.0,No,0.0,No,0.0,No,0.0,No,0.0,No,0.0,No,0.0,No,0.0,No,0.0,No,0.0,Yes,1.0,No,0.0,No,0.0,No,0.0
2228,M&G PLC,,GB00BKFB1C65,Financials,UNITED KINGDOM,11.8,4.0,4,1,29,No,0.0,No,0.0,No,0.0,Yes,1.0,No,0.0,Yes,1.0,No,0.0,No,0.0,No,0.0,No,0.0,No,0.0,No,0.0,No,0.0,No,0.0,No,0.0,Yes,1.0,Partial,0.0,Yes,1.0,No,0.0,No,0.0,No,0.0,No,0.0,No,0.0,No,0.0,No,0.0,No,0.0,No,0.0,No,0.0,No,0.0,No,0.0,No,0.0,No,0.0,No,0.0,No,0.0
1288,MICROCHIP TECHNOLOGY INCORPORATED,,US5950171042,Technology,UNITED STATES,7.4,2.5,2,2,30,No,0.0,No,0.0,No,0.0,No,0.0,Partial,0.0,Yes,1.0,No,0.0,No,0.0,No,0.0,No,0.0,No,0.0,No,0.0,No,0.0,No,0.0,No,0.0,No,0.0,No,0.0,No,0.0,No,0.0,No,0.0,No,0.0,No,0.0,No,0.0,No,0.0,No,0.0,No,0.0,No,0.0,Yes,1.0,No,0.0,No,0.0,Partial,0.5,No,0.0,No,0.0,No,0.0
1289,"MICRON TECHNOLOGY, INC.",,US5951121038,Technology,UNITED STATES,26.5,9.0,9,1,24,Yes,1.0,No,0.0,No,0.0,Yes,1.0,Partial,0.0,Yes,1.0,No,0.0,No,0.0,No,0.0,No,0.0,Yes,1.0,No,0.0,No,0.0,Yes,1.0,No,0.0,Yes,1.0,Yes,1.0,Yes,1.0,No,0.0,No,0.0,No,0.0,No,0.0,No,0.0,No,0.0,Yes,1.0,No,0.0,No,0.0,No,0.0,No,0.0,No,0.0,No,0.0,No,0.0,No,0.0,No,0.0
553,MICROSOFT CORPORATION,,US5949181045,Technology,UNITED STATES,30.9,10.5,4,14,16,No,0.0,No,0.0,No,0.0,Partial,0.5,Partial,0.0,Partial,0.5,Yes,1.0,Partial,0.5,No,0.0,No,0.0,Partial,0.5,No,0.0,Partial,0.5,Partial,0.5,Partial,0.5,Yes,1.0,Partial,0.5,Partial,0.5,Yes,1.0,Partial,0.5,Partial,0.5,Partial,0.5,No,0.0,No,0.0,No,0.0,No,0.0,No,0.0,No,0.0,No,0.0,Yes,1.0,Partial,0.5,No,0.0,No,0.0,No,0.0
135,"MID-AMERICA APARTMENT COMMUNITIES, INC.",,US59522J1034,Real Estate,UNITED STATES,4.4,1.5,1,1,32,Partial,0.5,No,0.0,No,0.0,No,0.0,No,0.0,No,0.0,No,0.0,No,0.0,No,0.0,No,0.0,No,0.0,No,0.0,No,0.0,No,0.0,No,0.0,No,0.0,No,0.0,No,0.0,No,0.0,No,0.0,No,0.0,No,0.0,No,0.0,No,0.0,No,0.0,No,0.0,No,0.0,No,0.0,No,0.0,No,0.0,Yes,1.0,No,0.0,No,0.0,No,0.0
1727,"Midea Group Co., Ltd.",,CNE100001QQ5,Consumer Discretion,CHINA,11.8,4.0,4,0,30,Yes,1.0,No,0.0,Yes,1.0,No,0.0,No,0.0,Yes,1.0,No,0.0,No,0.0,No,0.0,Yes,1.0,No,0.0,No,0.0,No,0.0,No,0.0,No,0.0,No,0.0,No,0.0,No,0.0,No,0.0,No,0.0,No,0.0,No,0.0,No,0.0,No,0.0,No,0.0,No,0.0,No,0.0,No,0.0,No,0.0,No,0.0,No,0.0,No,0.0,No,0.0,No,0.0
1268,MinebeaMitsumi Inc.,,JP3906000009,Technology,JAPAN,14.7,5.0,5,0,29,Yes,1.0,No,0.0,No,0.0,No,0.0,No,0.0,Yes,1.0,No,0.0,Yes,1.0,No,0.0,Yes,1.0,Yes,1.0,No,0.0,No,0.0,No,0.0,No,0.0,No,0.0,No,0.0,No,0.0,No,0.0,No,0.0,No,0.0,No,0.0,No,0.0,No,0.0,No,0.0,No,0.0,No,0.0,No,0.0,No,0.0,No,0.0,No,0.0,No,0.0,No,0.0,No,0.0
2273,MINISO GROUP HOLDING LIMITED,,KYG6180F1081,Consumer Discretion,CHINA,11.8,4.0,4,0,30,No,0.0,No,0.0,No,0.0,No,0.0,No,0.0,Yes,1.0,No,0.0,Yes,1.0,No,0.0,Yes,1.0,No,0.0,No,0.0,No,0.0,No,0.0,No,0.0,No,0.0,No,0.0,No,0.0,No,0.0,No,0.0,No,0.0,No,0.0,Yes,1.0,No,0.0,No,0.0,No,0.0,No,0.0,No,0.0,No,0.0,No,0.0,No,0.0,No,0.0,No,0.0,No,0.0
618,MINOR INTERNATIONAL PUBLIC COMPANY LIMITED,,TH0128B10Z09,Consumer Discretion,THAILAND,0.0,0.0,0,0,34,No,0.0,No,0.0,No,0.0,No,0.0,No,0.0,No,0.0,No,0.0,No,0.0,No,0.0,No,0.0,No,0.0,No,0.0,No,0.0,No,0.0,No,0.0,No,0.0,No,0.0,No,0.0,No,0.0,No,0.0,No,0.0,No,0.0,No,0.0,No,0.0,No,0.0,No,0.0,No,0.0,No,0.0,No,0.0,No,0.0,No,0.0,No,0.0,No,0.0,No,0.0
113,"MIRAE ASSET SECURITIES CO.,LTD.",,KR7006800007,Financials,SOUTH KOREA,8.8,3.0,3,0,31,No,0.0,No,0.0,No,0.0,No,0.0,No,0.0,Yes,1.0,No,0.0,Yes,1.0,No,0.0,Yes,1.0,No,0.0,No,0.0,No,0.0,No,0.0,No,0.0,No,0.0,No,0.0,No,0.0,No,0.0,No,0.0,No,0.0,No,0.0,No,0.0,No,0.0,No,0.0,No,0.0,No,0.0,No,0.0,No,0.0,No,0.0,No,0.0,No,0.0,No,0.0,No,0.0
1269,MISC BERHAD,,MYL3816OO005,Industrials,MALAYSIA,2.9,1.0,1,0,33,No,0.0,No,0.0,No,0.0,No,0.0,No,0.0,Yes,1.0,No,0.0,No,0.0,No,0.0,No,0.0,No,0.0,No,0.0,No,0.0,No,0.0,No,0.0,No,0.0,No,0.0,No,0.0,No,0.0,No,0.0,No,0.0,No,0.0,No,0.0,No,0.0,No,0.0,No,0.0,No,0.0,No,0.0,No,0.0,No,0.0,No,0.0,No,0.0,No,0.0,No,0.0
266,Mitsubishi Chemical Group Corporation,,JP3897700005,Basic Materials,JAPAN,5.9,2.0,2,1,31,No,0.0,No,0.0,No,0.0,Partial,0.0,No,0.0,Yes,1.0,No,0.0,No,0.0,No,0.0,Yes,1.0,No,0.0,No,0.0,No,0.0,No,0.0,No,0.0,No,0.0,No,0.0,No,0.0,No,0.0,No,0.0,No,0.0,No,0.0,No,0.0,No,0.0,No,0.0,No,0.0,No,0.0,No,0.0,No,0.0,No,0.0,No,0.0,No,0.0,No,0.0,No,0.0
35,Mitsubishi Corporation,,JP3898400001,Industrials,JAPAN,13.2,4.5,4,2,28,Yes,1.0,No,0.0,No,0.0,No,0.0,No,0.0,Yes,1.0,No,0.0,No,0.0,No,0.0,Partial,0.0,No,0.0,No,0.0,Yes,1.0,No,0.0,No,0.0,No,0.0,No,0.0,No,0.0,No,0.0,No,0.0,No,0.0,No,0.0,No,0.0,No,0.0,Partial,0.5,Yes,1.0,No,0.0,No,0.0,No,0.0,No,0.0,No,0.0,No,0.0,No,0.0,No,0.0
232,Mitsubishi Electric Corporation,,JP3902400005,Industrials,JAPAN,30.9,10.5,8,5,21,Yes,1.0,No,0.0,No,0.0,No,0.0,No,0.0,Yes,1.0,No,0.0,Yes,1.0,No,0.0,Yes,1.0,Yes,1.0,No,0.0,No,0.0,Yes,1.0,Partial,0.5,Partial,0.5,Partial,0.5,Partial,0.5,Yes,1.0,Partial,0.5,No,0.0,No,0.0,No,0.0,No,0.0,Yes,1.0,No,0.0,No,0.0,No,0.0,No,0.0,No,0.0,No,0.0,No,0.0,No,0.0,No,0.0
1292,"Mitsubishi Estate Company, Limited",,JP3899600005,Real Estate,JAPAN,0.0,0.0,0,0,34,No,0.0,No,0.0,No,0.0,No,0.0,No,0.0,No,0.0,No,0.0,No,0.0,No,0.0,No,0.0,No,0.0,No,0.0,No,0.0,No,0.0,No,0.0,No,0.0,No,0.0,No,0.0,No,0.0,No,0.0,No,0.0,No,0.0,No,0.0,No,0.0,No,0.0,No,0.0,No,0.0,No,0.0,No,0.0,No,0.0,No,0.0,No,0.0,No,0.0,No,0.0
513,Mitsubishi HC Capital Inc.,,JP3499800005,Financials,JAPAN,11.8,4.0,4,0,30,No,0.0,No,0.0,No,0.0,No,0.0,No,0.0,No,0.0,No,0.0,No,0.0,No,0.0,No,0.0,Yes,1.0,No,0.0,No,0.0,No,0.0,No,0.0,Yes,1.0,Yes,1.0,No,0.0,No,0.0,Yes,1.0,No,0.0,No,0.0,No,0.0,No,0.0,No,0.0,No,0.0,No,0.0,No,0.0,No,0.0,No,0.0,No,0.0,No,0.0,No,0.0,No,0.0
1293,"Mitsubishi Heavy Industries, Ltd.",,JP3900000005,Industrials,JAPAN,16.2,5.5,5,1,28,Yes,1.0,No,0.0,No,0.0,No,0.0,No,0.0,Yes,1.0,No,0.0,Yes,1.0,No,0.0,Yes,1.0,No,0.0,No,0.0,No,0.0,No,0.0,No,0.0,No,0.0,No,0.0,No,0.0,No,0.0,No,0.0,Partial,0.5,No,0.0,No,0.0,No,0.0,No,0.0,No,0.0,No,0.0,No,0.0,No,0.0,No,0.0,No,0.0,No,0.0,Yes,1.0,No,0.0
1294,"Mitsubishi UFJ Financial Group, Inc.",,JP3902900004,Financials,JAPAN,32.4,11.0,11,1,22,Yes,1.0,No,0.0,No,0.0,Yes,1.0,No,0.0,Yes,1.0,No,0.0,No,0.0,No,0.0,Yes,1.0,No,0.0,No,0.0,No,0.0,Partial,0.0,Yes,1.0,Yes,1.0,Yes,1.0,Yes,1.0,Yes,1.0,Yes,1.0,No,0.0,No,0.0,No,0.0,No,0.0,Yes,1.0,No,0.0,No,0.0,No,0.0,No,0.0,No,0.0,No,0.0,No,0.0,No,0.0,No,0.0
253,"MITSUI & CO., LTD.",,JP3893600001,Industrials,JAPAN,14.7,5.0,5,0,29,Yes,1.0,No,0.0,No,0.0,No,0.0,No,0.0,Yes,1.0,No,0.0,Yes,1.0,No,0.0,No,0.0,No,0.0,No,0.0,No,0.0,No,0.0,No,0.0,Yes,1.0,No,0.0,Yes,1.0,No,0.0,No,0.0,No,0.0,No,0.0,No,0.0,No,0.0,No,0.0,No,0.0,No,0.0,No,0.0,No,0.0,No,0.0,No,0.0,No,0.0,No,0.0,No,0.0
264,"Mitsui Fudosan Co., Ltd.",,JP3893200000,Real Estate,JAPAN,11.8,4.0,4,0,30,Yes,1.0,No,0.0,Yes,1.0,Yes,1.0,No,0.0,Yes,1.0,No,0.0,No,0.0,No,0.0,No,0.0,No,0.0,No,0.0,No,0.0,No,0.0,No,0.0,No,0.0,No,0.0,No,0.0,No,0.0,No,0.0,No,0.0,No,0.0,No,0.0,No,0.0,No,0.0,No,0.0,No,0.0,No,0.0,No,0.0,No,0.0,No,0.0,No,0.0,No,0.0,No,0.0
1295,"Mitsui O.S.K. Lines, Ltd.",,JP3362700001,Industrials,JAPAN,14.7,5.0,5,0,29,Yes,1.0,No,0.0,No,0.0,Yes,1.0,No,0.0,Yes,1.0,No,0.0,Yes,1.0,No,0.0,Yes,1.0,No,0.0,No,0.0,No,0.0,No,0.0,No,0.0,No,0.0,No,0.0,No,0.0,No,0.0,No,0.0,No,0.0,No,0.0,No,0.0,No,0.0,No,0.0,No,0.0,No,0.0,No,0.0,No,0.0,No,0.0,No,0.0,No,0.0,No,0.0,No,0.0
629,MIZRAHI TEFAHOT BANK LTD,,IL0006954379,Financials,ISRAEL,0.0,0.0,0,1,33,No,0.0,No,0.0,No,0.0,No,0.0,No,0.0,No,0.0,No,0.0,No,0.0,No,0.0,No,0.0,No,0.0,No,0.0,No,0.0,No,0.0,No,0.0,No,0.0,No,0.0,No,0.0,Partial,0.0,No,0.0,No,0.0,No,0.0,No,0.0,No,0.0,No,0.0,No,0.0,No,0.0,No,0.0,No,0.0,No,0.0,No,0.0,No,0.0,No,0.0,No,0.0
1296,"Mizuho Financial Group, Inc.",,JP3885780001,Financials,JAPAN,50.0,17.0,17,2,15,Yes,1.0,No,0.0,Yes,1.0,Yes,1.0,Yes,1.0,Yes,1.0,No,0.0,Yes,1.0,No,0.0,Yes,1.0,No,0.0,No,0.0,No,0.0,Partial,0.0,No,0.0,Yes,1.0,Yes,1.0,Yes,1.0,Partial,0.0,Yes,1.0,Yes,1.0,No,0.0,Yes,1.0,No,0.0,Yes,1.0,No,0.0,No,0.0,Yes,1.0,No,0.0,No,0.0,Yes,1.0,No,0.0,Yes,1.0,No,0.0
1291,MMG Limited,,HK1208013172,Basic Materials,HONG KONG,0.0,0.0,0,0,34,No,0.0,No,0.0,No,0.0,No,0.0,No,0.0,No,0.0,No,0.0,No,0.0,No,0.0,No,0.0,No,0.0,No,0.0,No,0.0,No,0.0,No,0.0,No,0.0,No,0.0,No,0.0,No,0.0,No,0.0,No,0.0,No,0.0,No,0.0,No,0.0,No,0.0,No,0.0,No,0.0,No,0.0,No,0.0,No,0.0,No,0.0,No,0.0,No,0.0,No,0.0
1297,MOBILE TELECOMMUNICATIONS COMPANY K.S.C.P,,KW0EQ0601058,Telecommunications,KUWAIT,2.9,1.0,1,0,33,No,0.0,No,0.0,No,0.0,No,0.0,No,0.0,Yes,1.0,No,0.0,No,0.0,No,0.0,No,0.0,No,0.0,No,0.0,No,0.0,No,0.0,No,0.0,No,0.0,No,0.0,No,0.0,No,0.0,No,0.0,No,0.0,No,0.0,No,0.0,No,0.0,No,0.0,No,0.0,No,0.0,No,0.0,No,0.0,No,0.0,No,0.0,No,0.0,No,0.0,No,0.0
1270,MOL Magyar Olaj- es Gazipari Nyilvanosan Mukodo Reszvenytarsasag,,HU0000153937,Energy,HUNGARY,11.8,4.0,4,0,30,No,0.0,No,0.0,No,0.0,No,0.0,No,0.0,Yes,1.0,No,0.0,Yes,1.0,No,0.0,Yes,1.0,No,0.0,No,0.0,No,0.0,No,0.0,No,0.0,No,0.0,No,0.0,No,0.0,No,0.0,No,0.0,No,0.0,No,0.0,Yes,1.0,No,0.0,No,0.0,No,0.0,No,0.0,No,0.0,No,0.0,No,0.0,No,0.0,No,0.0,No,0.0,No,0.0
1904,MONCLER S.P.A.,,IT0004965148,Consumer Discretion,ITALY,0.0,0.0,0,0,34,No,0.0,No,0.0,No,0.0,No,0.0,No,0.0,No,0.0,No,0.0,No,0.0,No,0.0,No,0.0,No,0.0,No,0.0,No,0.0,No,0.0,No,0.0,No,0.0,No,0.0,No,0.0,No,0.0,No,0.0,No,0.0,No,0.0,No,0.0,No,0.0,No,0.0,No,0.0,No,0.0,No,0.0,No,0.0,No,0.0,No,0.0,No,0.0,No,0.0,No,0.0
2303,monday.com Ltd,,IL0011762130,Technology,UNITED STATES,22.1,7.5,7,1,26,No,0.0,No,0.0,No,0.0,No,0.0,No,0.0,Partial,0.5,No,0.0,Yes,1.0,No,0.0,Yes,1.0,No,0.0,No,0.0,No,0.0,No,0.0,No,0.0,Yes,1.0,Yes,1.0,No,0.0,No,0.0,Yes,1.0,No,0.0,No,0.0,No,0.0,No,0.0,Yes,1.0,No,0.0,No,0.0,No,0.0,No,0.0,No,0.0,Yes,1.0,No,0.0,No,0.0,No,0.0
1235,"Mondelez International, Inc.",,US6092071058,Consumer Staples,UNITED STATES,16.2,5.5,5,2,27,No,0.0,No,0.0,No,0.0,Yes,1.0,No,0.0,Yes,1.0,No,0.0,Partial,0.5,No,0.0,Yes,1.0,No,0.0,No,0.0,No,0.0,No,0.0,No,0.0,Partial,0.0,No,0.0,No,0.0,No,0.0,No,0.0,No,0.0,No,0.0,No,0.0,No,0.0,No,0.0,Yes,1.0,No,0.0,Yes,1.0,No,0.0,No,0.0,No,0.0,No,0.0,No,0.0,No,0.0
2083,"MONETA Money Bank, a.s.",,CZ0008040318,Financials,CZECH REPUBLIC,0.0,0.0,0,0,34,No,0.0,No,0.0,No,0.0,No,0.0,No,0.0,No,0.0,No,0.0,No,0.0,No,0.0,No,0.0,No,0.0,No,0.0,No,0.0,No,0.0,No,0.0,No,0.0,No,0.0,No,0.0,No,0.0,No,0.0,No,0.0,No,0.0,No,0.0,No,0.0,No,0.0,No,0.0,No,0.0,No,0.0,No,0.0,No,0.0,No,0.0,No,0.0,No,0.0,No,0.0
2137,"MONGODB, INC.",,US60937P1066,Technology,UNITED STATES,0.0,0.0,0,1,33,No,0.0,No,0.0,No,0.0,No,0.0,Partial,0.0,No,0.0,No,0.0,No,0.0,No,0.0,No,0.0,No,0.0,No,0.0,No,0.0,No,0.0,No,0.0,No,0.0,No,0.0,No,0.0,No,0.0,No,0.0,No,0.0,No,0.0,No,0.0,No,0.0,No,0.0,No,0.0,No,0.0,No,0.0,No,0.0,No,0.0,No,0.0,No,0.0,No,0.0,No,0.0
369,"MONOLITHIC POWER SYSTEMS, INC.",,US6098391054,Technology,UNITED STATES,8.8,3.0,3,0,31,No,0.0,No,0.0,No,0.0,No,0.0,Yes,1.0,Yes,1.0,No,0.0,No,0.0,No,0.0,No,0.0,No,0.0,No,0.0,No,0.0,No,0.0,No,0.0,No,0.0,No,0.0,No,0.0,No,0.0,No,0.0,No,0.0,No,0.0,No,0.0,No,0.0,No,0.0,No,0.0,No,0.0,No,0.0,No,0.0,No,0.0,Yes,1.0,No,0.0,No,0.0,No,0.0
1298,MonotaRO Co Ltd,,JP3922950005,Consumer Discretion,JAPAN,11.8,4.0,4,0,30,No,0.0,No,0.0,Yes,1.0,No,0.0,No,0.0,Yes,1.0,No,0.0,Yes,1.0,No,0.0,Yes,1.0,No,0.0,No,0.0,No,0.0,No,0.0,No,0.0,No,0.0,No,0.0,No,0.0,No,0.0,No,0.0,No,0.0,No,0.0,No,0.0,No,0.0,No,0.0,No,0.0,No,0.0,No,0.0,No,0.0,No,0.0,No,0.0,No,0.0,No,0.0,No,0.0
257,MONSTER BEVERAGE CORPORATION,,US61174X1090,Consumer Staples,UNITED STATES,0.0,0.0,0,0,34,No,0.0,No,0.0,No,0.0,No,0.0,No,0.0,No,0.0,No,0.0,No,0.0,No,0.0,No,0.0,No,0.0,No,0.0,No,0.0,No,0.0,No,0.0,No,0.0,No,0.0,No,0.0,No,0.0,No,0.0,No,0.0,No,0.0,No,0.0,No,0.0,No,0.0,No,0.0,No,0.0,No,0.0,No,0.0,No,0.0,No,0.0,No,0.0,No,0.0,No,0.0
2218,Montage Technology Co Ltd,,CNE100003MN7,Technology,CHINA,17.6,6.0,6,0,28,Yes,1.0,No,0.0,Yes,1.0,No,0.0,No,0.0,Yes,1.0,No,0.0,Yes,1.0,No,0.0,Yes,1.0,No,0.0,No,0.0,No,0.0,No,0.0,No,0.0,Yes,1.0,No,0.0,No,0.0,No,0.0,No,0.0,No,0.0,No,0.0,No,0.0,No,0.0,No,0.0,No,0.0,No,0.0,No,0.0,No,0.0,No,0.0,No,0.0,No,0.0,No,0.0,No,0.0
554,MOODY'S CORPORATION,,US6153691059,Financials,UNITED STATES,36.8,12.5,12,1,21,Yes,1.0,No,0.0,Yes,1.0,Yes,1.0,No,0.0,Partial,0.5,No,0.0,Yes,1.0,No,0.0,Yes,1.0,Yes,1.0,No,0.0,No,0.0,Yes,1.0,No,0.0,Yes,1.0,No,0.0,Yes,1.0,No,0.0,No,0.0,Yes,1.0,No,0.0,No,0.0,No,0.0,Yes,1.0,No,0.0,No,0.0,No,0.0,No,0.0,Yes,1.0,No,0.0,No,0.0,No,0.0,No,0.0
95,MORGAN STANLEY,,US6174464486,Financials,UNITED STATES,32.4,11.0,11,0,23,No,0.0,No,0.0,No,0.0,Yes,1.0,No,0.0,Yes,1.0,No,0.0,Yes,1.0,No,0.0,Yes,1.0,Yes,1.0,Yes,1.0,No,0.0,No,0.0,No,0.0,Yes,1.0,No,0.0,Yes,1.0,No,0.0,No,0.0,No,0.0,Yes,1.0,No,0.0,No,0.0,No,0.0,No,0.0,No,0.0,Yes,1.0,No,0.0,No,0.0,Yes,1.0,No,0.0,No,0.0,No,0.0
105,MOTIVA INFRAESTRUTURA DE MOBILIDADE S.A.,,BRMOTVACNOR7,Industrials,BRAZIL,5.9,2.0,2,1,31,No,0.0,No,0.0,No,0.0,Yes,1.0,No,0.0,No,0.0,No,0.0,No,0.0,No,0.0,No,0.0,No,0.0,No,0.0,No,0.0,No,0.0,No,0.0,No,0.0,No,0.0,No,0.0,No,0.0,No,0.0,No,0.0,No,0.0,No,0.0,No,0.0,Yes,1.0,No,0.0,No,0.0,No,0.0,Partial,0.0,No,0.0,No,0.0,No,0.0,No,0.0,No,0.0
1299,"MOTOROLA SOLUTIONS, INC.",,US6200763075,Telecommunications,UNITED STATES,38.2,13.0,13,0,21,No,0.0,No,0.0,No,0.0,Yes,1.0,Yes,1.0,Yes,1.0,No,0.0,Yes,1.0,No,0.0,No,0.0,Yes,1.0,Yes,1.0,No,0.0,No,0.0,Yes,1.0,Yes,1.0,Yes,1.0,Yes,1.0,Yes,1.0,Yes,1.0,No,0.0,No,0.0,No,0.0,No,0.0,No,0.0,No,0.0,No,0.0,No,0.0,No,0.0,No,0.0,Yes,1.0,No,0.0,No,0.0,No,0.0
1778,Mouwasat Medical Services Company SJSC,,SA12C051UH11,Health Care,SAUDI ARABIA,14.7,5.0,4,2,28,Partial,0.5,No,0.0,No,0.0,No,0.0,No,0.0,Yes,1.0,No,0.0,Yes,1.0,No,0.0,Yes,1.0,No,0.0,No,0.0,No,0.0,No,0.0,No,0.0,No,0.0,No,0.0,No,0.0,No,0.0,No,0.0,No,0.0,Partial,0.5,No,0.0,No,0.0,No,0.0,No,0.0,No,0.0,No,0.0,Yes,1.0,No,0.0,No,0.0,No,0.0,No,0.0,No,0.0
1278,MOWI ASA,,NO0003054108,Consumer Staples,NORWAY,17.6,6.0,6,0,28,Yes,1.0,No,0.0,No,0.0,No,0.0,No,0.0,Yes,1.0,No,0.0,Yes,1.0,No,0.0,Yes,1.0,No,0.0,No,0.0,No,0.0,No,0.0,No,0.0,No,0.0,No,0.0,No,0.0,No,0.0,No,0.0,Yes,1.0,No,0.0,No,0.0,No,0.0,No,0.0,No,0.0,No,0.0,Yes,1.0,No,0.0,No,0.0,No,0.0,No,0.0,No,0.0,No,0.0
346,MPHASIS LIMITED,,INE356A01018,Technology,INDIA,36.8,12.5,12,1,21,Partial,0.5,No,0.0,Yes,1.0,Yes,1.0,No,0.0,Yes,1.0,No,0.0,Yes,1.0,No,0.0,Yes,1.0,No,0.0,No,0.0,No,0.0,No,0.0,No,0.0,Yes,1.0,Yes,1.0,Yes,1.0,Yes,1.0,Yes,1.0,Yes,1.0,No,0.0,No,0.0,No,0.0,No,0.0,No,0.0,No,0.0,Yes,1.0,No,0.0,No,0.0,No,0.0,No,0.0,No,0.0,No,0.0
2277,MR D.I.Y. GROUP (M) BERHAD,,MYL5296OO008,Consumer Discretion,MALAYSIA,2.9,1.0,1,0,33,Yes,1.0,No,0.0,No,0.0,No,0.0,No,0.0,No,0.0,No,0.0,No,0.0,No,0.0,No,0.0,No,0.0,No,0.0,No,0.0,No,0.0,No,0.0,No,0.0,No,0.0,No,0.0,No,0.0,No,0.0,No,0.0,No,0.0,No,0.0,No,0.0,No,0.0,No,0.0,No,0.0,No,0.0,No,0.0,No,0.0,No,0.0,No,0.0,No,0.0,No,0.0
1272,MRF LIMITED,,INE883A01011,Consumer Discretion,INDIA,0.0,0.0,0,0,34,No,0.0,No,0.0,No,0.0,No,0.0,No,0.0,No,0.0,No,0.0,No,0.0,No,0.0,No,0.0,No,0.0,No,0.0,No,0.0,No,0.0,No,0.0,No,0.0,No,0.0,No,0.0,No,0.0,No,0.0,No,0.0,No,0.0,No,0.0,No,0.0,No,0.0,No,0.0,No,0.0,No,0.0,No,0.0,No,0.0,No,0.0,No,0.0,No,0.0,No,0.0
1628,"MS&AD Insurance Group Holdings, Inc.",,JP3890310000,Financials,JAPAN,32.4,11.0,11,1,22,Yes,1.0,No,0.0,Yes,1.0,Yes,1.0,Partial,0.0,Yes,1.0,No,0.0,Yes,1.0,No,0.0,Yes,1.0,No,0.0,No,0.0,No,0.0,No,0.0,No,0.0,Yes,1.0,Yes,1.0,No,0.0,No,0.0,No,0.0,Yes,1.0,No,0.0,No,0.0,No,0.0,Yes,1.0,No,0.0,No,0.0,Yes,1.0,No,0.0,No,0.0,No,0.0,No,0.0,No,0.0,No,0.0
771,M&T BANK CORPORATION,,US55261F1049,Financials,UNITED STATES,11.8,4.0,4,1,29,No,0.0,No,0.0,No,0.0,Yes,1.0,Partial,0.0,Yes,1.0,No,0.0,Yes,1.0,No,0.0,No,0.0,No,0.0,No,0.0,No,0.0,No,0.0,No,0.0,No,0.0,No,0.0,No,0.0,No,0.0,No,0.0,No,0.0,No,0.0,No,0.0,No,0.0,No,0.0,No,0.0,No,0.0,No,0.0,No,0.0,No,0.0,Yes,1.0,No,0.0,No,0.0,No,0.0
1273,MTN GROUP LIMITED,,ZAE000042164,Telecommunications,SOUTH AFRICA,50.0,17.0,17,0,17,Yes,1.0,No,0.0,Yes,1.0,Yes,1.0,No,0.0,Yes,1.0,No,0.0,Yes,1.0,No,0.0,Yes,1.0,Yes,1.0,No,0.0,No,0.0,No,0.0,Yes,1.0,Yes,1.0,Yes,1.0,Yes,1.0,Yes,1.0,Yes,1.0,Yes,1.0,No,0.0,Yes,1.0,No,0.0,Yes,1.0,No,0.0,No,0.0,Yes,1.0,No,0.0,No,0.0,No,0.0,No,0.0,No,0.0,No,0.0
670,MTR CORPORATION LIMITED,,HK0066009694,Industrials,HONG KONG,11.8,4.0,3,2,29,Yes,1.0,No,0.0,No,0.0,No,0.0,No,0.0,Yes,1.0,No,0.0,Partial,0.5,No,0.0,Yes,1.0,Partial,0.5,No,0.0,No,0.0,No,0.0,No,0.0,No,0.0,No,0.0,No,0.0,No,0.0,No,0.0,No,0.0,No,0.0,No,0.0,No,0.0,No,0.0,No,0.0,No,0.0,No,0.0,No,0.0,No,0.0,No,0.0,No,0.0,No,0.0,No,0.0
206,MTU Aero Engines AG,,DE000A11Q0C4,NA,GERMANY,14.7,5.0,5,0,29,Yes,1.0,No,0.0,No,0.0,No,0.0,No,0.0,Yes,1.0,No,0.0,No,0.0,No,0.0,Yes,1.0,No,0.0,No,0.0,No,0.0,No,0.0,No,0.0,Yes,1.0,No,0.0,No,0.0,No,0.0,No,0.0,No,0.0,No,0.0,No,0.0,No,0.0,Yes,1.0,No,0.0,No,0.0,No,0.0,No,0.0,No,0.0,No,0.0,No,0.0,No,0.0,No,0.0
1300,Muenchener Rueckversicherungs-Gesellschaft Aktiengesellschaft in Muenchen,,DE0008430026,Financials,GERMANY,32.4,11.0,9,4,21,Partial,0.5,No,0.0,Partial,0.5,Yes,1.0,Partial,0.5,Yes,1.0,Yes,1.0,Yes,1.0,No,0.0,Yes,1.0,No,0.0,No,0.0,No,0.0,No,0.0,No,0.0,Yes,1.0,Yes,1.0,Partial,0.5,Yes,1.0,No,0.0,Yes,1.0,No,0.0,No,0.0,No,0.0,No,0.0,No,0.0,No,0.0,No,0.0,No,0.0,No,0.0,No,0.0,No,0.0,No,0.0,No,0.0
697,"Murata Manufacturing Co., Ltd.",,JP3914400001,Technology,JAPAN,20.6,7.0,5,4,25,Partial,0.5,No,0.0,Yes,1.0,No,0.0,No,0.0,Partial,0.5,No,0.0,Partial,0.5,No,0.0,Partial,0.5,No,0.0,No,0.0,No,0.0,No,0.0,No,0.0,Yes,1.0,Yes,1.0,No,0.0,Yes,1.0,No,0.0,No,0.0,No,0.0,No,0.0,No,0.0,Yes,1.0,No,0.0,No,0.0,No,0.0,No,0.0,No,0.0,No,0.0,No,0.0,No,0.0,No,0.0
1880,MUTHOOT FINANCE LIMITED,,INE414G01012,Financials,INDIA,8.8,3.0,3,0,31,No,0.0,No,0.0,No,0.0,No,0.0,No,0.0,Yes,1.0,No,0.0,Yes,1.0,No,0.0,Yes,1.0,No,0.0,No,0.0,No,0.0,No,0.0,No,0.0,No,0.0,No,0.0,No,0.0,No,0.0,No,0.0,No,0.0,No,0.0,No,0.0,No,0.0,No,0.0,No,0.0,No,0.0,No,0.0,No,0.0,No,0.0,No,0.0,No,0.0,No,0.0,No,0.0
1983,"Muyuan Foods Co., Ltd.",,CNE100001RQ3,Consumer Staples,CHINA,16.2,5.5,5,1,28,No,0.0,No,0.0,No,0.0,No,0.0,No,0.0,Yes,1.0,No,0.0,Yes,1.0,No,0.0,Yes,1.0,No,0.0,No,0.0,No,0.0,No,0.0,No,0.0,Yes,1.0,Yes,1.0,No,0.0,No,0.0,No,0.0,No,0.0,No,0.0,No,0.0,No,0.0,No,0.0,No,0.0,No,0.0,Partial,0.5,No,0.0,No,0.0,No,0.0,No,0.0,No,0.0,No,0.0
624,NAN YA PLASTICS CORPORATION,,TW0001303006,Basic Materials,TAIWAN,14.7,5.0,5,0,29,Yes,1.0,No,0.0,No,0.0,No,0.0,No,0.0,Yes,1.0,No,0.0,Yes,1.0,No,0.0,No,0.0,No,0.0,No,0.0,No,0.0,No,0.0,No,0.0,No,0.0,No,0.0,Yes,1.0,No,0.0,No,0.0,Yes,1.0,No,0.0,No,0.0,No,0.0,No,0.0,No,0.0,No,0.0,No,0.0,No,0.0,No,0.0,No,0.0,No,0.0,No,0.0,No,0.0
100,"NARI Technology Co., Ltd.",,CNE000001G38,Industrials,CHINA,0.0,0.0,0,0,34,No,0.0,No,0.0,No,0.0,No,0.0,No,0.0,No,0.0,No,0.0,No,0.0,No,0.0,No,0.0,No,0.0,No,0.0,No,0.0,No,0.0,No,0.0,No,0.0,No,0.0,No,0.0,No,0.0,No,0.0,No,0.0,No,0.0,No,0.0,No,0.0,No,0.0,No,0.0,No,0.0,No,0.0,No,0.0,No,0.0,No,0.0,No,0.0,No,0.0,No,0.0
789,"NASDAQ, INC.",,US6311031081,Financials,UNITED STATES,11.8,4.0,3,3,28,No,0.0,No,0.0,Yes,1.0,Partial,0.5,Partial,0.0,Yes,1.0,No,0.0,Yes,1.0,No,0.0,Partial,0.5,No,0.0,No,0.0,No,0.0,No,0.0,No,0.0,No,0.0,No,0.0,No,0.0,No,0.0,No,0.0,No,0.0,No,0.0,No,0.0,No,0.0,No,0.0,No,0.0,No,0.0,No,0.0,No,0.0,No,0.0,No,0.0,No,0.0,No,0.0,No,0.0
1313,NASPERS LIMITED,,ZAE000351946,Technology,SOUTH AFRICA,50.0,17.0,16,3,15,Yes,1.0,No,0.0,Yes,1.0,No,0.0,No,0.0,Yes,1.0,No,0.0,Yes,1.0,No,0.0,Yes,1.0,Yes,1.0,No,0.0,No,0.0,Partial,0.0,Yes,1.0,Partial,0.5,Partial,0.5,Yes,1.0,Yes,1.0,Yes,1.0,Yes,1.0,Yes,1.0,No,0.0,No,0.0,Yes,1.0,Yes,1.0,No,0.0,No,0.0,Yes,1.0,No,0.0,No,0.0,No,0.0,Yes,1.0,No,0.0
2053,"NATERA, INC.",,US6323071042,Health Care,UNITED STATES,2.9,1.0,1,0,33,No,0.0,No,0.0,No,0.0,No,0.0,No,0.0,No,0.0,No,0.0,No,0.0,No,0.0,No,0.0,No,0.0,No,0.0,No,0.0,No,0.0,No,0.0,No,0.0,No,0.0,No,0.0,No,0.0,No,0.0,No,0.0,No,0.0,No,0.0,No,0.0,No,0.0,No,0.0,No,0.0,Yes,1.0,No,0.0,No,0.0,No,0.0,No,0.0,No,0.0,No,0.0
1314,NATIONAL AUSTRALIA BANK LIMITED,,AU000000NAB4,Financials,AUSTRALIA,41.2,14.0,14,0,20,Yes,1.0,No,0.0,No,0.0,Yes,1.0,No,0.0,Yes,1.0,Yes,1.0,Yes,1.0,No,0.0,Yes,1.0,No,0.0,No,0.0,Yes,1.0,No,0.0,No,0.0,Yes,1.0,Yes,1.0,Yes,1.0,No,0.0,No,0.0,Yes,1.0,Yes,1.0,Yes,1.0,No,0.0,Yes,1.0,No,0.0,No,0.0,No,0.0,No,0.0,No,0.0,No,0.0,No,0.0,No,0.0,No,0.0
555,NATIONAL BANK OF CANADA,,CA6330671034,Financials,CANADA,10.3,3.5,3,1,30,No,0.0,No,0.0,No,0.0,No,0.0,No,0.0,Yes,1.0,No,0.0,Yes,1.0,No,0.0,No,0.0,No,0.0,No,0.0,No,0.0,No,0.0,No,0.0,No,0.0,No,0.0,No,0.0,No,0.0,No,0.0,No,0.0,No,0.0,No,0.0,No,0.0,No,0.0,No,0.0,No,0.0,No,0.0,Partial,0.5,No,0.0,Yes,1.0,No,0.0,No,0.0,No,0.0
455,NATIONAL BANK OF GREECE S.A.,,GRS003003035,Financials,GREECE,17.6,6.0,6,0,28,No,0.0,No,0.0,No,0.0,No,0.0,Yes,1.0,Yes,1.0,No,0.0,Yes,1.0,No,0.0,No,0.0,No,0.0,No,0.0,No,0.0,No,0.0,No,0.0,Yes,1.0,Yes,1.0,No,0.0,No,0.0,No,0.0,No,0.0,No,0.0,No,0.0,No,0.0,Yes,1.0,No,0.0,No,0.0,No,0.0,No,0.0,No,0.0,No,0.0,No,0.0,No,0.0,No,0.0
402,National Bank of Kuwait S.A.K.P.,,KW0EQ0100010,Financials,KUWAIT,23.5,8.0,7,2,25,Yes,1.0,No,0.0,Yes,1.0,No,0.0,No,0.0,Yes,1.0,No,0.0,Yes,1.0,No,0.0,Yes,1.0,No,0.0,No,0.0,No,0.0,No,0.0,No,0.0,Partial,0.5,No,0.0,No,0.0,No,0.0,No,0.0,No,0.0,No,0.0,No,0.0,No,0.0,Partial,0.5,Yes,1.0,No,0.0,Yes,1.0,No,0.0,No,0.0,No,0.0,No,0.0,No,0.0,No,0.0
558,NATIONAL GRID PLC,,GB00BDR05C01,Utilities,UNITED KINGDOM,10.3,3.5,3,1,30,No,0.0,No,0.0,No,0.0,No,0.0,No,0.0,Yes,1.0,No,0.0,Yes,1.0,No,0.0,Partial,0.5,No,0.0,No,0.0,No,0.0,No,0.0,No,0.0,No,0.0,No,0.0,No,0.0,No,0.0,No,0.0,No,0.0,No,0.0,No,0.0,No,0.0,No,0.0,No,0.0,No,0.0,Yes,1.0,No,0.0,No,0.0,No,0.0,No,0.0,No,0.0,No,0.0
2244,"National Silicon Industry Group Co., Ltd.",,CNE1000040F5,Technology,CHINA,0.0,0.0,0,0,34,No,0.0,No,0.0,No,0.0,No,0.0,No,0.0,No,0.0,No,0.0,No,0.0,No,0.0,No,0.0,No,0.0,No,0.0,No,0.0,No,0.0,No,0.0,No,0.0,No,0.0,No,0.0,No,0.0,No,0.0,No,0.0,No,0.0,No,0.0,No,0.0,No,0.0,No,0.0,No,0.0,No,0.0,No,0.0,No,0.0,No,0.0,No,0.0,No,0.0,No,0.0
744,"Naturgy Energy Group, S.A.",,ES0116870314,Utilities,SPAIN,20.6,7.0,6,2,26,Yes,1.0,No,0.0,Yes,1.0,No,0.0,No,0.0,Partial,0.5,No,0.0,No,0.0,No,0.0,Partial,0.5,No,0.0,No,0.0,No,0.0,No,0.0,No,0.0,Yes,1.0,No,0.0,No,0.0,No,0.0,No,0.0,No,0.0,No,0.0,No,0.0,No,0.0,Yes,1.0,Yes,1.0,No,0.0,Yes,1.0,No,0.0,No,0.0,No,0.0,No,0.0,No,0.0,No,0.0
1414,NATWEST GROUP PLC,,GB00BM8PJY71,Financials,UNITED KINGDOM,51.5,17.5,17,1,16,Yes,1.0,No,0.0,Yes,1.0,Yes,1.0,No,0.0,Yes,1.0,No,0.0,Yes,1.0,No,0.0,Yes,1.0,Partial,0.5,No,0.0,No,0.0,No,0.0,No,0.0,Yes,1.0,Yes,1.0,Yes,1.0,No,0.0,Yes,1.0,Yes,1.0,Yes,1.0,No,0.0,No,0.0,Yes,1.0,No,0.0,Yes,1.0,Yes,1.0,No,0.0,No,0.0,Yes,1.0,No,0.0,Yes,1.0,No,0.0
1745,"NAURA Technology Group Co., Ltd.",,CNE100000ML7,Technology,CHINA,0.0,0.0,0,0,34,No,0.0,No,0.0,No,0.0,No,0.0,No,0.0,No,0.0,No,0.0,No,0.0,No,0.0,No,0.0,No,0.0,No,0.0,No,0.0,No,0.0,No,0.0,No,0.0,No,0.0,No,0.0,No,0.0,No,0.0,No,0.0,No,0.0,No,0.0,No,0.0,No,0.0,No,0.0,No,0.0,No,0.0,No,0.0,No,0.0,No,0.0,No,0.0,No,0.0,No,0.0
1304,NAVER Corporation,,KR7035420009,Technology,SOUTH KOREA,26.5,9.0,9,0,25,No,0.0,No,0.0,No,0.0,No,0.0,No,0.0,Yes,1.0,No,0.0,Yes,1.0,No,0.0,Yes,1.0,No,0.0,No,0.0,No,0.0,No,0.0,No,0.0,Yes,1.0,Yes,1.0,Yes,1.0,No,0.0,No,0.0,No,0.0,No,0.0,No,0.0,No,0.0,No,0.0,No,0.0,No,0.0,Yes,1.0,Yes,1.0,Yes,1.0,No,0.0,No,0.0,No,0.0,No,0.0
1885,Nebius Group N.V.,,NL0009805522,Technology,UNITED STATES,17.6,6.0,4,5,25,Partial,0.5,No,0.0,Partial,0.5,No,0.0,Partial,0.0,Partial,0.5,No,0.0,Yes,1.0,No,0.0,Partial,0.5,No,0.0,No,0.0,No,0.0,No,0.0,No,0.0,No,0.0,No,0.0,No,0.0,No,0.0,No,0.0,No,0.0,No,0.0,No,0.0,No,0.0,No,0.0,No,0.0,No,0.0,Yes,1.0,Yes,1.0,No,0.0,Yes,1.0,No,0.0,No,0.0,No,0.0
1381,Nebras Energy,,QA0006929812,Utilities,QATAR,0.0,0.0,0,0,34,No,0.0,No,0.0,No,0.0,No,0.0,No,0.0,No,0.0,No,0.0,No,0.0,No,0.0,No,0.0,No,0.0,No,0.0,No,0.0,No,0.0,No,0.0,No,0.0,No,0.0,No,0.0,No,0.0,No,0.0,No,0.0,No,0.0,No,0.0,No,0.0,No,0.0,No,0.0,No,0.0,No,0.0,No,0.0,No,0.0,No,0.0,No,0.0,No,0.0,No,0.0
560,NEC Corporation,,JP3733000008,Technology,JAPAN,39.7,13.5,13,2,19,Partial,0.5,No,0.0,No,0.0,Yes,1.0,Partial,0.0,Yes,1.0,No,0.0,Yes,1.0,No,0.0,Yes,1.0,No,0.0,No,0.0,No,0.0,Yes,1.0,Yes,1.0,Yes,1.0,Yes,1.0,Yes,1.0,Yes,1.0,Yes,1.0,No,0.0,No,0.0,No,0.0,No,0.0,No,0.0,No,0.0,No,0.0,Yes,1.0,No,0.0,Yes,1.0,No,0.0,No,0.0,No,0.0,No,0.0
1316,Nedbank Group Limited,,ZAE000004875,Financials,SOUTH AFRICA,11.8,4.0,4,1,29,Yes,1.0,No,0.0,No,0.0,No,0.0,No,0.0,Partial,0.0,No,0.0,No,0.0,No,0.0,No,0.0,Yes,1.0,No,0.0,No,0.0,No,0.0,No,0.0,Yes,1.0,Yes,1.0,No,0.0,No,0.0,No,0.0,No,0.0,No,0.0,No,0.0,No,0.0,No,0.0,No,0.0,No,0.0,No,0.0,No,0.0,No,0.0,No,0.0,No,0.0,No,0.0,No,0.0
2099,Nemetschek SE,,DE0006452907,Technology,GERMANY,26.5,9.0,8,3,23,Partial,0.5,No,0.0,No,0.0,Yes,1.0,Partial,0.0,Yes,1.0,No,0.0,Yes,1.0,No,0.0,Yes,1.0,Yes,1.0,No,0.0,Partial,0.5,No,0.0,No,0.0,Yes,1.0,Yes,1.0,No,0.0,Yes,1.0,No,0.0,No,0.0,No,0.0,No,0.0,No,0.0,No,0.0,No,0.0,No,0.0,No,0.0,No,0.0,No,0.0,No,0.0,No,0.0,No,0.0,No,0.0
2355,NEPI ROCKCASTLE N.V.,,NL0015000RT3,Real Estate,SOUTH AFRICA,2.9,1.0,1,0,33,No,0.0,No,0.0,No,0.0,No,0.0,No,0.0,Yes,1.0,No,0.0,No,0.0,No,0.0,No,0.0,No,0.0,No,0.0,No,0.0,No,0.0,No,0.0,No,0.0,No,0.0,No,0.0,No,0.0,No,0.0,No,0.0,No,0.0,No,0.0,No,0.0,No,0.0,No,0.0,No,0.0,No,0.0,No,0.0,No,0.0,No,0.0,No,0.0,No,0.0,No,0.0
1317,Neste Oyj,,FI0009013296,Energy,FINLAND,0.0,0.0,0,0,34,No,0.0,No,0.0,No,0.0,No,0.0,No,0.0,No,0.0,No,0.0,No,0.0,No,0.0,No,0.0,No,0.0,No,0.0,No,0.0,No,0.0,No,0.0,No,0.0,No,0.0,No,0.0,No,0.0,No,0.0,No,0.0,No,0.0,No,0.0,No,0.0,No,0.0,No,0.0,No,0.0,No,0.0,No,0.0,No,0.0,No,0.0,No,0.0,No,0.0,No,0.0
1319,Nestle India Ltd,,INE239A01024,Consumer Staples,INDIA,26.5,9.0,9,1,24,Yes,1.0,No,0.0,No,0.0,Partial,0.0,No,0.0,Yes,1.0,No,0.0,Yes,1.0,No,0.0,Yes,1.0,No,0.0,No,0.0,No,0.0,No,0.0,No,0.0,Yes,1.0,Yes,1.0,Yes,1.0,Yes,1.0,Yes,1.0,No,0.0,No,0.0,No,0.0,No,0.0,No,0.0,No,0.0,No,0.0,No,0.0,No,0.0,No,0.0,No,0.0,No,0.0,No,0.0,No,0.0
1318,NESTLE (MALAYSIA) BERHAD,,MYL4707OO005,Consumer Staples,MALAYSIA,16.2,5.5,5,1,28,No,0.0,No,0.0,No,0.0,Yes,1.0,No,0.0,Yes,1.0,No,0.0,No,0.0,No,0.0,No,0.0,No,0.0,No,0.0,No,0.0,No,0.0,No,0.0,Partial,0.5,Yes,1.0,No,0.0,Yes,1.0,Yes,1.0,No,0.0,No,0.0,No,0.0,No,0.0,No,0.0,No,0.0,No,0.0,No,0.0,No,0.0,No,0.0,No,0.0,No,0.0,No,0.0,No,0.0
563,Nestle S.A.,,CH0038863350,Consumer Staples,SWITZERLAND,20.6,7.0,7,1,26,No,0.0,No,0.0,No,0.0,Partial,0.0,No,0.0,Yes,1.0,No,0.0,Yes,1.0,No,0.0,No,0.0,No,0.0,No,0.0,No,0.0,No,0.0,No,0.0,Yes,1.0,Yes,1.0,Yes,1.0,Yes,1.0,Yes,1.0,No,0.0,No,0.0,No,0.0,No,0.0,No,0.0,No,0.0,No,0.0,No,0.0,No,0.0,No,0.0,No,0.0,No,0.0,No,0.0,No,0.0
579,"NETAPP, INC.",,US64110D1046,Technology,UNITED STATES,5.9,2.0,2,1,31,No,0.0,No,0.0,No,0.0,Yes,1.0,No,0.0,No,0.0,No,0.0,Yes,1.0,No,0.0,No,0.0,No,0.0,No,0.0,No,0.0,Partial,0.0,No,0.0,No,0.0,No,0.0,No,0.0,No,0.0,No,0.0,No,0.0,No,0.0,No,0.0,No,0.0,No,0.0,No,0.0,No,0.0,No,0.0,No,0.0,No,0.0,No,0.0,No,0.0,No,0.0,No,0.0
2324,Netease Cloud Music Inc,,KYG2215N1097,Consumer Discretion,HONG KONG,17.6,6.0,6,0,28,Yes,1.0,No,0.0,Yes,1.0,No,0.0,No,0.0,Yes,1.0,No,0.0,Yes,1.0,No,0.0,Yes,1.0,No,0.0,No,0.0,No,0.0,No,0.0,No,0.0,No,0.0,No,0.0,No,0.0,No,0.0,No,0.0,No,0.0,No,0.0,Yes,1.0,No,0.0,No,0.0,No,0.0,No,0.0,No,0.0,No,0.0,No,0.0,No,0.0,No,0.0,No,0.0,No,0.0
1641,"NETEASE, INC.",,KYG6427A1022,Consumer Discretion,CHINA,0.0,0.0,0,0,34,No,0.0,No,0.0,No,0.0,No,0.0,No,0.0,No,0.0,No,0.0,No,0.0,No,0.0,No,0.0,No,0.0,No,0.0,No,0.0,No,0.0,No,0.0,No,0.0,No,0.0,No,0.0,No,0.0,No,0.0,No,0.0,No,0.0,No,0.0,No,0.0,No,0.0,No,0.0,No,0.0,No,0.0,No,0.0,No,0.0,No,0.0,No,0.0,No,0.0,No,0.0
1320,"NETFLIX, INC.",,US64110L1061,Consumer Discretion,UNITED STATES,5.9,2.0,2,0,32,No,0.0,No,0.0,No,0.0,Yes,1.0,No,0.0,No,0.0,No,0.0,No,0.0,No,0.0,No,0.0,No,0.0,No,0.0,No,0.0,No,0.0,No,0.0,No,0.0,No,0.0,No,0.0,No,0.0,No,0.0,No,0.0,No,0.0,No,0.0,No,0.0,No,0.0,No,0.0,No,0.0,No,0.0,No,0.0,No,0.0,Yes,1.0,No,0.0,No,0.0,No,0.0
1321,"NEUROCRINE BIOSCIENCES, INC.",,US64125C1099,Health Care,UNITED STATES,2.9,1.0,1,0,33,No,0.0,No,0.0,No,0.0,No,0.0,No,0.0,No,0.0,No,0.0,No,0.0,No,0.0,No,0.0,No,0.0,No,0.0,No,0.0,No,0.0,No,0.0,No,0.0,No,0.0,No,0.0,No,0.0,No,0.0,No,0.0,No,0.0,No,0.0,No,0.0,No,0.0,No,0.0,No,0.0,No,0.0,No,0.0,No,0.0,Yes,1.0,No,0.0,No,0.0,No,0.0
1690,NEW CHINA LIFE INSURANCE COMPANY LTD.,,CNE1000019Y0,Financials,CHINA,17.6,6.0,6,1,27,Yes,1.0,No,0.0,No,0.0,No,0.0,Partial,0.0,Yes,1.0,No,0.0,Yes,1.0,No,0.0,Yes,1.0,No,0.0,No,0.0,No,0.0,No,0.0,No,0.0,No,0.0,No,0.0,No,0.0,No,0.0,No,0.0,No,0.0,No,0.0,Yes,1.0,No,0.0,No,0.0,No,0.0,No,0.0,No,0.0,No,0.0,No,0.0,Yes,1.0,No,0.0,No,0.0,No,0.0
637,"New Hope Liuhe Co., Ltd.",,CNE000000VB0,Consumer Staples,CHINA,14.7,5.0,5,0,29,Yes,1.0,No,0.0,No,0.0,No,0.0,No,0.0,Yes,1.0,No,0.0,Yes,1.0,No,0.0,Yes,1.0,No,0.0,No,0.0,No,0.0,No,0.0,No,0.0,No,0.0,No,0.0,No,0.0,No,0.0,No,0.0,No,0.0,No,0.0,No,0.0,No,0.0,No,0.0,No,0.0,No,0.0,Yes,1.0,No,0.0,No,0.0,No,0.0,No,0.0,No,0.0,No,0.0
1323,NEWMONT CORPORATION,,US6516391066,Basic Materials,UNITED STATES,23.5,8.0,8,0,26,No,0.0,No,0.0,No,0.0,No,0.0,No,0.0,Yes,1.0,No,0.0,Yes,1.0,No,0.0,Yes,1.0,Yes,1.0,No,0.0,No,0.0,No,0.0,No,0.0,Yes,1.0,Yes,1.0,Yes,1.0,No,0.0,No,0.0,No,0.0,No,0.0,No,0.0,No,0.0,No,0.0,No,0.0,No,0.0,No,0.0,No,0.0,No,0.0,Yes,1.0,No,0.0,No,0.0,No,0.0
1642,NEW ORIENTAL EDUCATION & TECHNOLOGY GROUP INC.,,KYG6470A1168,Consumer Discretion,CHINA,2.9,1.0,1,0,33,Yes,1.0,No,0.0,No,0.0,No,0.0,No,0.0,No,0.0,No,0.0,No,0.0,No,0.0,No,0.0,No,0.0,No,0.0,No,0.0,No,0.0,No,0.0,No,0.0,No,0.0,No,0.0,No,0.0,No,0.0,No,0.0,No,0.0,No,0.0,No,0.0,No,0.0,No,0.0,No,0.0,No,0.0,No,0.0,No,0.0,No,0.0,No,0.0,No,0.0,No,0.0
1955,NEWS CORPORATION,,US65249B1098,Consumer Discretion,UNITED STATES,20.6,7.0,7,1,26,No,0.0,No,0.0,No,0.0,Partial,0.0,No,0.0,Yes,1.0,No,0.0,Yes,1.0,No,0.0,Yes,1.0,No,0.0,No,0.0,No,0.0,No,0.0,No,0.0,Yes,1.0,Yes,1.0,No,0.0,No,0.0,No,0.0,No,0.0,No,0.0,No,0.0,No,0.0,No,0.0,No,0.0,No,0.0,Yes,1.0,No,0.0,No,0.0,Yes,1.0,No,0.0,No,0.0,No,0.0
2375,Nexchip Semiconductor Corporation,,CNE1000060L1,Technology,CHINA,0.0,0.0,0,0,34,No,0.0,No,0.0,No,0.0,No,0.0,No,0.0,No,0.0,No,0.0,No,0.0,No,0.0,No,0.0,No,0.0,No,0.0,No,0.0,No,0.0,No,0.0,No,0.0,No,0.0,No,0.0,No,0.0,No,0.0,No,0.0,No,0.0,No,0.0,No,0.0,No,0.0,No,0.0,No,0.0,No,0.0,No,0.0,No,0.0,No,0.0,No,0.0,No,0.0,No,0.0
1906,"NEXON Co., Ltd.",,JP3758190007,Consumer Discretion,JAPAN,2.9,1.0,1,0,33,No,0.0,No,0.0,No,0.0,No,0.0,No,0.0,No,0.0,No,0.0,No,0.0,No,0.0,No,0.0,No,0.0,No,0.0,No,0.0,No,0.0,No,0.0,Yes,1.0,No,0.0,No,0.0,No,0.0,No,0.0,No,0.0,No,0.0,No,0.0,No,0.0,No,0.0,No,0.0,No,0.0,No,0.0,No,0.0,No,0.0,No,0.0,No,0.0,No,0.0,No,0.0
1082,"NEXTERA ENERGY, INC.",,US65339F1012,Utilities,UNITED STATES,26.5,9.0,9,0,25,Yes,1.0,No,0.0,Yes,1.0,No,0.0,No,0.0,Yes,1.0,No,0.0,Yes,1.0,No,0.0,Yes,1.0,Yes,1.0,Yes,1.0,No,0.0,No,0.0,No,0.0,No,0.0,No,0.0,No,0.0,No,0.0,No,0.0,No,0.0,No,0.0,Yes,1.0,No,0.0,No,0.0,No,0.0,No,0.0,No,0.0,No,0.0,No,0.0,Yes,1.0,No,0.0,No,0.0,No,0.0
1324,NEXT PLC,,GB0032089863,Consumer Discretion,UNITED KINGDOM,0.0,0.0,0,0,34,No,0.0,No,0.0,No,0.0,No,0.0,No,0.0,No,0.0,No,0.0,No,0.0,No,0.0,No,0.0,No,0.0,No,0.0,No,0.0,No,0.0,No,0.0,No,0.0,No,0.0,No,0.0,No,0.0,No,0.0,No,0.0,No,0.0,No,0.0,No,0.0,No,0.0,No,0.0,No,0.0,No,0.0,No,0.0,No,0.0,No,0.0,No,0.0,No,0.0,No,0.0
1595,"NH INVESTMENT & SECURITIES CO., LTD.",,KR7005940002,Financials,SOUTH KOREA,0.0,0.0,0,0,34,No,0.0,No,0.0,No,0.0,No,0.0,No,0.0,No,0.0,No,0.0,No,0.0,No,0.0,No,0.0,No,0.0,No,0.0,No,0.0,No,0.0,No,0.0,No,0.0,No,0.0,No,0.0,No,0.0,No,0.0,No,0.0,No,0.0,No,0.0,No,0.0,No,0.0,No,0.0,No,0.0,No,0.0,No,0.0,No,0.0,No,0.0,No,0.0,No,0.0,No,0.0
1666,NHPC LIMITED,,INE848E01016,Utilities,INDIA,17.6,6.0,6,0,28,Yes,1.0,No,0.0,No,0.0,No,0.0,No,0.0,Yes,1.0,No,0.0,Yes,1.0,No,0.0,Yes,1.0,No,0.0,No,0.0,No,0.0,No,0.0,No,0.0,No,0.0,No,0.0,No,0.0,No,0.0,No,0.0,Yes,1.0,No,0.0,No,0.0,No,0.0,No,0.0,No,0.0,No,0.0,Yes,1.0,No,0.0,No,0.0,No,0.0,No,0.0,No,0.0,No,0.0
304,NIBE Industrier AB,,SE0015988019,Industrials,SWEDEN,0.0,0.0,0,0,34,No,0.0,No,0.0,No,0.0,No,0.0,No,0.0,No,0.0,No,0.0,No,0.0,No,0.0,No,0.0,No,0.0,No,0.0,No,0.0,No,0.0,No,0.0,No,0.0,No,0.0,No,0.0,No,0.0,No,0.0,No,0.0,No,0.0,No,0.0,No,0.0,No,0.0,No,0.0,No,0.0,No,0.0,No,0.0,No,0.0,No,0.0,No,0.0,No,0.0,No,0.0
1325,NICE LTD,,IL0002730112,Technology,ISRAEL,41.2,14.0,14,0,20,Yes,1.0,No,0.0,No,0.0,Yes,1.0,Yes,1.0,Yes,1.0,No,0.0,Yes,1.0,No,0.0,No,0.0,No,0.0,No,0.0,No,0.0,Yes,1.0,Yes,1.0,Yes,1.0,Yes,1.0,Yes,1.0,Yes,1.0,Yes,1.0,Yes,1.0,No,0.0,No,0.0,No,0.0,No,0.0,No,0.0,No,0.0,No,0.0,No,0.0,No,0.0,Yes,1.0,No,0.0,No,0.0,No,0.0
1305,NIDEC CORPORATION,,JP3734800000,Industrials,JAPAN,8.8,3.0,3,1,30,No,0.0,No,0.0,No,0.0,Partial,0.0,No,0.0,Yes,1.0,No,0.0,Yes,1.0,No,0.0,Yes,1.0,No,0.0,No,0.0,No,0.0,No,0.0,No,0.0,No,0.0,No,0.0,No,0.0,No,0.0,No,0.0,No,0.0,No,0.0,No,0.0,No,0.0,No,0.0,No,0.0,No,0.0,No,0.0,No,0.0,No,0.0,No,0.0,No,0.0,No,0.0,No,0.0
561,"NIKE, INC.",,US6541061031,Consumer Discretion,UNITED STATES,2.9,1.0,1,0,33,No,0.0,No,0.0,No,0.0,No,0.0,No,0.0,No,0.0,No,0.0,No,0.0,No,0.0,No,0.0,No,0.0,No,0.0,No,0.0,No,0.0,No,0.0,No,0.0,No,0.0,No,0.0,No,0.0,No,0.0,No,0.0,No,0.0,No,0.0,No,0.0,No,0.0,No,0.0,No,0.0,No,0.0,No,0.0,No,0.0,Yes,1.0,No,0.0,No,0.0,No,0.0
2295,Ningbo Deye Technology Co Ltd,,CNE1000052S3,Industrials,CHINA,11.8,4.0,4,0,30,No,0.0,No,0.0,Yes,1.0,Yes,1.0,No,0.0,Yes,1.0,No,0.0,No,0.0,No,0.0,No,0.0,No,0.0,No,0.0,No,0.0,No,0.0,No,0.0,No,0.0,No,0.0,No,0.0,No,0.0,No,0.0,No,0.0,No,0.0,No,0.0,No,0.0,No,0.0,No,0.0,No,0.0,Yes,1.0,No,0.0,No,0.0,No,0.0,No,0.0,No,0.0,No,0.0
2011,"NINGBO ORIENT WIRES & CABLES CO.,LTD.",,CNE100001T23,Industrials,CHINA,0.0,0.0,0,0,34,No,0.0,No,0.0,No,0.0,No,0.0,No,0.0,No,0.0,No,0.0,No,0.0,No,0.0,No,0.0,No,0.0,No,0.0,No,0.0,No,0.0,No,0.0,No,0.0,No,0.0,No,0.0,No,0.0,No,0.0,No,0.0,No,0.0,No,0.0,No,0.0,No,0.0,No,0.0,No,0.0,No,0.0,No,0.0,No,0.0,No,0.0,No,0.0,No,0.0,No,0.0
1884,"NINGBO SANXING MEDICAL ELECTRIC Co.,Ltd.",,CNE100001567,Industrials,CHINA,0.0,0.0,0,0,34,No,0.0,No,0.0,No,0.0,No,0.0,No,0.0,No,0.0,No,0.0,No,0.0,No,0.0,No,0.0,No,0.0,No,0.0,No,0.0,No,0.0,No,0.0,No,0.0,No,0.0,No,0.0,No,0.0,No,0.0,No,0.0,No,0.0,No,0.0,No,0.0,No,0.0,No,0.0,No,0.0,No,0.0,No,0.0,No,0.0,No,0.0,No,0.0,No,0.0,No,0.0
2037,"Ningbo Tuopu Group Co., Ltd.",,CNE1000023J3,Consumer Discretion,CHINA,0.0,0.0,0,0,34,No,0.0,No,0.0,No,0.0,No,0.0,No,0.0,No,0.0,No,0.0,No,0.0,No,0.0,No,0.0,No,0.0,No,0.0,No,0.0,No,0.0,No,0.0,No,0.0,No,0.0,No,0.0,No,0.0,No,0.0,No,0.0,No,0.0,No,0.0,No,0.0,No,0.0,No,0.0,No,0.0,No,0.0,No,0.0,No,0.0,No,0.0,No,0.0,No,0.0,No,0.0
1877,"Ningxia Baofeng Energy Group Co., Ltd.",,CNE100003LF5,Basic Materials,CHINA,22.1,7.5,7,1,26,Yes,1.0,Yes,1.0,Yes,1.0,No,0.0,No,0.0,Yes,1.0,No,0.0,Yes,1.0,No,0.0,Partial,0.5,No,0.0,No,0.0,No,0.0,No,0.0,No,0.0,No,0.0,No,0.0,No,0.0,No,0.0,No,0.0,Yes,1.0,Yes,1.0,No,0.0,No,0.0,No,0.0,No,0.0,No,0.0,No,0.0,No,0.0,No,0.0,No,0.0,No,0.0,No,0.0,No,0.0
768,"Nintendo Co., Ltd.",,JP3756600007,Consumer Discretion,JAPAN,0.0,0.0,0,0,34,No,0.0,No,0.0,No,0.0,No,0.0,No,0.0,No,0.0,No,0.0,No,0.0,No,0.0,No,0.0,No,0.0,No,0.0,No,0.0,No,0.0,No,0.0,No,0.0,No,0.0,No,0.0,No,0.0,No,0.0,No,0.0,No,0.0,No,0.0,No,0.0,No,0.0,No,0.0,No,0.0,No,0.0,No,0.0,No,0.0,No,0.0,No,0.0,No,0.0,No,0.0
2177,NIO INC.,,KYG6525F1028,Consumer Discretion,CHINA,11.8,4.0,4,0,30,No,0.0,No,0.0,No,0.0,No,0.0,No,0.0,Yes,1.0,No,0.0,Yes,1.0,No,0.0,Yes,1.0,No,0.0,No,0.0,No,0.0,No,0.0,No,0.0,No,0.0,No,0.0,No,0.0,No,0.0,No,0.0,No,0.0,No,0.0,No,0.0,No,0.0,No,0.0,No,0.0,No,0.0,No,0.0,No,0.0,No,0.0,Yes,1.0,No,0.0,No,0.0,No,0.0
1643,Nippon Building Fund Inc.,,JP3027670003,Real Estate,JAPAN,0.0,0.0,0,0,34,No,0.0,No,0.0,No,0.0,No,0.0,No,0.0,No,0.0,No,0.0,No,0.0,No,0.0,No,0.0,No,0.0,No,0.0,No,0.0,No,0.0,No,0.0,No,0.0,No,0.0,No,0.0,No,0.0,No,0.0,No,0.0,No,0.0,No,0.0,No,0.0,No,0.0,No,0.0,No,0.0,No,0.0,No,0.0,No,0.0,No,0.0,No,0.0,No,0.0,No,0.0
1307,"NIPPON PAINT HOLDINGS CO., LTD.",,JP3749400002,Industrials,JAPAN,2.9,1.0,1,0,33,No,0.0,No,0.0,No,0.0,No,0.0,No,0.0,Yes,1.0,No,0.0,No,0.0,No,0.0,No,0.0,No,0.0,No,0.0,No,0.0,No,0.0,No,0.0,No,0.0,No,0.0,No,0.0,No,0.0,No,0.0,No,0.0,No,0.0,No,0.0,No,0.0,No,0.0,No,0.0,No,0.0,No,0.0,No,0.0,No,0.0,No,0.0,No,0.0,No,0.0,No,0.0
714,NIPPON SANSO HOLDINGS CORPORATION,,JP3711600001,Basic Materials,JAPAN,11.8,4.0,4,0,30,No,0.0,No,0.0,No,0.0,No,0.0,No,0.0,Yes,1.0,No,0.0,Yes,1.0,No,0.0,Yes,1.0,No,0.0,No,0.0,No,0.0,No,0.0,No,0.0,No,0.0,No,0.0,No,0.0,No,0.0,No,0.0,No,0.0,No,0.0,No,0.0,No,0.0,No,0.0,No,0.0,No,0.0,No,0.0,Yes,1.0,No,0.0,No,0.0,No,0.0,No,0.0,No,0.0
1308,NIPPON STEEL CORPORATION,,JP3381000003,Basic Materials,JAPAN,14.7,5.0,5,1,28,No,0.0,No,0.0,No,0.0,No,0.0,Partial,0.0,No,0.0,No,0.0,Yes,1.0,No,0.0,Yes,1.0,No,0.0,No,0.0,No,0.0,No,0.0,No,0.0,Yes,1.0,Yes,1.0,No,0.0,No,0.0,No,0.0,No,0.0,No,0.0,No,0.0,No,0.0,Yes,1.0,No,0.0,No,0.0,No,0.0,No,0.0,No,0.0,No,0.0,No,0.0,No,0.0,No,0.0
272,Nippon Yusen Kabushiki Kaisha,,JP3753000003,Industrials,JAPAN,29.4,10.0,10,1,23,Yes,1.0,Partial,0.0,Yes,1.0,Yes,1.0,No,0.0,Yes,1.0,No,0.0,Yes,1.0,No,0.0,Yes,1.0,No,0.0,No,0.0,No,0.0,No,0.0,No,0.0,Yes,1.0,No,0.0,No,0.0,No,0.0,No,0.0,Yes,1.0,No,0.0,No,0.0,No,0.0,Yes,1.0,No,0.0,No,0.0,Yes,1.0,No,0.0,No,0.0,No,0.0,No,0.0,No,0.0,No,0.0
780,NISOURCE INC.,,US65473P1057,Utilities,UNITED STATES,14.7,5.0,2,6,26,No,0.0,No,0.0,No,0.0,No,0.0,No,0.0,Partial,0.5,No,0.0,Yes,1.0,No,0.0,Partial,0.5,No,0.0,No,0.0,No,0.0,No,0.0,No,0.0,No,0.0,No,0.0,No,0.0,No,0.0,No,0.0,Partial,0.5,Yes,1.0,Partial,0.5,No,0.0,No,0.0,No,0.0,No,0.0,Partial,0.5,No,0.0,No,0.0,Partial,0.5,No,0.0,No,0.0,No,0.0
1309,"NISSAN MOTOR CO., LTD.",,JP3672400003,Consumer Discretion,JAPAN,8.8,3.0,3,0,31,No,0.0,No,0.0,No,0.0,No,0.0,No,0.0,Yes,1.0,No,0.0,Yes,1.0,No,0.0,Yes,1.0,No,0.0,No,0.0,No,0.0,No,0.0,No,0.0,No,0.0,No,0.0,No,0.0,No,0.0,No,0.0,No,0.0,No,0.0,No,0.0,No,0.0,No,0.0,No,0.0,No,0.0,No,0.0,No,0.0,No,0.0,No,0.0,No,0.0,No,0.0,No,0.0
557,"Nitori Holdings Co., Ltd.",,JP3756100008,Consumer Discretion,JAPAN,8.8,3.0,3,0,31,No,0.0,No,0.0,No,0.0,No,0.0,No,0.0,Yes,1.0,No,0.0,Yes,1.0,No,0.0,Yes,1.0,No,0.0,No,0.0,No,0.0,No,0.0,No,0.0,No,0.0,No,0.0,No,0.0,No,0.0,No,0.0,No,0.0,No,0.0,No,0.0,No,0.0,No,0.0,No,0.0,No,0.0,No,0.0,No,0.0,No,0.0,No,0.0,No,0.0,No,0.0,No,0.0
258,NITTO DENKO CORPORATION,,JP3684000007,Basic Materials,JAPAN,0.0,0.0,0,0,34,No,0.0,No,0.0,No,0.0,No,0.0,No,0.0,No,0.0,No,0.0,No,0.0,No,0.0,No,0.0,No,0.0,No,0.0,No,0.0,No,0.0,No,0.0,No,0.0,No,0.0,No,0.0,No,0.0,No,0.0,No,0.0,No,0.0,No,0.0,No,0.0,No,0.0,No,0.0,No,0.0,No,0.0,No,0.0,No,0.0,No,0.0,No,0.0,No,0.0,No,0.0
571,NMDC LIMITED,,INE584A01023,Basic Materials,INDIA,2.9,1.0,1,0,33,No,0.0,No,0.0,No,0.0,No,0.0,No,0.0,Yes,1.0,No,0.0,No,0.0,No,0.0,No,0.0,No,0.0,No,0.0,No,0.0,No,0.0,No,0.0,No,0.0,No,0.0,No,0.0,No,0.0,No,0.0,No,0.0,No,0.0,No,0.0,No,0.0,No,0.0,No,0.0,No,0.0,No,0.0,No,0.0,No,0.0,No,0.0,No,0.0,No,0.0,No,0.0
1948,NN Group N.V.,,NL0010773842,Financials,NETHERLANDS,26.5,9.0,9,0,25,Yes,1.0,No,0.0,No,0.0,Yes,1.0,Yes,1.0,Yes,1.0,No,0.0,Yes,1.0,No,0.0,Yes,1.0,No,0.0,No,0.0,No,0.0,No,0.0,No,0.0,Yes,1.0,Yes,1.0,Yes,1.0,No,0.0,No,0.0,No,0.0,No,0.0,No,0.0,No,0.0,No,0.0,No,0.0,No,0.0,No,0.0,No,0.0,No,0.0,No,0.0,No,0.0,No,0.0,No,0.0
39,Nokia Oyj,,FI0009000681,Telecommunications,FINLAND,25.0,8.5,8,1,25,Partial,0.5,No,0.0,No,0.0,No,0.0,No,0.0,Yes,1.0,No,0.0,No,0.0,No,0.0,No,0.0,Yes,1.0,No,0.0,No,0.0,Yes,1.0,No,0.0,Yes,1.0,Yes,1.0,Yes,1.0,Yes,1.0,No,0.0,No,0.0,No,0.0,No,0.0,No,0.0,No,0.0,No,0.0,No,0.0,No,0.0,No,0.0,Yes,1.0,No,0.0,No,0.0,No,0.0,No,0.0
345,"Nomura Holdings, Inc.",,JP3762600009,Financials,JAPAN,35.3,12.0,11,3,20,Yes,1.0,No,0.0,Yes,1.0,Yes,1.0,No,0.0,Yes,1.0,Partial,0.0,Yes,1.0,No,0.0,Partial,0.5,Yes,1.0,No,0.0,No,0.0,Yes,1.0,No,0.0,Yes,1.0,No,0.0,Yes,1.0,No,0.0,No,0.0,Yes,1.0,No,0.0,Partial,0.5,No,0.0,No,0.0,No,0.0,No,0.0,Yes,1.0,No,0.0,No,0.0,No,0.0,No,0.0,No,0.0,No,0.0
1326,"Nomura Research Institute, Ltd.",,JP3762800005,Technology,JAPAN,20.6,7.0,5,4,25,Partial,0.5,No,0.0,Yes,1.0,Yes,1.0,No,0.0,Partial,0.5,No,0.0,Yes,1.0,No,0.0,No,0.0,No,0.0,No,0.0,No,0.0,No,0.0,No,0.0,Yes,1.0,Partial,0.5,Partial,0.5,No,0.0,No,0.0,No,0.0,No,0.0,No,0.0,No,0.0,Yes,1.0,No,0.0,No,0.0,No,0.0,No,0.0,No,0.0,No,0.0,No,0.0,No,0.0,No,0.0
2268,"NONGFU SPRING CO., LTD.",,CNE100004272,Consumer Staples,CHINA,2.9,1.0,1,0,33,No,0.0,No,0.0,No,0.0,No,0.0,No,0.0,No,0.0,No,0.0,No,0.0,No,0.0,No,0.0,No,0.0,No,0.0,No,0.0,No,0.0,No,0.0,No,0.0,No,0.0,No,0.0,No,0.0,No,0.0,No,0.0,No,0.0,Yes,1.0,No,0.0,No,0.0,No,0.0,No,0.0,No,0.0,No,0.0,No,0.0,No,0.0,No,0.0,No,0.0,No,0.0
1327,Nordea Bank Abp,,FI4000297767,Financials,FINLAND,10.3,3.5,3,2,29,Partial,0.5,No,0.0,No,0.0,Yes,1.0,Partial,0.0,Yes,1.0,No,0.0,No,0.0,No,0.0,No,0.0,No,0.0,No,0.0,No,0.0,No,0.0,No,0.0,No,0.0,No,0.0,No,0.0,No,0.0,No,0.0,No,0.0,No,0.0,No,0.0,No,0.0,Yes,1.0,No,0.0,No,0.0,No,0.0,No,0.0,No,0.0,No,0.0,No,0.0,No,0.0,No,0.0
364,NORDSON CORPORATION,,US6556631025,Industrials,UNITED STATES,2.9,1.0,1,1,32,No,0.0,No,0.0,No,0.0,Partial,0.0,No,0.0,No,0.0,No,0.0,No,0.0,No,0.0,No,0.0,No,0.0,No,0.0,No,0.0,No,0.0,No,0.0,No,0.0,No,0.0,No,0.0,No,0.0,No,0.0,No,0.0,No,0.0,No,0.0,No,0.0,No,0.0,No,0.0,No,0.0,No,0.0,No,0.0,No,0.0,Yes,1.0,No,0.0,No,0.0,No,0.0
1328,NORFOLK SOUTHERN CORPORATION,,US6558441084,Industrials,UNITED STATES,17.6,6.0,6,1,27,Yes,1.0,No,0.0,No,0.0,No,0.0,No,0.0,Yes,1.0,No,0.0,Yes,1.0,No,0.0,Yes,1.0,No,0.0,No,0.0,No,0.0,No,0.0,No,0.0,Yes,1.0,Yes,1.0,Partial,0.0,No,0.0,No,0.0,No,0.0,No,0.0,No,0.0,No,0.0,No,0.0,No,0.0,No,0.0,No,0.0,No,0.0,No,0.0,No,0.0,No,0.0,No,0.0,No,0.0
149,Norsk Hydro ASA,,NO0005052605,Basic Materials,NORWAY,5.9,2.0,2,0,32,Yes,1.0,No,0.0,No,0.0,No,0.0,No,0.0,Yes,1.0,No,0.0,No,0.0,No,0.0,No,0.0,No,0.0,No,0.0,No,0.0,No,0.0,No,0.0,No,0.0,No,0.0,No,0.0,No,0.0,No,0.0,No,0.0,No,0.0,No,0.0,No,0.0,No,0.0,No,0.0,No,0.0,No,0.0,No,0.0,No,0.0,No,0.0,No,0.0,No,0.0,No,0.0
2318,Northam Platinum Holdings Limited,,ZAE000298253,Basic Materials,SOUTH AFRICA,0.0,0.0,0,0,34,No,0.0,No,0.0,No,0.0,No,0.0,No,0.0,No,0.0,No,0.0,No,0.0,No,0.0,No,0.0,No,0.0,No,0.0,No,0.0,No,0.0,No,0.0,No,0.0,No,0.0,No,0.0,No,0.0,No,0.0,No,0.0,No,0.0,No,0.0,No,0.0,No,0.0,No,0.0,No,0.0,No,0.0,No,0.0,No,0.0,No,0.0,No,0.0,No,0.0,No,0.0
1329,NORTHERN STAR RESOURCES LTD,,AU000000NST8,Basic Materials,AUSTRALIA,0.0,0.0,0,0,34,No,0.0,No,0.0,No,0.0,No,0.0,No,0.0,No,0.0,No,0.0,No,0.0,No,0.0,No,0.0,No,0.0,No,0.0,No,0.0,No,0.0,No,0.0,No,0.0,No,0.0,No,0.0,No,0.0,No,0.0,No,0.0,No,0.0,No,0.0,No,0.0,No,0.0,No,0.0,No,0.0,No,0.0,No,0.0,No,0.0,No,0.0,No,0.0,No,0.0,No,0.0
1330,NORTHERN TRUST CORPORATION,,US6658591044,Financials,UNITED STATES,29.4,10.0,10,0,24,Yes,1.0,No,0.0,No,0.0,Yes,1.0,Yes,1.0,Yes,1.0,No,0.0,Yes,1.0,No,0.0,Yes,1.0,Yes,1.0,No,0.0,No,0.0,No,0.0,No,0.0,No,0.0,Yes,1.0,No,0.0,No,0.0,No,0.0,Yes,1.0,No,0.0,No,0.0,No,0.0,No,0.0,No,0.0,No,0.0,No,0.0,No,0.0,No,0.0,Yes,1.0,No,0.0,No,0.0,No,0.0
1331,Northrop Grumman Corporation,,US6668071029,Industrials,UNITED STATES,25.0,8.5,8,2,24,Yes,1.0,No,0.0,Yes,1.0,No,0.0,Partial,0.0,Yes,1.0,No,0.0,No,0.0,No,0.0,No,0.0,No,0.0,No,0.0,No,0.0,Yes,1.0,No,0.0,Yes,1.0,No,0.0,Yes,1.0,No,0.0,Partial,0.5,No,0.0,No,0.0,No,0.0,No,0.0,No,0.0,No,0.0,No,0.0,No,0.0,No,0.0,Yes,1.0,Yes,1.0,No,0.0,No,0.0,No,0.0
352,NOVA LTD,,IL0010845571,Technology,ISRAEL,17.6,6.0,6,1,27,Yes,1.0,No,0.0,Yes,1.0,No,0.0,Partial,0.0,Yes,1.0,No,0.0,Yes,1.0,No,0.0,Yes,1.0,No,0.0,No,0.0,No,0.0,No,0.0,No,0.0,No,0.0,No,0.0,No,0.0,No,0.0,No,0.0,No,0.0,No,0.0,No,0.0,No,0.0,No,0.0,No,0.0,No,0.0,No,0.0,No,0.0,No,0.0,Yes,1.0,No,0.0,No,0.0,No,0.0
565,Novartis AG,,CH0012005267,Health Care,SWITZERLAND,22.1,7.5,6,4,24,Partial,0.5,No,0.0,Partial,0.5,No,0.0,No,0.0,Yes,1.0,No,0.0,Yes,1.0,No,0.0,Partial,0.5,Yes,1.0,No,0.0,No,0.0,No,0.0,No,0.0,No,0.0,No,0.0,No,0.0,No,0.0,No,0.0,No,0.0,No,0.0,No,0.0,No,0.0,Yes,1.0,No,0.0,Partial,0.0,Yes,1.0,No,0.0,Yes,1.0,No,0.0,No,0.0,No,0.0,No,0.0
756,Novatek Microelectronics Corporation,,TW0003034005,Technology,TAIWAN,0.0,0.0,0,0,34,No,0.0,No,0.0,No,0.0,No,0.0,No,0.0,No,0.0,No,0.0,No,0.0,No,0.0,No,0.0,No,0.0,No,0.0,No,0.0,No,0.0,No,0.0,No,0.0,No,0.0,No,0.0,No,0.0,No,0.0,No,0.0,No,0.0,No,0.0,No,0.0,No,0.0,No,0.0,No,0.0,No,0.0,No,0.0,No,0.0,No,0.0,No,0.0,No,0.0,No,0.0
338,NOVO NORDISK A/S,,DK0062498333,Health Care,DENMARK,35.3,12.0,12,0,22,Yes,1.0,No,0.0,No,0.0,No,0.0,No,0.0,Yes,1.0,No,0.0,Yes,1.0,No,0.0,Yes,1.0,Yes,1.0,No,0.0,No,0.0,No,0.0,No,0.0,Yes,1.0,Yes,1.0,Yes,1.0,Yes,1.0,Yes,1.0,No,0.0,No,0.0,No,0.0,No,0.0,Yes,1.0,No,0.0,No,0.0,Yes,1.0,No,0.0,No,0.0,No,0.0,No,0.0,No,0.0,No,0.0
781,NOVOZYMES A/S,,DK0060336014,Health Care,DENMARK,5.9,2.0,2,0,32,Yes,1.0,No,0.0,No,0.0,No,0.0,No,0.0,No,0.0,No,0.0,No,0.0,No,0.0,No,0.0,No,0.0,No,0.0,No,0.0,No,0.0,No,0.0,No,0.0,No,0.0,No,0.0,No,0.0,No,0.0,No,0.0,No,0.0,No,0.0,No,0.0,No,0.0,No,0.0,No,0.0,Yes,1.0,No,0.0,No,0.0,No,0.0,No,0.0,No,0.0,No,0.0
1310,"NRG ENERGY, INC.",,US6293775085,Utilities,UNITED STATES,23.5,8.0,8,0,26,Yes,1.0,No,0.0,No,0.0,No,0.0,No,0.0,Yes,1.0,No,0.0,Yes,1.0,No,0.0,Yes,1.0,No,0.0,No,0.0,No,0.0,No,0.0,No,0.0,No,0.0,No,0.0,No,0.0,No,0.0,No,0.0,Yes,1.0,No,0.0,Yes,1.0,No,0.0,Yes,1.0,No,0.0,No,0.0,Yes,1.0,No,0.0,No,0.0,No,0.0,No,0.0,No,0.0,No,0.0
1311,NTPC LIMITED,,INE733E01010,Utilities,INDIA,8.8,3.0,3,0,31,No,0.0,No,0.0,No,0.0,No,0.0,No,0.0,Yes,1.0,No,0.0,Yes,1.0,No,0.0,Yes,1.0,No,0.0,No,0.0,No,0.0,No,0.0,No,0.0,No,0.0,No,0.0,No,0.0,No,0.0,No,0.0,No,0.0,No,0.0,No,0.0,No,0.0,No,0.0,No,0.0,No,0.0,No,0.0,No,0.0,No,0.0,No,0.0,No,0.0,No,0.0,No,0.0
234,"NTT, Inc.",,JP3735400008,Telecommunications,JAPAN,30.9,10.5,10,1,23,Yes,1.0,No,0.0,Yes,1.0,No,0.0,Yes,1.0,Yes,1.0,No,0.0,No,0.0,No,0.0,No,0.0,No,0.0,No,0.0,No,0.0,Yes,1.0,Yes,1.0,Yes,1.0,Partial,0.5,Yes,1.0,Yes,1.0,No,0.0,No,0.0,No,0.0,No,0.0,No,0.0,No,0.0,No,0.0,No,0.0,No,0.0,No,0.0,Yes,1.0,No,0.0,No,0.0,No,0.0,No,0.0
1332,NUCOR CORPORATION,,US6703461052,Basic Materials,UNITED STATES,10.3,3.5,3,1,30,No,0.0,No,0.0,No,0.0,No,0.0,No,0.0,Partial,0.5,No,0.0,Yes,1.0,No,0.0,Yes,1.0,No,0.0,No,0.0,No,0.0,No,0.0,No,0.0,No,0.0,No,0.0,No,0.0,No,0.0,No,0.0,No,0.0,No,0.0,No,0.0,No,0.0,No,0.0,No,0.0,No,0.0,Yes,1.0,No,0.0,No,0.0,No,0.0,No,0.0,No,0.0,No,0.0
2321,Nu Holdings Ltd.,,KYG6683N1034,Financials,UNITED STATES,23.5,8.0,8,1,25,No,0.0,No,0.0,Yes,1.0,No,0.0,Yes,1.0,Yes,1.0,No,0.0,Yes,1.0,No,0.0,No,0.0,Yes,1.0,No,0.0,No,0.0,Partial,0.0,No,0.0,Yes,1.0,Yes,1.0,No,0.0,No,0.0,No,0.0,Yes,1.0,No,0.0,No,0.0,No,0.0,No,0.0,No,0.0,No,0.0,No,0.0,No,0.0,No,0.0,No,0.0,No,0.0,No,0.0,No,0.0
2149,Nutrien Ltd.,,CA67077M1086,Basic Materials,CANADA,17.6,6.0,6,1,27,No,0.0,No,0.0,No,0.0,Yes,1.0,Partial,0.0,Yes,1.0,No,0.0,Yes,1.0,No,0.0,Yes,1.0,No,0.0,No,0.0,No,0.0,No,0.0,No,0.0,No,0.0,No,0.0,No,0.0,No,0.0,No,0.0,Yes,1.0,No,0.0,No,0.0,No,0.0,No,0.0,No,0.0,No,0.0,No,0.0,No,0.0,No,0.0,Yes,1.0,No,0.0,No,0.0,No,0.0
1312,NVIDIA CORPORATION,,US67066G1040,Technology,UNITED STATES,33.8,11.5,8,8,18,Partial,0.5,No,0.0,Partial,0.5,No,0.0,Partial,0.0,Yes,1.0,No,0.0,Yes,1.0,No,0.0,No,0.0,Partial,0.5,No,0.0,No,0.0,Yes,1.0,Yes,1.0,Partial,0.5,Partial,0.5,Yes,1.0,Partial,0.5,No,0.0,Yes,1.0,No,0.0,No,0.0,No,0.0,No,0.0,No,0.0,No,0.0,No,0.0,Yes,1.0,Yes,1.0,Partial,0.5,No,0.0,No,0.0,No,0.0
172,"NVR, Inc.",,US62944T1051,Consumer Discretion,UNITED STATES,0.0,0.0,0,0,34,No,0.0,No,0.0,No,0.0,No,0.0,No,0.0,No,0.0,No,0.0,No,0.0,No,0.0,No,0.0,No,0.0,No,0.0,No,0.0,No,0.0,No,0.0,No,0.0,No,0.0,No,0.0,No,0.0,No,0.0,No,0.0,No,0.0,No,0.0,No,0.0,No,0.0,No,0.0,No,0.0,No,0.0,No,0.0,No,0.0,No,0.0,No,0.0,No,0.0,No,0.0
1771,NXP Semiconductors N.V.,,NL0009538784,Technology,UNITED STATES,2.9,1.0,1,0,33,No,0.0,No,0.0,No,0.0,No,0.0,No,0.0,Yes,1.0,No,0.0,No,0.0,No,0.0,No,0.0,No,0.0,No,0.0,No,0.0,No,0.0,No,0.0,No,0.0,No,0.0,No,0.0,No,0.0,No,0.0,No,0.0,No,0.0,No,0.0,No,0.0,No,0.0,No,0.0,No,0.0,No,0.0,No,0.0,No,0.0,No,0.0,No,0.0,No,0.0,No,0.0
150,OBAYASHI CORPORATION,,JP3190000004,Industrials,JAPAN,8.8,3.0,3,1,30,Partial,0.0,No,0.0,No,0.0,No,0.0,No,0.0,Yes,1.0,No,0.0,Yes,1.0,No,0.0,Yes,1.0,No,0.0,No,0.0,No,0.0,No,0.0,No,0.0,No,0.0,No,0.0,No,0.0,No,0.0,No,0.0,No,0.0,No,0.0,No,0.0,No,0.0,No,0.0,No,0.0,No,0.0,No,0.0,No,0.0,No,0.0,No,0.0,No,0.0,No,0.0,No,0.0
1847,OBEROI REALTY LIMITED,,INE093I01010,Real Estate,INDIA,0.0,0.0,0,0,34,No,0.0,No,0.0,No,0.0,No,0.0,No,0.0,No,0.0,No,0.0,No,0.0,No,0.0,No,0.0,No,0.0,No,0.0,No,0.0,No,0.0,No,0.0,No,0.0,No,0.0,No,0.0,No,0.0,No,0.0,No,0.0,No,0.0,No,0.0,No,0.0,No,0.0,No,0.0,No,0.0,No,0.0,No,0.0,No,0.0,No,0.0,No,0.0,No,0.0,No,0.0
1334,"OBIC Co.,Ltd.",,JP3173400007,Technology,JAPAN,0.0,0.0,0,0,34,No,0.0,No,0.0,No,0.0,No,0.0,No,0.0,No,0.0,No,0.0,No,0.0,No,0.0,No,0.0,No,0.0,No,0.0,No,0.0,No,0.0,No,0.0,No,0.0,No,0.0,No,0.0,No,0.0,No,0.0,No,0.0,No,0.0,No,0.0,No,0.0,No,0.0,No,0.0,No,0.0,No,0.0,No,0.0,No,0.0,No,0.0,No,0.0,No,0.0,No,0.0
787,OCCIDENTAL PETROLEUM CORPORATION,,US6745991058,Energy,UNITED STATES,13.2,4.5,3,3,28,No,0.0,No,0.0,No,0.0,Yes,1.0,No,0.0,Partial,0.5,No,0.0,Partial,0.5,No,0.0,No,0.0,Yes,1.0,No,0.0,No,0.0,No,0.0,No,0.0,No,0.0,No,0.0,No,0.0,No,0.0,No,0.0,Partial,0.5,No,0.0,No,0.0,No,0.0,No,0.0,No,0.0,No,0.0,No,0.0,No,0.0,No,0.0,Yes,1.0,No,0.0,No,0.0,No,0.0
1654,Oersted A/S,,DK0060094928,Utilities,DENMARK,11.8,4.0,4,0,30,No,0.0,No,0.0,No,0.0,Yes,1.0,No,0.0,Yes,1.0,No,0.0,No,0.0,No,0.0,No,0.0,No,0.0,No,0.0,No,0.0,No,0.0,No,0.0,No,0.0,No,0.0,No,0.0,No,0.0,No,0.0,Yes,1.0,No,0.0,No,0.0,No,0.0,No,0.0,Yes,1.0,No,0.0,No,0.0,No,0.0,No,0.0,No,0.0,No,0.0,No,0.0,No,0.0
1830,"OFILM Group Co., Ltd.",,CNE100000S33,Industrials,CHINA,2.9,1.0,1,0,33,No,0.0,No,0.0,No,0.0,No,0.0,No,0.0,Yes,1.0,No,0.0,No,0.0,No,0.0,No,0.0,No,0.0,No,0.0,No,0.0,No,0.0,No,0.0,No,0.0,No,0.0,No,0.0,No,0.0,No,0.0,No,0.0,No,0.0,No,0.0,No,0.0,No,0.0,No,0.0,No,0.0,No,0.0,No,0.0,No,0.0,No,0.0,No,0.0,No,0.0,No,0.0
1339,OIL AND NATURAL GAS CORPORATION LIMITED,,INE213A01029,Energy,INDIA,14.7,5.0,5,0,29,No,0.0,No,0.0,No,0.0,No,0.0,No,0.0,Yes,1.0,No,0.0,Yes,1.0,No,0.0,Yes,1.0,No,0.0,No,0.0,No,0.0,No,0.0,No,0.0,No,0.0,No,0.0,No,0.0,No,0.0,No,0.0,Yes,1.0,No,0.0,Yes,1.0,No,0.0,No,0.0,No,0.0,No,0.0,No,0.0,No,0.0,No,0.0,No,0.0,No,0.0,No,0.0,No,0.0
1784,OIL INDIA LIMITED,,INE274J01014,Energy,INDIA,0.0,0.0,0,0,34,No,0.0,No,0.0,No,0.0,No,0.0,No,0.0,No,0.0,No,0.0,No,0.0,No,0.0,No,0.0,No,0.0,No,0.0,No,0.0,No,0.0,No,0.0,No,0.0,No,0.0,No,0.0,No,0.0,No,0.0,No,0.0,No,0.0,No,0.0,No,0.0,No,0.0,No,0.0,No,0.0,No,0.0,No,0.0,No,0.0,No,0.0,No,0.0,No,0.0,No,0.0
2294,Oklo Inc,,US02156V1098,Utilities,UNITED STATES,2.9,1.0,1,0,33,No,0.0,No,0.0,No,0.0,No,0.0,No,0.0,No,0.0,No,0.0,No,0.0,No,0.0,No,0.0,No,0.0,No,0.0,No,0.0,No,0.0,No,0.0,No,0.0,No,0.0,No,0.0,No,0.0,No,0.0,No,0.0,No,0.0,No,0.0,No,0.0,No,0.0,No,0.0,No,0.0,Yes,1.0,No,0.0,No,0.0,No,0.0,No,0.0,No,0.0,No,0.0
2120,"OKTA, INC.",,US6792951054,Technology,UNITED STATES,47.1,16.0,16,1,17,Yes,1.0,No,0.0,No,0.0,Yes,1.0,Partial,0.0,Yes,1.0,No,0.0,Yes,1.0,No,0.0,Yes,1.0,Yes,1.0,No,0.0,No,0.0,Yes,1.0,No,0.0,Yes,1.0,Yes,1.0,Yes,1.0,No,0.0,Yes,1.0,Yes,1.0,Yes,1.0,No,0.0,No,0.0,Yes,1.0,Yes,1.0,No,0.0,No,0.0,No,0.0,No,0.0,Yes,1.0,No,0.0,No,0.0,No,0.0
1340,"OLD DOMINION FREIGHT LINE, INC.",,US6795801009,Industrials,UNITED STATES,0.0,0.0,0,0,34,No,0.0,No,0.0,No,0.0,No,0.0,No,0.0,No,0.0,No,0.0,No,0.0,No,0.0,No,0.0,No,0.0,No,0.0,No,0.0,No,0.0,No,0.0,No,0.0,No,0.0,No,0.0,No,0.0,No,0.0,No,0.0,No,0.0,No,0.0,No,0.0,No,0.0,No,0.0,No,0.0,No,0.0,No,0.0,No,0.0,No,0.0,No,0.0,No,0.0,No,0.0
535,OLYMPUS CORPORATION,,JP3201200007,Health Care,JAPAN,20.6,7.0,7,0,27,Yes,1.0,No,0.0,No,0.0,No,0.0,No,0.0,Yes,1.0,No,0.0,Yes,1.0,No,0.0,Yes,1.0,No,0.0,No,0.0,No,0.0,No,0.0,No,0.0,Yes,1.0,No,0.0,Yes,1.0,No,0.0,No,0.0,No,0.0,No,0.0,No,0.0,No,0.0,No,0.0,No,0.0,No,0.0,Yes,1.0,No,0.0,No,0.0,No,0.0,No,0.0,No,0.0,No,0.0
574,OMNICOM GROUP INC.,,US6819191064,Consumer Discretion,UNITED STATES,29.4,10.0,10,2,22,Yes,1.0,No,0.0,Yes,1.0,Yes,1.0,Partial,0.0,Yes,1.0,No,0.0,No,0.0,No,0.0,Yes,1.0,Yes,1.0,No,0.0,No,0.0,No,0.0,No,0.0,Yes,1.0,Yes,1.0,Yes,1.0,No,0.0,No,0.0,No,0.0,No,0.0,No,0.0,No,0.0,No,0.0,No,0.0,No,0.0,Partial,0.0,No,0.0,No,0.0,Yes,1.0,No,0.0,No,0.0,No,0.0
2124,"OmniVision Integrated Circuits Group, Inc.",,CNE100002XM8,Technology,CHINA,4.4,1.5,1,1,32,No,0.0,No,0.0,No,0.0,No,0.0,No,0.0,Yes,1.0,No,0.0,No,0.0,No,0.0,Partial,0.5,No,0.0,No,0.0,No,0.0,No,0.0,No,0.0,No,0.0,No,0.0,No,0.0,No,0.0,No,0.0,No,0.0,No,0.0,No,0.0,No,0.0,No,0.0,No,0.0,No,0.0,No,0.0,No,0.0,No,0.0,No,0.0,No,0.0,No,0.0,No,0.0
151,OMV Aktiengesellschaft,,AT0000743059,Energy,AUSTRIA,50.0,17.0,17,0,17,Yes,1.0,No,0.0,No,0.0,Yes,1.0,Yes,1.0,Yes,1.0,Yes,1.0,Yes,1.0,Yes,1.0,Yes,1.0,Yes,1.0,No,0.0,No,0.0,No,0.0,Yes,1.0,Yes,1.0,No,0.0,Yes,1.0,No,0.0,No,0.0,Yes,1.0,No,0.0,Yes,1.0,No,0.0,Yes,1.0,No,0.0,Yes,1.0,Yes,1.0,No,0.0,No,0.0,No,0.0,No,0.0,No,0.0,No,0.0
2016,ONE 97 COMMUNICATIONS LIMITED,,INE982J01020,Industrials,INDIA,5.9,2.0,2,0,32,Yes,1.0,No,0.0,No,0.0,No,0.0,No,0.0,Yes,1.0,No,0.0,No,0.0,No,0.0,No,0.0,No,0.0,No,0.0,No,0.0,No,0.0,No,0.0,No,0.0,No,0.0,No,0.0,No,0.0,No,0.0,No,0.0,No,0.0,No,0.0,No,0.0,No,0.0,No,0.0,No,0.0,No,0.0,No,0.0,No,0.0,No,0.0,No,0.0,No,0.0,No,0.0
1341,"ONEOK, INC.",,US6826801036,Energy,UNITED STATES,5.9,2.0,2,0,32,No,0.0,No,0.0,No,0.0,No,0.0,No,0.0,No,0.0,No,0.0,No,0.0,No,0.0,No,0.0,No,0.0,No,0.0,No,0.0,No,0.0,No,0.0,Yes,1.0,No,0.0,No,0.0,No,0.0,No,0.0,No,0.0,No,0.0,No,0.0,No,0.0,No,0.0,No,0.0,No,0.0,No,0.0,No,0.0,No,0.0,Yes,1.0,No,0.0,No,0.0,No,0.0
1335,ON SEMICONDUCTOR CORPORATION,,US6821891057,Technology,UNITED STATES,11.8,4.0,4,0,30,No,0.0,No,0.0,Yes,1.0,No,0.0,No,0.0,Yes,1.0,No,0.0,No,0.0,No,0.0,No,0.0,No,0.0,No,0.0,No,0.0,No,0.0,No,0.0,No,0.0,No,0.0,No,0.0,No,0.0,No,0.0,No,0.0,No,0.0,No,0.0,No,0.0,No,0.0,No,0.0,No,0.0,No,0.0,No,0.0,No,0.0,Yes,1.0,No,0.0,Yes,1.0,No,0.0
361,Ooredoo Q.P.S.C.,,QA0007227737,Telecommunications,QATAR,22.1,7.5,7,1,26,Yes,1.0,No,0.0,No,0.0,No,0.0,No,0.0,Yes,1.0,No,0.0,Yes,1.0,No,0.0,No,0.0,No,0.0,No,0.0,No,0.0,No,0.0,No,0.0,Partial,0.5,Yes,1.0,Yes,1.0,Yes,1.0,No,0.0,No,0.0,No,0.0,No,0.0,No,0.0,Yes,1.0,No,0.0,No,0.0,No,0.0,No,0.0,No,0.0,No,0.0,No,0.0,No,0.0,No,0.0
162,Open Text Corporation,,CA6837151068,Technology,CANADA,20.6,7.0,7,1,26,Yes,1.0,No,0.0,No,0.0,Yes,1.0,Partial,0.0,Yes,1.0,No,0.0,Yes,1.0,No,0.0,Yes,1.0,No,0.0,No,0.0,No,0.0,No,0.0,No,0.0,No,0.0,No,0.0,No,0.0,No,0.0,No,0.0,No,0.0,No,0.0,No,0.0,No,0.0,No,0.0,No,0.0,No,0.0,No,0.0,No,0.0,Yes,1.0,Yes,1.0,No,0.0,No,0.0,No,0.0
552,ORACLE CORPORATION,,US68389X1054,Technology,UNITED STATES,29.4,10.0,10,0,24,No,0.0,No,0.0,No,0.0,Yes,1.0,No,0.0,Yes,1.0,No,0.0,Yes,1.0,No,0.0,Yes,1.0,Yes,1.0,No,0.0,No,0.0,No,0.0,Yes,1.0,Yes,1.0,Yes,1.0,Yes,1.0,Yes,1.0,No,0.0,No,0.0,No,0.0,No,0.0,No,0.0,No,0.0,No,0.0,No,0.0,No,0.0,No,0.0,No,0.0,No,0.0,No,0.0,No,0.0,No,0.0
225,ORACLE CORPORATION JAPAN,,JP3689500001,Technology,JAPAN,16.2,5.5,5,1,28,No,0.0,No,0.0,No,0.0,No,0.0,Yes,1.0,Yes,1.0,No,0.0,Yes,1.0,No,0.0,No,0.0,No,0.0,No,0.0,No,0.0,No,0.0,Yes,1.0,Partial,0.5,No,0.0,Yes,1.0,No,0.0,No,0.0,No,0.0,No,0.0,No,0.0,No,0.0,No,0.0,No,0.0,No,0.0,No,0.0,No,0.0,No,0.0,No,0.0,No,0.0,No,0.0,No,0.0
720,ORACLE FINANCIAL SERVICES SOFTWARE LIMITED,,INE881D01027,Technology,INDIA,26.5,9.0,8,2,24,No,0.0,No,0.0,No,0.0,No,0.0,Yes,1.0,Yes,1.0,No,0.0,Yes,1.0,No,0.0,Yes,1.0,No,0.0,No,0.0,No,0.0,No,0.0,Yes,1.0,Partial,0.5,Yes,1.0,Partial,0.5,Yes,1.0,Yes,1.0,No,0.0,No,0.0,No,0.0,No,0.0,No,0.0,No,0.0,No,0.0,No,0.0,No,0.0,No,0.0,No,0.0,No,0.0,No,0.0,No,0.0
276,ORANGE SA,,FR0000133308,Telecommunications,FRANCE,47.1,16.0,14,4,16,Yes,1.0,No,0.0,No,0.0,Yes,1.0,Yes,1.0,Partial,0.5,No,0.0,Yes,1.0,No,0.0,Partial,0.5,No,0.0,No,0.0,No,0.0,Yes,1.0,Yes,1.0,Yes,1.0,Partial,0.5,Yes,1.0,Yes,1.0,No,0.0,Yes,1.0,No,0.0,No,0.0,No,0.0,Yes,1.0,No,0.0,No,0.0,Yes,1.0,Yes,1.0,Yes,1.0,Partial,0.5,No,0.0,No,0.0,No,0.0
1333,"O'Reilly Automotive, Inc.",,US67103H1077,Consumer Discretion,UNITED STATES,5.9,2.0,2,0,32,No,0.0,No,0.0,No,0.0,No,0.0,No,0.0,No,0.0,No,0.0,No,0.0,No,0.0,No,0.0,No,0.0,No,0.0,No,0.0,No,0.0,No,0.0,No,0.0,No,0.0,No,0.0,No,0.0,No,0.0,No,0.0,No,0.0,No,0.0,No,0.0,No,0.0,No,0.0,No,0.0,No,0.0,No,0.0,No,0.0,Yes,1.0,No,0.0,Yes,1.0,No,0.0
1337,"ORIENTAL LAND CO., LTD.",,JP3198900007,Consumer Discretion,JAPAN,2.9,1.0,1,0,33,No,0.0,No,0.0,No,0.0,No,0.0,No,0.0,No,0.0,No,0.0,No,0.0,No,0.0,No,0.0,No,0.0,No,0.0,No,0.0,No,0.0,No,0.0,No,0.0,No,0.0,No,0.0,No,0.0,No,0.0,No,0.0,No,0.0,No,0.0,No,0.0,No,0.0,No,0.0,No,0.0,No,0.0,No,0.0,No,0.0,No,0.0,No,0.0,Yes,1.0,No,0.0
80,ORIENT OVERSEAS (INTERNATIONAL) LIMITED,,BMG677491539,Industrials,HONG KONG,26.5,9.0,9,0,25,Yes,1.0,No,0.0,Yes,1.0,No,0.0,No,0.0,Yes,1.0,No,0.0,Yes,1.0,No,0.0,Yes,1.0,No,0.0,No,0.0,No,0.0,No,0.0,No,0.0,No,0.0,No,0.0,No,0.0,No,0.0,No,0.0,No,0.0,No,0.0,Yes,1.0,Yes,1.0,Yes,1.0,No,0.0,No,0.0,Yes,1.0,No,0.0,No,0.0,No,0.0,No,0.0,No,0.0,No,0.0
1701,ORIENT SECURITIES COMPANY LIMITED,,CNE100001ZV6,Financials,CHINA,8.8,3.0,3,0,31,Yes,1.0,No,0.0,No,0.0,No,0.0,No,0.0,Yes,1.0,No,0.0,Yes,1.0,No,0.0,No,0.0,No,0.0,No,0.0,No,0.0,No,0.0,No,0.0,No,0.0,No,0.0,No,0.0,No,0.0,No,0.0,No,0.0,No,0.0,No,0.0,No,0.0,No,0.0,No,0.0,No,0.0,No,0.0,No,0.0,No,0.0,No,0.0,No,0.0,No,0.0,No,0.0
1343,ORIGIN ENERGY LIMITED,,AU000000ORG5,Utilities,AUSTRALIA,16.2,5.5,5,1,28,No,0.0,No,0.0,No,0.0,No,0.0,No,0.0,Partial,0.5,No,0.0,Yes,1.0,No,0.0,Yes,1.0,No,0.0,No,0.0,No,0.0,No,0.0,No,0.0,Yes,1.0,Yes,1.0,No,0.0,No,0.0,No,0.0,No,0.0,No,0.0,No,0.0,No,0.0,No,0.0,No,0.0,No,0.0,No,0.0,No,0.0,No,0.0,Yes,1.0,No,0.0,No,0.0,No,0.0
1344,Orion Oyj,,FI0009014377,Health Care,FINLAND,13.2,4.5,4,1,29,Yes,1.0,No,0.0,Yes,1.0,No,0.0,No,0.0,Yes,1.0,No,0.0,No,0.0,No,0.0,Partial,0.5,No,0.0,No,0.0,No,0.0,No,0.0,No,0.0,No,0.0,No,0.0,No,0.0,No,0.0,No,0.0,No,0.0,No,0.0,No,0.0,No,0.0,No,0.0,No,0.0,No,0.0,Yes,1.0,No,0.0,No,0.0,No,0.0,No,0.0,No,0.0,No,0.0
1338,ORIX CORPORATION,,JP3200450009,Financials,JAPAN,5.9,2.0,2,0,32,No,0.0,No,0.0,No,0.0,No,0.0,No,0.0,Yes,1.0,No,0.0,No,0.0,No,0.0,No,0.0,No,0.0,No,0.0,No,0.0,No,0.0,No,0.0,No,0.0,No,0.0,No,0.0,No,0.0,No,0.0,No,0.0,No,0.0,No,0.0,No,0.0,No,0.0,No,0.0,No,0.0,Yes,1.0,No,0.0,No,0.0,No,0.0,No,0.0,No,0.0,No,0.0
562,ORKLA ASA,,NO0003733800,Consumer Staples,NORWAY,5.9,2.0,2,0,32,No,0.0,No,0.0,No,0.0,No,0.0,No,0.0,No,0.0,No,0.0,No,0.0,No,0.0,No,0.0,No,0.0,No,0.0,No,0.0,No,0.0,No,0.0,Yes,1.0,Yes,1.0,No,0.0,No,0.0,No,0.0,No,0.0,No,0.0,No,0.0,No,0.0,No,0.0,No,0.0,No,0.0,No,0.0,No,0.0,No,0.0,No,0.0,No,0.0,No,0.0,No,0.0
1366,ORLEN SPOLKA AKCYJNA,,PLPKN0000018,Energy,POLAND,0.0,0.0,0,0,34,No,0.0,No,0.0,No,0.0,No,0.0,No,0.0,No,0.0,No,0.0,No,0.0,No,0.0,No,0.0,No,0.0,No,0.0,No,0.0,No,0.0,No,0.0,No,0.0,No,0.0,No,0.0,No,0.0,No,0.0,No,0.0,No,0.0,No,0.0,No,0.0,No,0.0,No,0.0,No,0.0,No,0.0,No,0.0,No,0.0,No,0.0,No,0.0,No,0.0,No,0.0
273,"OSAKA GAS CO., LTD.",,JP3180400008,Utilities,JAPAN,8.8,3.0,3,1,30,No,0.0,No,0.0,No,0.0,Partial,0.0,No,0.0,Yes,1.0,No,0.0,Yes,1.0,No,0.0,Yes,1.0,No,0.0,No,0.0,No,0.0,No,0.0,No,0.0,No,0.0,No,0.0,No,0.0,No,0.0,No,0.0,No,0.0,No,0.0,No,0.0,No,0.0,No,0.0,No,0.0,No,0.0,No,0.0,No,0.0,No,0.0,No,0.0,No,0.0,No,0.0,No,0.0
2241,OTIS WORLDWIDE CORPORATION,,US68902V1070,Industrials,UNITED STATES,23.5,8.0,8,0,26,Yes,1.0,No,0.0,No,0.0,Yes,1.0,No,0.0,Yes,1.0,No,0.0,Yes,1.0,No,0.0,No,0.0,Yes,1.0,No,0.0,No,0.0,Yes,1.0,No,0.0,Yes,1.0,No,0.0,Yes,1.0,No,0.0,No,0.0,No,0.0,No,0.0,No,0.0,No,0.0,No,0.0,No,0.0,No,0.0,No,0.0,No,0.0,No,0.0,No,0.0,No,0.0,No,0.0,No,0.0
1345,OTP Bank Nyrt.,,HU0000061726,Financials,HUNGARY,5.9,2.0,2,0,32,No,0.0,No,0.0,No,0.0,No,0.0,No,0.0,Yes,1.0,No,0.0,No,0.0,No,0.0,No,0.0,No,0.0,No,0.0,No,0.0,No,0.0,No,0.0,Yes,1.0,No,0.0,No,0.0,No,0.0,No,0.0,No,0.0,No,0.0,No,0.0,No,0.0,No,0.0,No,0.0,No,0.0,No,0.0,No,0.0,No,0.0,No,0.0,No,0.0,No,0.0,No,0.0
25,OTSUKA CORPORATION,,JP3188200004,Technology,JAPAN,23.5,8.0,7,2,25,Yes,1.0,No,0.0,No,0.0,Partial,0.5,No,0.0,Partial,0.5,No,0.0,Yes,1.0,No,0.0,Yes,1.0,Yes,1.0,No,0.0,No,0.0,No,0.0,No,0.0,Yes,1.0,Yes,1.0,No,0.0,No,0.0,No,0.0,Yes,1.0,No,0.0,No,0.0,No,0.0,No,0.0,No,0.0,No,0.0,No,0.0,No,0.0,No,0.0,No,0.0,No,0.0,No,0.0,No,0.0
1853,"Otsuka Holdings Co., Ltd.",,JP3188220002,Health Care,JAPAN,8.8,3.0,3,0,31,No,0.0,No,0.0,No,0.0,No,0.0,No,0.0,No,0.0,No,0.0,No,0.0,No,0.0,No,0.0,Yes,1.0,No,0.0,No,0.0,No,0.0,No,0.0,Yes,1.0,Yes,1.0,No,0.0,No,0.0,No,0.0,No,0.0,No,0.0,No,0.0,No,0.0,No,0.0,No,0.0,No,0.0,No,0.0,No,0.0,No,0.0,No,0.0,No,0.0,No,0.0,No,0.0
1873,OUTsurance Group Limited,,ZAE000314084,Financials,SOUTH AFRICA,2.9,1.0,1,0,33,No,0.0,No,0.0,No,0.0,No,0.0,No,0.0,No,0.0,No,0.0,No,0.0,No,0.0,No,0.0,No,0.0,No,0.0,No,0.0,No,0.0,No,0.0,No,0.0,No,0.0,No,0.0,No,0.0,No,0.0,No,0.0,No,0.0,No,0.0,No,0.0,No,0.0,No,0.0,No,0.0,No,0.0,No,0.0,No,0.0,Yes,1.0,No,0.0,No,0.0,No,0.0
1346,OVERSEA-CHINESE BANKING CORPORATION LIMITED,,SG1S04926220,Financials,SINGAPORE,41.2,14.0,14,0,20,Yes,1.0,No,0.0,No,0.0,Yes,1.0,No,0.0,Yes,1.0,No,0.0,Yes,1.0,No,0.0,Yes,1.0,No,0.0,No,0.0,No,0.0,No,0.0,No,0.0,Yes,1.0,Yes,1.0,Yes,1.0,No,0.0,No,0.0,Yes,1.0,No,0.0,Yes,1.0,No,0.0,Yes,1.0,No,0.0,No,0.0,No,0.0,Yes,1.0,Yes,1.0,No,0.0,Yes,1.0,No,0.0,No,0.0
165,PACCAR INC,,US6937181088,Industrials,UNITED STATES,25.0,8.5,7,3,24,Yes,1.0,No,0.0,Yes,1.0,No,0.0,No,0.0,Partial,0.5,No,0.0,Yes,1.0,No,0.0,Partial,0.5,No,0.0,No,0.0,No,0.0,No,0.0,No,0.0,Yes,1.0,No,0.0,No,0.0,No,0.0,No,0.0,Partial,0.5,No,0.0,Yes,1.0,No,0.0,No,0.0,No,0.0,No,0.0,Yes,1.0,No,0.0,No,0.0,Yes,1.0,No,0.0,No,0.0,No,0.0
1351,PACKAGING CORPORATION OF AMERICA,,US6951561090,Industrials,UNITED STATES,5.9,2.0,2,0,32,No,0.0,No,0.0,No,0.0,No,0.0,No,0.0,Yes,1.0,No,0.0,No,0.0,No,0.0,Yes,1.0,No,0.0,No,0.0,No,0.0,No,0.0,No,0.0,No,0.0,No,0.0,No,0.0,No,0.0,No,0.0,No,0.0,No,0.0,No,0.0,No,0.0,No,0.0,No,0.0,No,0.0,No,0.0,No,0.0,No,0.0,No,0.0,No,0.0,No,0.0,No,0.0
585,PAGE INDUSTRIES LIMITED,,INE761H01022,Consumer Discretion,INDIA,0.0,0.0,0,0,34,No,0.0,No,0.0,No,0.0,No,0.0,No,0.0,No,0.0,No,0.0,No,0.0,No,0.0,No,0.0,No,0.0,No,0.0,No,0.0,No,0.0,No,0.0,No,0.0,No,0.0,No,0.0,No,0.0,No,0.0,No,0.0,No,0.0,No,0.0,No,0.0,No,0.0,No,0.0,No,0.0,No,0.0,No,0.0,No,0.0,No,0.0,No,0.0,No,0.0,No,0.0
2271,PALANTIR TECHNOLOGIES INC.,,US69608A1088,Technology,UNITED STATES,14.7,5.0,5,0,29,No,0.0,No,0.0,No,0.0,Yes,1.0,No,0.0,No,0.0,No,0.0,No,0.0,No,0.0,No,0.0,No,0.0,No,0.0,No,0.0,No,0.0,Yes,1.0,No,0.0,No,0.0,Yes,1.0,No,0.0,No,0.0,No,0.0,No,0.0,No,0.0,No,0.0,No,0.0,No,0.0,No,0.0,Yes,1.0,No,0.0,Yes,1.0,No,0.0,No,0.0,No,0.0,No,0.0
1931,"PALO ALTO NETWORKS, INC.",,US6974351057,Technology,UNITED STATES,41.2,14.0,14,0,20,Yes,1.0,No,0.0,Yes,1.0,No,0.0,No,0.0,Yes,1.0,No,0.0,Yes,1.0,No,0.0,Yes,1.0,Yes,1.0,No,0.0,No,0.0,No,0.0,Yes,1.0,Yes,1.0,Yes,1.0,Yes,1.0,No,0.0,Yes,1.0,Yes,1.0,Yes,1.0,No,0.0,No,0.0,No,0.0,No,0.0,No,0.0,No,0.0,No,0.0,No,0.0,Yes,1.0,No,0.0,No,0.0,No,0.0
792,Pan American Silver Corp.,,CA6979001089,Basic Materials,CANADA,5.9,2.0,2,0,32,No,0.0,No,0.0,No,0.0,Yes,1.0,No,0.0,No,0.0,No,0.0,No,0.0,No,0.0,No,0.0,Yes,1.0,No,0.0,No,0.0,No,0.0,No,0.0,No,0.0,No,0.0,No,0.0,No,0.0,No,0.0,No,0.0,No,0.0,No,0.0,No,0.0,No,0.0,No,0.0,No,0.0,No,0.0,No,0.0,No,0.0,No,0.0,No,0.0,No,0.0,No,0.0
291,Panasonic Holdings Corporation,,JP3866800000,Consumer Discretion,JAPAN,8.8,3.0,3,0,31,No,0.0,No,0.0,No,0.0,No,0.0,No,0.0,No,0.0,No,0.0,No,0.0,No,0.0,No,0.0,No,0.0,No,0.0,No,0.0,Yes,1.0,No,0.0,Yes,1.0,Yes,1.0,No,0.0,No,0.0,No,0.0,No,0.0,No,0.0,No,0.0,No,0.0,No,0.0,No,0.0,No,0.0,No,0.0,No,0.0,No,0.0,No,0.0,No,0.0,No,0.0,No,0.0
1769,Pandora A/S,,DK0060252690,Consumer Discretion,DENMARK,17.6,6.0,6,0,28,No,0.0,No,0.0,No,0.0,No,0.0,Yes,1.0,Yes,1.0,No,0.0,Yes,1.0,No,0.0,No,0.0,No,0.0,No,0.0,No,0.0,No,0.0,No,0.0,No,0.0,Yes,1.0,No,0.0,No,0.0,Yes,1.0,No,0.0,No,0.0,Yes,1.0,No,0.0,No,0.0,No,0.0,No,0.0,No,0.0,No,0.0,No,0.0,No,0.0,No,0.0,No,0.0,No,0.0
1041,Pan Pacific International Holdings Corporation,,JP3639650005,Consumer Discretion,JAPAN,0.0,0.0,0,0,34,No,0.0,No,0.0,No,0.0,No,0.0,No,0.0,No,0.0,No,0.0,No,0.0,No,0.0,No,0.0,No,0.0,No,0.0,No,0.0,No,0.0,No,0.0,No,0.0,No,0.0,No,0.0,No,0.0,No,0.0,No,0.0,No,0.0,No,0.0,No,0.0,No,0.0,No,0.0,No,0.0,No,0.0,No,0.0,No,0.0,No,0.0,No,0.0,No,0.0,No,0.0
1354,PARKER-HANNIFIN CORPORATION,,US7010941042,Industrials,UNITED STATES,0.0,0.0,0,0,34,No,0.0,No,0.0,No,0.0,No,0.0,No,0.0,No,0.0,No,0.0,No,0.0,No,0.0,No,0.0,No,0.0,No,0.0,No,0.0,No,0.0,No,0.0,No,0.0,No,0.0,No,0.0,No,0.0,No,0.0,No,0.0,No,0.0,No,0.0,No,0.0,No,0.0,No,0.0,No,0.0,No,0.0,No,0.0,No,0.0,No,0.0,No,0.0,No,0.0,No,0.0
353,Partners Group Holding AG,,CH0024608827,Financials,SWITZERLAND,23.5,8.0,8,0,26,No,0.0,No,0.0,No,0.0,No,0.0,No,0.0,Yes,1.0,No,0.0,Yes,1.0,No,0.0,Yes,1.0,Yes,1.0,Yes,1.0,No,0.0,No,0.0,No,0.0,No,0.0,No,0.0,No,0.0,No,0.0,No,0.0,Yes,1.0,Yes,1.0,No,0.0,No,0.0,No,0.0,No,0.0,No,0.0,Yes,1.0,No,0.0,No,0.0,No,0.0,No,0.0,No,0.0,No,0.0
164,"PAYCHEX, INC.",,US7043261079,Industrials,UNITED STATES,5.9,2.0,2,0,32,Yes,1.0,No,0.0,Yes,1.0,No,0.0,No,0.0,No,0.0,No,0.0,No,0.0,No,0.0,No,0.0,No,0.0,No,0.0,No,0.0,No,0.0,No,0.0,No,0.0,No,0.0,No,0.0,No,0.0,No,0.0,No,0.0,No,0.0,No,0.0,No,0.0,No,0.0,No,0.0,No,0.0,No,0.0,No,0.0,No,0.0,No,0.0,No,0.0,No,0.0,No,0.0
2054,"PAYPAL HOLDINGS, INC.",,US70450Y1038,Industrials,UNITED STATES,38.2,13.0,13,1,20,Yes,1.0,No,0.0,No,0.0,No,0.0,Partial,0.0,Yes,1.0,No,0.0,Yes,1.0,No,0.0,Yes,1.0,Yes,1.0,No,0.0,No,0.0,Yes,1.0,No,0.0,Yes,1.0,Yes,1.0,Yes,1.0,Yes,1.0,Yes,1.0,No,0.0,No,0.0,No,0.0,No,0.0,No,0.0,No,0.0,No,0.0,No,0.0,No,0.0,Yes,1.0,Yes,1.0,No,0.0,No,0.0,No,0.0
2312,PB Fintech Ltd,,INE417T01026,Financials,INDIA,22.1,7.5,6,3,25,Yes,1.0,No,0.0,Yes,1.0,Partial,0.5,No,0.0,Yes,1.0,No,0.0,Yes,1.0,No,0.0,Partial,0.5,No,0.0,No,0.0,No,0.0,No,0.0,No,0.0,No,0.0,No,0.0,No,0.0,No,0.0,No,0.0,Yes,1.0,Partial,0.5,Yes,1.0,No,0.0,No,0.0,No,0.0,No,0.0,No,0.0,No,0.0,No,0.0,No,0.0,No,0.0,No,0.0,No,0.0
2173,PDD Holdings Inc.,,US7223041028,Technology,CHINA,17.6,6.0,6,0,28,No,0.0,No,0.0,No,0.0,No,0.0,Yes,1.0,Yes,1.0,No,0.0,Yes,1.0,No,0.0,Yes,1.0,No,0.0,No,0.0,No,0.0,No,0.0,No,0.0,Yes,1.0,No,0.0,No,0.0,No,0.0,No,0.0,No,0.0,No,0.0,No,0.0,No,0.0,No,0.0,No,0.0,No,0.0,No,0.0,No,0.0,No,0.0,Yes,1.0,No,0.0,No,0.0,No,0.0
161,PEARSON PLC,,GB0006776081,Consumer Discretion,UNITED KINGDOM,44.1,15.0,15,0,19,Yes,1.0,No,0.0,Yes,1.0,Yes,1.0,Yes,1.0,Yes,1.0,No,0.0,No,0.0,No,0.0,No,0.0,Yes,1.0,Yes,1.0,No,0.0,Yes,1.0,No,0.0,Yes,1.0,Yes,1.0,Yes,1.0,No,0.0,No,0.0,Yes,1.0,No,0.0,No,0.0,No,0.0,No,0.0,No,0.0,No,0.0,Yes,1.0,No,0.0,Yes,1.0,Yes,1.0,No,0.0,No,0.0,No,0.0
1742,Pegatron Corporation,,TW0004938006,Technology,TAIWAN,23.5,8.0,7,2,25,Partial,0.5,No,0.0,Yes,1.0,No,0.0,No,0.0,Partial,0.5,No,0.0,Yes,1.0,No,0.0,Yes,1.0,No,0.0,No,0.0,No,0.0,No,0.0,No,0.0,No,0.0,No,0.0,No,0.0,No,0.0,No,0.0,Yes,1.0,No,0.0,Yes,1.0,Yes,1.0,No,0.0,No,0.0,No,0.0,Yes,1.0,No,0.0,No,0.0,No,0.0,No,0.0,No,0.0,No,0.0
1692,PEMBINA PIPELINE CORPORATION,,CA7063271034,Energy,CANADA,2.9,1.0,1,0,33,No,0.0,No,0.0,No,0.0,No,0.0,No,0.0,No,0.0,No,0.0,No,0.0,No,0.0,No,0.0,No,0.0,No,0.0,No,0.0,No,0.0,No,0.0,No,0.0,No,0.0,No,0.0,No,0.0,No,0.0,No,0.0,No,0.0,No,0.0,No,0.0,No,0.0,No,0.0,No,0.0,No,0.0,No,0.0,No,0.0,Yes,1.0,No,0.0,No,0.0,No,0.0
1993,PENTAIR PUBLIC LIMITED COMPANY,,IE00BLS09M33,Industrials,UNITED STATES,5.9,2.0,2,0,32,No,0.0,No,0.0,No,0.0,No,0.0,No,0.0,No,0.0,No,0.0,Yes,1.0,No,0.0,No,0.0,No,0.0,No,0.0,No,0.0,No,0.0,No,0.0,No,0.0,No,0.0,No,0.0,No,0.0,No,0.0,No,0.0,No,0.0,No,0.0,No,0.0,No,0.0,No,0.0,No,0.0,No,0.0,No,0.0,No,0.0,Yes,1.0,No,0.0,No,0.0,No,0.0
2134,PEPKOR HOLDINGS LIMITED,,ZAE000259479,Consumer Discretion,SOUTH AFRICA,17.6,6.0,6,2,26,Yes,1.0,No,0.0,Yes,1.0,Partial,0.0,No,0.0,Yes,1.0,No,0.0,Yes,1.0,No,0.0,Yes,1.0,No,0.0,No,0.0,No,0.0,No,0.0,No,0.0,Yes,1.0,Partial,0.0,No,0.0,No,0.0,No,0.0,No,0.0,No,0.0,No,0.0,No,0.0,No,0.0,No,0.0,No,0.0,No,0.0,No,0.0,No,0.0,No,0.0,No,0.0,No,0.0,No,0.0
1355,"Pepsico, Inc.",,US7134481081,Consumer Staples,UNITED STATES,22.1,7.5,6,3,25,Yes,1.0,No,0.0,No,0.0,No,0.0,No,0.0,Yes,1.0,No,0.0,Partial,0.5,No,0.0,Yes,1.0,No,0.0,No,0.0,No,0.0,No,0.0,No,0.0,No,0.0,No,0.0,No,0.0,No,0.0,No,0.0,No,0.0,No,0.0,No,0.0,No,0.0,Yes,1.0,Yes,1.0,No,0.0,Partial,0.5,No,0.0,Partial,0.5,Yes,1.0,No,0.0,No,0.0,No,0.0
350,PERNOD RICARD SA,,FR0000120693,Consumer Staples,FRANCE,17.6,6.0,6,0,28,Yes,1.0,No,0.0,Yes,1.0,No,0.0,No,0.0,Yes,1.0,No,0.0,Yes,1.0,No,0.0,Yes,1.0,No,0.0,No,0.0,No,0.0,No,0.0,No,0.0,No,0.0,No,0.0,No,0.0,No,0.0,No,0.0,Yes,1.0,No,0.0,No,0.0,No,0.0,No,0.0,No,0.0,No,0.0,No,0.0,No,0.0,No,0.0,No,0.0,No,0.0,No,0.0,No,0.0
1819,PERSISTENT SYSTEMS LIMITED,,INE262H01021,Technology,INDIA,27.9,9.5,8,3,23,Yes,1.0,No,0.0,No,0.0,Yes,1.0,No,0.0,Yes,1.0,No,0.0,Yes,1.0,No,0.0,No,0.0,No,0.0,No,0.0,No,0.0,No,0.0,No,0.0,Partial,0.5,Partial,0.5,Yes,1.0,Yes,1.0,Yes,1.0,Partial,0.5,No,0.0,No,0.0,No,0.0,No,0.0,No,0.0,No,0.0,Yes,1.0,No,0.0,No,0.0,No,0.0,No,0.0,No,0.0,No,0.0
1356,PetroChina Company Limited,,CNE1000007Q1,Energy,CHINA,0.0,0.0,0,0,34,No,0.0,No,0.0,No,0.0,No,0.0,No,0.0,No,0.0,No,0.0,No,0.0,No,0.0,No,0.0,No,0.0,No,0.0,No,0.0,No,0.0,No,0.0,No,0.0,No,0.0,No,0.0,No,0.0,No,0.0,No,0.0,No,0.0,No,0.0,No,0.0,No,0.0,No,0.0,No,0.0,No,0.0,No,0.0,No,0.0,No,0.0,No,0.0,No,0.0,No,0.0
1358,Petroleo Brasileiro S.A. (Petrobras),,BRPETRACNOR9,Energy,BRAZIL,2.9,1.0,1,0,33,No,0.0,No,0.0,Yes,1.0,No,0.0,No,0.0,No,0.0,No,0.0,No,0.0,No,0.0,No,0.0,No,0.0,No,0.0,No,0.0,No,0.0,No,0.0,No,0.0,No,0.0,No,0.0,No,0.0,No,0.0,No,0.0,No,0.0,No,0.0,No,0.0,No,0.0,No,0.0,No,0.0,No,0.0,No,0.0,No,0.0,No,0.0,No,0.0,No,0.0,No,0.0
1851,PETRONAS CHEMICALS GROUP BERHAD,,MYL5183OO008,Basic Materials,MALAYSIA,13.2,4.5,4,1,29,No,0.0,No,0.0,No,0.0,No,0.0,No,0.0,Yes,1.0,No,0.0,Yes,1.0,No,0.0,Yes,1.0,No,0.0,No,0.0,No,0.0,No,0.0,No,0.0,Partial,0.5,No,0.0,No,0.0,No,0.0,No,0.0,No,0.0,No,0.0,Yes,1.0,No,0.0,No,0.0,No,0.0,No,0.0,No,0.0,No,0.0,No,0.0,No,0.0,No,0.0,No,0.0,No,0.0
1359,PETRONAS DAGANGAN BERHAD,,MYL5681OO001,Energy,MALAYSIA,7.4,2.5,2,1,31,No,0.0,No,0.0,No,0.0,No,0.0,No,0.0,No,0.0,No,0.0,No,0.0,No,0.0,No,0.0,Partial,0.5,No,0.0,No,0.0,No,0.0,No,0.0,Yes,1.0,Yes,1.0,No,0.0,No,0.0,No,0.0,No,0.0,No,0.0,No,0.0,No,0.0,No,0.0,No,0.0,No,0.0,No,0.0,No,0.0,No,0.0,No,0.0,No,0.0,No,0.0,No,0.0
1347,PETRONAS GAS BERHAD,,MYL6033OO004,Utilities,MALAYSIA,10.3,3.5,3,1,30,No,0.0,No,0.0,No,0.0,No,0.0,No,0.0,Yes,1.0,No,0.0,Yes,1.0,No,0.0,Yes,1.0,No,0.0,No,0.0,No,0.0,No,0.0,No,0.0,Partial,0.5,No,0.0,No,0.0,No,0.0,No,0.0,No,0.0,No,0.0,No,0.0,No,0.0,No,0.0,No,0.0,No,0.0,No,0.0,No,0.0,No,0.0,No,0.0,No,0.0,No,0.0,No,0.0
1360,PETRONET LNG LIMITED,,INE347G01014,Energy,INDIA,0.0,0.0,0,0,34,No,0.0,No,0.0,No,0.0,No,0.0,No,0.0,No,0.0,No,0.0,No,0.0,No,0.0,No,0.0,No,0.0,No,0.0,No,0.0,No,0.0,No,0.0,No,0.0,No,0.0,No,0.0,No,0.0,No,0.0,No,0.0,No,0.0,No,0.0,No,0.0,No,0.0,No,0.0,No,0.0,No,0.0,No,0.0,No,0.0,No,0.0,No,0.0,No,0.0,No,0.0
1361,PFIZER INC.,,US7170811035,Health Care,UNITED STATES,26.5,9.0,9,2,23,Yes,1.0,No,0.0,No,0.0,No,0.0,Partial,0.0,Yes,1.0,No,0.0,Yes,1.0,No,0.0,Yes,1.0,Yes,1.0,No,0.0,No,0.0,No,0.0,No,0.0,Yes,1.0,Yes,1.0,Partial,0.0,Yes,1.0,No,0.0,No,0.0,No,0.0,No,0.0,No,0.0,No,0.0,No,0.0,No,0.0,No,0.0,No,0.0,Yes,1.0,No,0.0,No,0.0,No,0.0,No,0.0
654,PG&E CORPORATION,,US69331C1080,Utilities,UNITED STATES,14.7,5.0,5,0,29,Yes,1.0,No,0.0,No,0.0,Yes,1.0,No,0.0,Yes,1.0,No,0.0,Yes,1.0,No,0.0,Yes,1.0,No,0.0,No,0.0,No,0.0,No,0.0,No,0.0,No,0.0,No,0.0,No,0.0,No,0.0,No,0.0,No,0.0,No,0.0,No,0.0,No,0.0,No,0.0,No,0.0,No,0.0,No,0.0,No,0.0,No,0.0,No,0.0,No,0.0,No,0.0,No,0.0
1765,PGE POLSKA GRUPA ENERGETYCZNA SPOLKA AKCYJNA,,PLPGER000010,Utilities,POLAND,2.9,1.0,1,0,33,No,0.0,No,0.0,No,0.0,No,0.0,No,0.0,Yes,1.0,No,0.0,No,0.0,No,0.0,No,0.0,No,0.0,No,0.0,No,0.0,No,0.0,No,0.0,No,0.0,No,0.0,No,0.0,No,0.0,No,0.0,No,0.0,No,0.0,No,0.0,No,0.0,No,0.0,No,0.0,No,0.0,No,0.0,No,0.0,No,0.0,No,0.0,No,0.0,No,0.0,No,0.0
1986,PharmaEssentia Corp,,TW0006446008,Health Care,TAIWAN,5.9,2.0,2,0,32,No,0.0,No,0.0,No,0.0,No,0.0,No,0.0,Yes,1.0,No,0.0,No,0.0,No,0.0,No,0.0,No,0.0,No,0.0,No,0.0,No,0.0,No,0.0,No,0.0,No,0.0,No,0.0,No,0.0,No,0.0,No,0.0,No,0.0,No,0.0,No,0.0,No,0.0,No,0.0,No,0.0,No,0.0,Yes,1.0,No,0.0,No,0.0,No,0.0,No,0.0,No,0.0
2195,"Pharmaron Beijing Co., Ltd.",,CNE100003JW4,Health Care,CHINA,17.6,6.0,6,0,28,Yes,1.0,No,0.0,No,0.0,No,0.0,No,0.0,Yes,1.0,No,0.0,No,0.0,No,0.0,No,0.0,No,0.0,No,0.0,No,0.0,No,0.0,No,0.0,Yes,1.0,Yes,1.0,No,0.0,Yes,1.0,Yes,1.0,No,0.0,No,0.0,No,0.0,No,0.0,No,0.0,No,0.0,No,0.0,No,0.0,No,0.0,No,0.0,No,0.0,No,0.0,No,0.0,No,0.0
1709,Philip Morris International Inc.,,US7181721090,Consumer Staples,UNITED STATES,30.9,10.5,10,1,23,Yes,1.0,No,0.0,No,0.0,No,0.0,Yes,1.0,Yes,1.0,No,0.0,No,0.0,No,0.0,No,0.0,Yes,1.0,Yes,1.0,No,0.0,No,0.0,No,0.0,Yes,1.0,Yes,1.0,Yes,1.0,No,0.0,Yes,1.0,No,0.0,No,0.0,No,0.0,No,0.0,Yes,1.0,No,0.0,No,0.0,No,0.0,No,0.0,No,0.0,Partial,0.5,No,0.0,No,0.0,No,0.0
1921,PHILLIPS 66,,US7185461040,Energy,UNITED STATES,39.7,13.5,11,5,18,Partial,0.5,No,0.0,No,0.0,Yes,1.0,No,0.0,Yes,1.0,No,0.0,Yes,1.0,No,0.0,Yes,1.0,Yes,1.0,Yes,1.0,No,0.0,Partial,0.5,No,0.0,Partial,0.5,Partial,0.5,Partial,0.5,No,0.0,No,0.0,Yes,1.0,No,0.0,Yes,1.0,Yes,1.0,No,0.0,No,0.0,No,0.0,Yes,1.0,No,0.0,No,0.0,Yes,1.0,No,0.0,No,0.0,No,0.0
349,PHOENIX FINANCIAL LTD,,IL0007670123,Financials,ISRAEL,11.8,4.0,4,0,30,Yes,1.0,No,0.0,Yes,1.0,No,0.0,No,0.0,Yes,1.0,No,0.0,No,0.0,No,0.0,Yes,1.0,No,0.0,No,0.0,No,0.0,No,0.0,No,0.0,No,0.0,No,0.0,No,0.0,No,0.0,No,0.0,No,0.0,No,0.0,No,0.0,No,0.0,No,0.0,No,0.0,No,0.0,No,0.0,No,0.0,No,0.0,No,0.0,No,0.0,No,0.0,No,0.0
1348,PICC Property and Casualty Company Limited,,CNE100000593,Financials,CHINA,14.7,5.0,5,0,29,Yes,1.0,No,0.0,No,0.0,No,0.0,No,0.0,Yes,1.0,No,0.0,Yes,1.0,No,0.0,Yes,1.0,No,0.0,No,0.0,No,0.0,No,0.0,No,0.0,No,0.0,No,0.0,No,0.0,No,0.0,No,0.0,Yes,1.0,No,0.0,No,0.0,No,0.0,No,0.0,No,0.0,No,0.0,No,0.0,No,0.0,No,0.0,No,0.0,No,0.0,No,0.0,No,0.0
1364,PIDILITE INDUSTRIES LIMITED,,INE318A01026,Basic Materials,INDIA,11.8,4.0,4,0,30,No,0.0,No,0.0,No,0.0,No,0.0,No,0.0,Yes,1.0,No,0.0,Yes,1.0,No,0.0,Yes,1.0,No,0.0,No,0.0,No,0.0,No,0.0,No,0.0,No,0.0,No,0.0,No,0.0,No,0.0,No,0.0,Yes,1.0,No,0.0,No,0.0,No,0.0,No,0.0,No,0.0,No,0.0,No,0.0,No,0.0,No,0.0,No,0.0,No,0.0,No,0.0,No,0.0
590,PI INDUSTRIES LIMITED,,INE603J01030,Basic Materials,INDIA,10.3,3.5,3,1,30,Yes,1.0,No,0.0,No,0.0,No,0.0,No,0.0,Yes,1.0,No,0.0,Yes,1.0,No,0.0,No,0.0,No,0.0,No,0.0,No,0.0,No,0.0,No,0.0,Partial,0.5,No,0.0,No,0.0,No,0.0,No,0.0,No,0.0,No,0.0,No,0.0,No,0.0,No,0.0,No,0.0,No,0.0,No,0.0,No,0.0,No,0.0,No,0.0,No,0.0,No,0.0,No,0.0
397,"Ping An Bank Co., Ltd.",,CNE000000040,Financials,CHINA,19.1,6.5,4,7,23,No,0.0,No,0.0,No,0.0,No,0.0,Partial,0.0,Partial,0.5,No,0.0,Yes,1.0,No,0.0,Yes,1.0,Yes,1.0,No,0.0,No,0.0,Partial,0.0,No,0.0,Yes,1.0,Partial,0.5,Partial,0.5,Partial,0.5,No,0.0,No,0.0,No,0.0,No,0.0,No,0.0,No,0.0,No,0.0,No,0.0,No,0.0,No,0.0,Partial,0.5,No,0.0,No,0.0,No,0.0,No,0.0
1365,"Ping An Insurance (Group) Company of China, Ltd.",,CNE000001R84,Financials,CHINA,26.5,9.0,9,1,24,Yes,1.0,No,0.0,No,0.0,No,0.0,No,0.0,Yes,1.0,No,0.0,Yes,1.0,No,0.0,Yes,1.0,No,0.0,No,0.0,No,0.0,Partial,0.0,No,0.0,Yes,1.0,Yes,1.0,Yes,1.0,Yes,1.0,No,0.0,No,0.0,No,0.0,No,0.0,No,0.0,No,0.0,No,0.0,No,0.0,No,0.0,No,0.0,Yes,1.0,No,0.0,No,0.0,No,0.0,No,0.0
2445,"PINNACLE FINANCIAL PARTNERS, INC.",,US72348N1090,Financials,UNITED STATES,0.0,0.0,0,0,34,No,0.0,No,0.0,No,0.0,No,0.0,No,0.0,No,0.0,No,0.0,No,0.0,No,0.0,No,0.0,No,0.0,No,0.0,No,0.0,No,0.0,No,0.0,No,0.0,No,0.0,No,0.0,No,0.0,No,0.0,No,0.0,No,0.0,No,0.0,No,0.0,No,0.0,No,0.0,No,0.0,No,0.0,No,0.0,No,0.0,No,0.0,No,0.0,No,0.0,No,0.0
2193,"PINTEREST, INC.",,US72352L1061,Technology,UNITED STATES,17.6,6.0,6,1,27,No,0.0,No,0.0,No,0.0,No,0.0,Partial,0.0,Yes,1.0,No,0.0,Yes,1.0,No,0.0,Yes,1.0,No,0.0,No,0.0,No,0.0,No,0.0,No,0.0,No,0.0,No,0.0,No,0.0,No,0.0,No,0.0,No,0.0,No,0.0,Yes,1.0,No,0.0,No,0.0,No,0.0,No,0.0,No,0.0,No,0.0,No,0.0,Yes,1.0,No,0.0,Yes,1.0,No,0.0
2338,Piotech Inc,,CNE100005998,Technology,CHINA,0.0,0.0,0,0,34,No,0.0,No,0.0,No,0.0,No,0.0,No,0.0,No,0.0,No,0.0,No,0.0,No,0.0,No,0.0,No,0.0,No,0.0,No,0.0,No,0.0,No,0.0,No,0.0,No,0.0,No,0.0,No,0.0,No,0.0,No,0.0,No,0.0,No,0.0,No,0.0,No,0.0,No,0.0,No,0.0,No,0.0,No,0.0,No,0.0,No,0.0,No,0.0,No,0.0,No,0.0
2289,Piraeus Bank SA,,GRS831003009,Financials,GREECE,50.0,17.0,16,4,14,Yes,1.0,Yes,1.0,No,0.0,Yes,1.0,Partial,0.5,Yes,1.0,Yes,1.0,Yes,1.0,No,0.0,Yes,1.0,No,0.0,No,0.0,No,0.0,No,0.0,No,0.0,Yes,1.0,Yes,1.0,Yes,1.0,No,0.0,No,0.0,Yes,1.0,Yes,1.0,Yes,1.0,Partial,0.0,Yes,1.0,Partial,0.0,No,0.0,Yes,1.0,Partial,0.5,No,0.0,No,0.0,Yes,1.0,No,0.0,No,0.0
1759,Plaza S.A.,,CL0002456714,Real Estate,CHILE,0.0,0.0,0,0,34,No,0.0,No,0.0,No,0.0,No,0.0,No,0.0,No,0.0,No,0.0,No,0.0,No,0.0,No,0.0,No,0.0,No,0.0,No,0.0,No,0.0,No,0.0,No,0.0,No,0.0,No,0.0,No,0.0,No,0.0,No,0.0,No,0.0,No,0.0,No,0.0,No,0.0,No,0.0,No,0.0,No,0.0,No,0.0,No,0.0,No,0.0,No,0.0,No,0.0,No,0.0
1362,PLDT Inc.,,PHY7072Q1032,Telecommunications,PHILIPPINES,2.9,1.0,1,0,33,No,0.0,No,0.0,No,0.0,No,0.0,No,0.0,No,0.0,No,0.0,No,0.0,No,0.0,No,0.0,No,0.0,No,0.0,No,0.0,No,0.0,No,0.0,No,0.0,No,0.0,No,0.0,No,0.0,No,0.0,No,0.0,No,0.0,No,0.0,No,0.0,No,0.0,No,0.0,No,0.0,No,0.0,Yes,1.0,No,0.0,No,0.0,No,0.0,No,0.0,No,0.0
1755,POLYCAB INDIA LIMITED,,INE455K01017,Industrials,INDIA,8.8,3.0,3,0,31,No,0.0,No,0.0,No,0.0,No,0.0,No,0.0,Yes,1.0,No,0.0,Yes,1.0,No,0.0,Yes,1.0,No,0.0,No,0.0,No,0.0,No,0.0,No,0.0,No,0.0,No,0.0,No,0.0,No,0.0,No,0.0,No,0.0,No,0.0,No,0.0,No,0.0,No,0.0,No,0.0,No,0.0,No,0.0,No,0.0,No,0.0,No,0.0,No,0.0,No,0.0,No,0.0
614,"Poly Developments and Holdings Group Co., Ltd.",,CNE000001ND1,Real Estate,CHINA,14.7,5.0,5,0,29,No,0.0,No,0.0,No,0.0,No,0.0,No,0.0,Yes,1.0,No,0.0,Yes,1.0,No,0.0,Yes,1.0,No,0.0,No,0.0,No,0.0,No,0.0,No,0.0,No,0.0,No,0.0,No,0.0,No,0.0,No,0.0,No,0.0,No,0.0,Yes,1.0,Yes,1.0,No,0.0,No,0.0,No,0.0,No,0.0,No,0.0,No,0.0,No,0.0,No,0.0,No,0.0,No,0.0
2417,Pony AI Inc,,KYG7171B1068,Industrials,CHINA,19.1,6.5,6,1,27,No,0.0,No,0.0,Yes,1.0,No,0.0,No,0.0,Yes,1.0,No,0.0,Yes,1.0,No,0.0,Yes,1.0,No,0.0,No,0.0,No,0.0,No,0.0,Yes,1.0,No,0.0,No,0.0,No,0.0,No,0.0,No,0.0,No,0.0,No,0.0,No,0.0,Yes,1.0,No,0.0,No,0.0,No,0.0,No,0.0,No,0.0,No,0.0,Partial,0.5,No,0.0,No,0.0,No,0.0
2284,Pop Mart International Group Ltd,,KYG7170M1033,Consumer Discretion,HONG KONG,0.0,0.0,0,0,34,No,0.0,No,0.0,No,0.0,No,0.0,No,0.0,No,0.0,No,0.0,No,0.0,No,0.0,No,0.0,No,0.0,No,0.0,No,0.0,No,0.0,No,0.0,No,0.0,No,0.0,No,0.0,No,0.0,No,0.0,No,0.0,No,0.0,No,0.0,No,0.0,No,0.0,No,0.0,No,0.0,No,0.0,No,0.0,No,0.0,No,0.0,No,0.0,No,0.0,No,0.0
785,Porsche Automobil Holding SE,,US73328P1066,Consumer Discretion,GERMANY,14.7,5.0,5,0,29,Yes,1.0,No,0.0,No,0.0,Yes,1.0,No,0.0,Yes,1.0,No,0.0,No,0.0,No,0.0,Yes,1.0,No,0.0,No,0.0,No,0.0,No,0.0,No,0.0,No,0.0,No,0.0,No,0.0,No,0.0,No,0.0,No,0.0,No,0.0,No,0.0,No,0.0,No,0.0,No,0.0,No,0.0,Yes,1.0,No,0.0,No,0.0,No,0.0,No,0.0,No,0.0,No,0.0
570,PORTO SEGURO S.A.,,BRPSSAACNOR7,Financials,BRAZIL,10.3,3.5,3,2,29,No,0.0,No,0.0,No,0.0,Partial,0.0,No,0.0,Yes,1.0,No,0.0,Partial,0.5,No,0.0,Yes,1.0,No,0.0,No,0.0,No,0.0,No,0.0,No,0.0,No,0.0,No,0.0,No,0.0,No,0.0,No,0.0,No,0.0,No,0.0,No,0.0,No,0.0,No,0.0,No,0.0,No,0.0,No,0.0,No,0.0,No,0.0,No,0.0,Yes,1.0,No,0.0,No,0.0
229,"POSCO FUTURE M CO., LTD.",,KR7003670007,Basic Materials,SOUTH KOREA,5.9,2.0,2,1,31,No,0.0,No,0.0,No,0.0,No,0.0,No,0.0,Yes,1.0,No,0.0,No,0.0,No,0.0,No,0.0,No,0.0,No,0.0,No,0.0,No,0.0,No,0.0,Yes,1.0,No,0.0,No,0.0,No,0.0,No,0.0,No,0.0,No,0.0,No,0.0,No,0.0,Partial,0.0,No,0.0,No,0.0,No,0.0,No,0.0,No,0.0,No,0.0,No,0.0,No,0.0,No,0.0
1349,POSCO Holdings Inc.,,KR7005490008,Basic Materials,SOUTH KOREA,20.6,7.0,7,0,27,No,0.0,No,0.0,No,0.0,No,0.0,No,0.0,Yes,1.0,No,0.0,Yes,1.0,No,0.0,Yes,1.0,No,0.0,No,0.0,No,0.0,No,0.0,No,0.0,No,0.0,No,0.0,No,0.0,No,0.0,No,0.0,No,0.0,No,0.0,Yes,1.0,Yes,1.0,Yes,1.0,No,0.0,No,0.0,No,0.0,Yes,1.0,No,0.0,No,0.0,No,0.0,No,0.0,No,0.0
1022,POSCO INTERNATIONAL CORPORATION,,KR7047050000,Industrials,SOUTH KOREA,0.0,0.0,0,0,34,No,0.0,No,0.0,No,0.0,No,0.0,No,0.0,No,0.0,No,0.0,No,0.0,No,0.0,No,0.0,No,0.0,No,0.0,No,0.0,No,0.0,No,0.0,No,0.0,No,0.0,No,0.0,No,0.0,No,0.0,No,0.0,No,0.0,No,0.0,No,0.0,No,0.0,No,0.0,No,0.0,No,0.0,No,0.0,No,0.0,No,0.0,No,0.0,No,0.0,No,0.0
1720,"Postal Savings Bank of China Co., Ltd.",,CNE100003PZ4,Financials,CHINA,20.6,7.0,6,2,26,Partial,0.5,No,0.0,No,0.0,Yes,1.0,No,0.0,Partial,0.5,Yes,1.0,Yes,1.0,No,0.0,Yes,1.0,No,0.0,No,0.0,No,0.0,No,0.0,No,0.0,No,0.0,No,0.0,No,0.0,No,0.0,No,0.0,Yes,1.0,Yes,1.0,No,0.0,No,0.0,No,0.0,No,0.0,No,0.0,No,0.0,No,0.0,No,0.0,No,0.0,No,0.0,No,0.0,No,0.0
1657,POSTE ITALIANE - SOCIETA PER AZIONI,,IT0003796171,Financials,ITALY,32.4,11.0,9,5,20,Yes,1.0,No,0.0,Yes,1.0,Yes,1.0,Partial,0.0,Partial,0.5,No,0.0,Yes,1.0,No,0.0,Partial,0.5,No,0.0,No,0.0,No,0.0,No,0.0,No,0.0,Yes,1.0,Yes,1.0,Partial,0.5,No,0.0,No,0.0,Partial,0.5,No,0.0,No,0.0,No,0.0,Yes,1.0,Yes,1.0,No,0.0,No,0.0,Yes,1.0,No,0.0,No,0.0,No,0.0,No,0.0,No,0.0
21,Power Assets Holdings Limited,,HK0006000050,Utilities,HONG KONG,10.3,3.5,1,6,27,No,0.0,No,0.0,No,0.0,Partial,0.0,No,0.0,Partial,0.5,No,0.0,Partial,0.5,No,0.0,Partial,0.5,No,0.0,No,0.0,No,0.0,No,0.0,No,0.0,Partial,0.5,Partial,0.5,No,0.0,No,0.0,No,0.0,No,0.0,No,0.0,No,0.0,No,0.0,No,0.0,No,0.0,No,0.0,No,0.0,No,0.0,No,0.0,Yes,1.0,No,0.0,No,0.0,No,0.0
1879,"Power Construction Corporation of China, Ltd.",,CNE1000017G1,Industrials,CHINA,8.8,3.0,3,1,30,Yes,1.0,No,0.0,No,0.0,No,0.0,No,0.0,Yes,1.0,No,0.0,Yes,1.0,No,0.0,Partial,0.0,No,0.0,No,0.0,No,0.0,No,0.0,No,0.0,No,0.0,No,0.0,No,0.0,No,0.0,No,0.0,No,0.0,No,0.0,No,0.0,No,0.0,No,0.0,No,0.0,No,0.0,No,0.0,No,0.0,No,0.0,No,0.0,No,0.0,No,0.0,No,0.0
368,POWER CORPORATION OF CANADA,,CA7392391016,Financials,CANADA,11.8,4.0,4,1,29,No,0.0,No,0.0,Yes,1.0,No,0.0,Partial,0.0,Yes,1.0,No,0.0,No,0.0,No,0.0,No,0.0,No,0.0,No,0.0,No,0.0,No,0.0,No,0.0,No,0.0,No,0.0,No,0.0,No,0.0,No,0.0,No,0.0,No,0.0,No,0.0,No,0.0,No,0.0,No,0.0,No,0.0,Yes,1.0,No,0.0,No,0.0,No,0.0,Yes,1.0,No,0.0,No,0.0
167,POWER FINANCE CORPORATION LIMITED,,INE134E01011,Financials,INDIA,2.9,1.0,1,0,33,No,0.0,No,0.0,No,0.0,No,0.0,No,0.0,No,0.0,No,0.0,No,0.0,No,0.0,No,0.0,No,0.0,No,0.0,No,0.0,No,0.0,No,0.0,No,0.0,No,0.0,No,0.0,No,0.0,No,0.0,No,0.0,No,0.0,No,0.0,No,0.0,No,0.0,No,0.0,No,0.0,No,0.0,Yes,1.0,No,0.0,No,0.0,No,0.0,No,0.0,No,0.0
1367,POWER GRID CORPORATION OF INDIA LIMITED,,INE752E01010,Utilities,INDIA,11.8,4.0,4,0,30,No,0.0,No,0.0,No,0.0,Yes,1.0,No,0.0,Yes,1.0,No,0.0,Yes,1.0,No,0.0,Yes,1.0,No,0.0,No,0.0,No,0.0,No,0.0,No,0.0,No,0.0,No,0.0,No,0.0,No,0.0,No,0.0,No,0.0,No,0.0,No,0.0,No,0.0,No,0.0,No,0.0,No,0.0,No,0.0,No,0.0,No,0.0,No,0.0,No,0.0,No,0.0,No,0.0
160,POWSZECHNA KASA OSZCZEDNOSCI BANK POLSKI SPOLKA AKCYJNA,,PLPKO0000016,Financials,POLAND,17.6,6.0,6,0,28,No,0.0,No,0.0,No,0.0,Yes,1.0,No,0.0,Yes,1.0,No,0.0,Yes,1.0,No,0.0,Yes,1.0,No,0.0,No,0.0,No,0.0,No,0.0,No,0.0,No,0.0,No,0.0,No,0.0,No,0.0,No,0.0,Yes,1.0,Yes,1.0,No,0.0,No,0.0,No,0.0,No,0.0,No,0.0,No,0.0,No,0.0,No,0.0,No,0.0,No,0.0,No,0.0,No,0.0
1725,POWSZECHNY ZAKLAD UBEZPIECZEN SPOLKA AKCYJNA,,PLPZU0000011,Financials,POLAND,26.5,9.0,9,0,25,Yes,1.0,No,0.0,No,0.0,No,0.0,Yes,1.0,Yes,1.0,No,0.0,Yes,1.0,No,0.0,Yes,1.0,No,0.0,No,0.0,No,0.0,No,0.0,No,0.0,Yes,1.0,No,0.0,Yes,1.0,No,0.0,No,0.0,Yes,1.0,No,0.0,No,0.0,No,0.0,No,0.0,No,0.0,No,0.0,Yes,1.0,No,0.0,No,0.0,No,0.0,No,0.0,No,0.0,No,0.0
170,"PPG INDUSTRIES, INC.",,US6935061076,Industrials,UNITED STATES,14.7,5.0,5,0,29,No,0.0,No,0.0,Yes,1.0,No,0.0,No,0.0,Yes,1.0,No,0.0,No,0.0,No,0.0,No,0.0,No,0.0,No,0.0,No,0.0,No,0.0,No,0.0,Yes,1.0,No,0.0,No,0.0,No,0.0,No,0.0,No,0.0,No,0.0,No,0.0,No,0.0,No,0.0,No,0.0,No,0.0,No,0.0,No,0.0,No,0.0,Yes,1.0,No,0.0,Yes,1.0,No,0.0
802,PPL CORPORATION,,US69351T1060,Utilities,UNITED STATES,11.8,4.0,4,0,30,No,0.0,No,0.0,No,0.0,No,0.0,No,0.0,No,0.0,No,0.0,No,0.0,No,0.0,No,0.0,Yes,1.0,No,0.0,No,0.0,No,0.0,No,0.0,Yes,1.0,Yes,1.0,No,0.0,No,0.0,No,0.0,No,0.0,No,0.0,No,0.0,No,0.0,No,0.0,No,0.0,No,0.0,No,0.0,No,0.0,No,0.0,Yes,1.0,No,0.0,No,0.0,No,0.0
1368,PRESIDENT CHAIN STORE CORPORATION,,TW0002912003,Consumer Staples,TAIWAN,0.0,0.0,0,0,34,No,0.0,No,0.0,No,0.0,No,0.0,No,0.0,No,0.0,No,0.0,No,0.0,No,0.0,No,0.0,No,0.0,No,0.0,No,0.0,No,0.0,No,0.0,No,0.0,No,0.0,No,0.0,No,0.0,No,0.0,No,0.0,No,0.0,No,0.0,No,0.0,No,0.0,No,0.0,No,0.0,No,0.0,No,0.0,No,0.0,No,0.0,No,0.0,No,0.0,No,0.0
2132,PRESS METAL ALUMINIUM HOLDINGS BERHAD,,MYL8869OO009,Basic Materials,MALAYSIA,0.0,0.0,0,0,34,No,0.0,No,0.0,No,0.0,No,0.0,No,0.0,No,0.0,No,0.0,No,0.0,No,0.0,No,0.0,No,0.0,No,0.0,No,0.0,No,0.0,No,0.0,No,0.0,No,0.0,No,0.0,No,0.0,No,0.0,No,0.0,No,0.0,No,0.0,No,0.0,No,0.0,No,0.0,No,0.0,No,0.0,No,0.0,No,0.0,No,0.0,No,0.0,No,0.0,No,0.0
1850,PRESTIGE ESTATES PROJECTS LIMITED,,INE811K01011,Real Estate,INDIA,11.8,4.0,4,0,30,Yes,1.0,No,0.0,No,0.0,No,0.0,No,0.0,Yes,1.0,No,0.0,Yes,1.0,No,0.0,Yes,1.0,No,0.0,No,0.0,No,0.0,No,0.0,No,0.0,No,0.0,No,0.0,No,0.0,No,0.0,No,0.0,No,0.0,No,0.0,No,0.0,No,0.0,No,0.0,No,0.0,No,0.0,No,0.0,No,0.0,No,0.0,No,0.0,No,0.0,No,0.0,No,0.0
794,"PRINCIPAL FINANCIAL GROUP, INC.",,US74251V1026,Financials,UNITED STATES,45.6,15.5,15,3,16,Yes,1.0,No,0.0,No,0.0,Partial,0.0,Yes,1.0,Yes,1.0,No,0.0,Yes,1.0,No,0.0,Yes,1.0,No,0.0,No,0.0,No,0.0,No,0.0,Yes,1.0,Yes,1.0,Yes,1.0,Yes,1.0,No,0.0,Yes,1.0,Yes,1.0,Yes,1.0,Yes,1.0,Partial,0.0,Yes,1.0,No,0.0,No,0.0,Partial,0.5,No,0.0,No,0.0,Yes,1.0,No,0.0,No,0.0,No,0.0
1849,PRIO S.A.,,BRPRIOACNOR1,Energy,BRAZIL,8.8,3.0,2,2,30,No,0.0,No,0.0,No,0.0,No,0.0,No,0.0,Partial,0.5,No,0.0,Yes,1.0,No,0.0,Partial,0.5,No,0.0,No,0.0,No,0.0,No,0.0,No,0.0,No,0.0,No,0.0,No,0.0,No,0.0,No,0.0,No,0.0,No,0.0,No,0.0,No,0.0,No,0.0,No,0.0,No,0.0,Yes,1.0,No,0.0,No,0.0,No,0.0,No,0.0,No,0.0,No,0.0
663,"PROLOGIS, INC.",,US74340W1036,Real Estate,UNITED STATES,26.5,9.0,9,0,25,No,0.0,No,0.0,No,0.0,No,0.0,No,0.0,Yes,1.0,No,0.0,Yes,1.0,No,0.0,Yes,1.0,Yes,1.0,No,0.0,No,0.0,No,0.0,No,0.0,Yes,1.0,Yes,1.0,Yes,1.0,No,0.0,No,0.0,Yes,1.0,No,0.0,No,0.0,No,0.0,Yes,1.0,No,0.0,No,0.0,No,0.0,No,0.0,No,0.0,No,0.0,No,0.0,No,0.0,No,0.0
1369,Pro Medicus Ltd,,AU000000PME8,Health Care,AUSTRALIA,22.1,7.5,7,1,26,Yes,1.0,No,0.0,No,0.0,No,0.0,Yes,1.0,Yes,1.0,No,0.0,No,0.0,No,0.0,Yes,1.0,No,0.0,No,0.0,No,0.0,No,0.0,No,0.0,Yes,1.0,Yes,1.0,Partial,0.5,Yes,1.0,No,0.0,No,0.0,No,0.0,No,0.0,No,0.0,No,0.0,No,0.0,No,0.0,No,0.0,No,0.0,No,0.0,No,0.0,No,0.0,No,0.0,No,0.0
1371,"Promotora y Operadora de Infraestructura, S.A.B. de C.V.",,MX01PI000005,Industrials,MEXICO,0.0,0.0,0,0,34,No,0.0,No,0.0,No,0.0,No,0.0,No,0.0,No,0.0,No,0.0,No,0.0,No,0.0,No,0.0,No,0.0,No,0.0,No,0.0,No,0.0,No,0.0,No,0.0,No,0.0,No,0.0,No,0.0,No,0.0,No,0.0,No,0.0,No,0.0,No,0.0,No,0.0,No,0.0,No,0.0,No,0.0,No,0.0,No,0.0,No,0.0,No,0.0,No,0.0,No,0.0
1833,Prosus N.V.,,NL0013654783,Technology,NETHERLANDS,55.9,19.0,18,3,13,Yes,1.0,No,0.0,Yes,1.0,Yes,1.0,Yes,1.0,Yes,1.0,No,0.0,Yes,1.0,No,0.0,Yes,1.0,Yes,1.0,No,0.0,No,0.0,No,0.0,Yes,1.0,Partial,0.5,Partial,0.5,Yes,1.0,Yes,1.0,Partial,0.0,Yes,1.0,Yes,1.0,No,0.0,No,0.0,Yes,1.0,Yes,1.0,No,0.0,No,0.0,Yes,1.0,No,0.0,Yes,1.0,No,0.0,Yes,1.0,No,0.0
1372,"PRUDENTIAL FINANCIAL, INC.",,US7443201022,Financials,UNITED STATES,42.6,14.5,14,1,19,Yes,1.0,No,0.0,Yes,1.0,No,0.0,Partial,0.5,Yes,1.0,No,0.0,Yes,1.0,No,0.0,Yes,1.0,Yes,1.0,No,0.0,No,0.0,Yes,1.0,No,0.0,Yes,1.0,Yes,1.0,Yes,1.0,No,0.0,Yes,1.0,Yes,1.0,No,0.0,No,0.0,No,0.0,No,0.0,No,0.0,No,0.0,Yes,1.0,No,0.0,No,0.0,Yes,1.0,No,0.0,No,0.0,No,0.0
1373,PRUDENTIAL PUBLIC LIMITED COMPANY,,GB0007099541,Financials,UNITED KINGDOM,35.3,12.0,12,0,22,Yes,1.0,No,0.0,No,0.0,No,0.0,No,0.0,Yes,1.0,No,0.0,No,0.0,No,0.0,No,0.0,Yes,1.0,No,0.0,No,0.0,Yes,1.0,Yes,1.0,Yes,1.0,Yes,1.0,Yes,1.0,Yes,1.0,Yes,1.0,No,0.0,No,0.0,No,0.0,No,0.0,Yes,1.0,No,0.0,No,0.0,No,0.0,No,0.0,No,0.0,Yes,1.0,No,0.0,No,0.0,No,0.0
713,PRYSMIAN S.P.A.,,IT0004176001,Industrials,ITALY,25.0,8.5,7,3,24,No,0.0,No,0.0,No,0.0,No,0.0,Partial,0.5,Yes,1.0,No,0.0,No,0.0,No,0.0,Yes,1.0,Yes,1.0,No,0.0,No,0.0,Partial,0.5,No,0.0,Yes,1.0,Yes,1.0,Partial,0.5,Yes,1.0,Yes,1.0,No,0.0,No,0.0,No,0.0,No,0.0,No,0.0,No,0.0,No,0.0,No,0.0,No,0.0,No,0.0,No,0.0,No,0.0,No,0.0,No,0.0
2116,PT AMMAN MINERAL INTERNASIONAL TBK.,,ID1000191109,Basic Materials,INDONESIA,14.7,5.0,5,0,29,No,0.0,No,0.0,No,0.0,No,0.0,No,0.0,Yes,1.0,No,0.0,Yes,1.0,No,0.0,Yes,1.0,No,0.0,No,0.0,No,0.0,No,0.0,No,0.0,No,0.0,No,0.0,No,0.0,No,0.0,No,0.0,No,0.0,No,0.0,No,0.0,No,0.0,Yes,1.0,No,0.0,No,0.0,Yes,1.0,No,0.0,No,0.0,No,0.0,No,0.0,No,0.0,No,0.0
876,PT Astra International Tbk,,ID1000122807,Consumer Discretion,INDONESIA,0.0,0.0,0,0,34,No,0.0,No,0.0,No,0.0,No,0.0,No,0.0,No,0.0,No,0.0,No,0.0,No,0.0,No,0.0,No,0.0,No,0.0,No,0.0,No,0.0,No,0.0,No,0.0,No,0.0,No,0.0,No,0.0,No,0.0,No,0.0,No,0.0,No,0.0,No,0.0,No,0.0,No,0.0,No,0.0,No,0.0,No,0.0,No,0.0,No,0.0,No,0.0,No,0.0,No,0.0
421,PT Bank Central Asia Tbk,,ID1000109507,Financials,INDONESIA,41.2,14.0,14,1,19,Yes,1.0,No,0.0,No,0.0,No,0.0,Partial,0.0,Yes,1.0,No,0.0,Yes,1.0,No,0.0,Yes,1.0,No,0.0,No,0.0,No,0.0,No,0.0,Yes,1.0,Yes,1.0,Yes,1.0,Yes,1.0,No,0.0,No,0.0,Yes,1.0,No,0.0,Yes,1.0,No,0.0,Yes,1.0,No,0.0,Yes,1.0,Yes,1.0,No,0.0,No,0.0,Yes,1.0,No,0.0,No,0.0,No,0.0
460,PT Bank Mandiri (Persero) Tbk,,ID1000095003,Financials,INDONESIA,0.0,0.0,0,0,34,No,0.0,No,0.0,No,0.0,No,0.0,No,0.0,No,0.0,No,0.0,No,0.0,No,0.0,No,0.0,No,0.0,No,0.0,No,0.0,No,0.0,No,0.0,No,0.0,No,0.0,No,0.0,No,0.0,No,0.0,No,0.0,No,0.0,No,0.0,No,0.0,No,0.0,No,0.0,No,0.0,No,0.0,No,0.0,No,0.0,No,0.0,No,0.0,No,0.0,No,0.0
905,PT Bank Negara Indonesia (Persero) Tbk,,ID1000096605,Financials,INDONESIA,20.6,7.0,7,0,27,Yes,1.0,No,0.0,No,0.0,No,0.0,Yes,1.0,Yes,1.0,No,0.0,Yes,1.0,No,0.0,Yes,1.0,No,0.0,No,0.0,No,0.0,No,0.0,No,0.0,Yes,1.0,No,0.0,No,0.0,No,0.0,No,0.0,No,0.0,No,0.0,No,0.0,No,0.0,No,0.0,No,0.0,No,0.0,Yes,1.0,No,0.0,No,0.0,No,0.0,No,0.0,No,0.0,No,0.0
657,PT Bank Rakyat Indonesia (Persero) Tbk,,ID1000118201,Financials,INDONESIA,17.6,6.0,6,1,27,Yes,1.0,No,0.0,No,0.0,No,0.0,No,0.0,Yes,1.0,No,0.0,Yes,1.0,No,0.0,Yes,1.0,No,0.0,No,0.0,No,0.0,No,0.0,No,0.0,Yes,1.0,Partial,0.0,No,0.0,No,0.0,No,0.0,No,0.0,No,0.0,No,0.0,No,0.0,No,0.0,No,0.0,No,0.0,No,0.0,No,0.0,No,0.0,Yes,1.0,No,0.0,No,0.0,No,0.0
916,PT Barito Pacific Tbk,,ID1000085707,Basic Materials,INDONESIA,0.0,0.0,0,0,34,No,0.0,No,0.0,No,0.0,No,0.0,No,0.0,No,0.0,No,0.0,No,0.0,No,0.0,No,0.0,No,0.0,No,0.0,No,0.0,No,0.0,No,0.0,No,0.0,No,0.0,No,0.0,No,0.0,No,0.0,No,0.0,No,0.0,No,0.0,No,0.0,No,0.0,No,0.0,No,0.0,No,0.0,No,0.0,No,0.0,No,0.0,No,0.0,No,0.0,No,0.0
2392,PT Barito Renewables Energy Tbk,,ID1000198500,Utilities,INDONESIA,8.8,3.0,2,2,30,Yes,1.0,No,0.0,No,0.0,No,0.0,No,0.0,Yes,1.0,No,0.0,No,0.0,No,0.0,Partial,0.5,No,0.0,No,0.0,No,0.0,No,0.0,No,0.0,No,0.0,No,0.0,No,0.0,No,0.0,No,0.0,No,0.0,No,0.0,No,0.0,No,0.0,No,0.0,No,0.0,No,0.0,Partial,0.5,No,0.0,No,0.0,No,0.0,No,0.0,No,0.0,No,0.0
1858,PT Bumi Resources Minerals Tbk,,ID1000117609,Basic Materials,INDONESIA,0.0,0.0,0,0,34,No,0.0,No,0.0,No,0.0,No,0.0,No,0.0,No,0.0,No,0.0,No,0.0,No,0.0,No,0.0,No,0.0,No,0.0,No,0.0,No,0.0,No,0.0,No,0.0,No,0.0,No,0.0,No,0.0,No,0.0,No,0.0,No,0.0,No,0.0,No,0.0,No,0.0,No,0.0,No,0.0,No,0.0,No,0.0,No,0.0,No,0.0,No,0.0,No,0.0,No,0.0
1649,PT Chandra Asri Pacific Tbk,,ID1000090301,Basic Materials,INDONESIA,0.0,0.0,0,0,34,No,0.0,No,0.0,No,0.0,No,0.0,No,0.0,No,0.0,No,0.0,No,0.0,No,0.0,No,0.0,No,0.0,No,0.0,No,0.0,No,0.0,No,0.0,No,0.0,No,0.0,No,0.0,No,0.0,No,0.0,No,0.0,No,0.0,No,0.0,No,0.0,No,0.0,No,0.0,No,0.0,No,0.0,No,0.0,No,0.0,No,0.0,No,0.0,No,0.0,No,0.0
965,PT Charoen Pokphand Indonesia Tbk,,ID1000117708,Consumer Staples,INDONESIA,0.0,0.0,0,0,34,No,0.0,No,0.0,No,0.0,No,0.0,No,0.0,No,0.0,No,0.0,No,0.0,No,0.0,No,0.0,No,0.0,No,0.0,No,0.0,No,0.0,No,0.0,No,0.0,No,0.0,No,0.0,No,0.0,No,0.0,No,0.0,No,0.0,No,0.0,No,0.0,No,0.0,No,0.0,No,0.0,No,0.0,No,0.0,No,0.0,No,0.0,No,0.0,No,0.0,No,0.0
1353,PTC INC.,,US69370C1009,Technology,UNITED STATES,14.7,5.0,4,2,28,No,0.0,No,0.0,No,0.0,No,0.0,No,0.0,Yes,1.0,No,0.0,Partial,0.5,No,0.0,Partial,0.5,No,0.0,No,0.0,No,0.0,No,0.0,No,0.0,Yes,1.0,No,0.0,No,0.0,No,0.0,No,0.0,No,0.0,No,0.0,No,0.0,No,0.0,No,0.0,No,0.0,No,0.0,No,0.0,No,0.0,No,0.0,Yes,1.0,No,0.0,Yes,1.0,No,0.0
1800,PT Dian Swastatika Sentosa Tbk,,ID1000113400,Energy,INDONESIA,11.8,4.0,2,4,28,No,0.0,No,0.0,Partial,0.5,No,0.0,No,0.0,Partial,0.5,No,0.0,Partial,0.5,No,0.0,Partial,0.5,No,0.0,No,0.0,No,0.0,No,0.0,No,0.0,No,0.0,No,0.0,No,0.0,No,0.0,No,0.0,No,0.0,No,0.0,No,0.0,No,0.0,No,0.0,No,0.0,No,0.0,Yes,1.0,Yes,1.0,No,0.0,No,0.0,No,0.0,No,0.0,No,0.0
2374,PT Petrindo Jaya Kreasi TBK,,ID1000187206,Energy,INDONESIA,1.5,0.5,0,1,33,No,0.0,No,0.0,No,0.0,No,0.0,No,0.0,Partial,0.5,No,0.0,No,0.0,No,0.0,No,0.0,No,0.0,No,0.0,No,0.0,No,0.0,No,0.0,No,0.0,No,0.0,No,0.0,No,0.0,No,0.0,No,0.0,No,0.0,No,0.0,No,0.0,No,0.0,No,0.0,No,0.0,No,0.0,No,0.0,No,0.0,No,0.0,No,0.0,No,0.0,No,0.0
1753,PT Sumber Alfaria Trijaya Tbk,,ID1000128705,Consumer Staples,INDONESIA,0.0,0.0,0,0,34,No,0.0,No,0.0,No,0.0,No,0.0,No,0.0,No,0.0,No,0.0,No,0.0,No,0.0,No,0.0,No,0.0,No,0.0,No,0.0,No,0.0,No,0.0,No,0.0,No,0.0,No,0.0,No,0.0,No,0.0,No,0.0,No,0.0,No,0.0,No,0.0,No,0.0,No,0.0,No,0.0,No,0.0,No,0.0,No,0.0,No,0.0,No,0.0,No,0.0,No,0.0
1530,PT Telkom Indonesia (Persero) Tbk,,ID1000129000,Telecommunications,INDONESIA,2.9,1.0,0,3,31,No,0.0,No,0.0,No,0.0,No,0.0,Partial,0.0,No,0.0,No,0.0,No,0.0,No,0.0,No,0.0,No,0.0,No,0.0,No,0.0,No,0.0,No,0.0,No,0.0,No,0.0,No,0.0,No,0.0,No,0.0,No,0.0,No,0.0,No,0.0,No,0.0,No,0.0,No,0.0,No,0.0,Partial,0.5,Partial,0.5,No,0.0,No,0.0,No,0.0,No,0.0,No,0.0
1350,PTT EXPLORATION AND PRODUCTION PUBLIC COMPANY LIMITED,,TH0355A10Z04,Energy,THAILAND,33.8,11.5,11,1,22,Yes,1.0,No,0.0,No,0.0,No,0.0,Yes,1.0,Yes,1.0,No,0.0,Yes,1.0,No,0.0,Yes,1.0,No,0.0,No,0.0,No,0.0,No,0.0,Yes,1.0,Yes,1.0,Yes,1.0,Yes,1.0,Yes,1.0,Partial,0.5,No,0.0,No,0.0,Yes,1.0,No,0.0,No,0.0,No,0.0,No,0.0,No,0.0,No,0.0,No,0.0,No,0.0,No,0.0,No,0.0,No,0.0
351,PTT Public Company Limited,,TH0646010Z00,Energy,THAILAND,35.3,12.0,10,4,20,Yes,1.0,No,0.0,No,0.0,No,0.0,No,0.0,Partial,0.5,No,0.0,Partial,0.5,No,0.0,Partial,0.5,No,0.0,No,0.0,No,0.0,No,0.0,Yes,1.0,Yes,1.0,No,0.0,Yes,1.0,Yes,1.0,No,0.0,Yes,1.0,No,0.0,Yes,1.0,Yes,1.0,Yes,1.0,Partial,0.5,No,0.0,Yes,1.0,No,0.0,No,0.0,No,0.0,No,0.0,No,0.0,No,0.0
1571,PT United Tractors Tbk,,ID1000058407,Basic Materials,INDONESIA,5.9,2.0,2,0,32,No,0.0,No,0.0,No,0.0,No,0.0,No,0.0,Yes,1.0,No,0.0,Yes,1.0,No,0.0,No,0.0,No,0.0,No,0.0,No,0.0,No,0.0,No,0.0,No,0.0,No,0.0,No,0.0,No,0.0,No,0.0,No,0.0,No,0.0,No,0.0,No,0.0,No,0.0,No,0.0,No,0.0,No,0.0,No,0.0,No,0.0,No,0.0,No,0.0,No,0.0,No,0.0
1374,PUBLIC BANK BHD,,MYL1295OO004,Financials,MALAYSIA,14.7,5.0,5,0,29,Yes,1.0,No,0.0,No,0.0,No,0.0,No,0.0,Yes,1.0,No,0.0,Yes,1.0,No,0.0,Yes,1.0,No,0.0,No,0.0,No,0.0,No,0.0,No,0.0,No,0.0,No,0.0,No,0.0,No,0.0,No,0.0,Yes,1.0,No,0.0,No,0.0,No,0.0,No,0.0,No,0.0,No,0.0,No,0.0,No,0.0,No,0.0,No,0.0,No,0.0,No,0.0,No,0.0
1376,PUBLICIS GROUPE S.A.,,FR0000130577,Consumer Discretion,FRANCE,48.5,16.5,16,1,17,Yes,1.0,Yes,1.0,Yes,1.0,Yes,1.0,No,0.0,Yes,1.0,No,0.0,No,0.0,No,0.0,Yes,1.0,Yes,1.0,No,0.0,No,0.0,No,0.0,Yes,1.0,Yes,1.0,Partial,0.5,Yes,1.0,Yes,1.0,No,0.0,Yes,1.0,No,0.0,No,0.0,No,0.0,Yes,1.0,No,0.0,No,0.0,Yes,1.0,No,0.0,Yes,1.0,No,0.0,Yes,1.0,No,0.0,No,0.0
1375,PUBLIC POWER CORPORATION S.A.,,GRS434003000,Utilities,GREECE,0.0,0.0,0,0,34,No,0.0,No,0.0,No,0.0,No,0.0,No,0.0,No,0.0,No,0.0,No,0.0,No,0.0,No,0.0,No,0.0,No,0.0,No,0.0,No,0.0,No,0.0,No,0.0,No,0.0,No,0.0,No,0.0,No,0.0,No,0.0,No,0.0,No,0.0,No,0.0,No,0.0,No,0.0,No,0.0,No,0.0,No,0.0,No,0.0,No,0.0,No,0.0,No,0.0,No,0.0
362,PUBLIC SERVICE ENTERPRISE GROUP INCORPORATED,,US7445731067,Utilities,UNITED STATES,17.6,6.0,6,0,28,No,0.0,No,0.0,No,0.0,Yes,1.0,No,0.0,Yes,1.0,No,0.0,No,0.0,No,0.0,No,0.0,No,0.0,No,0.0,No,0.0,No,0.0,No,0.0,Yes,1.0,No,0.0,Yes,1.0,No,0.0,Yes,1.0,No,0.0,No,0.0,No,0.0,No,0.0,No,0.0,No,0.0,No,0.0,No,0.0,No,0.0,No,0.0,Yes,1.0,No,0.0,No,0.0,No,0.0
2384,PUBLIC STORAGE.,,US74460D1090,Real Estate,UNITED STATES,23.5,8.0,8,0,26,Yes,1.0,No,0.0,No,0.0,No,0.0,No,0.0,Yes,1.0,No,0.0,No,0.0,No,0.0,No,0.0,Yes,1.0,No,0.0,No,0.0,Yes,1.0,No,0.0,Yes,1.0,Yes,1.0,Yes,1.0,No,0.0,No,0.0,No,0.0,No,0.0,No,0.0,No,0.0,No,0.0,No,0.0,No,0.0,No,0.0,No,0.0,No,0.0,Yes,1.0,No,0.0,No,0.0,No,0.0
1377,"PULTEGROUP, INC.",,US7458671010,Consumer Discretion,UNITED STATES,26.5,9.0,8,3,23,No,0.0,No,0.0,No,0.0,No,0.0,No,0.0,Yes,1.0,No,0.0,Yes,1.0,No,0.0,Yes,1.0,No,0.0,No,0.0,No,0.0,Partial,0.5,Partial,0.0,Yes,1.0,Partial,0.5,Yes,1.0,Yes,1.0,Yes,1.0,No,0.0,No,0.0,No,0.0,No,0.0,No,0.0,No,0.0,No,0.0,No,0.0,No,0.0,No,0.0,Yes,1.0,No,0.0,No,0.0,No,0.0
1378,PUNJAB NATIONAL BANK,,INE160A01022,Financials,INDIA,14.7,5.0,4,3,27,Yes,1.0,No,0.0,No,0.0,No,0.0,Partial,0.0,Yes,1.0,No,0.0,Yes,1.0,No,0.0,Yes,1.0,No,0.0,No,0.0,No,0.0,No,0.0,No,0.0,Partial,0.5,Partial,0.5,No,0.0,No,0.0,No,0.0,No,0.0,No,0.0,No,0.0,No,0.0,No,0.0,No,0.0,No,0.0,No,0.0,No,0.0,No,0.0,No,0.0,No,0.0,No,0.0,No,0.0
1380,QANTAS AIRWAYS LIMITED,,AU000000QAN2,Consumer Discretion,AUSTRALIA,17.6,6.0,6,0,28,No,0.0,No,0.0,No,0.0,No,0.0,No,0.0,Yes,1.0,No,0.0,Yes,1.0,No,0.0,Yes,1.0,No,0.0,No,0.0,No,0.0,No,0.0,No,0.0,No,0.0,No,0.0,No,0.0,No,0.0,No,0.0,Yes,1.0,Yes,1.0,Yes,1.0,No,0.0,No,0.0,No,0.0,No,0.0,No,0.0,No,0.0,No,0.0,No,0.0,No,0.0,No,0.0,No,0.0
1382,Qatar Fuel Company QPSC,,QA0001200771,Energy,QATAR,0.0,0.0,0,0,34,No,0.0,No,0.0,No,0.0,No,0.0,No,0.0,No,0.0,No,0.0,No,0.0,No,0.0,No,0.0,No,0.0,No,0.0,No,0.0,No,0.0,No,0.0,No,0.0,No,0.0,No,0.0,No,0.0,No,0.0,No,0.0,No,0.0,No,0.0,No,0.0,No,0.0,No,0.0,No,0.0,No,0.0,No,0.0,No,0.0,No,0.0,No,0.0,No,0.0,No,0.0
1383,QATAR GAS TRANSPORT COMPANY LIMITED (NAKILAT) (QPSC),,QA000A0KD6L1,Industrials,QATAR,0.0,0.0,0,0,34,No,0.0,No,0.0,No,0.0,No,0.0,No,0.0,No,0.0,No,0.0,No,0.0,No,0.0,No,0.0,No,0.0,No,0.0,No,0.0,No,0.0,No,0.0,No,0.0,No,0.0,No,0.0,No,0.0,No,0.0,No,0.0,No,0.0,No,0.0,No,0.0,No,0.0,No,0.0,No,0.0,No,0.0,No,0.0,No,0.0,No,0.0,No,0.0,No,0.0,No,0.0
210,QATAR INTERNATIONAL ISLAMIC BANK (Q.P.S.C.),,QA0006929879,Financials,QATAR,5.9,2.0,2,0,32,No,0.0,No,0.0,No,0.0,No,0.0,No,0.0,Yes,1.0,No,0.0,No,0.0,No,0.0,No,0.0,No,0.0,No,0.0,No,0.0,No,0.0,No,0.0,Yes,1.0,No,0.0,No,0.0,No,0.0,No,0.0,No,0.0,No,0.0,No,0.0,No,0.0,No,0.0,No,0.0,No,0.0,No,0.0,No,0.0,No,0.0,No,0.0,No,0.0,No,0.0,No,0.0
208,Qatar Islamic Bank (Q.P.S.C),,QA0006929853,Financials,QATAR,7.4,2.5,2,1,31,No,0.0,No,0.0,No,0.0,No,0.0,No,0.0,Partial,0.5,No,0.0,Yes,1.0,No,0.0,Yes,1.0,No,0.0,No,0.0,No,0.0,No,0.0,No,0.0,No,0.0,No,0.0,No,0.0,No,0.0,No,0.0,No,0.0,No,0.0,No,0.0,No,0.0,No,0.0,No,0.0,No,0.0,No,0.0,No,0.0,No,0.0,No,0.0,No,0.0,No,0.0,No,0.0
400,QATAR NATIONAL BANK (Q.P.S.C.),,QA0006929895,Financials,QATAR,0.0,0.0,0,0,34,No,0.0,No,0.0,No,0.0,No,0.0,No,0.0,No,0.0,No,0.0,No,0.0,No,0.0,No,0.0,No,0.0,No,0.0,No,0.0,No,0.0,No,0.0,No,0.0,No,0.0,No,0.0,No,0.0,No,0.0,No,0.0,No,0.0,No,0.0,No,0.0,No,0.0,No,0.0,No,0.0,No,0.0,No,0.0,No,0.0,No,0.0,No,0.0,No,0.0,No,0.0
163,QBE INSURANCE GROUP LIMITED,,AU000000QBE9,Financials,AUSTRALIA,29.4,10.0,10,0,24,No,0.0,No,0.0,No,0.0,Yes,1.0,No,0.0,Yes,1.0,No,0.0,Yes,1.0,No,0.0,Yes,1.0,No,0.0,No,0.0,No,0.0,No,0.0,No,0.0,Yes,1.0,Yes,1.0,Yes,1.0,No,0.0,Yes,1.0,No,0.0,No,0.0,No,0.0,No,0.0,Yes,1.0,No,0.0,No,0.0,No,0.0,No,0.0,No,0.0,Yes,1.0,No,0.0,No,0.0,No,0.0
1384,Qiagen N.V.,,NL0015002SN0,Health Care,GERMANY,8.8,3.0,3,1,30,No,0.0,No,0.0,No,0.0,No,0.0,Partial,0.0,Yes,1.0,No,0.0,No,0.0,No,0.0,No,0.0,No,0.0,No,0.0,No,0.0,No,0.0,No,0.0,No,0.0,No,0.0,No,0.0,No,0.0,No,0.0,No,0.0,No,0.0,No,0.0,No,0.0,No,0.0,No,0.0,No,0.0,No,0.0,No,0.0,No,0.0,Yes,1.0,No,0.0,Yes,1.0,No,0.0
1386,"QINGHAI YANHU INDUSTRY CO., LTD",,CNE000000SW2,Basic Materials,CHINA,0.0,0.0,0,0,34,No,0.0,No,0.0,No,0.0,No,0.0,No,0.0,No,0.0,No,0.0,No,0.0,No,0.0,No,0.0,No,0.0,No,0.0,No,0.0,No,0.0,No,0.0,No,0.0,No,0.0,No,0.0,No,0.0,No,0.0,No,0.0,No,0.0,No,0.0,No,0.0,No,0.0,No,0.0,No,0.0,No,0.0,No,0.0,No,0.0,No,0.0,No,0.0,No,0.0,No,0.0
1379,QL RESOURCES BERHAD,,MYL7084OO006,Consumer Staples,MALAYSIA,16.2,5.5,5,1,28,Yes,1.0,No,0.0,No,0.0,No,0.0,No,0.0,Yes,1.0,No,0.0,No,0.0,No,0.0,Yes,1.0,Partial,0.5,No,0.0,No,0.0,No,0.0,No,0.0,Yes,1.0,Yes,1.0,No,0.0,No,0.0,No,0.0,No,0.0,No,0.0,No,0.0,No,0.0,No,0.0,No,0.0,No,0.0,No,0.0,No,0.0,No,0.0,No,0.0,No,0.0,No,0.0,No,0.0
2438,"QNITY ELECTRONICS, INC.",,US74743L1008,Technology,UNITED STATES,5.9,2.0,2,0,32,No,0.0,No,0.0,No,0.0,No,0.0,No,0.0,No,0.0,No,0.0,No,0.0,No,0.0,No,0.0,Yes,1.0,No,0.0,No,0.0,No,0.0,No,0.0,No,0.0,No,0.0,No,0.0,No,0.0,No,0.0,No,0.0,No,0.0,No,0.0,No,0.0,No,0.0,No,0.0,No,0.0,No,0.0,No,0.0,No,0.0,Yes,1.0,No,0.0,No,0.0,No,0.0
366,QUALCOMM INCORPORATED,,US7475251036,Technology,UNITED STATES,30.9,10.5,10,1,23,Yes,1.0,No,0.0,Yes,1.0,Yes,1.0,No,0.0,Yes,1.0,No,0.0,Yes,1.0,No,0.0,Yes,1.0,Yes,1.0,No,0.0,No,0.0,No,0.0,No,0.0,No,0.0,Yes,1.0,No,0.0,No,0.0,No,0.0,No,0.0,No,0.0,No,0.0,No,0.0,No,0.0,No,0.0,No,0.0,Yes,1.0,No,0.0,Partial,0.5,Yes,1.0,No,0.0,No,0.0,No,0.0
1387,QUANTA COMPUTER INC.,,TW0002382009,Technology,TAIWAN,20.6,7.0,7,0,27,Yes,1.0,No,0.0,Yes,1.0,Yes,1.0,No,0.0,Yes,1.0,No,0.0,Yes,1.0,No,0.0,No,0.0,No,0.0,No,0.0,No,0.0,No,0.0,No,0.0,No,0.0,No,0.0,No,0.0,No,0.0,No,0.0,No,0.0,No,0.0,No,0.0,No,0.0,Yes,1.0,No,0.0,No,0.0,No,0.0,Yes,1.0,No,0.0,No,0.0,No,0.0,No,0.0,No,0.0
1388,"QUANTA SERVICES, INC.",,US74762E1029,Industrials,UNITED STATES,5.9,2.0,2,0,32,No,0.0,No,0.0,No,0.0,No,0.0,No,0.0,No,0.0,No,0.0,No,0.0,No,0.0,No,0.0,Yes,1.0,Yes,1.0,No,0.0,No,0.0,No,0.0,No,0.0,No,0.0,No,0.0,No,0.0,No,0.0,No,0.0,No,0.0,No,0.0,No,0.0,No,0.0,No,0.0,No,0.0,No,0.0,No,0.0,No,0.0,No,0.0,No,0.0,No,0.0,No,0.0
2253,Quantum CTEK Co Ltd,,CNE100004231,Telecommunications,CHINA,29.4,10.0,9,3,22,Yes,1.0,No,0.0,Yes,1.0,No,0.0,No,0.0,Yes,1.0,No,0.0,Yes,1.0,No,0.0,Partial,0.5,No,0.0,No,0.0,No,0.0,No,0.0,Partial,0.5,No,0.0,Yes,1.0,No,0.0,No,0.0,No,0.0,Yes,1.0,Yes,1.0,No,0.0,No,0.0,Yes,1.0,Yes,1.0,Partial,0.0,No,0.0,No,0.0,No,0.0,No,0.0,No,0.0,No,0.0,No,0.0
290,QUEST DIAGNOSTICS INCORPORATED,,US74834L1008,Health Care,UNITED STATES,41.2,14.0,14,0,20,No,0.0,No,0.0,No,0.0,Yes,1.0,No,0.0,Yes,1.0,No,0.0,Yes,1.0,No,0.0,Yes,1.0,Yes,1.0,No,0.0,No,0.0,Yes,1.0,No,0.0,Yes,1.0,Yes,1.0,Yes,1.0,Yes,1.0,No,0.0,Yes,1.0,No,0.0,No,0.0,No,0.0,No,0.0,No,0.0,No,0.0,Yes,1.0,No,0.0,No,0.0,Yes,1.0,No,0.0,Yes,1.0,No,0.0
1045,Raia Drogasil S/A,,BRRADLACNOR0,Consumer Staples,BRAZIL,2.9,1.0,1,0,33,No,0.0,No,0.0,No,0.0,No,0.0,No,0.0,No,0.0,No,0.0,No,0.0,No,0.0,No,0.0,No,0.0,No,0.0,No,0.0,No,0.0,No,0.0,No,0.0,No,0.0,No,0.0,No,0.0,No,0.0,No,0.0,No,0.0,No,0.0,No,0.0,No,0.0,No,0.0,No,0.0,No,0.0,No,0.0,No,0.0,No,0.0,No,0.0,Yes,1.0,No,0.0
367,Raiffeisen Bank International AG,,AT0000606306,Financials,AUSTRIA,32.4,11.0,11,0,23,Yes,1.0,No,0.0,No,0.0,No,0.0,Yes,1.0,Yes,1.0,Yes,1.0,Yes,1.0,No,0.0,Yes,1.0,No,0.0,No,0.0,No,0.0,Yes,1.0,No,0.0,Yes,1.0,No,0.0,Yes,1.0,No,0.0,No,0.0,Yes,1.0,No,0.0,No,0.0,No,0.0,Yes,1.0,No,0.0,No,0.0,No,0.0,No,0.0,No,0.0,No,0.0,No,0.0,No,0.0,No,0.0
2156,Rail Vikas Nigam Ltd,,INE415G01027,Industrials,INDIA,0.0,0.0,0,0,34,No,0.0,No,0.0,No,0.0,No,0.0,No,0.0,No,0.0,No,0.0,No,0.0,No,0.0,No,0.0,No,0.0,No,0.0,No,0.0,No,0.0,No,0.0,No,0.0,No,0.0,No,0.0,No,0.0,No,0.0,No,0.0,No,0.0,No,0.0,No,0.0,No,0.0,No,0.0,No,0.0,No,0.0,No,0.0,No,0.0,No,0.0,No,0.0,No,0.0,No,0.0
661,"Rakuten Group, Inc.",,JP3967200001,Technology,JAPAN,44.1,15.0,14,4,16,Yes,1.0,No,0.0,Yes,1.0,Partial,0.0,No,0.0,Yes,1.0,No,0.0,Yes,1.0,No,0.0,Partial,0.5,Yes,1.0,No,0.0,No,0.0,Yes,1.0,Partial,0.0,Yes,1.0,Yes,1.0,Partial,0.5,Yes,1.0,No,0.0,Yes,1.0,Yes,1.0,Yes,1.0,No,0.0,Yes,1.0,No,0.0,No,0.0,No,0.0,No,0.0,Yes,1.0,No,0.0,No,0.0,No,0.0,No,0.0
572,Randstad N.V.,,NL0000379121,Industrials,NETHERLANDS,41.2,14.0,14,0,20,Yes,1.0,No,0.0,No,0.0,Yes,1.0,Yes,1.0,Yes,1.0,No,0.0,Yes,1.0,No,0.0,Yes,1.0,No,0.0,No,0.0,No,0.0,No,0.0,No,0.0,Yes,1.0,Yes,1.0,Yes,1.0,Yes,1.0,Yes,1.0,No,0.0,No,0.0,No,0.0,No,0.0,Yes,1.0,No,0.0,No,0.0,No,0.0,No,0.0,No,0.0,Yes,1.0,No,0.0,Yes,1.0,No,0.0
2044,Range Intelligent Computing Technology Group Company Limited,,CNE100001Z58,Industrials,CHINA,4.4,1.5,1,1,32,No,0.0,No,0.0,No,0.0,No,0.0,No,0.0,Partial,0.5,No,0.0,Yes,1.0,No,0.0,No,0.0,No,0.0,No,0.0,No,0.0,No,0.0,No,0.0,No,0.0,No,0.0,No,0.0,No,0.0,No,0.0,No,0.0,No,0.0,No,0.0,No,0.0,No,0.0,No,0.0,No,0.0,No,0.0,No,0.0,No,0.0,No,0.0,No,0.0,No,0.0,No,0.0
1392,RATIONAL Aktiengesellschaft,,DE0007010803,Consumer Discretion,GERMANY,2.9,1.0,1,0,33,No,0.0,No,0.0,No,0.0,No,0.0,No,0.0,No,0.0,No,0.0,No,0.0,No,0.0,No,0.0,Yes,1.0,No,0.0,No,0.0,No,0.0,No,0.0,No,0.0,No,0.0,No,0.0,No,0.0,No,0.0,No,0.0,No,0.0,No,0.0,No,0.0,No,0.0,No,0.0,No,0.0,No,0.0,No,0.0,No,0.0,No,0.0,No,0.0,No,0.0,No,0.0
1393,"RAYMOND JAMES FINANCIAL, INC.",,US7547301090,Financials,UNITED STATES,0.0,0.0,0,1,33,No,0.0,No,0.0,No,0.0,Partial,0.0,No,0.0,No,0.0,No,0.0,No,0.0,No,0.0,No,0.0,No,0.0,No,0.0,No,0.0,No,0.0,No,0.0,No,0.0,No,0.0,No,0.0,No,0.0,No,0.0,No,0.0,No,0.0,No,0.0,No,0.0,No,0.0,No,0.0,No,0.0,No,0.0,No,0.0,No,0.0,No,0.0,No,0.0,No,0.0,No,0.0
202,"RB Global, Inc.",,CA74935Q1072,Consumer Discretion,CANADA,11.8,4.0,4,0,30,No,0.0,No,0.0,No,0.0,No,0.0,No,0.0,Yes,1.0,No,0.0,Yes,1.0,No,0.0,Yes,1.0,No,0.0,No,0.0,No,0.0,No,0.0,No,0.0,No,0.0,No,0.0,No,0.0,No,0.0,No,0.0,No,0.0,No,0.0,No,0.0,No,0.0,No,0.0,No,0.0,No,0.0,No,0.0,No,0.0,No,0.0,Yes,1.0,No,0.0,No,0.0,No,0.0
1394,REA GROUP LTD,,AU000000REA9,Real Estate,AUSTRALIA,36.8,12.5,12,1,21,Yes,1.0,No,0.0,No,0.0,Yes,1.0,No,0.0,Yes,1.0,No,0.0,Yes,1.0,No,0.0,Yes,1.0,No,0.0,No,0.0,No,0.0,Yes,1.0,No,0.0,Partial,0.5,Yes,1.0,Yes,1.0,No,0.0,Yes,1.0,Yes,1.0,No,0.0,No,0.0,No,0.0,No,0.0,No,0.0,No,0.0,No,0.0,No,0.0,No,0.0,Yes,1.0,No,0.0,Yes,1.0,No,0.0
94,Realtek Semiconductor Corporation,,TW0002379005,Technology,TAIWAN,2.9,1.0,1,0,33,No,0.0,No,0.0,No,0.0,No,0.0,No,0.0,Yes,1.0,No,0.0,No,0.0,No,0.0,No,0.0,No,0.0,No,0.0,No,0.0,No,0.0,No,0.0,No,0.0,No,0.0,No,0.0,No,0.0,No,0.0,No,0.0,No,0.0,No,0.0,No,0.0,No,0.0,No,0.0,No,0.0,No,0.0,No,0.0,No,0.0,No,0.0,No,0.0,No,0.0,No,0.0
1395,REALTY INCOME CORPORATION,,US7561091049,Real Estate,UNITED STATES,14.7,5.0,5,0,29,No,0.0,No,0.0,Yes,1.0,No,0.0,No,0.0,Yes,1.0,No,0.0,No,0.0,No,0.0,Yes,1.0,Yes,1.0,No,0.0,No,0.0,No,0.0,No,0.0,No,0.0,No,0.0,No,0.0,No,0.0,No,0.0,No,0.0,No,0.0,No,0.0,No,0.0,No,0.0,No,0.0,No,0.0,No,0.0,No,0.0,No,0.0,Yes,1.0,No,0.0,No,0.0,No,0.0
1750,RECKITT BENCKISER GROUP PLC,,GB00BSZBP530,Consumer Staples,UNITED KINGDOM,11.8,4.0,4,1,29,No,0.0,No,0.0,No,0.0,No,0.0,No,0.0,Yes,1.0,No,0.0,No,0.0,No,0.0,No,0.0,Yes,1.0,No,0.0,No,0.0,No,0.0,No,0.0,Yes,1.0,Yes,1.0,No,0.0,No,0.0,Partial,0.0,No,0.0,No,0.0,No,0.0,No,0.0,No,0.0,No,0.0,No,0.0,No,0.0,No,0.0,No,0.0,No,0.0,No,0.0,No,0.0,No,0.0
1732,REC LIMITED,,INE020B01018,Financials,INDIA,13.2,4.5,4,1,29,No,0.0,No,0.0,No,0.0,No,0.0,No,0.0,Partial,0.5,No,0.0,Yes,1.0,No,0.0,Yes,1.0,No,0.0,No,0.0,No,0.0,No,0.0,No,0.0,No,0.0,No,0.0,No,0.0,No,0.0,No,0.0,No,0.0,No,0.0,Yes,1.0,No,0.0,No,0.0,No,0.0,No,0.0,Yes,1.0,No,0.0,No,0.0,No,0.0,No,0.0,No,0.0,No,0.0
168,RECORDATI INDUSTRIA CHIMICA E FARMACEUTICA S.P.A.,,IT0003828271,Health Care,ITALY,5.9,2.0,2,0,32,No,0.0,No,0.0,No,0.0,No,0.0,No,0.0,Yes,1.0,No,0.0,No,0.0,No,0.0,Yes,1.0,No,0.0,No,0.0,No,0.0,No,0.0,No,0.0,No,0.0,No,0.0,No,0.0,No,0.0,No,0.0,No,0.0,No,0.0,No,0.0,No,0.0,No,0.0,No,0.0,No,0.0,No,0.0,No,0.0,No,0.0,No,0.0,No,0.0,No,0.0,No,0.0
1973,"Recruit Holdings Co.,Ltd.",,JP3970300004,Industrials,JAPAN,35.3,12.0,12,1,21,Yes,1.0,No,0.0,Yes,1.0,No,0.0,No,0.0,Yes,1.0,No,0.0,Yes,1.0,No,0.0,Yes,1.0,Yes,1.0,No,0.0,No,0.0,No,0.0,Partial,0.0,Yes,1.0,Yes,1.0,Yes,1.0,No,0.0,No,0.0,Yes,1.0,No,0.0,No,0.0,No,0.0,Yes,1.0,No,0.0,No,0.0,No,0.0,No,0.0,No,0.0,Yes,1.0,No,0.0,No,0.0,No,0.0
2334,"REDDIT, INC.",,US75734B1008,Technology,UNITED STATES,2.9,1.0,1,0,33,No,0.0,No,0.0,No,0.0,No,0.0,No,0.0,No,0.0,No,0.0,No,0.0,No,0.0,No,0.0,No,0.0,No,0.0,No,0.0,No,0.0,No,0.0,No,0.0,No,0.0,No,0.0,No,0.0,No,0.0,No,0.0,No,0.0,No,0.0,No,0.0,No,0.0,No,0.0,No,0.0,No,0.0,No,0.0,No,0.0,No,0.0,No,0.0,No,0.0,Yes,1.0
1876,Rede D'Or Sao Luiz S.A.,,BRRDORACNOR8,Health Care,BRAZIL,8.8,3.0,3,0,31,No,0.0,No,0.0,No,0.0,No,0.0,No,0.0,Yes,1.0,No,0.0,No,0.0,No,0.0,Yes,1.0,No,0.0,No,0.0,No,0.0,No,0.0,No,0.0,No,0.0,No,0.0,No,0.0,No,0.0,No,0.0,No,0.0,No,0.0,No,0.0,No,0.0,No,0.0,No,0.0,No,0.0,Yes,1.0,No,0.0,No,0.0,No,0.0,No,0.0,No,0.0,No,0.0
588,"REDEIA CORPORACION, S.A.",,ES0173093024,Utilities,SPAIN,30.9,10.5,10,1,23,Yes,1.0,No,0.0,No,0.0,No,0.0,Yes,1.0,Yes,1.0,No,0.0,No,0.0,No,0.0,No,0.0,No,0.0,No,0.0,No,0.0,Yes,1.0,No,0.0,Yes,1.0,Yes,1.0,Partial,0.5,Yes,1.0,No,0.0,No,0.0,No,0.0,No,0.0,No,0.0,Yes,1.0,Yes,1.0,No,0.0,No,0.0,No,0.0,Yes,1.0,No,0.0,No,0.0,No,0.0,No,0.0
593,REGENCY CENTERS CORPORATION,,US7588491032,Real Estate,UNITED STATES,11.8,4.0,4,0,30,No,0.0,No,0.0,No,0.0,Yes,1.0,No,0.0,No,0.0,No,0.0,No,0.0,No,0.0,No,0.0,Yes,1.0,No,0.0,No,0.0,No,0.0,No,0.0,Yes,1.0,No,0.0,No,0.0,No,0.0,No,0.0,No,0.0,No,0.0,No,0.0,No,0.0,No,0.0,No,0.0,No,0.0,No,0.0,No,0.0,No,0.0,Yes,1.0,No,0.0,No,0.0,No,0.0
1396,"REGENERON PHARMACEUTICALS, INC.",,US75886F1075,Health Care,UNITED STATES,1.5,0.5,0,1,33,No,0.0,No,0.0,No,0.0,No,0.0,No,0.0,No,0.0,No,0.0,No,0.0,No,0.0,No,0.0,Partial,0.5,No,0.0,No,0.0,No,0.0,No,0.0,No,0.0,No,0.0,No,0.0,No,0.0,No,0.0,No,0.0,No,0.0,No,0.0,No,0.0,No,0.0,No,0.0,No,0.0,No,0.0,No,0.0,No,0.0,No,0.0,No,0.0,No,0.0,No,0.0
796,REGIONS FINANCIAL CORPORATION,,US7591EP1005,Financials,UNITED STATES,22.1,7.5,6,3,25,No,0.0,No,0.0,No,0.0,Yes,1.0,No,0.0,Partial,0.5,No,0.0,Yes,1.0,No,0.0,No,0.0,Yes,1.0,No,0.0,No,0.0,No,0.0,No,0.0,Partial,0.5,Partial,0.5,Yes,1.0,No,0.0,No,0.0,No,0.0,No,0.0,No,0.0,No,0.0,Yes,1.0,No,0.0,No,0.0,No,0.0,No,0.0,No,0.0,Yes,1.0,No,0.0,No,0.0,No,0.0
1746,Reinet Investments S.C.A.,,LU0383812293,Financials,LUXEMBOURG,0.0,0.0,0,0,34,No,0.0,No,0.0,No,0.0,No,0.0,No,0.0,No,0.0,No,0.0,No,0.0,No,0.0,No,0.0,No,0.0,No,0.0,No,0.0,No,0.0,No,0.0,No,0.0,No,0.0,No,0.0,No,0.0,No,0.0,No,0.0,No,0.0,No,0.0,No,0.0,No,0.0,No,0.0,No,0.0,No,0.0,No,0.0,No,0.0,No,0.0,No,0.0,No,0.0,No,0.0
1397,"RELIANCE, INC.",,US7595091023,Basic Materials,UNITED STATES,2.9,1.0,1,0,33,No,0.0,No,0.0,No,0.0,No,0.0,No,0.0,No,0.0,No,0.0,No,0.0,No,0.0,No,0.0,No,0.0,No,0.0,No,0.0,No,0.0,No,0.0,No,0.0,No,0.0,No,0.0,No,0.0,No,0.0,No,0.0,No,0.0,No,0.0,No,0.0,No,0.0,No,0.0,No,0.0,No,0.0,No,0.0,No,0.0,Yes,1.0,No,0.0,No,0.0,No,0.0
598,RELIANCE INDUSTRIES LIMITED,,INE002A01018,Energy,INDIA,20.6,7.0,7,0,27,Yes,1.0,No,0.0,No,0.0,No,0.0,No,0.0,Yes,1.0,No,0.0,No,0.0,No,0.0,Yes,1.0,Yes,1.0,No,0.0,No,0.0,No,0.0,No,0.0,Yes,1.0,No,0.0,Yes,1.0,No,0.0,No,0.0,No,0.0,No,0.0,No,0.0,No,0.0,No,0.0,No,0.0,No,0.0,No,0.0,No,0.0,No,0.0,Yes,1.0,No,0.0,No,0.0,No,0.0
591,RELX PLC,,GB00B2B0DG97,Technology,UNITED KINGDOM,33.8,11.5,11,1,22,Partial,0.5,No,0.0,Yes,1.0,Yes,1.0,Yes,1.0,Yes,1.0,No,0.0,Yes,1.0,No,0.0,Yes,1.0,No,0.0,No,0.0,No,0.0,No,0.0,Yes,1.0,Yes,1.0,Yes,1.0,Yes,1.0,Yes,1.0,No,0.0,No,0.0,No,0.0,No,0.0,No,0.0,No,0.0,No,0.0,No,0.0,No,0.0,No,0.0,No,0.0,No,0.0,No,0.0,No,0.0,No,0.0
2278,RemeGen Co Ltd,,CNE100005B03,Health Care,CHINA,0.0,0.0,0,0,34,No,0.0,No,0.0,No,0.0,No,0.0,No,0.0,No,0.0,No,0.0,No,0.0,No,0.0,No,0.0,No,0.0,No,0.0,No,0.0,No,0.0,No,0.0,No,0.0,No,0.0,No,0.0,No,0.0,No,0.0,No,0.0,No,0.0,No,0.0,No,0.0,No,0.0,No,0.0,No,0.0,No,0.0,No,0.0,No,0.0,No,0.0,No,0.0,No,0.0,No,0.0
1398,REMGRO LIMITED,,ZAE000026480,Financials,SOUTH AFRICA,0.0,0.0,0,0,34,No,0.0,No,0.0,No,0.0,No,0.0,No,0.0,No,0.0,No,0.0,No,0.0,No,0.0,No,0.0,No,0.0,No,0.0,No,0.0,No,0.0,No,0.0,No,0.0,No,0.0,No,0.0,No,0.0,No,0.0,No,0.0,No,0.0,No,0.0,No,0.0,No,0.0,No,0.0,No,0.0,No,0.0,No,0.0,No,0.0,No,0.0,No,0.0,No,0.0,No,0.0
371,RENAULT SA,,FR0000131906,Consumer Discretion,FRANCE,14.7,5.0,5,2,27,Yes,1.0,No,0.0,Yes,1.0,No,0.0,No,0.0,Yes,1.0,Yes,1.0,No,0.0,No,0.0,No,0.0,No,0.0,No,0.0,No,0.0,No,0.0,No,0.0,No,0.0,No,0.0,No,0.0,No,0.0,No,0.0,No,0.0,No,0.0,No,0.0,No,0.0,Yes,1.0,Partial,0.0,Partial,0.0,No,0.0,No,0.0,No,0.0,No,0.0,No,0.0,No,0.0,No,0.0
1303,Renesas Electronics Corporation,,JP3164720009,Technology,JAPAN,14.7,5.0,5,0,29,Yes,1.0,No,0.0,No,0.0,No,0.0,No,0.0,Yes,1.0,No,0.0,No,0.0,No,0.0,No,0.0,No,0.0,No,0.0,No,0.0,No,0.0,No,0.0,Yes,1.0,Yes,1.0,No,0.0,Yes,1.0,No,0.0,No,0.0,No,0.0,No,0.0,No,0.0,No,0.0,No,0.0,No,0.0,No,0.0,No,0.0,No,0.0,No,0.0,No,0.0,No,0.0,No,0.0
1399,RENTOKIL INITIAL PLC,,GB00B082RF11,Industrials,UNITED KINGDOM,8.8,3.0,3,0,31,No,0.0,No,0.0,No,0.0,No,0.0,No,0.0,Yes,1.0,No,0.0,Yes,1.0,No,0.0,Yes,1.0,No,0.0,No,0.0,No,0.0,No,0.0,No,0.0,No,0.0,No,0.0,No,0.0,No,0.0,No,0.0,No,0.0,No,0.0,No,0.0,No,0.0,No,0.0,No,0.0,No,0.0,No,0.0,No,0.0,No,0.0,No,0.0,No,0.0,No,0.0,No,0.0
1400,"Repsol, S.A.",,ES0173516115,Energy,SPAIN,14.7,5.0,5,0,29,Yes,1.0,No,0.0,No,0.0,Yes,1.0,No,0.0,Yes,1.0,No,0.0,No,0.0,No,0.0,No,0.0,Yes,1.0,No,0.0,No,0.0,No,0.0,No,0.0,No,0.0,No,0.0,No,0.0,No,0.0,No,0.0,No,0.0,No,0.0,No,0.0,No,0.0,No,0.0,No,0.0,No,0.0,No,0.0,No,0.0,No,0.0,Yes,1.0,No,0.0,No,0.0,No,0.0
1401,"REPUBLIC SERVICES, INC.",,US7607591002,Utilities,UNITED STATES,0.0,0.0,0,0,34,No,0.0,No,0.0,No,0.0,No,0.0,No,0.0,No,0.0,No,0.0,No,0.0,No,0.0,No,0.0,No,0.0,No,0.0,No,0.0,No,0.0,No,0.0,No,0.0,No,0.0,No,0.0,No,0.0,No,0.0,No,0.0,No,0.0,No,0.0,No,0.0,No,0.0,No,0.0,No,0.0,No,0.0,No,0.0,No,0.0,No,0.0,No,0.0,No,0.0,No,0.0
1402,RESMED INC.,,US7611521078,Health Care,UNITED STATES,19.1,6.5,6,1,27,Yes,1.0,No,0.0,Yes,1.0,No,0.0,Yes,1.0,Yes,1.0,No,0.0,Yes,1.0,No,0.0,Yes,1.0,Partial,0.5,No,0.0,No,0.0,No,0.0,No,0.0,No,0.0,No,0.0,No,0.0,No,0.0,No,0.0,No,0.0,No,0.0,No,0.0,No,0.0,No,0.0,No,0.0,No,0.0,No,0.0,No,0.0,No,0.0,No,0.0,No,0.0,No,0.0,No,0.0
252,"Resona Holdings, Inc.",,JP3500610005,Financials,JAPAN,2.9,1.0,1,0,33,No,0.0,No,0.0,No,0.0,No,0.0,No,0.0,No,0.0,No,0.0,No,0.0,No,0.0,Yes,1.0,No,0.0,No,0.0,No,0.0,No,0.0,No,0.0,No,0.0,No,0.0,No,0.0,No,0.0,No,0.0,No,0.0,No,0.0,No,0.0,No,0.0,No,0.0,No,0.0,No,0.0,No,0.0,No,0.0,No,0.0,No,0.0,No,0.0,No,0.0,No,0.0
2024,Restaurant Brands International Inc.,,CA76131D1033,Consumer Discretion,CANADA,0.0,0.0,0,0,34,No,0.0,No,0.0,No,0.0,No,0.0,No,0.0,No,0.0,No,0.0,No,0.0,No,0.0,No,0.0,No,0.0,No,0.0,No,0.0,No,0.0,No,0.0,No,0.0,No,0.0,No,0.0,No,0.0,No,0.0,No,0.0,No,0.0,No,0.0,No,0.0,No,0.0,No,0.0,No,0.0,No,0.0,No,0.0,No,0.0,No,0.0,No,0.0,No,0.0,No,0.0
2238,"REVOLUTION MEDICINES, INC.",,US76155X1000,Health Care,UNITED STATES,8.8,3.0,3,0,31,No,0.0,No,0.0,No,0.0,No,0.0,No,0.0,Yes,1.0,No,0.0,No,0.0,No,0.0,Yes,1.0,No,0.0,No,0.0,No,0.0,No,0.0,No,0.0,No,0.0,No,0.0,No,0.0,No,0.0,No,0.0,No,0.0,No,0.0,No,0.0,No,0.0,No,0.0,No,0.0,No,0.0,Yes,1.0,No,0.0,No,0.0,No,0.0,No,0.0,No,0.0,No,0.0
1403,REXEL SA,,FR0010451203,Industrials,FRANCE,29.4,10.0,10,0,24,Yes,1.0,No,0.0,No,0.0,No,0.0,No,0.0,Yes,1.0,No,0.0,Yes,1.0,No,0.0,Yes,1.0,No,0.0,No,0.0,No,0.0,Yes,1.0,No,0.0,No,0.0,No,0.0,Yes,1.0,No,0.0,No,0.0,No,0.0,No,0.0,No,0.0,No,0.0,No,0.0,No,0.0,No,0.0,Yes,1.0,Yes,1.0,Yes,1.0,No,0.0,No,0.0,Yes,1.0,No,0.0
1667,RHB BANK BERHAD,,MYL1066OO009,Financials,MALAYSIA,8.8,3.0,3,0,31,No,0.0,No,0.0,No,0.0,No,0.0,No,0.0,Yes,1.0,No,0.0,Yes,1.0,No,0.0,Yes,1.0,No,0.0,No,0.0,No,0.0,No,0.0,No,0.0,No,0.0,No,0.0,No,0.0,No,0.0,No,0.0,No,0.0,No,0.0,No,0.0,No,0.0,No,0.0,No,0.0,No,0.0,No,0.0,No,0.0,No,0.0,No,0.0,No,0.0,No,0.0,No,0.0
1404,Rheinmetall Aktiengesellschaft,,DE0007030009,Industrials,GERMANY,16.2,5.5,5,1,28,Partial,0.5,No,0.0,No,0.0,No,0.0,No,0.0,Yes,1.0,No,0.0,Yes,1.0,No,0.0,Yes,1.0,Yes,1.0,No,0.0,No,0.0,No,0.0,No,0.0,No,0.0,No,0.0,No,0.0,No,0.0,No,0.0,No,0.0,No,0.0,No,0.0,No,0.0,No,0.0,No,0.0,No,0.0,Yes,1.0,No,0.0,No,0.0,No,0.0,No,0.0,No,0.0,No,0.0
758,Richter Gedeon Vegyeszeti Gyar Nyilvanosan Mukodo Rt.,,HU0000123096,Health Care,HUNGARY,16.2,5.5,5,2,27,Yes,1.0,No,0.0,No,0.0,No,0.0,No,0.0,Yes,1.0,No,0.0,Yes,1.0,No,0.0,Partial,0.5,No,0.0,No,0.0,No,0.0,No,0.0,No,0.0,Yes,1.0,No,0.0,No,0.0,No,0.0,No,0.0,No,0.0,No,0.0,No,0.0,No,0.0,Yes,1.0,Partial,0.0,No,0.0,No,0.0,No,0.0,No,0.0,No,0.0,No,0.0,No,0.0,No,0.0
492,RIO TINTO LIMITED,,AU000000RIO1,Basic Materials,AUSTRALIA,5.9,2.0,2,0,32,No,0.0,No,0.0,No,0.0,No,0.0,No,0.0,Yes,1.0,No,0.0,Yes,1.0,No,0.0,No,0.0,No,0.0,No,0.0,No,0.0,No,0.0,No,0.0,No,0.0,No,0.0,No,0.0,No,0.0,No,0.0,No,0.0,No,0.0,No,0.0,No,0.0,No,0.0,No,0.0,No,0.0,No,0.0,No,0.0,No,0.0,No,0.0,No,0.0,No,0.0,No,0.0
1405,RIO TINTO PLC,,GB0007188757,Basic Materials,UNITED KINGDOM,11.8,4.0,4,0,30,No,0.0,No,0.0,Yes,1.0,No,0.0,No,0.0,Yes,1.0,No,0.0,Yes,1.0,No,0.0,Yes,1.0,No,0.0,No,0.0,No,0.0,No,0.0,No,0.0,No,0.0,No,0.0,No,0.0,No,0.0,No,0.0,No,0.0,No,0.0,No,0.0,No,0.0,No,0.0,No,0.0,No,0.0,No,0.0,No,0.0,No,0.0,No,0.0,No,0.0,No,0.0,No,0.0
2319,"RIVIAN AUTOMOTIVE, INC.",,US76954A1034,Consumer Discretion,UNITED STATES,7.4,2.5,2,1,31,No,0.0,No,0.0,No,0.0,No,0.0,No,0.0,Yes,1.0,No,0.0,No,0.0,No,0.0,No,0.0,Yes,1.0,No,0.0,No,0.0,No,0.0,No,0.0,No,0.0,No,0.0,No,0.0,No,0.0,No,0.0,No,0.0,No,0.0,No,0.0,No,0.0,No,0.0,No,0.0,No,0.0,No,0.0,No,0.0,No,0.0,Partial,0.5,No,0.0,No,0.0,No,0.0
1406,Riyad Bank SJSC,,SA0007879048,Financials,SAUDI ARABIA,11.8,4.0,4,0,30,Yes,1.0,No,0.0,Yes,1.0,No,0.0,No,0.0,Yes,1.0,No,0.0,No,0.0,No,0.0,Yes,1.0,No,0.0,No,0.0,No,0.0,No,0.0,No,0.0,No,0.0,No,0.0,No,0.0,No,0.0,No,0.0,No,0.0,No,0.0,No,0.0,No,0.0,No,0.0,No,0.0,No,0.0,No,0.0,No,0.0,No,0.0,No,0.0,No,0.0,No,0.0,No,0.0
2232,"ROBINHOOD MARKETS, INC.",,US7707001027,Financials,UNITED STATES,5.9,2.0,2,0,32,No,0.0,No,0.0,Yes,1.0,No,0.0,No,0.0,No,0.0,No,0.0,No,0.0,No,0.0,No,0.0,No,0.0,No,0.0,No,0.0,No,0.0,No,0.0,No,0.0,No,0.0,No,0.0,No,0.0,No,0.0,No,0.0,No,0.0,Yes,1.0,No,0.0,No,0.0,No,0.0,No,0.0,No,0.0,No,0.0,No,0.0,No,0.0,No,0.0,No,0.0,No,0.0
2433,ROBLOX CORPORATION,,US7710491033,Consumer Discretion,UNITED STATES,29.4,10.0,10,0,24,Yes,1.0,No,0.0,Yes,1.0,No,0.0,No,0.0,Yes,1.0,Yes,1.0,Yes,1.0,No,0.0,Yes,1.0,Yes,1.0,Yes,1.0,No,0.0,No,0.0,No,0.0,Yes,1.0,No,0.0,No,0.0,No,0.0,No,0.0,No,0.0,No,0.0,No,0.0,No,0.0,No,0.0,No,0.0,No,0.0,No,0.0,No,0.0,No,0.0,Yes,1.0,No,0.0,No,0.0,No,0.0
2194,RoboTechnik Intelligent Technology Co Ltd,,CNE100003JT0,Industrials,CHINA,5.9,2.0,2,0,32,No,0.0,No,0.0,Yes,1.0,No,0.0,No,0.0,No,0.0,No,0.0,Yes,1.0,No,0.0,No,0.0,No,0.0,No,0.0,No,0.0,No,0.0,No,0.0,No,0.0,No,0.0,No,0.0,No,0.0,No,0.0,No,0.0,No,0.0,No,0.0,No,0.0,No,0.0,No,0.0,No,0.0,No,0.0,No,0.0,No,0.0,No,0.0,No,0.0,No,0.0,No,0.0
1407,Roche Holding AG,,CH1499059983,Health Care,SWITZERLAND,22.1,7.5,7,1,26,No,0.0,No,0.0,No,0.0,No,0.0,No,0.0,Yes,1.0,No,0.0,No,0.0,No,0.0,Yes,1.0,No,0.0,No,0.0,No,0.0,No,0.0,No,0.0,Yes,1.0,Yes,1.0,Yes,1.0,Yes,1.0,Yes,1.0,No,0.0,No,0.0,No,0.0,No,0.0,No,0.0,No,0.0,No,0.0,No,0.0,No,0.0,Partial,0.5,No,0.0,No,0.0,No,0.0,No,0.0
2236,Rockchip Electronics Co Ltd,,CNE100003RK2,Technology,CHINA,8.8,3.0,3,0,31,No,0.0,No,0.0,No,0.0,No,0.0,No,0.0,Yes,1.0,No,0.0,Yes,1.0,No,0.0,Yes,1.0,No,0.0,No,0.0,No,0.0,No,0.0,No,0.0,No,0.0,No,0.0,No,0.0,No,0.0,No,0.0,No,0.0,No,0.0,No,0.0,No,0.0,No,0.0,No,0.0,No,0.0,No,0.0,No,0.0,No,0.0,No,0.0,No,0.0,No,0.0,No,0.0
2261,"ROCKET COMPANIES, INC.",,US77311W1018,Financials,UNITED STATES,22.1,7.5,7,1,26,Yes,1.0,No,0.0,Yes,1.0,No,0.0,No,0.0,Yes,1.0,No,0.0,Yes,1.0,No,0.0,Yes,1.0,Partial,0.5,No,0.0,No,0.0,No,0.0,No,0.0,No,0.0,No,0.0,No,0.0,No,0.0,No,0.0,No,0.0,No,0.0,No,0.0,No,0.0,No,0.0,No,0.0,No,0.0,No,0.0,No,0.0,No,0.0,Yes,1.0,No,0.0,Yes,1.0,No,0.0
2432,ROCKET LAB CORPORATION,,US7731211089,Industrials,UNITED STATES,0.0,0.0,0,0,34,No,0.0,No,0.0,No,0.0,No,0.0,No,0.0,No,0.0,No,0.0,No,0.0,No,0.0,No,0.0,No,0.0,No,0.0,No,0.0,No,0.0,No,0.0,No,0.0,No,0.0,No,0.0,No,0.0,No,0.0,No,0.0,No,0.0,No,0.0,No,0.0,No,0.0,No,0.0,No,0.0,No,0.0,No,0.0,No,0.0,No,0.0,No,0.0,No,0.0,No,0.0
1408,"ROCKWELL AUTOMATION, INC.",,US7739031091,Industrials,UNITED STATES,26.5,9.0,9,0,25,Yes,1.0,No,0.0,No,0.0,No,0.0,No,0.0,Yes,1.0,No,0.0,No,0.0,No,0.0,Yes,1.0,Yes,1.0,No,0.0,No,0.0,Yes,1.0,No,0.0,Yes,1.0,Yes,1.0,Yes,1.0,No,0.0,No,0.0,No,0.0,No,0.0,No,0.0,No,0.0,No,0.0,No,0.0,No,0.0,No,0.0,No,0.0,No,0.0,Yes,1.0,No,0.0,No,0.0,No,0.0
1409,ROCKWOOL A/S,,DK0063855168,Industrials,DENMARK,0.0,0.0,0,0,34,No,0.0,No,0.0,No,0.0,No,0.0,No,0.0,No,0.0,No,0.0,No,0.0,No,0.0,No,0.0,No,0.0,No,0.0,No,0.0,No,0.0,No,0.0,No,0.0,No,0.0,No,0.0,No,0.0,No,0.0,No,0.0,No,0.0,No,0.0,No,0.0,No,0.0,No,0.0,No,0.0,No,0.0,No,0.0,No,0.0,No,0.0,No,0.0,No,0.0,No,0.0
2376,ROGERS COMMUNICATIONS INC.,,CA7751092007,Telecommunications,CANADA,0.0,0.0,0,0,34,No,0.0,No,0.0,No,0.0,No,0.0,No,0.0,No,0.0,No,0.0,No,0.0,No,0.0,No,0.0,No,0.0,No,0.0,No,0.0,No,0.0,No,0.0,No,0.0,No,0.0,No,0.0,No,0.0,No,0.0,No,0.0,No,0.0,No,0.0,No,0.0,No,0.0,No,0.0,No,0.0,No,0.0,No,0.0,No,0.0,No,0.0,No,0.0,No,0.0,No,0.0
1410,"ROLLINS, INC.",,US7757111049,Consumer Discretion,UNITED STATES,8.8,3.0,3,0,31,No,0.0,No,0.0,Yes,1.0,No,0.0,No,0.0,No,0.0,No,0.0,No,0.0,No,0.0,No,0.0,No,0.0,No,0.0,No,0.0,No,0.0,No,0.0,No,0.0,No,0.0,No,0.0,No,0.0,No,0.0,No,0.0,No,0.0,No,0.0,No,0.0,No,0.0,No,0.0,No,0.0,No,0.0,No,0.0,No,0.0,Yes,1.0,No,0.0,Yes,1.0,No,0.0
1411,ROLLS-ROYCE HOLDINGS PLC,,GB00B63H8491,Industrials,UNITED KINGDOM,23.5,8.0,8,0,26,No,0.0,No,0.0,No,0.0,No,0.0,No,0.0,Yes,1.0,No,0.0,Yes,1.0,No,0.0,Yes,1.0,No,0.0,No,0.0,No,0.0,No,0.0,Yes,1.0,Yes,1.0,Yes,1.0,Yes,1.0,No,0.0,No,0.0,No,0.0,No,0.0,No,0.0,No,0.0,No,0.0,No,0.0,No,0.0,No,0.0,Yes,1.0,No,0.0,No,0.0,No,0.0,No,0.0,No,0.0
1844,"RONGSHENG PETROCHEMICAL CO., LTD.",,CNE100000W60,Basic Materials,CHINA,0.0,0.0,0,0,34,No,0.0,No,0.0,No,0.0,No,0.0,No,0.0,No,0.0,No,0.0,No,0.0,No,0.0,No,0.0,No,0.0,No,0.0,No,0.0,No,0.0,No,0.0,No,0.0,No,0.0,No,0.0,No,0.0,No,0.0,No,0.0,No,0.0,No,0.0,No,0.0,No,0.0,No,0.0,No,0.0,No,0.0,No,0.0,No,0.0,No,0.0,No,0.0,No,0.0,No,0.0
1412,"ROPER TECHNOLOGIES, INC.",,US7766961061,Technology,UNITED STATES,14.7,5.0,5,0,29,No,0.0,No,0.0,No,0.0,No,0.0,No,0.0,Yes,1.0,No,0.0,Yes,1.0,No,0.0,No,0.0,No,0.0,No,0.0,No,0.0,No,0.0,No,0.0,Yes,1.0,No,0.0,No,0.0,No,0.0,No,0.0,Yes,1.0,No,0.0,Yes,1.0,No,0.0,No,0.0,No,0.0,No,0.0,No,0.0,No,0.0,No,0.0,No,0.0,No,0.0,No,0.0,No,0.0
1413,"ROSS STORES, INC.",,US7782961038,Consumer Discretion,UNITED STATES,5.9,2.0,2,0,32,No,0.0,No,0.0,No,0.0,No,0.0,No,0.0,No,0.0,No,0.0,No,0.0,No,0.0,No,0.0,No,0.0,No,0.0,No,0.0,No,0.0,No,0.0,No,0.0,No,0.0,No,0.0,No,0.0,No,0.0,No,0.0,No,0.0,No,0.0,No,0.0,No,0.0,No,0.0,No,0.0,No,0.0,No,0.0,No,0.0,Yes,1.0,No,0.0,Yes,1.0,No,0.0
174,ROYAL BANK OF CANADA,,CA7800871021,Financials,CANADA,29.4,10.0,10,0,24,Yes,1.0,No,0.0,No,0.0,Yes,1.0,No,0.0,Yes,1.0,No,0.0,Yes,1.0,No,0.0,Yes,1.0,No,0.0,No,0.0,No,0.0,Yes,1.0,No,0.0,Yes,1.0,Yes,1.0,Yes,1.0,No,0.0,No,0.0,No,0.0,No,0.0,No,0.0,No,0.0,No,0.0,No,0.0,No,0.0,No,0.0,No,0.0,No,0.0,Yes,1.0,No,0.0,No,0.0,No,0.0
412,ROYAL CARIBBEAN CRUISES LTD.,,LR0008862868,Consumer Discretion,UNITED STATES,5.9,2.0,2,0,32,No,0.0,No,0.0,No,0.0,No,0.0,No,0.0,Yes,1.0,No,0.0,No,0.0,No,0.0,Yes,1.0,No,0.0,No,0.0,No,0.0,No,0.0,No,0.0,No,0.0,No,0.0,No,0.0,No,0.0,No,0.0,No,0.0,No,0.0,No,0.0,No,0.0,No,0.0,No,0.0,No,0.0,No,0.0,No,0.0,No,0.0,No,0.0,No,0.0,No,0.0,No,0.0
2252,ROYALTY PHARMA PLC,,GB00BMVP7Y09,Health Care,UNITED STATES,11.8,4.0,3,2,29,Partial,0.5,No,0.0,No,0.0,No,0.0,No,0.0,Partial,0.5,No,0.0,No,0.0,No,0.0,No,0.0,No,0.0,No,0.0,Yes,1.0,No,0.0,No,0.0,No,0.0,No,0.0,No,0.0,No,0.0,No,0.0,No,0.0,No,0.0,No,0.0,No,0.0,No,0.0,No,0.0,No,0.0,No,0.0,No,0.0,No,0.0,Yes,1.0,No,0.0,Yes,1.0,No,0.0
1389,RPM INTERNATIONAL INC.,,US7496851038,Industrials,UNITED STATES,2.9,1.0,1,0,33,No,0.0,No,0.0,No,0.0,No,0.0,No,0.0,No,0.0,No,0.0,No,0.0,No,0.0,No,0.0,No,0.0,No,0.0,No,0.0,No,0.0,No,0.0,No,0.0,No,0.0,No,0.0,No,0.0,No,0.0,No,0.0,No,0.0,No,0.0,No,0.0,No,0.0,No,0.0,No,0.0,No,0.0,No,0.0,No,0.0,Yes,1.0,No,0.0,No,0.0,No,0.0
1570,RTX CORPORATION,,US75513E1010,Industrials,UNITED STATES,30.9,10.5,10,1,23,No,0.0,No,0.0,Partial,0.5,No,0.0,Yes,1.0,Yes,1.0,No,0.0,Yes,1.0,No,0.0,Yes,1.0,Yes,1.0,Yes,1.0,No,0.0,Yes,1.0,No,0.0,Yes,1.0,Yes,1.0,Yes,1.0,No,0.0,No,0.0,No,0.0,No,0.0,No,0.0,No,0.0,No,0.0,No,0.0,No,0.0,No,0.0,No,0.0,No,0.0,No,0.0,No,0.0,No,0.0,No,0.0
807,RUMO S.A.,,BRRAILACNOR9,Industrials,BRAZIL,0.0,0.0,0,0,34,No,0.0,No,0.0,No,0.0,No,0.0,No,0.0,No,0.0,No,0.0,No,0.0,No,0.0,No,0.0,No,0.0,No,0.0,No,0.0,No,0.0,No,0.0,No,0.0,No,0.0,No,0.0,No,0.0,No,0.0,No,0.0,No,0.0,No,0.0,No,0.0,No,0.0,No,0.0,No,0.0,No,0.0,No,0.0,No,0.0,No,0.0,No,0.0,No,0.0,No,0.0
1390,RWE Aktiengesellschaft,,DE0007037129,Utilities,GERMANY,29.4,10.0,10,0,24,Yes,1.0,No,0.0,Yes,1.0,No,0.0,No,0.0,Yes,1.0,No,0.0,Yes,1.0,No,0.0,Yes,1.0,Yes,1.0,No,0.0,No,0.0,No,0.0,No,0.0,No,0.0,No,0.0,No,0.0,No,0.0,No,0.0,No,0.0,No,0.0,Yes,1.0,No,0.0,Yes,1.0,Yes,1.0,No,0.0,Yes,1.0,No,0.0,No,0.0,No,0.0,No,0.0,No,0.0,No,0.0
786,RYANAIR HOLDINGS PUBLIC LIMITED COMPANY,,IE00BYTBXV33,Consumer Discretion,IRELAND,0.0,0.0,0,0,34,No,0.0,No,0.0,No,0.0,No,0.0,No,0.0,No,0.0,No,0.0,No,0.0,No,0.0,No,0.0,No,0.0,No,0.0,No,0.0,No,0.0,No,0.0,No,0.0,No,0.0,No,0.0,No,0.0,No,0.0,No,0.0,No,0.0,No,0.0,No,0.0,No,0.0,No,0.0,No,0.0,No,0.0,No,0.0,No,0.0,No,0.0,No,0.0,No,0.0,No,0.0
1391,"RYOHIN KEIKAKU CO., LTD.",,JP3976300008,Consumer Discretion,JAPAN,0.0,0.0,0,0,34,No,0.0,No,0.0,No,0.0,No,0.0,No,0.0,No,0.0,No,0.0,No,0.0,No,0.0,No,0.0,No,0.0,No,0.0,No,0.0,No,0.0,No,0.0,No,0.0,No,0.0,No,0.0,No,0.0,No,0.0,No,0.0,No,0.0,No,0.0,No,0.0,No,0.0,No,0.0,No,0.0,No,0.0,No,0.0,No,0.0,No,0.0,No,0.0,No,0.0,No,0.0
1431,SAAB Aktiebolag,,SE0021921269,Industrials,SWEDEN,26.5,9.0,9,0,25,Yes,1.0,No,0.0,Yes,1.0,Yes,1.0,No,0.0,Yes,1.0,No,0.0,Yes,1.0,No,0.0,Yes,1.0,No,0.0,No,0.0,Yes,1.0,No,0.0,No,0.0,No,0.0,No,0.0,No,0.0,No,0.0,No,0.0,No,0.0,No,0.0,No,0.0,No,0.0,No,0.0,No,0.0,No,0.0,Yes,1.0,No,0.0,Yes,1.0,No,0.0,No,0.0,No,0.0,No,0.0
612,SABIC Agri-Nutrients Company SJSC,,SA0007879139,Basic Materials,SAUDI ARABIA,14.7,5.0,5,0,29,Yes,1.0,No,0.0,Yes,1.0,No,0.0,No,0.0,Yes,1.0,No,0.0,No,0.0,No,0.0,No,0.0,No,0.0,No,0.0,No,0.0,No,0.0,No,0.0,No,0.0,No,0.0,No,0.0,No,0.0,No,0.0,No,0.0,No,0.0,Yes,1.0,No,0.0,Yes,1.0,No,0.0,No,0.0,No,0.0,No,0.0,No,0.0,No,0.0,No,0.0,No,0.0,No,0.0
180,SAFRAN SA,,FR0000073272,Industrials,FRANCE,8.8,3.0,3,2,29,No,0.0,No,0.0,No,0.0,Partial,0.0,No,0.0,Yes,1.0,Partial,0.0,Yes,1.0,No,0.0,Yes,1.0,No,0.0,No,0.0,No,0.0,No,0.0,No,0.0,No,0.0,No,0.0,No,0.0,No,0.0,No,0.0,No,0.0,No,0.0,No,0.0,No,0.0,No,0.0,No,0.0,No,0.0,No,0.0,No,0.0,No,0.0,No,0.0,No,0.0,No,0.0,No,0.0
808,SAIC Motor Corporation Limited,,CNE000000TY6,Consumer Discretion,CHINA,17.6,6.0,6,0,28,Yes,1.0,No,0.0,No,0.0,No,0.0,No,0.0,Yes,1.0,No,0.0,Yes,1.0,No,0.0,Yes,1.0,No,0.0,No,0.0,No,0.0,No,0.0,No,0.0,No,0.0,No,0.0,No,0.0,No,0.0,No,0.0,No,0.0,No,0.0,No,0.0,No,0.0,Yes,1.0,No,0.0,No,0.0,Yes,1.0,No,0.0,No,0.0,No,0.0,No,0.0,No,0.0,No,0.0
1889,"SAILUN GROUP CO., LTD.",,CNE1000015F7,Consumer Discretion,CHINA,11.8,4.0,4,0,30,No,0.0,No,0.0,No,0.0,No,0.0,No,0.0,Yes,1.0,No,0.0,Yes,1.0,No,0.0,Yes,1.0,No,0.0,No,0.0,No,0.0,No,0.0,No,0.0,No,0.0,No,0.0,No,0.0,No,0.0,No,0.0,Yes,1.0,No,0.0,No,0.0,No,0.0,No,0.0,No,0.0,No,0.0,No,0.0,No,0.0,No,0.0,No,0.0,No,0.0,No,0.0,No,0.0
420,"SALESFORCE, INC.",,US79466L3024,Technology,UNITED STATES,61.8,21.0,21,0,13,Yes,1.0,No,0.0,Yes,1.0,Yes,1.0,Yes,1.0,Yes,1.0,Yes,1.0,Yes,1.0,No,0.0,No,0.0,Yes,1.0,No,0.0,Yes,1.0,Yes,1.0,Yes,1.0,Yes,1.0,Yes,1.0,Yes,1.0,Yes,1.0,No,0.0,Yes,1.0,No,0.0,Yes,1.0,No,0.0,Yes,1.0,No,0.0,No,0.0,Yes,1.0,No,0.0,Yes,1.0,Yes,1.0,No,0.0,No,0.0,No,0.0
2354,SALIK COMPANY P.J.S.C.,,AEE01110S227,Industrials,UNITED ARAB EMIRATES,14.7,5.0,5,2,27,Yes,1.0,No,0.0,Yes,1.0,No,0.0,No,0.0,Yes,1.0,No,0.0,Yes,1.0,No,0.0,No,0.0,No,0.0,No,0.0,No,0.0,No,0.0,No,0.0,Yes,1.0,No,0.0,No,0.0,Partial,0.0,Partial,0.0,No,0.0,No,0.0,No,0.0,No,0.0,No,0.0,No,0.0,No,0.0,No,0.0,No,0.0,No,0.0,No,0.0,No,0.0,No,0.0,No,0.0
159,SALMAR ASA,,NO0010310956,Consumer Staples,NORWAY,10.3,3.5,3,1,30,No,0.0,No,0.0,No,0.0,No,0.0,No,0.0,Yes,1.0,No,0.0,Yes,1.0,No,0.0,Yes,1.0,No,0.0,No,0.0,No,0.0,No,0.0,No,0.0,No,0.0,No,0.0,No,0.0,No,0.0,No,0.0,No,0.0,No,0.0,No,0.0,No,0.0,No,0.0,No,0.0,No,0.0,Partial,0.5,No,0.0,No,0.0,No,0.0,No,0.0,No,0.0,No,0.0
2391,SAL Saudi Logistics Services Company SJSC,,SA15T1L22JH8,Industrials,SAUDI ARABIA,23.5,8.0,8,0,26,No,0.0,No,0.0,No,0.0,No,0.0,No,0.0,Yes,1.0,No,0.0,Yes,1.0,No,0.0,Yes,1.0,No,0.0,No,0.0,No,0.0,No,0.0,No,0.0,No,0.0,No,0.0,No,0.0,No,0.0,No,0.0,Yes,1.0,No,0.0,Yes,1.0,No,0.0,Yes,1.0,No,0.0,No,0.0,Yes,1.0,No,0.0,No,0.0,No,0.0,No,0.0,Yes,1.0,No,0.0
678,Sampo Oyj,,FI4000552500,Financials,FINLAND,20.6,7.0,7,0,27,No,0.0,No,0.0,No,0.0,No,0.0,No,0.0,Yes,1.0,No,0.0,Yes,1.0,No,0.0,Yes,1.0,Yes,1.0,No,0.0,No,0.0,No,0.0,No,0.0,Yes,1.0,Yes,1.0,No,0.0,Yes,1.0,No,0.0,No,0.0,No,0.0,No,0.0,No,0.0,No,0.0,No,0.0,No,0.0,No,0.0,No,0.0,No,0.0,No,0.0,No,0.0,No,0.0,No,0.0
2327,Samsara Inc,,US79589L1061,Technology,UNITED STATES,20.6,7.0,7,0,27,Yes,1.0,No,0.0,Yes,1.0,Yes,1.0,No,0.0,Yes,1.0,No,0.0,Yes,1.0,No,0.0,Yes,1.0,No,0.0,No,0.0,No,0.0,No,0.0,No,0.0,No,0.0,Yes,1.0,No,0.0,No,0.0,No,0.0,No,0.0,No,0.0,No,0.0,No,0.0,No,0.0,No,0.0,No,0.0,No,0.0,No,0.0,No,0.0,No,0.0,No,0.0,No,0.0,No,0.0
2015,"SAMSUNG BIOLOGICS CO.,LTD.",,KR7207940008,Health Care,SOUTH KOREA,20.6,7.0,7,0,27,Yes,1.0,No,0.0,Yes,1.0,No,0.0,No,0.0,Yes,1.0,No,0.0,Yes,1.0,No,0.0,Yes,1.0,No,0.0,No,0.0,No,0.0,No,0.0,No,0.0,No,0.0,No,0.0,No,0.0,No,0.0,No,0.0,Yes,1.0,No,0.0,No,0.0,No,0.0,No,0.0,No,0.0,No,0.0,Yes,1.0,No,0.0,No,0.0,No,0.0,No,0.0,No,0.0,No,0.0
1675,SAMSUNG C&T CORPORATION,,KR7028260008,Industrials,SOUTH KOREA,14.7,5.0,5,0,29,Yes,1.0,No,0.0,No,0.0,No,0.0,No,0.0,Yes,1.0,No,0.0,Yes,1.0,No,0.0,Yes,1.0,No,0.0,No,0.0,No,0.0,No,0.0,No,0.0,No,0.0,No,0.0,No,0.0,No,0.0,No,0.0,No,0.0,No,0.0,No,0.0,No,0.0,No,0.0,No,0.0,No,0.0,Yes,1.0,No,0.0,No,0.0,No,0.0,No,0.0,No,0.0,No,0.0
395,"SAMSUNG ELECTRO-MECHANICS CO.,LTD",,KR7009150004,Technology,SOUTH KOREA,2.9,1.0,1,0,33,No,0.0,No,0.0,No,0.0,No,0.0,No,0.0,Yes,1.0,No,0.0,No,0.0,No,0.0,No,0.0,No,0.0,No,0.0,No,0.0,No,0.0,No,0.0,No,0.0,No,0.0,No,0.0,No,0.0,No,0.0,No,0.0,No,0.0,No,0.0,No,0.0,No,0.0,No,0.0,No,0.0,No,0.0,No,0.0,No,0.0,No,0.0,No,0.0,No,0.0,No,0.0
396,"Samsung Electronics Co., Ltd.",,KR7005930003,Telecommunications,SOUTH KOREA,38.2,13.0,11,4,19,No,0.0,No,0.0,No,0.0,Yes,1.0,No,0.0,Yes,1.0,No,0.0,No,0.0,No,0.0,Yes,1.0,Yes,1.0,No,0.0,No,0.0,Yes,1.0,Partial,0.5,Yes,1.0,Yes,1.0,Partial,0.5,Partial,0.5,Partial,0.5,Yes,1.0,No,0.0,No,0.0,No,0.0,Yes,1.0,Yes,1.0,No,0.0,No,0.0,No,0.0,Yes,1.0,No,0.0,No,0.0,No,0.0,No,0.0
2443,Samsung Epis Holdings Co Ltd,,KR70126Z0002,Health Care,SOUTH KOREA,0.0,0.0,0,0,34,No,0.0,No,0.0,No,0.0,No,0.0,No,0.0,No,0.0,No,0.0,No,0.0,No,0.0,No,0.0,No,0.0,No,0.0,No,0.0,No,0.0,No,0.0,No,0.0,No,0.0,No,0.0,No,0.0,No,0.0,No,0.0,No,0.0,No,0.0,No,0.0,No,0.0,No,0.0,No,0.0,No,0.0,No,0.0,No,0.0,No,0.0,No,0.0,No,0.0,No,0.0
622,"SAMSUNG FIRE & MARINE INSURANCE CO., LTD.",,KR7000810002,Financials,SOUTH KOREA,27.9,9.5,6,7,21,Yes,1.0,No,0.0,No,0.0,Partial,0.5,Yes,1.0,Partial,0.5,No,0.0,Partial,0.5,No,0.0,Partial,0.5,No,0.0,No,0.0,No,0.0,Yes,1.0,No,0.0,Yes,1.0,Yes,1.0,Partial,0.5,No,0.0,No,0.0,Partial,0.5,No,0.0,No,0.0,No,0.0,Partial,0.5,No,0.0,Yes,1.0,No,0.0,No,0.0,No,0.0,No,0.0,No,0.0,No,0.0,No,0.0
630,"SAMSUNG HEAVY INDUSTRIES CO.,LTD",,KR7010140002,Industrials,SOUTH KOREA,11.8,4.0,4,0,30,No,0.0,No,0.0,No,0.0,No,0.0,No,0.0,Yes,1.0,No,0.0,Yes,1.0,No,0.0,Yes,1.0,No,0.0,No,0.0,No,0.0,No,0.0,No,0.0,No,0.0,No,0.0,No,0.0,No,0.0,No,0.0,No,0.0,No,0.0,No,0.0,No,0.0,No,0.0,No,0.0,No,0.0,Yes,1.0,No,0.0,No,0.0,No,0.0,No,0.0,No,0.0,No,0.0
1816,"Samsung Life Insurance Co., Ltd.",,KR7032830002,Financials,SOUTH KOREA,8.8,3.0,3,0,31,No,0.0,No,0.0,No,0.0,No,0.0,No,0.0,Yes,1.0,No,0.0,Yes,1.0,No,0.0,Yes,1.0,No,0.0,No,0.0,No,0.0,No,0.0,No,0.0,No,0.0,No,0.0,No,0.0,No,0.0,No,0.0,No,0.0,No,0.0,No,0.0,No,0.0,No,0.0,No,0.0,No,0.0,No,0.0,No,0.0,No,0.0,No,0.0,No,0.0,No,0.0,No,0.0
1435,"SAMSUNG SDI CO., LTD.",,KR7006400006,Industrials,SOUTH KOREA,0.0,0.0,0,0,34,No,0.0,No,0.0,No,0.0,No,0.0,No,0.0,No,0.0,No,0.0,No,0.0,No,0.0,No,0.0,No,0.0,No,0.0,No,0.0,No,0.0,No,0.0,No,0.0,No,0.0,No,0.0,No,0.0,No,0.0,No,0.0,No,0.0,No,0.0,No,0.0,No,0.0,No,0.0,No,0.0,No,0.0,No,0.0,No,0.0,No,0.0,No,0.0,No,0.0,No,0.0
1676,"SAMSUNG SDS CO., LTD.",,KR7018260000,Technology,SOUTH KOREA,36.8,12.5,12,2,20,Yes,1.0,No,0.0,No,0.0,Yes,1.0,Partial,0.0,Yes,1.0,No,0.0,Yes,1.0,No,0.0,Yes,1.0,No,0.0,No,0.0,No,0.0,No,0.0,Yes,1.0,Yes,1.0,Yes,1.0,Yes,1.0,Yes,1.0,No,0.0,No,0.0,No,0.0,No,0.0,No,0.0,Partial,0.5,No,0.0,Yes,1.0,Yes,1.0,No,0.0,No,0.0,No,0.0,No,0.0,No,0.0,No,0.0
776,SAMVARDHANA MOTHERSON INTERNATIONAL LIMITED,,INE775A01035,Consumer Discretion,INDIA,14.7,5.0,5,0,29,No,0.0,No,0.0,No,0.0,Yes,1.0,No,0.0,Yes,1.0,Yes,1.0,Yes,1.0,No,0.0,Yes,1.0,No,0.0,No,0.0,No,0.0,No,0.0,No,0.0,No,0.0,No,0.0,No,0.0,No,0.0,No,0.0,No,0.0,No,0.0,No,0.0,No,0.0,No,0.0,No,0.0,No,0.0,No,0.0,No,0.0,No,0.0,No,0.0,No,0.0,No,0.0,No,0.0
404,Samyang Foods Inc.,,KR7003230000,Consumer Staples,SOUTH KOREA,0.0,0.0,0,0,34,No,0.0,No,0.0,No,0.0,No,0.0,No,0.0,No,0.0,No,0.0,No,0.0,No,0.0,No,0.0,No,0.0,No,0.0,No,0.0,No,0.0,No,0.0,No,0.0,No,0.0,No,0.0,No,0.0,No,0.0,No,0.0,No,0.0,No,0.0,No,0.0,No,0.0,No,0.0,No,0.0,No,0.0,No,0.0,No,0.0,No,0.0,No,0.0,No,0.0,No,0.0
544,"SANAN OPTOELECTRONICS CO., LTD.",,CNE000000KB3,Technology,CHINA,2.9,1.0,1,0,33,No,0.0,No,0.0,No,0.0,No,0.0,No,0.0,No,0.0,No,0.0,No,0.0,No,0.0,No,0.0,Yes,1.0,No,0.0,No,0.0,No,0.0,No,0.0,No,0.0,No,0.0,No,0.0,No,0.0,No,0.0,No,0.0,No,0.0,No,0.0,No,0.0,No,0.0,No,0.0,No,0.0,No,0.0,No,0.0,No,0.0,No,0.0,No,0.0,No,0.0,No,0.0
2387,Sandoz Group AG,,CH1243598427,Health Care,SWITZERLAND,20.6,7.0,7,1,26,Yes,1.0,No,0.0,No,0.0,No,0.0,Yes,1.0,No,0.0,No,0.0,No,0.0,No,0.0,No,0.0,Yes,1.0,No,0.0,No,0.0,No,0.0,Partial,0.0,Yes,1.0,Yes,1.0,Yes,1.0,No,0.0,Yes,1.0,No,0.0,No,0.0,No,0.0,No,0.0,No,0.0,No,0.0,No,0.0,No,0.0,No,0.0,No,0.0,No,0.0,No,0.0,No,0.0,No,0.0
1796,SANDS CHINA LTD.,,KYG7800X1079,Consumer Discretion,HONG KONG,8.8,3.0,3,0,31,No,0.0,No,0.0,No,0.0,No,0.0,No,0.0,No,0.0,No,0.0,Yes,1.0,No,0.0,Yes,1.0,No,0.0,No,0.0,No,0.0,No,0.0,No,0.0,No,0.0,No,0.0,No,0.0,No,0.0,No,0.0,No,0.0,No,0.0,No,0.0,No,0.0,No,0.0,No,0.0,No,0.0,No,0.0,No,0.0,No,0.0,Yes,1.0,No,0.0,No,0.0,No,0.0
1437,Sandvik Aktiebolag,,SE0000667891,Industrials,SWEDEN,16.2,5.5,5,1,28,Partial,0.5,No,0.0,Yes,1.0,Yes,1.0,No,0.0,Yes,1.0,No,0.0,Yes,1.0,No,0.0,Yes,1.0,No,0.0,No,0.0,No,0.0,No,0.0,No,0.0,No,0.0,No,0.0,No,0.0,No,0.0,No,0.0,No,0.0,No,0.0,No,0.0,No,0.0,No,0.0,No,0.0,No,0.0,No,0.0,No,0.0,No,0.0,No,0.0,No,0.0,No,0.0,No,0.0
2160,Sangfor Technologies Inc.,,CNE1000033T1,Technology,CHINA,0.0,0.0,0,0,34,No,0.0,No,0.0,No,0.0,No,0.0,No,0.0,No,0.0,No,0.0,No,0.0,No,0.0,No,0.0,No,0.0,No,0.0,No,0.0,No,0.0,No,0.0,No,0.0,No,0.0,No,0.0,No,0.0,No,0.0,No,0.0,No,0.0,No,0.0,No,0.0,No,0.0,No,0.0,No,0.0,No,0.0,No,0.0,No,0.0,No,0.0,No,0.0,No,0.0,No,0.0
777,SANLAM LIMITED,,ZAE000070660,Financials,SOUTH AFRICA,23.5,8.0,8,0,26,Yes,1.0,No,0.0,Yes,1.0,No,0.0,No,0.0,Yes,1.0,No,0.0,Yes,1.0,No,0.0,Yes,1.0,No,0.0,No,0.0,Yes,1.0,No,0.0,No,0.0,No,0.0,No,0.0,No,0.0,No,0.0,No,0.0,No,0.0,No,0.0,No,0.0,No,0.0,No,0.0,No,0.0,No,0.0,Yes,1.0,No,0.0,No,0.0,No,0.0,No,0.0,Yes,1.0,No,0.0
594,SANOFI SA,,FR0000120578,Health Care,FRANCE,32.4,11.0,11,1,22,Yes,1.0,No,0.0,No,0.0,Yes,1.0,Partial,0.0,Yes,1.0,No,0.0,Yes,1.0,No,0.0,Yes,1.0,No,0.0,No,0.0,No,0.0,No,0.0,No,0.0,Yes,1.0,Yes,1.0,Yes,1.0,Yes,1.0,Yes,1.0,No,0.0,No,0.0,No,0.0,No,0.0,Yes,1.0,No,0.0,No,0.0,No,0.0,No,0.0,No,0.0,No,0.0,No,0.0,No,0.0,No,0.0
58,"Sanrio Company, Ltd.",,JP3343200006,Consumer Discretion,JAPAN,0.0,0.0,0,0,34,No,0.0,No,0.0,No,0.0,No,0.0,No,0.0,No,0.0,No,0.0,No,0.0,No,0.0,No,0.0,No,0.0,No,0.0,No,0.0,No,0.0,No,0.0,No,0.0,No,0.0,No,0.0,No,0.0,No,0.0,No,0.0,No,0.0,No,0.0,No,0.0,No,0.0,No,0.0,No,0.0,No,0.0,No,0.0,No,0.0,No,0.0,No,0.0,No,0.0,No,0.0
139,SANTOS LIMITED,,AU000000STO6,Energy,AUSTRALIA,11.8,4.0,4,0,30,No,0.0,No,0.0,No,0.0,No,0.0,No,0.0,Yes,1.0,No,0.0,Yes,1.0,No,0.0,Yes,1.0,No,0.0,No,0.0,No,0.0,No,0.0,No,0.0,No,0.0,No,0.0,No,0.0,No,0.0,No,0.0,No,0.0,No,0.0,No,0.0,No,0.0,No,0.0,No,0.0,No,0.0,Yes,1.0,No,0.0,No,0.0,No,0.0,No,0.0,No,0.0,No,0.0
195,"SANY HEAVY INDUSTRY CO., LTD",,CNE000001F70,Industrials,CHINA,14.7,5.0,5,1,28,Yes,1.0,No,0.0,No,0.0,No,0.0,No,0.0,Yes,1.0,No,0.0,Yes,1.0,No,0.0,Yes,1.0,No,0.0,No,0.0,No,0.0,Partial,0.0,No,0.0,No,0.0,No,0.0,No,0.0,No,0.0,No,0.0,No,0.0,No,0.0,No,0.0,No,0.0,No,0.0,No,0.0,No,0.0,Yes,1.0,No,0.0,No,0.0,No,0.0,No,0.0,No,0.0,No,0.0
1999,SAP SE,,DE0007164600,Technology,GERMANY,41.2,14.0,13,2,19,Partial,0.5,No,0.0,Partial,0.5,No,0.0,Yes,1.0,Yes,1.0,No,0.0,Yes,1.0,No,0.0,Yes,1.0,No,0.0,No,0.0,No,0.0,Yes,1.0,Yes,1.0,Yes,1.0,Yes,1.0,Yes,1.0,Yes,1.0,Yes,1.0,No,0.0,No,0.0,No,0.0,No,0.0,No,0.0,No,0.0,No,0.0,No,0.0,Yes,1.0,No,0.0,Yes,1.0,No,0.0,No,0.0,No,0.0
809,SAPUTO INC.,,CA8029121057,Consumer Staples,CANADA,0.0,0.0,0,0,34,No,0.0,No,0.0,No,0.0,No,0.0,No,0.0,No,0.0,No,0.0,No,0.0,No,0.0,No,0.0,No,0.0,No,0.0,No,0.0,No,0.0,No,0.0,No,0.0,No,0.0,No,0.0,No,0.0,No,0.0,No,0.0,No,0.0,No,0.0,No,0.0,No,0.0,No,0.0,No,0.0,No,0.0,No,0.0,No,0.0,No,0.0,No,0.0,No,0.0,No,0.0
1439,Sartorius Aktiengesellschaft,,DE0007165607,Health Care,GERMANY,20.6,7.0,7,0,27,Yes,1.0,No,0.0,Yes,1.0,No,0.0,No,0.0,Yes,1.0,No,0.0,No,0.0,No,0.0,Yes,1.0,Yes,1.0,No,0.0,No,0.0,No,0.0,No,0.0,No,0.0,No,0.0,No,0.0,No,0.0,No,0.0,No,0.0,No,0.0,No,0.0,No,0.0,No,0.0,No,0.0,No,0.0,Yes,1.0,No,0.0,Yes,1.0,No,0.0,No,0.0,No,0.0,No,0.0
1440,SARTORIUS STEDIM BIOTECH SA,,FR0013154002,Health Care,FRANCE,20.6,7.0,7,0,27,No,0.0,No,0.0,No,0.0,Yes,1.0,No,0.0,Yes,1.0,No,0.0,Yes,1.0,No,0.0,Yes,1.0,Yes,1.0,No,0.0,No,0.0,No,0.0,No,0.0,No,0.0,No,0.0,No,0.0,No,0.0,No,0.0,No,0.0,No,0.0,No,0.0,No,0.0,No,0.0,No,0.0,No,0.0,Yes,1.0,No,0.0,Yes,1.0,No,0.0,No,0.0,No,0.0,No,0.0
181,SASOL LIMITED,,ZAE000006896,Basic Materials,SOUTH AFRICA,8.8,3.0,3,0,31,No,0.0,No,0.0,No,0.0,No,0.0,No,0.0,Yes,1.0,No,0.0,No,0.0,No,0.0,No,0.0,No,0.0,No,0.0,No,0.0,No,0.0,No,0.0,No,0.0,No,0.0,No,0.0,No,0.0,No,0.0,No,0.0,No,0.0,No,0.0,No,0.0,No,0.0,No,0.0,No,0.0,No,0.0,Yes,1.0,No,0.0,Yes,1.0,No,0.0,No,0.0,No,0.0
1909,"SATELLITE CHEMICAL CO., LTD.",,CNE100001B07,Basic Materials,CHINA,5.9,2.0,0,4,30,Partial,0.5,No,0.0,No,0.0,No,0.0,No,0.0,Partial,0.5,No,0.0,Partial,0.5,No,0.0,Partial,0.5,No,0.0,No,0.0,No,0.0,No,0.0,No,0.0,No,0.0,No,0.0,No,0.0,No,0.0,No,0.0,No,0.0,No,0.0,No,0.0,No,0.0,No,0.0,No,0.0,No,0.0,No,0.0,No,0.0,No,0.0,No,0.0,No,0.0,No,0.0,No,0.0
1726,Saudi Arabian Mining Company SJSC,,SA123GA0ITH7,Basic Materials,SAUDI ARABIA,5.9,2.0,2,0,32,No,0.0,No,0.0,No,0.0,No,0.0,No,0.0,Yes,1.0,No,0.0,No,0.0,No,0.0,Yes,1.0,No,0.0,No,0.0,No,0.0,No,0.0,No,0.0,No,0.0,No,0.0,No,0.0,No,0.0,No,0.0,No,0.0,No,0.0,No,0.0,No,0.0,No,0.0,No,0.0,No,0.0,No,0.0,No,0.0,No,0.0,No,0.0,No,0.0,No,0.0,No,0.0
1729,Saudi Arabian Oil Company,,SA14TG012N13,Energy,SAUDI ARABIA,0.0,0.0,0,0,34,No,0.0,No,0.0,No,0.0,No,0.0,No,0.0,No,0.0,No,0.0,No,0.0,No,0.0,No,0.0,No,0.0,No,0.0,No,0.0,No,0.0,No,0.0,No,0.0,No,0.0,No,0.0,No,0.0,No,0.0,No,0.0,No,0.0,No,0.0,No,0.0,No,0.0,No,0.0,No,0.0,No,0.0,No,0.0,No,0.0,No,0.0,No,0.0,No,0.0,No,0.0
1442,Saudi Awwal Bank SJSC,,SA0007879089,Financials,SAUDI ARABIA,2.9,1.0,1,0,33,No,0.0,No,0.0,No,0.0,Yes,1.0,No,0.0,No,0.0,No,0.0,No,0.0,No,0.0,No,0.0,No,0.0,No,0.0,No,0.0,No,0.0,No,0.0,No,0.0,No,0.0,No,0.0,No,0.0,No,0.0,No,0.0,No,0.0,No,0.0,No,0.0,No,0.0,No,0.0,No,0.0,No,0.0,No,0.0,No,0.0,No,0.0,No,0.0,No,0.0,No,0.0
1441,Saudi Basic Industries Corporation SJSC,,SA0007879121,Basic Materials,SAUDI ARABIA,25.0,8.5,8,1,25,Yes,1.0,No,0.0,Yes,1.0,No,0.0,No,0.0,Yes,1.0,No,0.0,Yes,1.0,No,0.0,Yes,1.0,Partial,0.5,No,0.0,No,0.0,No,0.0,No,0.0,No,0.0,No,0.0,No,0.0,No,0.0,No,0.0,Yes,1.0,No,0.0,Yes,1.0,No,0.0,No,0.0,No,0.0,No,0.0,No,0.0,No,0.0,No,0.0,Yes,1.0,No,0.0,No,0.0,No,0.0
359,Saudi Energy Company SJSC,,SA0007879550,Utilities,SAUDI ARABIA,0.0,0.0,0,0,34,No,0.0,No,0.0,No,0.0,No,0.0,No,0.0,No,0.0,No,0.0,No,0.0,No,0.0,No,0.0,No,0.0,No,0.0,No,0.0,No,0.0,No,0.0,No,0.0,No,0.0,No,0.0,No,0.0,No,0.0,No,0.0,No,0.0,No,0.0,No,0.0,No,0.0,No,0.0,No,0.0,No,0.0,No,0.0,No,0.0,No,0.0,No,0.0,No,0.0,No,0.0
2323,Saudi Tadawul Group Holding Company SJSC,,SA15DHKGHBH4,Financials,SAUDI ARABIA,5.9,2.0,2,0,32,Yes,1.0,No,0.0,No,0.0,No,0.0,No,0.0,Yes,1.0,No,0.0,No,0.0,No,0.0,No,0.0,No,0.0,No,0.0,No,0.0,No,0.0,No,0.0,No,0.0,No,0.0,No,0.0,No,0.0,No,0.0,No,0.0,No,0.0,No,0.0,No,0.0,No,0.0,No,0.0,No,0.0,No,0.0,No,0.0,No,0.0,No,0.0,No,0.0,No,0.0,No,0.0
782,Saudi Telecom Company SJSC,,SA0007879543,Telecommunications,SAUDI ARABIA,29.4,10.0,10,1,23,Yes,1.0,No,0.0,No,0.0,Yes,1.0,No,0.0,Yes,1.0,Yes,1.0,Yes,1.0,No,0.0,Yes,1.0,No,0.0,No,0.0,No,0.0,No,0.0,No,0.0,Yes,1.0,No,0.0,Yes,1.0,No,0.0,No,0.0,Yes,1.0,Yes,1.0,No,0.0,No,0.0,Partial,0.0,No,0.0,No,0.0,No,0.0,No,0.0,No,0.0,No,0.0,No,0.0,No,0.0,No,0.0
2113,SBA COMMUNICATIONS CORPORATION,,US78410G1040,Real Estate,UNITED STATES,8.8,3.0,3,0,31,No,0.0,No,0.0,No,0.0,No,0.0,No,0.0,Yes,1.0,No,0.0,No,0.0,No,0.0,No,0.0,Yes,1.0,Yes,1.0,No,0.0,No,0.0,No,0.0,No,0.0,No,0.0,No,0.0,No,0.0,No,0.0,No,0.0,No,0.0,No,0.0,No,0.0,No,0.0,No,0.0,No,0.0,No,0.0,No,0.0,No,0.0,No,0.0,No,0.0,No,0.0,No,0.0
1712,SBI CARDS AND PAYMENT SERVICES LIMITED,,INE018E01016,Financials,INDIA,11.8,4.0,4,0,30,Yes,1.0,No,0.0,No,0.0,No,0.0,No,0.0,Yes,1.0,No,0.0,Yes,1.0,No,0.0,Yes,1.0,No,0.0,No,0.0,No,0.0,No,0.0,No,0.0,No,0.0,No,0.0,No,0.0,No,0.0,No,0.0,No,0.0,No,0.0,No,0.0,No,0.0,No,0.0,No,0.0,No,0.0,No,0.0,No,0.0,No,0.0,No,0.0,No,0.0,No,0.0,No,0.0
1417,"SBI Holdings, Inc.",,JP3436120004,Financials,JAPAN,11.8,4.0,4,0,30,No,0.0,No,0.0,No,0.0,No,0.0,No,0.0,Yes,1.0,No,0.0,No,0.0,No,0.0,No,0.0,Yes,1.0,No,0.0,No,0.0,No,0.0,No,0.0,Yes,1.0,Yes,1.0,No,0.0,No,0.0,No,0.0,No,0.0,No,0.0,No,0.0,No,0.0,No,0.0,No,0.0,No,0.0,No,0.0,No,0.0,No,0.0,No,0.0,No,0.0,No,0.0,No,0.0
1839,SBI LIFE INSURANCE COMPANY LIMITED,,INE123W01016,Financials,INDIA,14.7,5.0,5,0,29,Yes,1.0,No,0.0,No,0.0,No,0.0,No,0.0,Yes,1.0,No,0.0,Yes,1.0,No,0.0,Yes,1.0,No,0.0,No,0.0,No,0.0,No,0.0,No,0.0,Yes,1.0,No,0.0,No,0.0,No,0.0,No,0.0,No,0.0,No,0.0,No,0.0,No,0.0,No,0.0,No,0.0,No,0.0,No,0.0,No,0.0,No,0.0,No,0.0,No,0.0,No,0.0,No,0.0
2340,SCB X PUBLIC COMPANY LIMITED,,THA790010005,Financials,THAILAND,25.0,8.5,7,7,20,Yes,1.0,No,0.0,Partial,0.5,No,0.0,No,0.0,Yes,1.0,No,0.0,Yes,1.0,No,0.0,Yes,1.0,No,0.0,No,0.0,No,0.0,No,0.0,No,0.0,Partial,0.0,Partial,0.0,Partial,0.5,No,0.0,Partial,0.0,No,0.0,No,0.0,No,0.0,No,0.0,Yes,1.0,Partial,0.0,No,0.0,Partial,0.5,Yes,1.0,No,0.0,Yes,1.0,No,0.0,No,0.0,No,0.0
1996,SCENTRE GROUP,,AU000000SCG8,Real Estate,AUSTRALIA,4.4,1.5,1,1,32,No,0.0,No,0.0,No,0.0,No,0.0,No,0.0,Partial,0.5,No,0.0,No,0.0,No,0.0,Yes,1.0,No,0.0,No,0.0,No,0.0,No,0.0,No,0.0,No,0.0,No,0.0,No,0.0,No,0.0,No,0.0,No,0.0,No,0.0,No,0.0,No,0.0,No,0.0,No,0.0,No,0.0,No,0.0,No,0.0,No,0.0,No,0.0,No,0.0,No,0.0,No,0.0
1443,Schindler Holding AG,,CH0024638196,Industrials,SWITZERLAND,7.4,2.5,2,1,31,Yes,1.0,No,0.0,No,0.0,No,0.0,No,0.0,Yes,1.0,No,0.0,No,0.0,No,0.0,Partial,0.5,No,0.0,No,0.0,No,0.0,No,0.0,No,0.0,No,0.0,No,0.0,No,0.0,No,0.0,No,0.0,No,0.0,No,0.0,No,0.0,No,0.0,No,0.0,No,0.0,No,0.0,No,0.0,No,0.0,No,0.0,No,0.0,No,0.0,No,0.0,No,0.0
1445,SCHNEIDER ELECTRIC SE,,FR0000121972,Industrials,FRANCE,30.9,10.5,10,1,23,No,0.0,No,0.0,Yes,1.0,Yes,1.0,Yes,1.0,Yes,1.0,No,0.0,Yes,1.0,No,0.0,Partial,0.5,No,0.0,No,0.0,No,0.0,Yes,1.0,Yes,1.0,Yes,1.0,No,0.0,No,0.0,Yes,1.0,No,0.0,No,0.0,No,0.0,Yes,1.0,No,0.0,No,0.0,No,0.0,No,0.0,No,0.0,No,0.0,No,0.0,No,0.0,No,0.0,No,0.0,No,0.0
1446,SCHRODERS PLC,,GB00BP9LHF23,Financials,UNITED KINGDOM,14.7,5.0,5,0,29,No,0.0,No,0.0,Yes,1.0,Yes,1.0,No,0.0,Yes,1.0,No,0.0,Yes,1.0,No,0.0,Yes,1.0,No,0.0,No,0.0,No,0.0,No,0.0,No,0.0,No,0.0,No,0.0,No,0.0,No,0.0,No,0.0,No,0.0,No,0.0,No,0.0,No,0.0,No,0.0,No,0.0,No,0.0,No,0.0,No,0.0,No,0.0,No,0.0,No,0.0,No,0.0,No,0.0
2061,Scout24 SE,,DE000A12DM80,Technology,GERMANY,23.5,8.0,8,0,26,Yes,1.0,No,0.0,Yes,1.0,No,0.0,No,0.0,Yes,1.0,No,0.0,Yes,1.0,No,0.0,Yes,1.0,No,0.0,No,0.0,No,0.0,No,0.0,No,0.0,Yes,1.0,No,0.0,No,0.0,No,0.0,No,0.0,Yes,1.0,No,0.0,No,0.0,No,0.0,Yes,1.0,No,0.0,No,0.0,No,0.0,No,0.0,No,0.0,No,0.0,No,0.0,No,0.0,No,0.0
1025,"SCREEN Holdings Co.,Ltd.",,JP3494600004,Technology,JAPAN,0.0,0.0,0,0,34,No,0.0,No,0.0,No,0.0,No,0.0,No,0.0,No,0.0,No,0.0,No,0.0,No,0.0,No,0.0,No,0.0,No,0.0,No,0.0,No,0.0,No,0.0,No,0.0,No,0.0,No,0.0,No,0.0,No,0.0,No,0.0,No,0.0,No,0.0,No,0.0,No,0.0,No,0.0,No,0.0,No,0.0,No,0.0,No,0.0,No,0.0,No,0.0,No,0.0,No,0.0
2043,SD GUTHRIE BERHAD,,MYL5285OO001,Consumer Staples,MALAYSIA,11.8,4.0,4,0,30,Yes,1.0,No,0.0,No,0.0,No,0.0,No,0.0,Yes,1.0,No,0.0,Yes,1.0,No,0.0,Yes,1.0,No,0.0,No,0.0,No,0.0,No,0.0,No,0.0,No,0.0,No,0.0,No,0.0,No,0.0,No,0.0,No,0.0,No,0.0,No,0.0,No,0.0,No,0.0,No,0.0,No,0.0,No,0.0,No,0.0,No,0.0,No,0.0,No,0.0,No,0.0,No,0.0
196,"SDIC Capital Co., Ltd.",,CNE000000Q11,Financials,CHINA,0.0,0.0,0,0,34,No,0.0,No,0.0,No,0.0,No,0.0,No,0.0,No,0.0,No,0.0,No,0.0,No,0.0,No,0.0,No,0.0,No,0.0,No,0.0,No,0.0,No,0.0,No,0.0,No,0.0,No,0.0,No,0.0,No,0.0,No,0.0,No,0.0,No,0.0,No,0.0,No,0.0,No,0.0,No,0.0,No,0.0,No,0.0,No,0.0,No,0.0,No,0.0,No,0.0,No,0.0
762,"SDIC Power Holdings Co., Ltd.",,CNE000000JM2,Utilities,CHINA,0.0,0.0,0,0,34,No,0.0,No,0.0,No,0.0,No,0.0,No,0.0,No,0.0,No,0.0,No,0.0,No,0.0,No,0.0,No,0.0,No,0.0,No,0.0,No,0.0,No,0.0,No,0.0,No,0.0,No,0.0,No,0.0,No,0.0,No,0.0,No,0.0,No,0.0,No,0.0,No,0.0,No,0.0,No,0.0,No,0.0,No,0.0,No,0.0,No,0.0,No,0.0,No,0.0,No,0.0
2304,SEAGATE TECHNOLOGY HOLDINGS PUBLIC LIMITED COMPANY,,IE00BKVD2N49,Technology,UNITED STATES,8.8,3.0,3,1,30,Yes,1.0,No,0.0,No,0.0,No,0.0,No,0.0,Yes,1.0,No,0.0,No,0.0,No,0.0,No,0.0,No,0.0,No,0.0,No,0.0,No,0.0,No,0.0,No,0.0,No,0.0,No,0.0,No,0.0,No,0.0,No,0.0,No,0.0,No,0.0,No,0.0,No,0.0,No,0.0,No,0.0,No,0.0,Partial,0.0,No,0.0,Yes,1.0,No,0.0,No,0.0,No,0.0
2138,SEA LIMITED,,US81141R1005,Technology,SINGAPORE,13.2,4.5,4,1,29,No,0.0,No,0.0,No,0.0,Yes,1.0,No,0.0,Partial,0.5,No,0.0,No,0.0,No,0.0,No,0.0,No,0.0,No,0.0,No,0.0,No,0.0,No,0.0,No,0.0,No,0.0,No,0.0,No,0.0,No,0.0,No,0.0,No,0.0,No,0.0,No,0.0,No,0.0,No,0.0,No,0.0,No,0.0,Yes,1.0,No,0.0,Yes,1.0,No,0.0,Yes,1.0,No,0.0
1418,"SECOM CO., LTD.",,JP3421800008,Industrials,JAPAN,17.6,6.0,6,0,28,Yes,1.0,No,0.0,No,0.0,No,0.0,No,0.0,Yes,1.0,No,0.0,Yes,1.0,No,0.0,Yes,1.0,No,0.0,No,0.0,No,0.0,No,0.0,No,0.0,Yes,1.0,Yes,1.0,No,0.0,No,0.0,No,0.0,No,0.0,No,0.0,No,0.0,No,0.0,No,0.0,No,0.0,No,0.0,No,0.0,No,0.0,No,0.0,No,0.0,No,0.0,No,0.0,No,0.0
746,Securitas AB,,SE0000163594,Industrials,SWEDEN,32.4,11.0,10,2,22,Yes,1.0,No,0.0,Yes,1.0,No,0.0,Yes,1.0,Yes,1.0,No,0.0,Yes,1.0,No,0.0,Yes,1.0,No,0.0,No,0.0,Yes,1.0,No,0.0,No,0.0,Yes,1.0,Partial,0.5,Yes,1.0,Partial,0.5,No,0.0,No,0.0,No,0.0,No,0.0,No,0.0,No,0.0,No,0.0,No,0.0,No,0.0,No,0.0,No,0.0,No,0.0,No,0.0,Yes,1.0,No,0.0
1419,SEGRO PUBLIC LIMITED COMPANY,,GB00B5ZN1N88,Real Estate,UNITED KINGDOM,14.7,5.0,5,0,29,No,0.0,No,0.0,No,0.0,Yes,1.0,No,0.0,Yes,1.0,No,0.0,Yes,1.0,No,0.0,No,0.0,No,0.0,No,0.0,No,0.0,No,0.0,No,0.0,No,0.0,No,0.0,No,0.0,No,0.0,No,0.0,No,0.0,No,0.0,No,0.0,No,0.0,Yes,1.0,Yes,1.0,No,0.0,No,0.0,No,0.0,No,0.0,No,0.0,No,0.0,No,0.0,No,0.0
1766,SEIBU HOLDINGS INC.,,JP3417200007,Consumer Discretion,JAPAN,2.9,1.0,1,0,33,Yes,1.0,No,0.0,No,0.0,No,0.0,No,0.0,No,0.0,No,0.0,No,0.0,No,0.0,No,0.0,No,0.0,No,0.0,No,0.0,No,0.0,No,0.0,No,0.0,No,0.0,No,0.0,No,0.0,No,0.0,No,0.0,No,0.0,No,0.0,No,0.0,No,0.0,No,0.0,No,0.0,No,0.0,No,0.0,No,0.0,No,0.0,No,0.0,No,0.0,No,0.0
72,"Sekisui Chemical Co., Ltd.",,JP3419400001,Consumer Discretion,JAPAN,14.7,5.0,5,0,29,No,0.0,No,0.0,No,0.0,No,0.0,No,0.0,Yes,1.0,No,0.0,Yes,1.0,No,0.0,Yes,1.0,No,0.0,No,0.0,No,0.0,No,0.0,No,0.0,No,0.0,No,0.0,No,0.0,No,0.0,No,0.0,No,0.0,No,0.0,Yes,1.0,No,0.0,Yes,1.0,No,0.0,No,0.0,No,0.0,No,0.0,No,0.0,No,0.0,No,0.0,No,0.0,No,0.0
246,"Sekisui House, Ltd.",,JP3420600003,Consumer Discretion,JAPAN,0.0,0.0,0,0,34,No,0.0,No,0.0,No,0.0,No,0.0,No,0.0,No,0.0,No,0.0,No,0.0,No,0.0,No,0.0,No,0.0,No,0.0,No,0.0,No,0.0,No,0.0,No,0.0,No,0.0,No,0.0,No,0.0,No,0.0,No,0.0,No,0.0,No,0.0,No,0.0,No,0.0,No,0.0,No,0.0,No,0.0,No,0.0,No,0.0,No,0.0,No,0.0,No,0.0,No,0.0
1448,SEMBCORP INDUSTRIES LTD,,SG1R50925390,Utilities,SINGAPORE,5.9,2.0,2,1,31,Yes,1.0,No,0.0,No,0.0,No,0.0,No,0.0,Yes,1.0,No,0.0,No,0.0,No,0.0,No,0.0,No,0.0,No,0.0,No,0.0,No,0.0,No,0.0,No,0.0,No,0.0,No,0.0,No,0.0,No,0.0,No,0.0,No,0.0,No,0.0,No,0.0,No,0.0,No,0.0,No,0.0,Partial,0.0,No,0.0,No,0.0,No,0.0,No,0.0,No,0.0,No,0.0
1449,SEMPRA,,US8168511090,Utilities,UNITED STATES,8.8,3.0,3,0,31,No,0.0,No,0.0,No,0.0,No,0.0,No,0.0,Yes,1.0,No,0.0,No,0.0,No,0.0,No,0.0,Yes,1.0,No,0.0,No,0.0,No,0.0,No,0.0,No,0.0,No,0.0,No,0.0,No,0.0,No,0.0,No,0.0,No,0.0,No,0.0,No,0.0,No,0.0,No,0.0,No,0.0,No,0.0,No,0.0,No,0.0,Yes,1.0,No,0.0,No,0.0,No,0.0
2330,SenseTime Group Inc,,KYG8062L1041,Technology,HONG KONG,29.4,10.0,9,2,23,Yes,1.0,No,0.0,Yes,1.0,No,0.0,No,0.0,Yes,1.0,No,0.0,Yes,1.0,No,0.0,Yes,1.0,No,0.0,No,0.0,No,0.0,No,0.0,Yes,1.0,Partial,0.5,Partial,0.5,Yes,1.0,No,0.0,No,0.0,No,0.0,No,0.0,No,0.0,No,0.0,No,0.0,No,0.0,No,0.0,No,0.0,Yes,1.0,Yes,1.0,No,0.0,No,0.0,No,0.0,No,0.0
2006,"Seres Group Co.,Ltd.",,CNE1000028B9,Consumer Discretion,CHINA,4.4,1.5,0,3,31,No,0.0,No,0.0,No,0.0,No,0.0,No,0.0,Partial,0.5,No,0.0,Partial,0.5,No,0.0,Partial,0.5,No,0.0,No,0.0,No,0.0,No,0.0,No,0.0,No,0.0,No,0.0,No,0.0,No,0.0,No,0.0,No,0.0,No,0.0,No,0.0,No,0.0,No,0.0,No,0.0,No,0.0,No,0.0,No,0.0,No,0.0,No,0.0,No,0.0,No,0.0,No,0.0
1928,"SERVICENOW, INC.",,US81762P1021,Technology,UNITED STATES,36.8,12.5,12,1,21,Yes,1.0,No,0.0,Yes,1.0,Yes,1.0,No,0.0,Yes,1.0,No,0.0,Yes,1.0,No,0.0,Yes,1.0,No,0.0,No,0.0,No,0.0,No,0.0,Yes,1.0,No,0.0,No,0.0,Yes,1.0,No,0.0,Yes,1.0,Yes,1.0,No,0.0,No,0.0,No,0.0,Yes,1.0,No,0.0,No,0.0,No,0.0,Yes,1.0,No,0.0,Partial,0.5,No,0.0,No,0.0,No,0.0
1450,"Seven & i Holdings Co., Ltd.",,JP3422950000,Consumer Staples,JAPAN,0.0,0.0,0,0,34,No,0.0,No,0.0,No,0.0,No,0.0,No,0.0,No,0.0,No,0.0,No,0.0,No,0.0,No,0.0,No,0.0,No,0.0,No,0.0,No,0.0,No,0.0,No,0.0,No,0.0,No,0.0,No,0.0,No,0.0,No,0.0,No,0.0,No,0.0,No,0.0,No,0.0,No,0.0,No,0.0,No,0.0,No,0.0,No,0.0,No,0.0,No,0.0,No,0.0,No,0.0
381,SEVERN TRENT PLC,,GB00B1FH8J72,Utilities,UNITED KINGDOM,14.7,5.0,5,0,29,Yes,1.0,No,0.0,No,0.0,No,0.0,No,0.0,Yes,1.0,No,0.0,Yes,1.0,No,0.0,Yes,1.0,Yes,1.0,No,0.0,No,0.0,No,0.0,No,0.0,No,0.0,No,0.0,No,0.0,No,0.0,No,0.0,No,0.0,No,0.0,No,0.0,No,0.0,No,0.0,No,0.0,No,0.0,No,0.0,No,0.0,No,0.0,No,0.0,No,0.0,No,0.0,No,0.0
1805,"S.F. Holding Co., Ltd.",,CNE100000L63,Industrials,CHINA,14.7,5.0,5,0,29,Yes,1.0,No,0.0,No,0.0,No,0.0,No,0.0,Yes,1.0,No,0.0,Yes,1.0,No,0.0,Yes,1.0,No,0.0,No,0.0,No,0.0,No,0.0,No,0.0,No,0.0,No,0.0,No,0.0,No,0.0,Yes,1.0,No,0.0,No,0.0,No,0.0,No,0.0,No,0.0,No,0.0,No,0.0,No,0.0,No,0.0,No,0.0,No,0.0,No,0.0,No,0.0,No,0.0
1822,SGH LIMITED,,AU0000364754,Industrials,AUSTRALIA,0.0,0.0,0,0,34,No,0.0,No,0.0,No,0.0,No,0.0,No,0.0,No,0.0,No,0.0,No,0.0,No,0.0,No,0.0,No,0.0,No,0.0,No,0.0,No,0.0,No,0.0,No,0.0,No,0.0,No,0.0,No,0.0,No,0.0,No,0.0,No,0.0,No,0.0,No,0.0,No,0.0,No,0.0,No,0.0,No,0.0,No,0.0,No,0.0,No,0.0,No,0.0,No,0.0,No,0.0
2127,SG Micro Corp,,CNE100002NT4,Technology,CHINA,5.9,2.0,2,0,32,Yes,1.0,No,0.0,No,0.0,No,0.0,No,0.0,Yes,1.0,No,0.0,No,0.0,No,0.0,No,0.0,No,0.0,No,0.0,No,0.0,No,0.0,No,0.0,No,0.0,No,0.0,No,0.0,No,0.0,No,0.0,No,0.0,No,0.0,No,0.0,No,0.0,No,0.0,No,0.0,No,0.0,No,0.0,No,0.0,No,0.0,No,0.0,No,0.0,No,0.0,No,0.0
795,SGS SA,,CH1256740924,Industrials,SWITZERLAND,11.8,4.0,3,3,28,No,0.0,No,0.0,No,0.0,Partial,0.0,Partial,0.5,Partial,0.5,No,0.0,No,0.0,No,0.0,No,0.0,No,0.0,No,0.0,No,0.0,No,0.0,No,0.0,No,0.0,No,0.0,Yes,1.0,No,0.0,Yes,1.0,Yes,1.0,No,0.0,No,0.0,No,0.0,No,0.0,No,0.0,No,0.0,No,0.0,No,0.0,No,0.0,No,0.0,No,0.0,No,0.0,No,0.0
1975,Shaanxi Coal Industry Company Limited,,CNE100001T64,Energy,CHINA,0.0,0.0,0,0,34,No,0.0,No,0.0,No,0.0,No,0.0,No,0.0,No,0.0,No,0.0,No,0.0,No,0.0,No,0.0,No,0.0,No,0.0,No,0.0,No,0.0,No,0.0,No,0.0,No,0.0,No,0.0,No,0.0,No,0.0,No,0.0,No,0.0,No,0.0,No,0.0,No,0.0,No,0.0,No,0.0,No,0.0,No,0.0,No,0.0,No,0.0,No,0.0,No,0.0,No,0.0
1452,"Shandong Gold Mining Co., Ltd.",,CNE000001FR7,Basic Materials,CHINA,23.5,8.0,8,0,26,Yes,1.0,No,0.0,No,0.0,No,0.0,No,0.0,Yes,1.0,No,0.0,Yes,1.0,No,0.0,Yes,1.0,No,0.0,No,0.0,No,0.0,No,0.0,No,0.0,No,0.0,No,0.0,No,0.0,No,0.0,No,0.0,Yes,1.0,Yes,1.0,Yes,1.0,No,0.0,No,0.0,No,0.0,No,0.0,Yes,1.0,No,0.0,No,0.0,No,0.0,No,0.0,No,0.0,No,0.0
1815,Shandong Hongqiao Aluminum Industry Holding Company Limited,,CNE100000MW4,Basic Materials,CHINA,11.8,4.0,4,0,30,Yes,1.0,No,0.0,No,0.0,No,0.0,No,0.0,Yes,1.0,No,0.0,Yes,1.0,No,0.0,Yes,1.0,No,0.0,No,0.0,No,0.0,No,0.0,No,0.0,No,0.0,No,0.0,No,0.0,No,0.0,No,0.0,No,0.0,No,0.0,No,0.0,No,0.0,No,0.0,No,0.0,No,0.0,No,0.0,No,0.0,No,0.0,No,0.0,No,0.0,No,0.0,No,0.0
495,"SHANDONG HUALU-HENGSHENG CHEMICAL CO.,LTD",,CNE000001BM7,Basic Materials,CHINA,0.0,0.0,0,0,34,No,0.0,No,0.0,No,0.0,No,0.0,No,0.0,No,0.0,No,0.0,No,0.0,No,0.0,No,0.0,No,0.0,No,0.0,No,0.0,No,0.0,No,0.0,No,0.0,No,0.0,No,0.0,No,0.0,No,0.0,No,0.0,No,0.0,No,0.0,No,0.0,No,0.0,No,0.0,No,0.0,No,0.0,No,0.0,No,0.0,No,0.0,No,0.0,No,0.0,No,0.0
1453,"Shandong Nanshan Aluminium Co., Ltd.",,CNE000001139,Basic Materials,CHINA,0.0,0.0,0,0,34,No,0.0,No,0.0,No,0.0,No,0.0,No,0.0,No,0.0,No,0.0,No,0.0,No,0.0,No,0.0,No,0.0,No,0.0,No,0.0,No,0.0,No,0.0,No,0.0,No,0.0,No,0.0,No,0.0,No,0.0,No,0.0,No,0.0,No,0.0,No,0.0,No,0.0,No,0.0,No,0.0,No,0.0,No,0.0,No,0.0,No,0.0,No,0.0,No,0.0,No,0.0
1451,"SHANDONG SUN PAPER CO., LTD.",,CNE000001P52,Basic Materials,CHINA,2.9,1.0,1,0,33,Yes,1.0,No,0.0,No,0.0,No,0.0,No,0.0,No,0.0,No,0.0,No,0.0,No,0.0,No,0.0,No,0.0,No,0.0,No,0.0,No,0.0,No,0.0,No,0.0,No,0.0,No,0.0,No,0.0,No,0.0,No,0.0,No,0.0,No,0.0,No,0.0,No,0.0,No,0.0,No,0.0,No,0.0,No,0.0,No,0.0,No,0.0,No,0.0,No,0.0,No,0.0
1454,"SHANDONG WEIGAO GROUP MEDICAL POLYMER CO.,LTD",,CNE100000171,Health Care,CHINA,0.0,0.0,0,0,34,No,0.0,No,0.0,No,0.0,No,0.0,No,0.0,No,0.0,No,0.0,No,0.0,No,0.0,No,0.0,No,0.0,No,0.0,No,0.0,No,0.0,No,0.0,No,0.0,No,0.0,No,0.0,No,0.0,No,0.0,No,0.0,No,0.0,No,0.0,No,0.0,No,0.0,No,0.0,No,0.0,No,0.0,No,0.0,No,0.0,No,0.0,No,0.0,No,0.0,No,0.0
2280,Shanghai Allist Pharmaceuticals Co Ltd,,CNE100005XJ7,Health Care,CHINA,0.0,0.0,0,0,34,No,0.0,No,0.0,No,0.0,No,0.0,No,0.0,No,0.0,No,0.0,No,0.0,No,0.0,No,0.0,No,0.0,No,0.0,No,0.0,No,0.0,No,0.0,No,0.0,No,0.0,No,0.0,No,0.0,No,0.0,No,0.0,No,0.0,No,0.0,No,0.0,No,0.0,No,0.0,No,0.0,No,0.0,No,0.0,No,0.0,No,0.0,No,0.0,No,0.0,No,0.0
323,"Shanghai Baosight Software Co., Ltd.",,CNE000000C66,Technology,CHINA,2.9,1.0,1,0,33,Yes,1.0,No,0.0,No,0.0,No,0.0,No,0.0,No,0.0,No,0.0,No,0.0,No,0.0,No,0.0,No,0.0,No,0.0,No,0.0,No,0.0,No,0.0,No,0.0,No,0.0,No,0.0,No,0.0,No,0.0,No,0.0,No,0.0,No,0.0,No,0.0,No,0.0,No,0.0,No,0.0,No,0.0,No,0.0,No,0.0,No,0.0,No,0.0,No,0.0,No,0.0
2222,Shanghai BOCHU Electronic Technology Corp Ltd,,CNE100003LY6,Technology,CHINA,0.0,0.0,0,0,34,No,0.0,No,0.0,No,0.0,No,0.0,No,0.0,No,0.0,No,0.0,No,0.0,No,0.0,No,0.0,No,0.0,No,0.0,No,0.0,No,0.0,No,0.0,No,0.0,No,0.0,No,0.0,No,0.0,No,0.0,No,0.0,No,0.0,No,0.0,No,0.0,No,0.0,No,0.0,No,0.0,No,0.0,No,0.0,No,0.0,No,0.0,No,0.0,No,0.0,No,0.0
69,Shanghai Electric Group Company Limited,,CNE100000D55,Industrials,CHINA,2.9,1.0,0,2,32,No,0.0,No,0.0,No,0.0,No,0.0,No,0.0,Partial,0.5,No,0.0,No,0.0,No,0.0,Partial,0.5,No,0.0,No,0.0,No,0.0,No,0.0,No,0.0,No,0.0,No,0.0,No,0.0,No,0.0,No,0.0,No,0.0,No,0.0,No,0.0,No,0.0,No,0.0,No,0.0,No,0.0,No,0.0,No,0.0,No,0.0,No,0.0,No,0.0,No,0.0,No,0.0
194,"SHANGHAI ELECTRIC POWER CO., LTD.",,CNE000001G53,Utilities,CHINA,2.9,1.0,1,0,33,No,0.0,No,0.0,No,0.0,No,0.0,No,0.0,Yes,1.0,No,0.0,No,0.0,No,0.0,No,0.0,No,0.0,No,0.0,No,0.0,No,0.0,No,0.0,No,0.0,No,0.0,No,0.0,No,0.0,No,0.0,No,0.0,No,0.0,No,0.0,No,0.0,No,0.0,No,0.0,No,0.0,No,0.0,No,0.0,No,0.0,No,0.0,No,0.0,No,0.0,No,0.0
1455,"Shanghai Fosun Pharmaceutical (Group) Co., Ltd.",,CNE000000X38,Health Care,CHINA,17.6,6.0,6,0,28,Yes,1.0,No,0.0,Yes,1.0,No,0.0,No,0.0,Yes,1.0,No,0.0,Yes,1.0,No,0.0,Yes,1.0,No,0.0,No,0.0,No,0.0,No,0.0,No,0.0,No,0.0,No,0.0,No,0.0,No,0.0,No,0.0,No,0.0,No,0.0,No,0.0,No,0.0,No,0.0,No,0.0,No,0.0,Yes,1.0,No,0.0,No,0.0,No,0.0,No,0.0,No,0.0,No,0.0
192,"Shanghai International Airport Co., Ltd.",,CNE000000V89,Industrials,CHINA,17.6,6.0,6,0,28,No,0.0,No,0.0,No,0.0,No,0.0,No,0.0,Yes,1.0,No,0.0,Yes,1.0,No,0.0,Yes,1.0,No,0.0,No,0.0,No,0.0,No,0.0,No,0.0,No,0.0,No,0.0,No,0.0,No,0.0,No,0.0,Yes,1.0,Yes,1.0,No,0.0,No,0.0,No,0.0,No,0.0,No,0.0,Yes,1.0,No,0.0,No,0.0,No,0.0,No,0.0,No,0.0,No,0.0
761,"Shanghai Pharmaceuticals Holding Co., Ltd.",,CNE000000C82,Health Care,CHINA,16.2,5.5,4,3,27,Yes,1.0,No,0.0,No,0.0,No,0.0,No,0.0,Partial,0.5,No,0.0,Partial,0.5,No,0.0,Partial,0.5,No,0.0,No,0.0,No,0.0,No,0.0,No,0.0,Yes,1.0,Yes,1.0,No,0.0,No,0.0,No,0.0,Yes,1.0,No,0.0,No,0.0,No,0.0,No,0.0,No,0.0,No,0.0,No,0.0,No,0.0,No,0.0,No,0.0,No,0.0,No,0.0,No,0.0
613,"SHANGHAI PUDONG DEVELOPMENT BANK CO., LTD.",,CNE0000011B7,Financials,CHINA,0.0,0.0,0,0,34,No,0.0,No,0.0,No,0.0,No,0.0,No,0.0,No,0.0,No,0.0,No,0.0,No,0.0,No,0.0,No,0.0,No,0.0,No,0.0,No,0.0,No,0.0,No,0.0,No,0.0,No,0.0,No,0.0,No,0.0,No,0.0,No,0.0,No,0.0,No,0.0,No,0.0,No,0.0,No,0.0,No,0.0,No,0.0,No,0.0,No,0.0,No,0.0,No,0.0,No,0.0
2126,"Shanghai Putailai New Energy Technology Group Co.,Ltd.",,CNE100002TX3,Basic Materials,CHINA,0.0,0.0,0,0,34,No,0.0,No,0.0,No,0.0,No,0.0,No,0.0,No,0.0,No,0.0,No,0.0,No,0.0,No,0.0,No,0.0,No,0.0,No,0.0,No,0.0,No,0.0,No,0.0,No,0.0,No,0.0,No,0.0,No,0.0,No,0.0,No,0.0,No,0.0,No,0.0,No,0.0,No,0.0,No,0.0,No,0.0,No,0.0,No,0.0,No,0.0,No,0.0,No,0.0,No,0.0
1735,"Shanghai RAAS Blood Products Co., Ltd.",,CNE100000C31,Health Care,CHINA,0.0,0.0,0,0,34,No,0.0,No,0.0,No,0.0,No,0.0,No,0.0,No,0.0,No,0.0,No,0.0,No,0.0,No,0.0,No,0.0,No,0.0,No,0.0,No,0.0,No,0.0,No,0.0,No,0.0,No,0.0,No,0.0,No,0.0,No,0.0,No,0.0,No,0.0,No,0.0,No,0.0,No,0.0,No,0.0,No,0.0,No,0.0,No,0.0,No,0.0,No,0.0,No,0.0,No,0.0
1687,"Shanghai Rural Commercial Bank Co., Ltd.",,CNE100004QD7,Financials,CHINA,2.9,1.0,1,0,33,No,0.0,No,0.0,No,0.0,No,0.0,No,0.0,Yes,1.0,No,0.0,No,0.0,No,0.0,No,0.0,No,0.0,No,0.0,No,0.0,No,0.0,No,0.0,No,0.0,No,0.0,No,0.0,No,0.0,No,0.0,No,0.0,No,0.0,No,0.0,No,0.0,No,0.0,No,0.0,No,0.0,No,0.0,No,0.0,No,0.0,No,0.0,No,0.0,No,0.0,No,0.0
1456,"Shanghai Stonehill Technology Co., Ltd.",,CNE1000008K2,Technology,CHINA,11.8,4.0,4,0,30,No,0.0,No,0.0,No,0.0,Yes,1.0,No,0.0,Yes,1.0,No,0.0,No,0.0,No,0.0,Yes,1.0,No,0.0,No,0.0,No,0.0,No,0.0,No,0.0,No,0.0,No,0.0,No,0.0,No,0.0,No,0.0,No,0.0,No,0.0,No,0.0,No,0.0,No,0.0,No,0.0,No,0.0,Yes,1.0,No,0.0,No,0.0,No,0.0,No,0.0,No,0.0,No,0.0
1954,"Shanghai United Imaging Healthcare Co., Ltd.",,CNE100005PN5,Health Care,CHINA,7.4,2.5,1,3,30,No,0.0,No,0.0,No,0.0,No,0.0,No,0.0,Partial,0.5,No,0.0,Partial,0.5,No,0.0,Yes,1.0,No,0.0,No,0.0,No,0.0,No,0.0,No,0.0,No,0.0,No,0.0,No,0.0,No,0.0,No,0.0,No,0.0,Partial,0.5,No,0.0,No,0.0,No,0.0,No,0.0,No,0.0,No,0.0,No,0.0,No,0.0,No,0.0,No,0.0,No,0.0,No,0.0
763,"Shanghai Zhangjiang Hi-Tech Park Development Co.,Ltd",,CNE000000JX9,Real Estate,CHINA,0.0,0.0,0,0,34,No,0.0,No,0.0,No,0.0,No,0.0,No,0.0,No,0.0,No,0.0,No,0.0,No,0.0,No,0.0,No,0.0,No,0.0,No,0.0,No,0.0,No,0.0,No,0.0,No,0.0,No,0.0,No,0.0,No,0.0,No,0.0,No,0.0,No,0.0,No,0.0,No,0.0,No,0.0,No,0.0,No,0.0,No,0.0,No,0.0,No,0.0,No,0.0,No,0.0,No,0.0
1447,"Shanjin International Gold Co.,Ltd.",,CNE0000012L4,Basic Materials,CHINA,5.9,2.0,2,0,32,No,0.0,No,0.0,No,0.0,No,0.0,No,0.0,Yes,1.0,Yes,1.0,No,0.0,No,0.0,No,0.0,No,0.0,No,0.0,No,0.0,No,0.0,No,0.0,No,0.0,No,0.0,No,0.0,No,0.0,No,0.0,No,0.0,No,0.0,No,0.0,No,0.0,No,0.0,No,0.0,No,0.0,No,0.0,No,0.0,No,0.0,No,0.0,No,0.0,No,0.0,No,0.0
2051,Shannon Semiconductor Technology Co Ltd,,CNE1000020T8,Technology,CHINA,0.0,0.0,0,0,34,No,0.0,No,0.0,No,0.0,No,0.0,No,0.0,No,0.0,No,0.0,No,0.0,No,0.0,No,0.0,No,0.0,No,0.0,No,0.0,No,0.0,No,0.0,No,0.0,No,0.0,No,0.0,No,0.0,No,0.0,No,0.0,No,0.0,No,0.0,No,0.0,No,0.0,No,0.0,No,0.0,No,0.0,No,0.0,No,0.0,No,0.0,No,0.0,No,0.0,No,0.0
620,"Shanxi Coking Coal Energy Group Co., Ltd.",,CNE0000013Y5,Energy,CHINA,0.0,0.0,0,0,34,No,0.0,No,0.0,No,0.0,No,0.0,No,0.0,No,0.0,No,0.0,No,0.0,No,0.0,No,0.0,No,0.0,No,0.0,No,0.0,No,0.0,No,0.0,No,0.0,No,0.0,No,0.0,No,0.0,No,0.0,No,0.0,No,0.0,No,0.0,No,0.0,No,0.0,No,0.0,No,0.0,No,0.0,No,0.0,No,0.0,No,0.0,No,0.0,No,0.0,No,0.0
1458,"Shanxi Lu'an Environmental Energy Dev. Co., Ltd",,CNE000001NT7,Energy,CHINA,0.0,0.0,0,0,34,No,0.0,No,0.0,No,0.0,No,0.0,No,0.0,No,0.0,No,0.0,No,0.0,No,0.0,No,0.0,No,0.0,No,0.0,No,0.0,No,0.0,No,0.0,No,0.0,No,0.0,No,0.0,No,0.0,No,0.0,No,0.0,No,0.0,No,0.0,No,0.0,No,0.0,No,0.0,No,0.0,No,0.0,No,0.0,No,0.0,No,0.0,No,0.0,No,0.0,No,0.0
326,"SHANXI XINGHUACUN FEN WINE FACTORY CO., LTD.",,CNE000000DH5,Consumer Staples,CHINA,2.9,1.0,1,0,33,No,0.0,No,0.0,No,0.0,No,0.0,No,0.0,No,0.0,No,0.0,No,0.0,No,0.0,No,0.0,No,0.0,No,0.0,No,0.0,No,0.0,No,0.0,No,0.0,No,0.0,No,0.0,No,0.0,No,0.0,Yes,1.0,No,0.0,No,0.0,No,0.0,No,0.0,No,0.0,No,0.0,No,0.0,No,0.0,No,0.0,No,0.0,No,0.0,No,0.0,No,0.0
2259,Sharetronic Data Technology Co Ltd,,CNE100004173,Technology,CHINA,0.0,0.0,0,1,33,No,0.0,No,0.0,No,0.0,No,0.0,No,0.0,No,0.0,No,0.0,No,0.0,No,0.0,No,0.0,No,0.0,No,0.0,No,0.0,No,0.0,No,0.0,No,0.0,No,0.0,No,0.0,No,0.0,No,0.0,No,0.0,No,0.0,No,0.0,No,0.0,No,0.0,No,0.0,No,0.0,No,0.0,No,0.0,No,0.0,No,0.0,Partial,0.0,No,0.0,No,0.0
370,SHELL PLC,,GB00BP6MXD84,Energy,UNITED KINGDOM,8.8,3.0,3,0,31,No,0.0,No,0.0,No,0.0,Yes,1.0,No,0.0,No,0.0,No,0.0,No,0.0,No,0.0,No,0.0,Yes,1.0,No,0.0,No,0.0,No,0.0,No,0.0,No,0.0,No,0.0,No,0.0,No,0.0,No,0.0,No,0.0,No,0.0,No,0.0,No,0.0,No,0.0,No,0.0,No,0.0,No,0.0,No,0.0,No,0.0,Yes,1.0,No,0.0,No,0.0,No,0.0
322,Shenergy Company Limited,,CNE0000005Q7,Utilities,CHINA,0.0,0.0,0,0,34,No,0.0,No,0.0,No,0.0,No,0.0,No,0.0,No,0.0,No,0.0,No,0.0,No,0.0,No,0.0,No,0.0,No,0.0,No,0.0,No,0.0,No,0.0,No,0.0,No,0.0,No,0.0,No,0.0,No,0.0,No,0.0,No,0.0,No,0.0,No,0.0,No,0.0,No,0.0,No,0.0,No,0.0,No,0.0,No,0.0,No,0.0,No,0.0,No,0.0,No,0.0
2293,Shengyi Electronics Co Ltd,,CNE100005428,Technology,CHINA,5.9,2.0,2,0,32,No,0.0,No,0.0,Yes,1.0,No,0.0,No,0.0,Yes,1.0,No,0.0,No,0.0,No,0.0,No,0.0,No,0.0,No,0.0,No,0.0,No,0.0,No,0.0,No,0.0,No,0.0,No,0.0,No,0.0,No,0.0,No,0.0,No,0.0,No,0.0,No,0.0,No,0.0,No,0.0,No,0.0,No,0.0,No,0.0,No,0.0,No,0.0,No,0.0,No,0.0,No,0.0
112,"Shengyi Technology Co., Ltd.",,CNE000000XL5,Technology,CHINA,2.9,1.0,1,0,33,No,0.0,No,0.0,Yes,1.0,No,0.0,No,0.0,No,0.0,No,0.0,No,0.0,No,0.0,No,0.0,No,0.0,No,0.0,No,0.0,No,0.0,No,0.0,No,0.0,No,0.0,No,0.0,No,0.0,No,0.0,No,0.0,No,0.0,No,0.0,No,0.0,No,0.0,No,0.0,No,0.0,No,0.0,No,0.0,No,0.0,No,0.0,No,0.0,No,0.0,No,0.0
1900,"Shennan Circuits Co., Ltd.",,CNE100003373,Technology,CHINA,8.8,3.0,3,0,31,Yes,1.0,No,0.0,Yes,1.0,No,0.0,No,0.0,Yes,1.0,No,0.0,No,0.0,No,0.0,No,0.0,No,0.0,No,0.0,No,0.0,No,0.0,No,0.0,No,0.0,No,0.0,No,0.0,No,0.0,No,0.0,No,0.0,No,0.0,No,0.0,No,0.0,No,0.0,No,0.0,No,0.0,No,0.0,No,0.0,No,0.0,No,0.0,No,0.0,No,0.0,No,0.0
1703,"Shenwan Hongyuan Group Co., Ltd.",,CNE100002FD4,Financials,CHINA,8.8,3.0,3,0,31,No,0.0,No,0.0,No,0.0,No,0.0,No,0.0,Yes,1.0,No,0.0,Yes,1.0,No,0.0,Yes,1.0,No,0.0,No,0.0,No,0.0,No,0.0,No,0.0,No,0.0,No,0.0,No,0.0,No,0.0,No,0.0,No,0.0,No,0.0,No,0.0,No,0.0,No,0.0,No,0.0,No,0.0,No,0.0,No,0.0,No,0.0,No,0.0,No,0.0,No,0.0,No,0.0
2107,Shenzhen Envicool Technology Co Ltd,,CNE100002CC3,Industrials,CHINA,0.0,0.0,0,0,34,No,0.0,No,0.0,No,0.0,No,0.0,No,0.0,No,0.0,No,0.0,No,0.0,No,0.0,No,0.0,No,0.0,No,0.0,No,0.0,No,0.0,No,0.0,No,0.0,No,0.0,No,0.0,No,0.0,No,0.0,No,0.0,No,0.0,No,0.0,No,0.0,No,0.0,No,0.0,No,0.0,No,0.0,No,0.0,No,0.0,No,0.0,No,0.0,No,0.0,No,0.0
1837,Shenzhen Everwin Precision Technology Co.LTD,,CNE100000T40,Technology,CHINA,14.7,5.0,5,0,29,Yes,1.0,No,0.0,Yes,1.0,No,0.0,No,0.0,Yes,1.0,No,0.0,No,0.0,No,0.0,Yes,1.0,No,0.0,No,0.0,No,0.0,No,0.0,No,0.0,No,0.0,No,0.0,No,0.0,No,0.0,No,0.0,No,0.0,No,0.0,No,0.0,No,0.0,No,0.0,No,0.0,No,0.0,No,0.0,No,0.0,No,0.0,Yes,1.0,No,0.0,No,0.0,No,0.0
2093,Shenzhen Goodix Technology Co Ltd,,CNE100002G84,Technology,CHINA,2.9,1.0,1,0,33,No,0.0,No,0.0,No,0.0,No,0.0,No,0.0,No,0.0,No,0.0,No,0.0,No,0.0,Yes,1.0,No,0.0,No,0.0,No,0.0,No,0.0,No,0.0,No,0.0,No,0.0,No,0.0,No,0.0,No,0.0,No,0.0,No,0.0,No,0.0,No,0.0,No,0.0,No,0.0,No,0.0,No,0.0,No,0.0,No,0.0,No,0.0,No,0.0,No,0.0,No,0.0
1840,"Shenzhen Inovance Technology Co., Ltd",,CNE100000V46,Industrials,CHINA,8.8,3.0,2,2,30,Partial,0.5,No,0.0,No,0.0,No,0.0,No,0.0,Yes,1.0,No,0.0,Yes,1.0,No,0.0,Partial,0.5,No,0.0,No,0.0,No,0.0,No,0.0,No,0.0,No,0.0,No,0.0,No,0.0,No,0.0,No,0.0,No,0.0,No,0.0,No,0.0,No,0.0,No,0.0,No,0.0,No,0.0,No,0.0,No,0.0,No,0.0,No,0.0,No,0.0,No,0.0,No,0.0
2108,"Shenzhen Kinwong Electronic Co.,Ltd.",,CNE100002FZ7,Technology,CHINA,8.8,3.0,3,0,31,No,0.0,No,0.0,No,0.0,No,0.0,No,0.0,Yes,1.0,No,0.0,Yes,1.0,No,0.0,Yes,1.0,No,0.0,No,0.0,No,0.0,No,0.0,No,0.0,No,0.0,No,0.0,No,0.0,No,0.0,No,0.0,No,0.0,No,0.0,No,0.0,No,0.0,No,0.0,No,0.0,No,0.0,No,0.0,No,0.0,No,0.0,No,0.0,No,0.0,No,0.0,No,0.0
2348,Shenzhen Longsys Electronics Co Ltd,,CNE100005K10,Technology,CHINA,2.9,1.0,1,0,33,No,0.0,No,0.0,Yes,1.0,No,0.0,No,0.0,No,0.0,No,0.0,No,0.0,No,0.0,No,0.0,No,0.0,No,0.0,No,0.0,No,0.0,No,0.0,No,0.0,No,0.0,No,0.0,No,0.0,No,0.0,No,0.0,No,0.0,No,0.0,No,0.0,No,0.0,No,0.0,No,0.0,No,0.0,No,0.0,No,0.0,No,0.0,No,0.0,No,0.0,No,0.0
2118,"Shenzhen Megmeet Electrical Co., Ltd.",,CNE100002JV8,Industrials,CHINA,0.0,0.0,0,0,34,No,0.0,No,0.0,No,0.0,No,0.0,No,0.0,No,0.0,No,0.0,No,0.0,No,0.0,No,0.0,No,0.0,No,0.0,No,0.0,No,0.0,No,0.0,No,0.0,No,0.0,No,0.0,No,0.0,No,0.0,No,0.0,No,0.0,No,0.0,No,0.0,No,0.0,No,0.0,No,0.0,No,0.0,No,0.0,No,0.0,No,0.0,No,0.0,No,0.0,No,0.0
2181,Shenzhen Mindray Bio-Medical Electronics Co Ltd,,CNE100003G67,Health Care,CHINA,27.9,9.5,9,2,23,Yes,1.0,No,0.0,Yes,1.0,No,0.0,No,0.0,Yes,1.0,No,0.0,Yes,1.0,No,0.0,Yes,1.0,No,0.0,No,0.0,No,0.0,No,0.0,No,0.0,Yes,1.0,Partial,0.5,No,0.0,Partial,0.0,No,0.0,No,0.0,No,0.0,No,0.0,No,0.0,No,0.0,No,0.0,No,0.0,Yes,1.0,No,0.0,No,0.0,Yes,1.0,No,0.0,Yes,1.0,No,0.0
2248,Shenzhen New Industries Biomedical Engineering Co Ltd,,CNE100003T39,Health Care,CHINA,7.4,2.5,1,3,30,Partial,0.5,No,0.0,No,0.0,No,0.0,No,0.0,Partial,0.5,No,0.0,Yes,1.0,No,0.0,Partial,0.5,No,0.0,No,0.0,No,0.0,No,0.0,No,0.0,No,0.0,No,0.0,No,0.0,No,0.0,No,0.0,No,0.0,No,0.0,No,0.0,No,0.0,No,0.0,No,0.0,No,0.0,No,0.0,No,0.0,No,0.0,No,0.0,No,0.0,No,0.0,No,0.0
1776,"SHENZHEN SALUBRIS PHARMACEUTICALS CO., LTD.",,CNE100000FW8,Health Care,CHINA,2.9,1.0,1,0,33,No,0.0,No,0.0,No,0.0,No,0.0,No,0.0,No,0.0,No,0.0,No,0.0,No,0.0,No,0.0,No,0.0,No,0.0,No,0.0,No,0.0,No,0.0,No,0.0,No,0.0,No,0.0,No,0.0,No,0.0,No,0.0,No,0.0,Yes,1.0,No,0.0,No,0.0,No,0.0,No,0.0,No,0.0,No,0.0,No,0.0,No,0.0,No,0.0,No,0.0,No,0.0
1848,"Shenzhen Sunway Communication Co., Ltd.",,CNE100000W94,Telecommunications,CHINA,0.0,0.0,0,0,34,No,0.0,No,0.0,No,0.0,No,0.0,No,0.0,No,0.0,No,0.0,No,0.0,No,0.0,No,0.0,No,0.0,No,0.0,No,0.0,No,0.0,No,0.0,No,0.0,No,0.0,No,0.0,No,0.0,No,0.0,No,0.0,No,0.0,No,0.0,No,0.0,No,0.0,No,0.0,No,0.0,No,0.0,No,0.0,No,0.0,No,0.0,No,0.0,No,0.0,No,0.0
2345,Shenzhen Techwinsemi Technology Co Ltd,,CNE100005GP9,Technology,CHINA,2.9,1.0,1,0,33,No,0.0,No,0.0,No,0.0,No,0.0,No,0.0,Yes,1.0,No,0.0,No,0.0,No,0.0,No,0.0,No,0.0,No,0.0,No,0.0,No,0.0,No,0.0,No,0.0,No,0.0,No,0.0,No,0.0,No,0.0,No,0.0,No,0.0,No,0.0,No,0.0,No,0.0,No,0.0,No,0.0,No,0.0,No,0.0,No,0.0,No,0.0,No,0.0,No,0.0,No,0.0
2225,Shenzhen Transsion Holdings Co Ltd,,CNE100003P74,Telecommunications,CHINA,17.6,6.0,6,0,28,Yes,1.0,No,0.0,No,0.0,No,0.0,No,0.0,Yes,1.0,No,0.0,Yes,1.0,No,0.0,Yes,1.0,No,0.0,No,0.0,No,0.0,No,0.0,No,0.0,No,0.0,No,0.0,No,0.0,No,0.0,No,0.0,No,0.0,No,0.0,No,0.0,No,0.0,No,0.0,No,0.0,No,0.0,Yes,1.0,Yes,1.0,No,0.0,No,0.0,No,0.0,No,0.0,No,0.0
1459,SHENZHOU INTERNATIONAL GROUP HOLDINGS LIMITED,,KYG8087W1015,Consumer Discretion,HONG KONG,8.8,3.0,3,0,31,Yes,1.0,No,0.0,No,0.0,No,0.0,No,0.0,Yes,1.0,No,0.0,No,0.0,No,0.0,No,0.0,No,0.0,No,0.0,No,0.0,No,0.0,No,0.0,No,0.0,No,0.0,No,0.0,No,0.0,No,0.0,No,0.0,No,0.0,Yes,1.0,No,0.0,No,0.0,No,0.0,No,0.0,No,0.0,No,0.0,No,0.0,No,0.0,No,0.0,No,0.0,No,0.0
1461,Shimadzu Corporation,,JP3357200009,Industrials,JAPAN,5.9,2.0,0,4,30,Partial,0.5,No,0.0,No,0.0,No,0.0,No,0.0,Partial,0.5,No,0.0,Partial,0.5,No,0.0,Partial,0.5,No,0.0,No,0.0,No,0.0,No,0.0,No,0.0,No,0.0,No,0.0,No,0.0,No,0.0,No,0.0,No,0.0,No,0.0,No,0.0,No,0.0,No,0.0,No,0.0,No,0.0,No,0.0,No,0.0,No,0.0,No,0.0,No,0.0,No,0.0,No,0.0
311,SHIMANO INC.,,JP3358000002,Consumer Discretion,JAPAN,0.0,0.0,0,0,34,No,0.0,No,0.0,No,0.0,No,0.0,No,0.0,No,0.0,No,0.0,No,0.0,No,0.0,No,0.0,No,0.0,No,0.0,No,0.0,No,0.0,No,0.0,No,0.0,No,0.0,No,0.0,No,0.0,No,0.0,No,0.0,No,0.0,No,0.0,No,0.0,No,0.0,No,0.0,No,0.0,No,0.0,No,0.0,No,0.0,No,0.0,No,0.0,No,0.0,No,0.0
1420,SHIMIZU CORPORATION,,JP3358800005,Industrials,JAPAN,16.2,5.5,5,1,28,No,0.0,No,0.0,No,0.0,No,0.0,No,0.0,Partial,0.5,No,0.0,Yes,1.0,No,0.0,Yes,1.0,No,0.0,No,0.0,No,0.0,No,0.0,No,0.0,Yes,1.0,Yes,1.0,No,0.0,Yes,1.0,No,0.0,No,0.0,No,0.0,No,0.0,No,0.0,No,0.0,No,0.0,No,0.0,No,0.0,No,0.0,No,0.0,No,0.0,No,0.0,No,0.0,No,0.0
265,"Shin-Etsu Chemical Co., Ltd.",,JP3371200001,Basic Materials,JAPAN,26.5,9.0,9,1,24,No,0.0,No,0.0,No,0.0,No,0.0,No,0.0,Yes,1.0,No,0.0,Yes,1.0,No,0.0,Yes,1.0,No,0.0,No,0.0,No,0.0,No,0.0,Partial,0.0,Yes,1.0,No,0.0,No,0.0,No,0.0,No,0.0,Yes,1.0,Yes,1.0,Yes,1.0,Yes,1.0,Yes,1.0,No,0.0,No,0.0,No,0.0,No,0.0,No,0.0,No,0.0,No,0.0,No,0.0,No,0.0
1462,"SHINHAN FINANCIAL GROUP CO.,LTD",,KR7055550008,Financials,SOUTH KOREA,20.6,7.0,4,7,23,No,0.0,Partial,0.0,No,0.0,No,0.0,No,0.0,Partial,0.5,Yes,1.0,Partial,0.5,No,0.0,Partial,0.5,No,0.0,No,0.0,No,0.0,No,0.0,No,0.0,Yes,1.0,Partial,0.5,Partial,0.5,No,0.0,No,0.0,Yes,1.0,Yes,1.0,No,0.0,No,0.0,No,0.0,No,0.0,No,0.0,Partial,0.5,No,0.0,No,0.0,No,0.0,No,0.0,No,0.0,No,0.0
488,"Shionogi & Co., Ltd.",,JP3347200002,Health Care,JAPAN,14.7,5.0,5,0,29,Yes,1.0,No,0.0,No,0.0,No,0.0,No,0.0,Yes,1.0,No,0.0,Yes,1.0,No,0.0,Yes,1.0,No,0.0,No,0.0,No,0.0,No,0.0,No,0.0,No,0.0,No,0.0,No,0.0,No,0.0,No,0.0,No,0.0,No,0.0,No,0.0,No,0.0,No,0.0,No,0.0,No,0.0,Yes,1.0,No,0.0,No,0.0,No,0.0,No,0.0,No,0.0,No,0.0
1463,"Shiseido Company, Limited",,JP3351600006,Consumer Discretion,JAPAN,13.2,4.5,3,5,26,Yes,1.0,No,0.0,No,0.0,Partial,0.5,Partial,0.0,No,0.0,No,0.0,No,0.0,No,0.0,No,0.0,No,0.0,No,0.0,No,0.0,Partial,0.0,No,0.0,Partial,0.5,Partial,0.5,Yes,1.0,Yes,1.0,No,0.0,No,0.0,No,0.0,No,0.0,No,0.0,No,0.0,No,0.0,No,0.0,No,0.0,No,0.0,No,0.0,No,0.0,No,0.0,No,0.0,No,0.0
2045,SHOPIFY INC.,,CA82509L1076,Technology,CANADA,20.6,7.0,5,4,25,Partial,0.5,No,0.0,No,0.0,Partial,0.5,No,0.0,Partial,0.5,No,0.0,Yes,1.0,No,0.0,Partial,0.5,Yes,1.0,No,0.0,No,0.0,No,0.0,No,0.0,No,0.0,No,0.0,No,0.0,No,0.0,No,0.0,Yes,1.0,No,0.0,No,0.0,No,0.0,No,0.0,No,0.0,No,0.0,No,0.0,No,0.0,No,0.0,Yes,1.0,No,0.0,Yes,1.0,No,0.0
374,SHOPRITE HOLDINGS LIMITED,,ZAE000012084,Consumer Staples,SOUTH AFRICA,16.2,5.5,5,2,27,Yes,1.0,No,0.0,No,0.0,Partial,0.0,No,0.0,Yes,1.0,No,0.0,Yes,1.0,No,0.0,Yes,1.0,No,0.0,No,0.0,No,0.0,No,0.0,No,0.0,No,0.0,No,0.0,No,0.0,No,0.0,No,0.0,Yes,1.0,No,0.0,No,0.0,No,0.0,No,0.0,No,0.0,No,0.0,No,0.0,Partial,0.5,No,0.0,No,0.0,No,0.0,No,0.0,No,0.0
385,SHREE CEMENT LIMITED,,INE070A01015,Industrials,INDIA,8.8,3.0,3,0,31,Yes,1.0,No,0.0,No,0.0,No,0.0,No,0.0,Yes,1.0,No,0.0,No,0.0,No,0.0,No,0.0,No,0.0,No,0.0,No,0.0,No,0.0,No,0.0,No,0.0,No,0.0,No,0.0,No,0.0,No,0.0,No,0.0,No,0.0,No,0.0,No,0.0,No,0.0,No,0.0,No,0.0,No,0.0,No,0.0,No,0.0,Yes,1.0,No,0.0,No,0.0,No,0.0
186,SHRIRAM FINANCE LIMITED,,INE721A01047,Financials,INDIA,11.8,4.0,4,0,30,No,0.0,No,0.0,No,0.0,No,0.0,No,0.0,Yes,1.0,No,0.0,Yes,1.0,No,0.0,Yes,1.0,No,0.0,No,0.0,No,0.0,No,0.0,No,0.0,No,0.0,No,0.0,No,0.0,No,0.0,No,0.0,No,0.0,No,0.0,No,0.0,No,0.0,No,0.0,No,0.0,No,0.0,Yes,1.0,No,0.0,No,0.0,No,0.0,No,0.0,No,0.0,No,0.0
2240,SIBANYE STILLWATER LIMITED,,ZAE000259701,Basic Materials,SOUTH AFRICA,35.3,12.0,12,0,22,Yes,1.0,No,0.0,No,0.0,Yes,1.0,No,0.0,Yes,1.0,No,0.0,Yes,1.0,No,0.0,Yes,1.0,No,0.0,No,0.0,No,0.0,No,0.0,No,0.0,Yes,1.0,Yes,1.0,No,0.0,Yes,1.0,No,0.0,Yes,1.0,No,0.0,Yes,1.0,Yes,1.0,No,0.0,No,0.0,No,0.0,Yes,1.0,No,0.0,No,0.0,No,0.0,No,0.0,No,0.0,No,0.0
543,"Sichuan Changhong Electric Co., Ltd.",,CNE000000GJ4,Consumer Discretion,CHINA,8.8,3.0,3,1,30,Yes,1.0,No,0.0,No,0.0,Partial,0.0,No,0.0,Yes,1.0,No,0.0,Yes,1.0,No,0.0,No,0.0,No,0.0,No,0.0,No,0.0,No,0.0,No,0.0,No,0.0,No,0.0,No,0.0,No,0.0,No,0.0,No,0.0,No,0.0,No,0.0,No,0.0,No,0.0,No,0.0,No,0.0,No,0.0,No,0.0,No,0.0,No,0.0,No,0.0,No,0.0,No,0.0
1464,"SICHUAN CHUANTOU ENERGY CO., LTD.",,CNE000000BQ0,Utilities,CHINA,0.0,0.0,0,0,34,No,0.0,No,0.0,No,0.0,No,0.0,No,0.0,No,0.0,No,0.0,No,0.0,No,0.0,No,0.0,No,0.0,No,0.0,No,0.0,No,0.0,No,0.0,No,0.0,No,0.0,No,0.0,No,0.0,No,0.0,No,0.0,No,0.0,No,0.0,No,0.0,No,0.0,No,0.0,No,0.0,No,0.0,No,0.0,No,0.0,No,0.0,No,0.0,No,0.0,No,0.0
2381,Sichuan Kelun-Biotech Biopharmaceutical Co Ltd,,CNE1000062J1,Health Care,CHINA,2.9,1.0,1,1,32,Yes,1.0,No,0.0,No,0.0,No,0.0,No,0.0,No,0.0,No,0.0,No,0.0,No,0.0,Partial,0.0,No,0.0,No,0.0,No,0.0,No,0.0,No,0.0,No,0.0,No,0.0,No,0.0,No,0.0,No,0.0,No,0.0,No,0.0,No,0.0,No,0.0,No,0.0,No,0.0,No,0.0,No,0.0,No,0.0,No,0.0,No,0.0,No,0.0,No,0.0,No,0.0
1826,"Sichuan Kelun Pharmaceutical Co., Ltd.",,CNE100000PW7,Health Care,CHINA,7.4,2.5,2,1,31,No,0.0,No,0.0,No,0.0,No,0.0,No,0.0,Partial,0.5,No,0.0,No,0.0,No,0.0,No,0.0,Yes,1.0,No,0.0,No,0.0,No,0.0,No,0.0,No,0.0,No,0.0,No,0.0,No,0.0,No,0.0,No,0.0,No,0.0,No,0.0,No,0.0,No,0.0,No,0.0,No,0.0,No,0.0,No,0.0,No,0.0,Yes,1.0,No,0.0,No,0.0,No,0.0
812,"Sichuan Road & Bridge Group Co.,Ltd.",,CNE000001DQ4,Industrials,CHINA,25.0,8.5,8,1,25,No,0.0,No,0.0,Yes,1.0,No,0.0,No,0.0,Yes,1.0,No,0.0,Yes,1.0,No,0.0,Yes,1.0,No,0.0,No,0.0,No,0.0,No,0.0,No,0.0,No,0.0,No,0.0,No,0.0,No,0.0,No,0.0,No,0.0,Yes,1.0,Yes,1.0,Yes,1.0,No,0.0,No,0.0,No,0.0,Partial,0.5,No,0.0,No,0.0,No,0.0,Yes,1.0,No,0.0,No,0.0
1465,Siemens Aktiengesellschaft,,DE0007236101,Industrials,GERMANY,26.5,9.0,9,1,24,Yes,1.0,No,0.0,No,0.0,Yes,1.0,Yes,1.0,Yes,1.0,No,0.0,Yes,1.0,No,0.0,Yes,1.0,No,0.0,No,0.0,No,0.0,Partial,0.0,No,0.0,Yes,1.0,Yes,1.0,Yes,1.0,No,0.0,No,0.0,No,0.0,No,0.0,No,0.0,No,0.0,No,0.0,No,0.0,No,0.0,No,0.0,No,0.0,No,0.0,No,0.0,No,0.0,No,0.0,No,0.0
2266,Siemens Energy AG,,DE000ENER6Y0,Energy,GERMANY,10.3,3.5,2,3,29,No,0.0,No,0.0,No,0.0,Partial,0.5,No,0.0,Partial,0.5,No,0.0,Yes,1.0,No,0.0,Yes,1.0,No,0.0,No,0.0,No,0.0,No,0.0,No,0.0,No,0.0,No,0.0,No,0.0,No,0.0,No,0.0,No,0.0,No,0.0,No,0.0,No,0.0,No,0.0,No,0.0,No,0.0,Partial,0.5,No,0.0,No,0.0,No,0.0,No,0.0,No,0.0,No,0.0
2426,Siemens Energy India Ltd,,INE1NPP01017,Industrials,INDIA,23.5,8.0,8,0,26,No,0.0,No,0.0,No,0.0,No,0.0,No,0.0,Yes,1.0,No,0.0,Yes,1.0,No,0.0,Yes,1.0,No,0.0,Yes,1.0,No,0.0,Yes,1.0,No,0.0,No,0.0,No,0.0,No,0.0,No,0.0,No,0.0,No,0.0,No,0.0,No,0.0,No,0.0,Yes,1.0,Yes,1.0,No,0.0,Yes,1.0,No,0.0,No,0.0,No,0.0,No,0.0,No,0.0,No,0.0
2150,Siemens Healthineers AG,,DE000SHL1006,Health Care,GERMANY,11.8,4.0,4,0,30,No,0.0,No,0.0,No,0.0,No,0.0,No,0.0,Yes,1.0,No,0.0,No,0.0,No,0.0,Yes,1.0,No,0.0,No,0.0,No,0.0,No,0.0,No,0.0,No,0.0,Yes,1.0,No,0.0,No,0.0,No,0.0,No,0.0,No,0.0,No,0.0,No,0.0,No,0.0,No,0.0,No,0.0,No,0.0,No,0.0,No,0.0,Yes,1.0,No,0.0,No,0.0,No,0.0
1466,SIEMENS LIMITED,,INE003A01024,Industrials,INDIA,23.5,8.0,8,0,26,No,0.0,No,0.0,No,0.0,Yes,1.0,No,0.0,Yes,1.0,No,0.0,No,0.0,No,0.0,Yes,1.0,No,0.0,No,0.0,No,0.0,No,0.0,No,0.0,Yes,1.0,Yes,1.0,No,0.0,No,0.0,No,0.0,No,0.0,No,0.0,No,0.0,No,0.0,Yes,1.0,No,0.0,No,0.0,Yes,1.0,No,0.0,Yes,1.0,No,0.0,No,0.0,No,0.0,No,0.0
846,"Sigma Foods, S.A.B. de C.V.",,MXP000511016,Consumer Staples,MEXICO,0.0,0.0,0,0,34,No,0.0,No,0.0,No,0.0,No,0.0,No,0.0,No,0.0,No,0.0,No,0.0,No,0.0,No,0.0,No,0.0,No,0.0,No,0.0,No,0.0,No,0.0,No,0.0,No,0.0,No,0.0,No,0.0,No,0.0,No,0.0,No,0.0,No,0.0,No,0.0,No,0.0,No,0.0,No,0.0,No,0.0,No,0.0,No,0.0,No,0.0,No,0.0,No,0.0,No,0.0
88,SIGMA HEALTHCARE LIMITED,,AU000000SIG5,Consumer Staples,AUSTRALIA,5.9,2.0,2,0,32,No,0.0,No,0.0,No,0.0,No,0.0,No,0.0,Yes,1.0,No,0.0,No,0.0,No,0.0,Yes,1.0,No,0.0,No,0.0,No,0.0,No,0.0,No,0.0,No,0.0,No,0.0,No,0.0,No,0.0,No,0.0,No,0.0,No,0.0,No,0.0,No,0.0,No,0.0,No,0.0,No,0.0,No,0.0,No,0.0,No,0.0,No,0.0,No,0.0,No,0.0,No,0.0
1467,Sika AG,,CH0418792922,Industrials,SWITZERLAND,20.6,7.0,7,0,27,Yes,1.0,No,0.0,No,0.0,No,0.0,No,0.0,Yes,1.0,No,0.0,No,0.0,No,0.0,Yes,1.0,No,0.0,No,0.0,No,0.0,No,0.0,No,0.0,Yes,1.0,Yes,1.0,No,0.0,No,0.0,No,0.0,No,0.0,No,0.0,No,0.0,No,0.0,Yes,1.0,No,0.0,Yes,1.0,No,0.0,No,0.0,No,0.0,No,0.0,No,0.0,No,0.0,No,0.0
2430,"SIMON PROPERTY GROUP, INC.",,US8288061091,Real Estate,UNITED STATES,7.4,2.5,2,2,30,No,0.0,No,0.0,No,0.0,Partial,0.0,No,0.0,No,0.0,No,0.0,No,0.0,No,0.0,No,0.0,Partial,0.5,No,0.0,No,0.0,No,0.0,No,0.0,Yes,1.0,No,0.0,No,0.0,No,0.0,No,0.0,No,0.0,No,0.0,No,0.0,No,0.0,No,0.0,No,0.0,No,0.0,No,0.0,No,0.0,No,0.0,Yes,1.0,No,0.0,No,0.0,No,0.0
153,SINGAPORE AIRLINES LIMITED,,SG1V61937297,Consumer Discretion,SINGAPORE,11.8,4.0,4,0,30,No,0.0,No,0.0,No,0.0,No,0.0,No,0.0,Yes,1.0,No,0.0,No,0.0,No,0.0,No,0.0,No,0.0,No,0.0,No,0.0,No,0.0,No,0.0,Yes,1.0,Yes,1.0,No,0.0,No,0.0,No,0.0,No,0.0,No,0.0,No,0.0,No,0.0,No,0.0,No,0.0,No,0.0,No,0.0,No,0.0,No,0.0,Yes,1.0,No,0.0,No,0.0,No,0.0
778,SINGAPORE EXCHANGE LIMITED,,SG1J26887955,Financials,SINGAPORE,17.6,6.0,5,2,27,Yes,1.0,No,0.0,Yes,1.0,No,0.0,No,0.0,Partial,0.5,No,0.0,Partial,0.5,No,0.0,Yes,1.0,No,0.0,No,0.0,No,0.0,No,0.0,No,0.0,No,0.0,No,0.0,No,0.0,No,0.0,No,0.0,No,0.0,No,0.0,No,0.0,No,0.0,Yes,1.0,No,0.0,No,0.0,Yes,1.0,No,0.0,No,0.0,No,0.0,No,0.0,No,0.0,No,0.0
797,SINGAPORE TECHNOLOGIES ENGINEERING LTD,,SG1F60858221,Industrials,SINGAPORE,41.2,14.0,14,0,20,No,0.0,No,0.0,No,0.0,Yes,1.0,Yes,1.0,Yes,1.0,No,0.0,Yes,1.0,No,0.0,Yes,1.0,No,0.0,No,0.0,No,0.0,Yes,1.0,Yes,1.0,Yes,1.0,Yes,1.0,Yes,1.0,Yes,1.0,Yes,1.0,No,0.0,No,0.0,No,0.0,No,0.0,Yes,1.0,No,0.0,No,0.0,No,0.0,No,0.0,Yes,1.0,No,0.0,No,0.0,No,0.0,No,0.0
175,SINGAPORE TELECOMMUNICATIONS LIMITED,,SG1T75931496,Telecommunications,SINGAPORE,33.8,11.5,11,1,22,Yes,1.0,No,0.0,No,0.0,Yes,1.0,Yes,1.0,Yes,1.0,No,0.0,No,0.0,No,0.0,No,0.0,Yes,1.0,No,0.0,No,0.0,No,0.0,No,0.0,Yes,1.0,Partial,0.5,Yes,1.0,Yes,1.0,Yes,1.0,Yes,1.0,No,0.0,No,0.0,No,0.0,Yes,1.0,No,0.0,No,0.0,No,0.0,No,0.0,No,0.0,No,0.0,No,0.0,No,0.0,No,0.0
1468,SINO BIOPHARMACEUTICAL LIMITED,,KYG8167W1380,Health Care,HONG KONG,30.9,10.5,10,1,23,Yes,1.0,No,0.0,Yes,1.0,Yes,1.0,No,0.0,Yes,1.0,No,0.0,Yes,1.0,No,0.0,Partial,0.5,No,0.0,No,0.0,No,0.0,No,0.0,No,0.0,Yes,1.0,No,0.0,Yes,1.0,No,0.0,Yes,1.0,No,0.0,No,0.0,No,0.0,No,0.0,Yes,1.0,No,0.0,No,0.0,No,0.0,No,0.0,No,0.0,Yes,1.0,No,0.0,No,0.0,No,0.0
1469,Sino Land Company Limited,,HK0083000502,Real Estate,HONG KONG,8.8,3.0,3,0,31,No,0.0,No,0.0,No,0.0,No,0.0,No,0.0,Yes,1.0,No,0.0,Yes,1.0,No,0.0,Yes,1.0,No,0.0,No,0.0,No,0.0,No,0.0,No,0.0,No,0.0,No,0.0,No,0.0,No,0.0,No,0.0,No,0.0,No,0.0,No,0.0,No,0.0,No,0.0,No,0.0,No,0.0,No,0.0,No,0.0,No,0.0,No,0.0,No,0.0,No,0.0,No,0.0
1470,"SINOLINK SECURITIES CO., LTD.",,CNE000000SV4,Financials,CHINA,0.0,0.0,0,0,34,No,0.0,No,0.0,No,0.0,No,0.0,No,0.0,No,0.0,No,0.0,No,0.0,No,0.0,No,0.0,No,0.0,No,0.0,No,0.0,No,0.0,No,0.0,No,0.0,No,0.0,No,0.0,No,0.0,No,0.0,No,0.0,No,0.0,No,0.0,No,0.0,No,0.0,No,0.0,No,0.0,No,0.0,No,0.0,No,0.0,No,0.0,No,0.0,No,0.0,No,0.0
1471,"Sinoma Science & Technology Co., Ltd",,CNE000001P78,Basic Materials,CHINA,0.0,0.0,0,0,34,No,0.0,No,0.0,No,0.0,No,0.0,No,0.0,No,0.0,No,0.0,No,0.0,No,0.0,No,0.0,No,0.0,No,0.0,No,0.0,No,0.0,No,0.0,No,0.0,No,0.0,No,0.0,No,0.0,No,0.0,No,0.0,No,0.0,No,0.0,No,0.0,No,0.0,No,0.0,No,0.0,No,0.0,No,0.0,No,0.0,No,0.0,No,0.0,No,0.0,No,0.0
2026,"Sinomine Resource Group Co., Ltd.",,CNE100001WV3,Basic Materials,CHINA,5.9,2.0,2,0,32,No,0.0,No,0.0,No,0.0,No,0.0,No,0.0,Yes,1.0,No,0.0,No,0.0,No,0.0,Yes,1.0,No,0.0,No,0.0,No,0.0,No,0.0,No,0.0,No,0.0,No,0.0,No,0.0,No,0.0,No,0.0,No,0.0,No,0.0,No,0.0,No,0.0,No,0.0,No,0.0,No,0.0,No,0.0,No,0.0,No,0.0,No,0.0,No,0.0,No,0.0,No,0.0
310,SINOPAC FINANCIAL HOLDINGS COMPANY LIMITED,,TW0002890001,Financials,TAIWAN,11.8,4.0,4,0,30,No,0.0,No,0.0,No,0.0,No,0.0,No,0.0,Yes,1.0,No,0.0,Yes,1.0,No,0.0,No,0.0,No,0.0,No,0.0,No,0.0,No,0.0,No,0.0,No,0.0,No,0.0,No,0.0,No,0.0,No,0.0,Yes,1.0,No,0.0,No,0.0,No,0.0,No,0.0,No,0.0,No,0.0,No,0.0,Yes,1.0,No,0.0,No,0.0,No,0.0,No,0.0,No,0.0
1780,SINOPHARM GROUP CO. LTD.,,CNE100000FN7,Consumer Staples,CHINA,0.0,0.0,0,0,34,No,0.0,No,0.0,No,0.0,No,0.0,No,0.0,No,0.0,No,0.0,No,0.0,No,0.0,No,0.0,No,0.0,No,0.0,No,0.0,No,0.0,No,0.0,No,0.0,No,0.0,No,0.0,No,0.0,No,0.0,No,0.0,No,0.0,No,0.0,No,0.0,No,0.0,No,0.0,No,0.0,No,0.0,No,0.0,No,0.0,No,0.0,No,0.0,No,0.0,No,0.0
268,Sinotruk (Hong Kong) Limited,,HK3808041546,Industrials,HONG KONG,0.0,0.0,0,0,34,No,0.0,No,0.0,No,0.0,No,0.0,No,0.0,No,0.0,No,0.0,No,0.0,No,0.0,No,0.0,No,0.0,No,0.0,No,0.0,No,0.0,No,0.0,No,0.0,No,0.0,No,0.0,No,0.0,No,0.0,No,0.0,No,0.0,No,0.0,No,0.0,No,0.0,No,0.0,No,0.0,No,0.0,No,0.0,No,0.0,No,0.0,No,0.0,No,0.0,No,0.0
1843,SITC International Holdings Co Ltd,,KYG8187G1055,Industrials,HONG KONG,16.2,5.5,5,1,28,Yes,1.0,No,0.0,No,0.0,No,0.0,No,0.0,Partial,0.5,No,0.0,Yes,1.0,No,0.0,No,0.0,Yes,1.0,No,0.0,No,0.0,No,0.0,No,0.0,No,0.0,No,0.0,No,0.0,No,0.0,No,0.0,Yes,1.0,No,0.0,No,0.0,No,0.0,Yes,1.0,No,0.0,No,0.0,No,0.0,No,0.0,No,0.0,No,0.0,No,0.0,No,0.0,No,0.0
515,Skandinaviska Enskilda Banken AB,,SE0000148884,Financials,SWEDEN,32.4,11.0,11,0,23,Yes,1.0,No,0.0,No,0.0,Yes,1.0,No,0.0,Yes,1.0,No,0.0,Yes,1.0,No,0.0,Yes,1.0,No,0.0,No,0.0,No,0.0,No,0.0,No,0.0,Yes,1.0,Yes,1.0,No,0.0,Yes,1.0,No,0.0,Yes,1.0,No,0.0,No,0.0,No,0.0,Yes,1.0,No,0.0,No,0.0,Yes,1.0,No,0.0,No,0.0,No,0.0,No,0.0,No,0.0,No,0.0
1472,Skanska AB,,SE0000113250,Industrials,SWEDEN,8.8,3.0,3,1,30,No,0.0,No,0.0,No,0.0,Partial,0.0,No,0.0,Yes,1.0,No,0.0,Yes,1.0,No,0.0,Yes,1.0,No,0.0,No,0.0,No,0.0,No,0.0,No,0.0,No,0.0,No,0.0,No,0.0,No,0.0,No,0.0,No,0.0,No,0.0,No,0.0,No,0.0,No,0.0,No,0.0,No,0.0,No,0.0,No,0.0,No,0.0,No,0.0,No,0.0,No,0.0,No,0.0
2255,SK Biopharmaceuticals Co Ltd,,KR7326030004,Health Care,SOUTH KOREA,8.8,3.0,2,2,30,No,0.0,No,0.0,No,0.0,No,0.0,No,0.0,Yes,1.0,No,0.0,No,0.0,No,0.0,Yes,1.0,No,0.0,No,0.0,No,0.0,No,0.0,No,0.0,No,0.0,No,0.0,No,0.0,No,0.0,No,0.0,Partial,0.5,No,0.0,No,0.0,No,0.0,No,0.0,No,0.0,Partial,0.5,No,0.0,No,0.0,No,0.0,No,0.0,No,0.0,No,0.0,No,0.0
1160,SK hynix Inc.,,KR7000660001,Technology,SOUTH KOREA,5.9,2.0,2,0,32,No,0.0,No,0.0,No,0.0,No,0.0,No,0.0,No,0.0,No,0.0,Yes,1.0,No,0.0,No,0.0,No,0.0,No,0.0,No,0.0,No,0.0,No,0.0,No,0.0,No,0.0,No,0.0,No,0.0,No,0.0,No,0.0,No,0.0,No,0.0,No,0.0,No,0.0,No,0.0,No,0.0,Yes,1.0,No,0.0,No,0.0,No,0.0,No,0.0,No,0.0,No,0.0
1672,SK Inc.,,KR7034730002,Energy,SOUTH KOREA,11.8,4.0,4,0,30,Yes,1.0,No,0.0,No,0.0,No,0.0,No,0.0,Yes,1.0,No,0.0,Yes,1.0,No,0.0,Yes,1.0,No,0.0,No,0.0,No,0.0,No,0.0,No,0.0,No,0.0,No,0.0,No,0.0,No,0.0,No,0.0,No,0.0,No,0.0,No,0.0,No,0.0,No,0.0,No,0.0,No,0.0,No,0.0,No,0.0,No,0.0,No,0.0,No,0.0,No,0.0,No,0.0
399,"SK Innovation Co., Ltd.",,KR7096770003,Energy,SOUTH KOREA,0.0,0.0,0,0,34,No,0.0,No,0.0,No,0.0,No,0.0,No,0.0,No,0.0,No,0.0,No,0.0,No,0.0,No,0.0,No,0.0,No,0.0,No,0.0,No,0.0,No,0.0,No,0.0,No,0.0,No,0.0,No,0.0,No,0.0,No,0.0,No,0.0,No,0.0,No,0.0,No,0.0,No,0.0,No,0.0,No,0.0,No,0.0,No,0.0,No,0.0,No,0.0,No,0.0,No,0.0
2326,"SK Square Co., Ltd.",,KR7402340004,Technology,SOUTH KOREA,14.7,5.0,5,0,29,Yes,1.0,No,0.0,Yes,1.0,No,0.0,No,0.0,Yes,1.0,No,0.0,Yes,1.0,No,0.0,Yes,1.0,No,0.0,No,0.0,No,0.0,No,0.0,No,0.0,No,0.0,No,0.0,No,0.0,No,0.0,No,0.0,No,0.0,No,0.0,No,0.0,No,0.0,No,0.0,No,0.0,No,0.0,No,0.0,No,0.0,No,0.0,No,0.0,No,0.0,No,0.0,No,0.0
621,"SK TELECOM CO., LTD.",,KR7017670001,Telecommunications,SOUTH KOREA,29.4,10.0,10,0,24,Yes,1.0,No,0.0,No,0.0,No,0.0,Yes,1.0,Yes,1.0,No,0.0,No,0.0,No,0.0,No,0.0,Yes,1.0,No,0.0,Yes,1.0,Yes,1.0,Yes,1.0,Yes,1.0,Yes,1.0,Yes,1.0,No,0.0,No,0.0,No,0.0,No,0.0,No,0.0,No,0.0,No,0.0,No,0.0,No,0.0,No,0.0,No,0.0,No,0.0,No,0.0,No,0.0,No,0.0,No,0.0
2379,Skyverse Technology Co Ltd,,CNE100005ZD5,Technology,CHINA,8.8,3.0,3,0,31,No,0.0,No,0.0,No,0.0,No,0.0,No,0.0,Yes,1.0,No,0.0,No,0.0,No,0.0,Yes,1.0,No,0.0,No,0.0,No,0.0,No,0.0,No,0.0,No,0.0,No,0.0,No,0.0,No,0.0,No,0.0,No,0.0,No,0.0,No,0.0,No,0.0,No,0.0,No,0.0,No,0.0,No,0.0,No,0.0,No,0.0,Yes,1.0,No,0.0,No,0.0,No,0.0
1444,SLB N.V.,,AN8068571086,Energy,UNITED STATES,11.8,4.0,3,2,29,Partial,0.5,No,0.0,No,0.0,No,0.0,No,0.0,Yes,1.0,No,0.0,No,0.0,No,0.0,Partial,0.5,No,0.0,No,0.0,No,0.0,No,0.0,No,0.0,No,0.0,No,0.0,No,0.0,No,0.0,No,0.0,No,0.0,No,0.0,No,0.0,No,0.0,No,0.0,No,0.0,No,0.0,Yes,1.0,No,0.0,No,0.0,Yes,1.0,No,0.0,No,0.0,No,0.0
1422,SMC CORPORATION,,JP3162600005,Industrials,JAPAN,8.8,3.0,3,0,31,Yes,1.0,No,0.0,No,0.0,No,0.0,No,0.0,Yes,1.0,No,0.0,Yes,1.0,No,0.0,No,0.0,No,0.0,No,0.0,No,0.0,No,0.0,No,0.0,No,0.0,No,0.0,No,0.0,No,0.0,No,0.0,No,0.0,No,0.0,No,0.0,No,0.0,No,0.0,No,0.0,No,0.0,No,0.0,No,0.0,No,0.0,No,0.0,No,0.0,No,0.0,No,0.0
431,SM INVESTMENTS CORPORATION,,PHY806761029,Consumer Discretion,PHILIPPINES,0.0,0.0,0,0,34,No,0.0,No,0.0,No,0.0,No,0.0,No,0.0,No,0.0,No,0.0,No,0.0,No,0.0,No,0.0,No,0.0,No,0.0,No,0.0,No,0.0,No,0.0,No,0.0,No,0.0,No,0.0,No,0.0,No,0.0,No,0.0,No,0.0,No,0.0,No,0.0,No,0.0,No,0.0,No,0.0,No,0.0,No,0.0,No,0.0,No,0.0,No,0.0,No,0.0,No,0.0
1473,SMITH & NEPHEW PLC,,GB0009223206,Health Care,UNITED KINGDOM,32.4,11.0,11,0,23,Yes,1.0,No,0.0,Yes,1.0,Yes,1.0,No,0.0,Yes,1.0,No,0.0,Yes,1.0,No,0.0,Yes,1.0,No,0.0,No,0.0,No,0.0,Yes,1.0,No,0.0,Yes,1.0,No,0.0,Yes,1.0,No,0.0,No,0.0,Yes,1.0,No,0.0,No,0.0,No,0.0,Yes,1.0,No,0.0,No,0.0,No,0.0,No,0.0,No,0.0,No,0.0,No,0.0,No,0.0,No,0.0
157,SMITHS GROUP PLC,,GB00B1WY2338,Industrials,UNITED KINGDOM,8.8,3.0,3,1,30,Yes,1.0,No,0.0,No,0.0,No,0.0,Partial,0.0,Yes,1.0,No,0.0,No,0.0,No,0.0,No,0.0,Yes,1.0,No,0.0,No,0.0,No,0.0,No,0.0,No,0.0,No,0.0,No,0.0,No,0.0,No,0.0,No,0.0,No,0.0,No,0.0,No,0.0,No,0.0,No,0.0,No,0.0,No,0.0,No,0.0,No,0.0,No,0.0,No,0.0,No,0.0,No,0.0
2257,SMOORE INTERNATIONAL HOLDINGS LIMITED,,KYG8245V1023,Consumer Staples,HONG KONG,0.0,0.0,0,0,34,No,0.0,No,0.0,No,0.0,No,0.0,No,0.0,No,0.0,No,0.0,No,0.0,No,0.0,No,0.0,No,0.0,No,0.0,No,0.0,No,0.0,No,0.0,No,0.0,No,0.0,No,0.0,No,0.0,No,0.0,No,0.0,No,0.0,No,0.0,No,0.0,No,0.0,No,0.0,No,0.0,No,0.0,No,0.0,No,0.0,No,0.0,No,0.0,No,0.0,No,0.0
1421,"SM PRIME HOLDINGS, INC.",,PHY8076N1120,Real Estate,PHILIPPINES,0.0,0.0,0,0,34,No,0.0,No,0.0,No,0.0,No,0.0,No,0.0,No,0.0,No,0.0,No,0.0,No,0.0,No,0.0,No,0.0,No,0.0,No,0.0,No,0.0,No,0.0,No,0.0,No,0.0,No,0.0,No,0.0,No,0.0,No,0.0,No,0.0,No,0.0,No,0.0,No,0.0,No,0.0,No,0.0,No,0.0,No,0.0,No,0.0,No,0.0,No,0.0,No,0.0,No,0.0
2408,SMURFIT WESTROCK PUBLIC LIMITED COMPANY,,IE00028FXN24,Industrials,IRELAND,11.8,4.0,4,0,30,No,0.0,No,0.0,Yes,1.0,No,0.0,No,0.0,Yes,1.0,No,0.0,No,0.0,No,0.0,No,0.0,No,0.0,No,0.0,No,0.0,No,0.0,No,0.0,No,0.0,No,0.0,No,0.0,No,0.0,No,0.0,No,0.0,No,0.0,No,0.0,No,0.0,No,0.0,No,0.0,No,0.0,No,0.0,No,0.0,No,0.0,Yes,1.0,No,0.0,Yes,1.0,No,0.0
1474,SNAM S.P.A.,,IT0003153415,Energy,ITALY,32.4,11.0,11,0,23,Yes,1.0,No,0.0,No,0.0,No,0.0,No,0.0,Yes,1.0,No,0.0,Yes,1.0,No,0.0,Yes,1.0,No,0.0,No,0.0,No,0.0,Yes,1.0,No,0.0,Yes,1.0,Yes,1.0,Yes,1.0,Yes,1.0,No,0.0,No,0.0,No,0.0,No,0.0,No,0.0,Yes,1.0,No,0.0,No,0.0,No,0.0,Yes,1.0,No,0.0,No,0.0,No,0.0,No,0.0,No,0.0
2117,SNAP INC.,,US83304A1060,Technology,UNITED STATES,11.8,4.0,4,0,30,No,0.0,No,0.0,No,0.0,No,0.0,Yes,1.0,No,0.0,No,0.0,Yes,1.0,No,0.0,No,0.0,No,0.0,No,0.0,No,0.0,No,0.0,Yes,1.0,No,0.0,No,0.0,No,0.0,No,0.0,No,0.0,No,0.0,No,0.0,No,0.0,No,0.0,No,0.0,No,0.0,No,0.0,Yes,1.0,No,0.0,No,0.0,No,0.0,No,0.0,No,0.0,No,0.0
382,SNAP-ON INCORPORATED,,US8330341012,Industrials,UNITED STATES,5.9,2.0,2,0,32,No,0.0,No,0.0,No,0.0,No,0.0,No,0.0,No,0.0,No,0.0,No,0.0,No,0.0,No,0.0,No,0.0,No,0.0,No,0.0,No,0.0,No,0.0,No,0.0,No,0.0,No,0.0,No,0.0,No,0.0,No,0.0,No,0.0,No,0.0,No,0.0,No,0.0,No,0.0,No,0.0,No,0.0,No,0.0,No,0.0,Yes,1.0,No,0.0,Yes,1.0,No,0.0
2269,SNOWFLAKE INC.,,US8334451098,Technology,UNITED STATES,32.4,11.0,11,1,22,Yes,1.0,No,0.0,Yes,1.0,Yes,1.0,Partial,0.0,Yes,1.0,No,0.0,Yes,1.0,No,0.0,Yes,1.0,Yes,1.0,Yes,1.0,No,0.0,No,0.0,Yes,1.0,No,0.0,No,0.0,No,0.0,No,0.0,No,0.0,No,0.0,No,0.0,No,0.0,No,0.0,No,0.0,No,0.0,No,0.0,Yes,1.0,No,0.0,No,0.0,Yes,1.0,No,0.0,No,0.0,No,0.0
1644,Sociedad Quimica y Minera de Chile S.A.,,US8336351056,Basic Materials,CHILE,0.0,0.0,0,0,34,No,0.0,No,0.0,No,0.0,No,0.0,No,0.0,No,0.0,No,0.0,No,0.0,No,0.0,No,0.0,No,0.0,No,0.0,No,0.0,No,0.0,No,0.0,No,0.0,No,0.0,No,0.0,No,0.0,No,0.0,No,0.0,No,0.0,No,0.0,No,0.0,No,0.0,No,0.0,No,0.0,No,0.0,No,0.0,No,0.0,No,0.0,No,0.0,No,0.0,No,0.0
764,SOCIETE GENERALE SA,,FR0000130809,Financials,FRANCE,29.4,10.0,10,0,24,Yes,1.0,No,0.0,Yes,1.0,Yes,1.0,No,0.0,Yes,1.0,Yes,1.0,Yes,1.0,No,0.0,Yes,1.0,No,0.0,No,0.0,No,0.0,No,0.0,No,0.0,Yes,1.0,Yes,1.0,Yes,1.0,No,0.0,No,0.0,No,0.0,No,0.0,No,0.0,No,0.0,No,0.0,No,0.0,No,0.0,No,0.0,No,0.0,No,0.0,No,0.0,No,0.0,No,0.0,No,0.0
1475,SODEXO SA,,FR0000121220,Consumer Discretion,FRANCE,7.4,2.5,2,1,31,No,0.0,No,0.0,No,0.0,No,0.0,No,0.0,Partial,0.5,No,0.0,Yes,1.0,No,0.0,No,0.0,No,0.0,No,0.0,No,0.0,No,0.0,No,0.0,No,0.0,No,0.0,No,0.0,No,0.0,No,0.0,No,0.0,No,0.0,No,0.0,No,0.0,No,0.0,Yes,1.0,No,0.0,No,0.0,No,0.0,No,0.0,No,0.0,No,0.0,No,0.0,No,0.0
573,SOFINA SA,,BE0003717312,Financials,BELGIUM,17.6,6.0,6,0,28,Yes,1.0,No,0.0,Yes,1.0,No,0.0,No,0.0,Yes,1.0,No,0.0,Yes,1.0,No,0.0,No,0.0,No,0.0,No,0.0,No,0.0,No,0.0,No,0.0,No,0.0,No,0.0,No,0.0,No,0.0,No,0.0,No,0.0,No,0.0,No,0.0,No,0.0,No,0.0,No,0.0,No,0.0,No,0.0,No,0.0,No,0.0,Yes,1.0,No,0.0,Yes,1.0,No,0.0
2307,"SOFI TECHNOLOGIES, INC.",,US83406F1021,Financials,UNITED STATES,8.8,3.0,3,0,31,No,0.0,No,0.0,No,0.0,No,0.0,No,0.0,Yes,1.0,No,0.0,Yes,1.0,No,0.0,Yes,1.0,No,0.0,No,0.0,No,0.0,No,0.0,No,0.0,No,0.0,No,0.0,No,0.0,No,0.0,No,0.0,No,0.0,No,0.0,No,0.0,No,0.0,No,0.0,No,0.0,No,0.0,No,0.0,No,0.0,No,0.0,No,0.0,No,0.0,No,0.0,No,0.0
1656,SoftBank Corp.,,JP3732000009,Telecommunications,JAPAN,32.4,11.0,10,2,22,Yes,1.0,No,0.0,No,0.0,No,0.0,Yes,1.0,Partial,0.5,No,0.0,No,0.0,No,0.0,No,0.0,No,0.0,No,0.0,No,0.0,Yes,1.0,Partial,0.5,Yes,1.0,Yes,1.0,Yes,1.0,Yes,1.0,Yes,1.0,No,0.0,No,0.0,No,0.0,No,0.0,Yes,1.0,No,0.0,No,0.0,No,0.0,No,0.0,Yes,1.0,No,0.0,No,0.0,No,0.0,No,0.0
1423,SoftBank Group Corp.,,JP3436100006,Telecommunications,JAPAN,29.4,10.0,10,1,23,Yes,1.0,No,0.0,Yes,1.0,No,0.0,Partial,0.0,Yes,1.0,No,0.0,No,0.0,No,0.0,No,0.0,No,0.0,No,0.0,No,0.0,No,0.0,No,0.0,Yes,1.0,Yes,1.0,Yes,1.0,No,0.0,No,0.0,No,0.0,No,0.0,No,0.0,No,0.0,No,0.0,No,0.0,No,0.0,Yes,1.0,Yes,1.0,Yes,1.0,Yes,1.0,No,0.0,No,0.0,No,0.0
1415,S-Oil Corporation,,KR7010950004,Energy,SOUTH KOREA,7.4,2.5,2,1,31,No,0.0,No,0.0,No,0.0,No,0.0,No,0.0,Partial,0.5,No,0.0,Yes,1.0,No,0.0,Yes,1.0,No,0.0,No,0.0,No,0.0,No,0.0,No,0.0,No,0.0,No,0.0,No,0.0,No,0.0,No,0.0,No,0.0,No,0.0,No,0.0,No,0.0,No,0.0,No,0.0,No,0.0,No,0.0,No,0.0,No,0.0,No,0.0,No,0.0,No,0.0,No,0.0
185,SOLAR INDUSTRIES INDIA LIMITED,,INE343H01029,Basic Materials,INDIA,8.8,3.0,3,0,31,No,0.0,No,0.0,No,0.0,No,0.0,No,0.0,Yes,1.0,No,0.0,Yes,1.0,No,0.0,Yes,1.0,No,0.0,No,0.0,No,0.0,No,0.0,No,0.0,No,0.0,No,0.0,No,0.0,No,0.0,No,0.0,No,0.0,No,0.0,No,0.0,No,0.0,No,0.0,No,0.0,No,0.0,No,0.0,No,0.0,No,0.0,No,0.0,No,0.0,No,0.0,No,0.0
2400,SOLVENTUM CORPORATION,,US83444M1018,Health Care,UNITED STATES,19.1,6.5,6,1,27,No,0.0,No,0.0,No,0.0,Yes,1.0,No,0.0,Yes,1.0,No,0.0,Yes,1.0,No,0.0,Yes,1.0,Partial,0.5,Yes,1.0,No,0.0,No,0.0,No,0.0,No,0.0,No,0.0,No,0.0,No,0.0,No,0.0,No,0.0,No,0.0,No,0.0,No,0.0,No,0.0,No,0.0,No,0.0,No,0.0,No,0.0,No,0.0,Yes,1.0,No,0.0,No,0.0,No,0.0
1811,"Sompo Holdings, Inc.",,JP3165000005,Financials,JAPAN,22.1,7.5,7,2,25,Yes,1.0,Partial,0.0,Yes,1.0,No,0.0,No,0.0,Yes,1.0,No,0.0,No,0.0,No,0.0,Yes,1.0,No,0.0,No,0.0,No,0.0,No,0.0,No,0.0,Yes,1.0,Yes,1.0,Yes,1.0,No,0.0,No,0.0,No,0.0,No,0.0,No,0.0,No,0.0,No,0.0,No,0.0,No,0.0,Partial,0.5,No,0.0,No,0.0,No,0.0,No,0.0,No,0.0,No,0.0
1476,SONIC HEALTHCARE LIMITED,,AU000000SHL7,Health Care,AUSTRALIA,10.3,3.5,3,3,28,Yes,1.0,No,0.0,Yes,1.0,No,0.0,No,0.0,Yes,1.0,No,0.0,No,0.0,No,0.0,Partial,0.0,Partial,0.5,Partial,0.0,No,0.0,No,0.0,No,0.0,No,0.0,No,0.0,No,0.0,No,0.0,No,0.0,No,0.0,No,0.0,No,0.0,No,0.0,No,0.0,No,0.0,No,0.0,No,0.0,No,0.0,No,0.0,No,0.0,No,0.0,No,0.0,No,0.0
1477,Sonova Holding AG,,CH0012549785,Health Care,SWITZERLAND,14.7,5.0,5,0,29,No,0.0,No,0.0,No,0.0,No,0.0,No,0.0,Yes,1.0,No,0.0,Yes,1.0,No,0.0,Yes,1.0,No,0.0,No,0.0,No,0.0,Yes,1.0,No,0.0,Yes,1.0,No,0.0,No,0.0,No,0.0,No,0.0,No,0.0,No,0.0,No,0.0,No,0.0,No,0.0,No,0.0,No,0.0,No,0.0,No,0.0,No,0.0,No,0.0,No,0.0,No,0.0,No,0.0
461,Sony Financial Group Inc.,,JP3435350008,Financials,JAPAN,0.0,0.0,0,0,34,No,0.0,No,0.0,No,0.0,No,0.0,No,0.0,No,0.0,No,0.0,No,0.0,No,0.0,No,0.0,No,0.0,No,0.0,No,0.0,No,0.0,No,0.0,No,0.0,No,0.0,No,0.0,No,0.0,No,0.0,No,0.0,No,0.0,No,0.0,No,0.0,No,0.0,No,0.0,No,0.0,No,0.0,No,0.0,No,0.0,No,0.0,No,0.0,No,0.0,No,0.0
235,Sony Group Corporation,,JP3435000009,Consumer Discretion,JAPAN,2.9,1.0,1,0,33,No,0.0,No,0.0,No,0.0,No,0.0,No,0.0,No,0.0,No,0.0,No,0.0,No,0.0,No,0.0,No,0.0,No,0.0,No,0.0,No,0.0,No,0.0,Yes,1.0,No,0.0,No,0.0,No,0.0,No,0.0,No,0.0,No,0.0,No,0.0,No,0.0,No,0.0,No,0.0,No,0.0,No,0.0,No,0.0,No,0.0,No,0.0,No,0.0,No,0.0,No,0.0
1695,"Soochow Securities Co., Ltd.",,CNE1000019P8,Financials,CHINA,2.9,1.0,1,0,33,No,0.0,No,0.0,No,0.0,No,0.0,No,0.0,Yes,1.0,No,0.0,No,0.0,No,0.0,No,0.0,No,0.0,No,0.0,No,0.0,No,0.0,No,0.0,No,0.0,No,0.0,No,0.0,No,0.0,No,0.0,No,0.0,No,0.0,No,0.0,No,0.0,No,0.0,No,0.0,No,0.0,No,0.0,No,0.0,No,0.0,No,0.0,No,0.0,No,0.0,No,0.0
2048,SOUTH32 LIMITED,,AU000000S320,Basic Materials,AUSTRALIA,20.6,7.0,6,3,25,Yes,1.0,No,0.0,No,0.0,Yes,1.0,Partial,0.0,Yes,1.0,No,0.0,Yes,1.0,No,0.0,Yes,1.0,Partial,0.5,No,0.0,No,0.0,No,0.0,No,0.0,Yes,1.0,No,0.0,No,0.0,No,0.0,No,0.0,Partial,0.5,No,0.0,No,0.0,No,0.0,No,0.0,No,0.0,No,0.0,No,0.0,No,0.0,No,0.0,No,0.0,No,0.0,No,0.0,No,0.0
363,SOUTHERN COPPER CORPORATION,,US84265V1052,Basic Materials,UNITED STATES,8.8,3.0,3,0,31,No,0.0,No,0.0,No,0.0,No,0.0,No,0.0,Yes,1.0,No,0.0,No,0.0,No,0.0,No,0.0,No,0.0,No,0.0,No,0.0,No,0.0,No,0.0,No,0.0,No,0.0,No,0.0,No,0.0,No,0.0,No,0.0,No,0.0,No,0.0,No,0.0,No,0.0,No,0.0,No,0.0,No,0.0,No,0.0,No,0.0,Yes,1.0,No,0.0,Yes,1.0,No,0.0
12,S&P GLOBAL INC.,,US78409V1044,Financials,UNITED STATES,23.5,8.0,8,0,26,No,0.0,No,0.0,No,0.0,No,0.0,No,0.0,No,0.0,No,0.0,Yes,1.0,No,0.0,No,0.0,Yes,1.0,No,0.0,No,0.0,No,0.0,No,0.0,No,0.0,No,0.0,No,0.0,No,0.0,No,0.0,No,0.0,No,0.0,Yes,1.0,No,0.0,Yes,1.0,Yes,1.0,Yes,1.0,No,0.0,Yes,1.0,No,0.0,No,0.0,No,0.0,Yes,1.0,No,0.0
1478,SPIRAX GROUP PLC,,GB00BWFGQN14,Industrials,UNITED KINGDOM,8.8,3.0,3,0,31,No,0.0,No,0.0,No,0.0,No,0.0,No,0.0,Yes,1.0,No,0.0,Yes,1.0,No,0.0,Yes,1.0,No,0.0,No,0.0,No,0.0,No,0.0,No,0.0,No,0.0,No,0.0,No,0.0,No,0.0,No,0.0,No,0.0,No,0.0,No,0.0,No,0.0,No,0.0,No,0.0,No,0.0,No,0.0,No,0.0,No,0.0,No,0.0,No,0.0,No,0.0,No,0.0
2154,SPOTIFY TECHNOLOGY S.A.,,LU1778762911,Consumer Discretion,UNITED STATES,23.5,8.0,8,1,25,Yes,1.0,No,0.0,Yes,1.0,Yes,1.0,Partial,0.0,Yes,1.0,No,0.0,Yes,1.0,No,0.0,Yes,1.0,No,0.0,No,0.0,No,0.0,No,0.0,No,0.0,No,0.0,No,0.0,No,0.0,No,0.0,No,0.0,No,0.0,No,0.0,No,0.0,No,0.0,No,0.0,No,0.0,No,0.0,No,0.0,No,0.0,No,0.0,Yes,1.0,No,0.0,Yes,1.0,No,0.0
2025,"Spring Airlines Co., Ltd.",,CNE100001V45,Consumer Discretion,CHINA,17.6,6.0,6,0,28,No,0.0,No,0.0,No,0.0,No,0.0,No,0.0,No,0.0,No,0.0,No,0.0,No,0.0,No,0.0,No,0.0,No,0.0,No,0.0,Yes,1.0,No,0.0,Yes,1.0,Yes,1.0,Yes,1.0,Yes,1.0,Yes,1.0,No,0.0,No,0.0,No,0.0,No,0.0,No,0.0,No,0.0,No,0.0,No,0.0,No,0.0,No,0.0,No,0.0,No,0.0,No,0.0,No,0.0
1424,SRF LIMITED,,INE647A01010,Basic Materials,INDIA,0.0,0.0,0,1,33,No,0.0,No,0.0,No,0.0,No,0.0,No,0.0,No,0.0,No,0.0,No,0.0,No,0.0,No,0.0,No,0.0,No,0.0,No,0.0,No,0.0,No,0.0,No,0.0,No,0.0,No,0.0,No,0.0,No,0.0,No,0.0,No,0.0,No,0.0,No,0.0,No,0.0,No,0.0,No,0.0,No,0.0,Partial,0.0,No,0.0,No,0.0,No,0.0,No,0.0,No,0.0
1820,"SS&C TECHNOLOGIES HOLDINGS, INC.",,US78467J1007,Technology,UNITED STATES,33.8,11.5,10,4,20,No,0.0,No,0.0,Yes,1.0,No,0.0,Partial,0.0,Yes,1.0,No,0.0,Yes,1.0,No,0.0,Yes,1.0,Yes,1.0,No,0.0,No,0.0,No,0.0,No,0.0,Yes,1.0,Yes,1.0,Partial,0.5,Partial,0.5,No,0.0,Yes,1.0,No,0.0,Yes,1.0,No,0.0,No,0.0,No,0.0,No,0.0,No,0.0,No,0.0,Partial,0.5,Yes,1.0,No,0.0,No,0.0,No,0.0
339,SSE PLC,,GB0007908733,Utilities,UNITED KINGDOM,14.7,5.0,5,1,28,Yes,1.0,No,0.0,No,0.0,No,0.0,Partial,0.0,Yes,1.0,No,0.0,No,0.0,No,0.0,No,0.0,Yes,1.0,No,0.0,No,0.0,No,0.0,No,0.0,Yes,1.0,Yes,1.0,No,0.0,No,0.0,No,0.0,No,0.0,No,0.0,No,0.0,No,0.0,No,0.0,No,0.0,No,0.0,No,0.0,No,0.0,No,0.0,No,0.0,No,0.0,No,0.0,No,0.0
1479,STANDARD BANK GROUP LIMITED,,ZAE000109815,Financials,SOUTH AFRICA,10.3,3.5,3,2,29,Partial,0.0,No,0.0,No,0.0,No,0.0,No,0.0,No,0.0,No,0.0,No,0.0,No,0.0,No,0.0,Yes,1.0,No,0.0,No,0.0,Partial,0.5,No,0.0,Yes,1.0,Yes,1.0,No,0.0,No,0.0,No,0.0,No,0.0,No,0.0,No,0.0,No,0.0,No,0.0,No,0.0,No,0.0,No,0.0,No,0.0,No,0.0,No,0.0,No,0.0,No,0.0,No,0.0
373,STANDARD CHARTERED PLC,,GB0004082847,Financials,UNITED KINGDOM,44.1,15.0,15,2,17,Yes,1.0,No,0.0,Yes,1.0,Yes,1.0,Partial,0.0,Yes,1.0,No,0.0,Yes,1.0,No,0.0,Yes,1.0,No,0.0,No,0.0,No,0.0,Partial,0.0,Yes,1.0,Yes,1.0,Yes,1.0,Yes,1.0,No,0.0,Yes,1.0,No,0.0,No,0.0,No,0.0,No,0.0,Yes,1.0,Yes,1.0,No,0.0,Yes,1.0,No,0.0,Yes,1.0,No,0.0,No,0.0,No,0.0,No,0.0
2205,STANDARD LIFE PLC,,GB00BGXQNP29,Financials,UNITED KINGDOM,0.0,0.0,0,0,34,No,0.0,No,0.0,No,0.0,No,0.0,No,0.0,No,0.0,No,0.0,No,0.0,No,0.0,No,0.0,No,0.0,No,0.0,No,0.0,No,0.0,No,0.0,No,0.0,No,0.0,No,0.0,No,0.0,No,0.0,No,0.0,No,0.0,No,0.0,No,0.0,No,0.0,No,0.0,No,0.0,No,0.0,No,0.0,No,0.0,No,0.0,No,0.0,No,0.0,No,0.0
1480,Stantec Inc.,,CA85472N1096,Industrials,CANADA,17.6,6.0,6,0,28,No,0.0,No,0.0,No,0.0,Yes,1.0,No,0.0,Yes,1.0,No,0.0,Yes,1.0,No,0.0,Yes,1.0,Yes,1.0,No,0.0,No,0.0,No,0.0,No,0.0,No,0.0,No,0.0,No,0.0,No,0.0,No,0.0,No,0.0,No,0.0,No,0.0,No,0.0,No,0.0,No,0.0,No,0.0,No,0.0,No,0.0,No,0.0,Yes,1.0,No,0.0,No,0.0,No,0.0
1481,STARBUCKS CORPORATION,,US8552441094,Consumer Discretion,UNITED STATES,5.9,2.0,2,0,32,No,0.0,No,0.0,No,0.0,No,0.0,No,0.0,No,0.0,No,0.0,No,0.0,No,0.0,No,0.0,No,0.0,No,0.0,No,0.0,No,0.0,No,0.0,No,0.0,No,0.0,No,0.0,No,0.0,No,0.0,No,0.0,No,0.0,No,0.0,No,0.0,No,0.0,No,0.0,No,0.0,No,0.0,No,0.0,No,0.0,Yes,1.0,No,0.0,Yes,1.0,No,0.0
187,State Bank of India,,INE062A01020,Financials,INDIA,17.6,6.0,5,3,26,Yes,1.0,No,0.0,Yes,1.0,Partial,0.5,No,0.0,Yes,1.0,No,0.0,Yes,1.0,No,0.0,Yes,1.0,Partial,0.5,No,0.0,No,0.0,No,0.0,No,0.0,No,0.0,No,0.0,Partial,0.0,No,0.0,No,0.0,No,0.0,No,0.0,No,0.0,No,0.0,No,0.0,No,0.0,No,0.0,No,0.0,No,0.0,No,0.0,No,0.0,No,0.0,No,0.0,No,0.0
1482,STATE STREET CORPORATION,,US8574771031,Financials,UNITED STATES,39.7,13.5,13,1,20,Yes,1.0,No,0.0,Yes,1.0,Yes,1.0,No,0.0,Yes,1.0,No,0.0,Yes,1.0,No,0.0,Yes,1.0,Yes,1.0,No,0.0,No,0.0,No,0.0,No,0.0,Yes,1.0,Yes,1.0,Yes,1.0,No,0.0,No,0.0,Partial,0.5,No,0.0,Yes,1.0,No,0.0,Yes,1.0,No,0.0,No,0.0,No,0.0,No,0.0,No,0.0,Yes,1.0,No,0.0,No,0.0,No,0.0
581,"STEEL DYNAMICS, INC.",,US8581191009,Basic Materials,UNITED STATES,0.0,0.0,0,0,34,No,0.0,No,0.0,No,0.0,No,0.0,No,0.0,No,0.0,No,0.0,No,0.0,No,0.0,No,0.0,No,0.0,No,0.0,No,0.0,No,0.0,No,0.0,No,0.0,No,0.0,No,0.0,No,0.0,No,0.0,No,0.0,No,0.0,No,0.0,No,0.0,No,0.0,No,0.0,No,0.0,No,0.0,No,0.0,No,0.0,No,0.0,No,0.0,No,0.0,No,0.0
2013,Stellantis N.V.,,NL00150001Q9,Consumer Discretion,ITALY,2.9,1.0,1,0,33,No,0.0,No,0.0,No,0.0,No,0.0,No,0.0,Yes,1.0,No,0.0,No,0.0,No,0.0,No,0.0,No,0.0,No,0.0,No,0.0,No,0.0,No,0.0,No,0.0,No,0.0,No,0.0,No,0.0,No,0.0,No,0.0,No,0.0,No,0.0,No,0.0,No,0.0,No,0.0,No,0.0,No,0.0,No,0.0,No,0.0,No,0.0,No,0.0,No,0.0,No,0.0
2067,STERIS PUBLIC LIMITED COMPANY,,IE00BFY8C754,Health Care,UNITED STATES,0.0,0.0,0,0,34,No,0.0,No,0.0,No,0.0,No,0.0,No,0.0,No,0.0,No,0.0,No,0.0,No,0.0,No,0.0,No,0.0,No,0.0,No,0.0,No,0.0,No,0.0,No,0.0,No,0.0,No,0.0,No,0.0,No,0.0,No,0.0,No,0.0,No,0.0,No,0.0,No,0.0,No,0.0,No,0.0,No,0.0,No,0.0,No,0.0,No,0.0,No,0.0,No,0.0,No,0.0
1426,STMicroelectronics N.V.,,NL0000226223,Technology,FRANCE,0.0,0.0,0,0,34,No,0.0,No,0.0,No,0.0,No,0.0,No,0.0,No,0.0,No,0.0,No,0.0,No,0.0,No,0.0,No,0.0,No,0.0,No,0.0,No,0.0,No,0.0,No,0.0,No,0.0,No,0.0,No,0.0,No,0.0,No,0.0,No,0.0,No,0.0,No,0.0,No,0.0,No,0.0,No,0.0,No,0.0,No,0.0,No,0.0,No,0.0,No,0.0,No,0.0,No,0.0
1645,STOCKLAND CORPORATION LTD,,AU000000SGP0,Real Estate,AUSTRALIA,23.5,8.0,8,0,26,No,0.0,No,0.0,No,0.0,Yes,1.0,No,0.0,Yes,1.0,No,0.0,Yes,1.0,No,0.0,Yes,1.0,No,0.0,No,0.0,No,0.0,No,0.0,No,0.0,Yes,1.0,No,0.0,No,0.0,No,0.0,No,0.0,Yes,1.0,No,0.0,No,0.0,No,0.0,Yes,1.0,Yes,1.0,No,0.0,No,0.0,No,0.0,No,0.0,No,0.0,No,0.0,No,0.0,No,0.0
2186,StoneCo Ltd.,,KYG851581069,Industrials,UNITED STATES,0.0,0.0,0,0,34,No,0.0,No,0.0,No,0.0,No,0.0,No,0.0,No,0.0,No,0.0,No,0.0,No,0.0,No,0.0,No,0.0,No,0.0,No,0.0,No,0.0,No,0.0,No,0.0,No,0.0,No,0.0,No,0.0,No,0.0,No,0.0,No,0.0,No,0.0,No,0.0,No,0.0,No,0.0,No,0.0,No,0.0,No,0.0,No,0.0,No,0.0,No,0.0,No,0.0,No,0.0
40,Stora Enso Oyj,,FI0009005961,Basic Materials,FINLAND,8.8,3.0,3,0,31,No,0.0,No,0.0,No,0.0,No,0.0,No,0.0,Yes,1.0,No,0.0,Yes,1.0,No,0.0,Yes,1.0,No,0.0,No,0.0,No,0.0,No,0.0,No,0.0,No,0.0,No,0.0,No,0.0,No,0.0,No,0.0,No,0.0,No,0.0,No,0.0,No,0.0,No,0.0,No,0.0,No,0.0,No,0.0,No,0.0,No,0.0,No,0.0,No,0.0,No,0.0,No,0.0
575,STRATEGY INC,,US5949724083,Technology,UNITED STATES,13.2,4.5,4,1,29,No,0.0,No,0.0,Yes,1.0,No,0.0,No,0.0,Yes,1.0,No,0.0,Partial,0.5,No,0.0,Yes,1.0,No,0.0,No,0.0,No,0.0,No,0.0,No,0.0,No,0.0,No,0.0,No,0.0,No,0.0,No,0.0,No,0.0,No,0.0,No,0.0,No,0.0,No,0.0,No,0.0,No,0.0,No,0.0,No,0.0,No,0.0,Yes,1.0,No,0.0,No,0.0,No,0.0
1484,Straumann Holding AG,,CH1175448666,Health Care,SWITZERLAND,0.0,0.0,0,0,34,No,0.0,No,0.0,No,0.0,No,0.0,No,0.0,No,0.0,No,0.0,No,0.0,No,0.0,No,0.0,No,0.0,No,0.0,No,0.0,No,0.0,No,0.0,No,0.0,No,0.0,No,0.0,No,0.0,No,0.0,No,0.0,No,0.0,No,0.0,No,0.0,No,0.0,No,0.0,No,0.0,No,0.0,No,0.0,No,0.0,No,0.0,No,0.0,No,0.0,No,0.0
16,STRYKER CORPORATION,,US8636671013,Health Care,UNITED STATES,8.8,3.0,3,1,30,No,0.0,No,0.0,No,0.0,Partial,0.0,No,0.0,Yes,1.0,No,0.0,No,0.0,No,0.0,No,0.0,No,0.0,No,0.0,No,0.0,No,0.0,No,0.0,No,0.0,No,0.0,No,0.0,No,0.0,No,0.0,No,0.0,No,0.0,No,0.0,No,0.0,No,0.0,No,0.0,No,0.0,No,0.0,No,0.0,No,0.0,Yes,1.0,No,0.0,Yes,1.0,No,0.0
1103,SUBARU CORPORATION,,JP3814800003,Consumer Discretion,JAPAN,23.5,8.0,8,0,26,No,0.0,No,0.0,No,0.0,No,0.0,No,0.0,Yes,1.0,No,0.0,Yes,1.0,No,0.0,Yes,1.0,Yes,1.0,No,0.0,No,0.0,No,0.0,No,0.0,Yes,1.0,No,0.0,Yes,1.0,No,0.0,No,0.0,No,0.0,No,0.0,No,0.0,No,0.0,Yes,1.0,No,0.0,No,0.0,Yes,1.0,No,0.0,No,0.0,No,0.0,No,0.0,No,0.0,No,0.0
1427,SUMITOMO CORPORATION,,JP3404600003,Industrials,JAPAN,16.2,5.5,5,1,28,Yes,1.0,No,0.0,No,0.0,No,0.0,No,0.0,Yes,1.0,No,0.0,Yes,1.0,No,0.0,Yes,1.0,No,0.0,No,0.0,No,0.0,No,0.0,No,0.0,Partial,0.5,Yes,1.0,No,0.0,No,0.0,No,0.0,No,0.0,No,0.0,No,0.0,No,0.0,No,0.0,No,0.0,No,0.0,No,0.0,No,0.0,No,0.0,No,0.0,No,0.0,No,0.0,No,0.0
1485,"Sumitomo Electric Industries, Ltd.",,JP3407400005,Consumer Discretion,JAPAN,0.0,0.0,0,0,34,No,0.0,No,0.0,No,0.0,No,0.0,No,0.0,No,0.0,No,0.0,No,0.0,No,0.0,No,0.0,No,0.0,No,0.0,No,0.0,No,0.0,No,0.0,No,0.0,No,0.0,No,0.0,No,0.0,No,0.0,No,0.0,No,0.0,No,0.0,No,0.0,No,0.0,No,0.0,No,0.0,No,0.0,No,0.0,No,0.0,No,0.0,No,0.0,No,0.0,No,0.0
1486,"Sumitomo Metal Mining Co., Ltd.",,JP3402600005,Basic Materials,JAPAN,2.9,1.0,1,0,33,No,0.0,No,0.0,No,0.0,No,0.0,No,0.0,Yes,1.0,No,0.0,No,0.0,No,0.0,No,0.0,No,0.0,No,0.0,No,0.0,No,0.0,No,0.0,No,0.0,No,0.0,No,0.0,No,0.0,No,0.0,No,0.0,No,0.0,No,0.0,No,0.0,No,0.0,No,0.0,No,0.0,No,0.0,No,0.0,No,0.0,No,0.0,No,0.0,No,0.0,No,0.0
1487,"Sumitomo Mitsui Financial Group, Inc.",,JP3890350006,Financials,JAPAN,8.8,3.0,3,0,31,No,0.0,No,0.0,No,0.0,No,0.0,No,0.0,No,0.0,No,0.0,No,0.0,No,0.0,No,0.0,Yes,1.0,No,0.0,No,0.0,No,0.0,No,0.0,Yes,1.0,No,0.0,No,0.0,No,0.0,No,0.0,No,0.0,No,0.0,No,0.0,No,0.0,No,0.0,No,0.0,No,0.0,No,0.0,No,0.0,No,0.0,Yes,1.0,No,0.0,No,0.0,No,0.0
463,"Sumitomo Mitsui Trust Group, Inc.",,JP3892100003,Financials,JAPAN,26.5,9.0,9,2,23,Yes,1.0,No,0.0,No,0.0,Partial,0.0,No,0.0,Yes,1.0,No,0.0,No,0.0,No,0.0,Yes,1.0,Yes,1.0,No,0.0,No,0.0,No,0.0,Partial,0.0,Yes,1.0,Yes,1.0,Yes,1.0,Yes,1.0,No,0.0,No,0.0,No,0.0,No,0.0,No,0.0,Yes,1.0,No,0.0,No,0.0,No,0.0,No,0.0,No,0.0,No,0.0,No,0.0,No,0.0,No,0.0
263,"Sumitomo Realty & Development Co., Ltd.",,JP3409000001,Real Estate,JAPAN,0.0,0.0,0,0,34,No,0.0,No,0.0,No,0.0,No,0.0,No,0.0,No,0.0,No,0.0,No,0.0,No,0.0,No,0.0,No,0.0,No,0.0,No,0.0,No,0.0,No,0.0,No,0.0,No,0.0,No,0.0,No,0.0,No,0.0,No,0.0,No,0.0,No,0.0,No,0.0,No,0.0,No,0.0,No,0.0,No,0.0,No,0.0,No,0.0,No,0.0,No,0.0,No,0.0,No,0.0
2449,"SUNBELT RENTALS HOLDINGS, INC.",,US8669661048,Industrials,UNITED STATES,8.8,3.0,1,4,29,No,0.0,No,0.0,Partial,0.5,No,0.0,No,0.0,Partial,0.5,No,0.0,Yes,1.0,No,0.0,Partial,0.5,Partial,0.5,No,0.0,No,0.0,No,0.0,No,0.0,No,0.0,No,0.0,No,0.0,No,0.0,No,0.0,No,0.0,No,0.0,No,0.0,No,0.0,No,0.0,No,0.0,No,0.0,No,0.0,No,0.0,No,0.0,No,0.0,No,0.0,No,0.0,No,0.0
1488,"SUN COMMUNITIES, INC.",,US8666741041,Real Estate,UNITED STATES,2.9,1.0,1,0,33,No,0.0,No,0.0,No,0.0,No,0.0,No,0.0,No,0.0,No,0.0,No,0.0,No,0.0,No,0.0,No,0.0,No,0.0,No,0.0,No,0.0,No,0.0,No,0.0,No,0.0,No,0.0,No,0.0,No,0.0,No,0.0,No,0.0,No,0.0,No,0.0,No,0.0,No,0.0,No,0.0,No,0.0,No,0.0,No,0.0,Yes,1.0,No,0.0,No,0.0,No,0.0
2446,Suncor Energy Inc.,,CA8672241079,Energy,CANADA,2.9,1.0,1,0,33,No,0.0,No,0.0,No,0.0,No,0.0,No,0.0,No,0.0,No,0.0,No,0.0,No,0.0,Yes,1.0,No,0.0,No,0.0,No,0.0,No,0.0,No,0.0,No,0.0,No,0.0,No,0.0,No,0.0,No,0.0,No,0.0,No,0.0,No,0.0,No,0.0,No,0.0,No,0.0,No,0.0,No,0.0,No,0.0,No,0.0,No,0.0,No,0.0,No,0.0,No,0.0
280,SUNCORP GROUP LIMITED,,AU000000SUN6,Financials,AUSTRALIA,41.2,14.0,13,2,19,Partial,0.5,No,0.0,Partial,0.5,Yes,1.0,No,0.0,Yes,1.0,Yes,1.0,Yes,1.0,No,0.0,Yes,1.0,No,0.0,No,0.0,No,0.0,No,0.0,No,0.0,Yes,1.0,Yes,1.0,Yes,1.0,No,0.0,No,0.0,Yes,1.0,No,0.0,Yes,1.0,No,0.0,Yes,1.0,Yes,1.0,No,0.0,No,0.0,No,0.0,No,0.0,No,0.0,No,0.0,Yes,1.0,No,0.0
599,SUNDARAM FINANCE LIMITED,,INE660A01013,Financials,INDIA,5.9,2.0,2,0,32,No,0.0,No,0.0,No,0.0,No,0.0,No,0.0,Yes,1.0,No,0.0,No,0.0,No,0.0,Yes,1.0,No,0.0,No,0.0,No,0.0,No,0.0,No,0.0,No,0.0,No,0.0,No,0.0,No,0.0,No,0.0,No,0.0,No,0.0,No,0.0,No,0.0,No,0.0,No,0.0,No,0.0,No,0.0,No,0.0,No,0.0,No,0.0,No,0.0,No,0.0,No,0.0
1902,"Sungrow Power Supply Co., Ltd.",,CNE1000018M7,Energy,CHINA,14.7,5.0,5,0,29,No,0.0,No,0.0,No,0.0,No,0.0,No,0.0,Yes,1.0,No,0.0,Yes,1.0,No,0.0,Yes,1.0,No,0.0,No,0.0,No,0.0,No,0.0,Yes,1.0,No,0.0,No,0.0,No,0.0,No,0.0,No,0.0,Yes,1.0,No,0.0,No,0.0,No,0.0,No,0.0,No,0.0,No,0.0,No,0.0,No,0.0,No,0.0,No,0.0,No,0.0,No,0.0,No,0.0
1489,SUN HUNG KAI PROPERTIES LIMITED,,HK0016000132,Real Estate,HONG KONG,0.0,0.0,0,0,34,No,0.0,No,0.0,No,0.0,No,0.0,No,0.0,No,0.0,No,0.0,No,0.0,No,0.0,No,0.0,No,0.0,No,0.0,No,0.0,No,0.0,No,0.0,No,0.0,No,0.0,No,0.0,No,0.0,No,0.0,No,0.0,No,0.0,No,0.0,No,0.0,No,0.0,No,0.0,No,0.0,No,0.0,No,0.0,No,0.0,No,0.0,No,0.0,No,0.0,No,0.0
1490,SUN LIFE FINANCIAL INC,,CA8667961053,Financials,CANADA,29.4,10.0,10,0,24,No,0.0,No,0.0,No,0.0,Yes,1.0,No,0.0,Yes,1.0,Yes,1.0,Yes,1.0,No,0.0,Yes,1.0,No,0.0,No,0.0,No,0.0,No,0.0,No,0.0,Yes,1.0,Yes,1.0,Yes,1.0,No,0.0,No,0.0,No,0.0,No,0.0,No,0.0,No,0.0,Yes,1.0,No,0.0,No,0.0,No,0.0,No,0.0,Yes,1.0,No,0.0,No,0.0,No,0.0,No,0.0
471,SUNNY OPTICAL TECHNOLOGY (GROUP) COMPANY LIMITED,,KYG8586D1097,Technology,HONG KONG,2.9,1.0,1,0,33,No,0.0,No,0.0,No,0.0,No,0.0,No,0.0,Yes,1.0,No,0.0,No,0.0,No,0.0,No,0.0,No,0.0,No,0.0,No,0.0,No,0.0,No,0.0,No,0.0,No,0.0,No,0.0,No,0.0,No,0.0,No,0.0,No,0.0,No,0.0,No,0.0,No,0.0,No,0.0,No,0.0,No,0.0,No,0.0,No,0.0,No,0.0,No,0.0,No,0.0,No,0.0
1491,SUN PHARMACEUTICAL INDUSTRIES LIMITED,,INE044A01036,Health Care,INDIA,2.9,1.0,1,0,33,No,0.0,No,0.0,No,0.0,No,0.0,No,0.0,No,0.0,No,0.0,No,0.0,No,0.0,No,0.0,Yes,1.0,No,0.0,No,0.0,No,0.0,No,0.0,No,0.0,No,0.0,No,0.0,No,0.0,No,0.0,No,0.0,No,0.0,No,0.0,No,0.0,No,0.0,No,0.0,No,0.0,No,0.0,No,0.0,No,0.0,No,0.0,No,0.0,No,0.0,No,0.0
1953,Suntory Beverage & Food Limited,,JP3336560002,Consumer Staples,JAPAN,2.9,1.0,1,0,33,No,0.0,No,0.0,No,0.0,No,0.0,No,0.0,No,0.0,No,0.0,No,0.0,No,0.0,No,0.0,No,0.0,No,0.0,No,0.0,No,0.0,No,0.0,No,0.0,No,0.0,No,0.0,No,0.0,No,0.0,No,0.0,No,0.0,No,0.0,No,0.0,No,0.0,No,0.0,No,0.0,No,0.0,Yes,1.0,No,0.0,No,0.0,No,0.0,No,0.0,No,0.0
1898,SUNWAY BERHAD,,MYL5211OO007,Real Estate,MALAYSIA,19.1,6.5,5,3,26,Partial,0.5,No,0.0,No,0.0,Yes,1.0,No,0.0,Yes,1.0,No,0.0,Partial,0.5,No,0.0,Yes,1.0,Yes,1.0,No,0.0,No,0.0,No,0.0,No,0.0,No,0.0,No,0.0,No,0.0,No,0.0,No,0.0,Partial,0.5,No,0.0,No,0.0,No,0.0,No,0.0,No,0.0,No,0.0,No,0.0,Yes,1.0,No,0.0,No,0.0,No,0.0,No,0.0,No,0.0
1874,"SUNWODA ELECTRONIC CO., LTD",,CNE100001260,Consumer Staples,CHINA,5.9,2.0,1,2,31,Yes,1.0,No,0.0,No,0.0,No,0.0,No,0.0,Partial,0.5,No,0.0,No,0.0,No,0.0,Partial,0.5,No,0.0,No,0.0,No,0.0,No,0.0,No,0.0,No,0.0,No,0.0,No,0.0,No,0.0,No,0.0,No,0.0,No,0.0,No,0.0,No,0.0,No,0.0,No,0.0,No,0.0,No,0.0,No,0.0,No,0.0,No,0.0,No,0.0,No,0.0,No,0.0
2279,SUPCON Technology Co Ltd,,CNE100005D92,Industrials,CHINA,13.2,4.5,4,1,29,Partial,0.5,No,0.0,Yes,1.0,No,0.0,No,0.0,Yes,1.0,No,0.0,Yes,1.0,No,0.0,Yes,1.0,No,0.0,No,0.0,No,0.0,No,0.0,No,0.0,No,0.0,No,0.0,No,0.0,No,0.0,No,0.0,No,0.0,No,0.0,No,0.0,No,0.0,No,0.0,No,0.0,No,0.0,No,0.0,No,0.0,No,0.0,No,0.0,No,0.0,No,0.0,No,0.0
791,"SUPER MICRO COMPUTER, INC.",,US86800U3023,Technology,UNITED STATES,5.9,2.0,2,0,32,No,0.0,No,0.0,Yes,1.0,No,0.0,No,0.0,Yes,1.0,No,0.0,No,0.0,No,0.0,No,0.0,No,0.0,No,0.0,No,0.0,No,0.0,No,0.0,No,0.0,No,0.0,No,0.0,No,0.0,No,0.0,No,0.0,No,0.0,No,0.0,No,0.0,No,0.0,No,0.0,No,0.0,No,0.0,No,0.0,No,0.0,No,0.0,No,0.0,No,0.0,No,0.0
1493,SUZANO S.A.,,BRSUZBACNOR0,Basic Materials,BRAZIL,14.7,5.0,3,4,27,No,0.0,No,0.0,No,0.0,Yes,1.0,No,0.0,Yes,1.0,No,0.0,Partial,0.5,No,0.0,Partial,0.5,No,0.0,No,0.0,No,0.0,No,0.0,No,0.0,No,0.0,No,0.0,No,0.0,No,0.0,No,0.0,Yes,1.0,Partial,0.5,No,0.0,No,0.0,No,0.0,No,0.0,No,0.0,Partial,0.5,No,0.0,No,0.0,No,0.0,No,0.0,No,0.0,No,0.0
1817,"Suzhou Dongshan Precision Manufacturing Co., Ltd",,CNE100000N79,Basic Materials,CHINA,22.1,7.5,6,3,25,Yes,1.0,No,0.0,Yes,1.0,Partial,0.5,No,0.0,Yes,1.0,No,0.0,No,0.0,No,0.0,Yes,1.0,No,0.0,No,0.0,No,0.0,No,0.0,No,0.0,Partial,0.5,Partial,0.5,Yes,1.0,No,0.0,No,0.0,No,0.0,No,0.0,No,0.0,No,0.0,Yes,1.0,No,0.0,No,0.0,No,0.0,No,0.0,No,0.0,No,0.0,No,0.0,No,0.0,No,0.0
2187,"Suzhou Maxwell Technologies Co., Ltd.",,CNE100003FS0,Industrials,CHINA,0.0,0.0,0,0,34,No,0.0,No,0.0,No,0.0,No,0.0,No,0.0,No,0.0,No,0.0,No,0.0,No,0.0,No,0.0,No,0.0,No,0.0,No,0.0,No,0.0,No,0.0,No,0.0,No,0.0,No,0.0,No,0.0,No,0.0,No,0.0,No,0.0,No,0.0,No,0.0,No,0.0,No,0.0,No,0.0,No,0.0,No,0.0,No,0.0,No,0.0,No,0.0,No,0.0,No,0.0
2033,Suzhou TFC Optical Communication Co Ltd,,CNE100001XQ1,Telecommunications,CHINA,11.8,4.0,4,0,30,No,0.0,No,0.0,Yes,1.0,No,0.0,No,0.0,No,0.0,No,0.0,Yes,1.0,No,0.0,No,0.0,No,0.0,No,0.0,No,0.0,No,0.0,No,0.0,No,0.0,No,0.0,No,0.0,No,0.0,No,0.0,No,0.0,No,0.0,Yes,1.0,No,0.0,No,0.0,No,0.0,No,0.0,Yes,1.0,No,0.0,No,0.0,No,0.0,No,0.0,No,0.0,No,0.0
1494,SUZLON ENERGY LIMITED,,IN9040H01011,Energy,INDIA,14.7,5.0,5,1,28,Yes,1.0,No,0.0,Partial,0.0,No,0.0,No,0.0,Yes,1.0,No,0.0,Yes,1.0,No,0.0,Yes,1.0,No,0.0,No,0.0,No,0.0,No,0.0,No,0.0,No,0.0,No,0.0,No,0.0,No,0.0,No,0.0,Yes,1.0,No,0.0,No,0.0,No,0.0,No,0.0,No,0.0,No,0.0,No,0.0,No,0.0,No,0.0,No,0.0,No,0.0,No,0.0,No,0.0
1428,SUZUKI MOTOR CORPORATION,,JP3397200001,Consumer Discretion,JAPAN,23.5,8.0,8,0,26,Yes,1.0,No,0.0,No,0.0,No,0.0,No,0.0,Yes,1.0,No,0.0,No,0.0,No,0.0,Yes,1.0,No,0.0,No,0.0,No,0.0,No,0.0,No,0.0,No,0.0,No,0.0,Yes,1.0,No,0.0,No,0.0,Yes,1.0,No,0.0,No,0.0,No,0.0,Yes,1.0,Yes,1.0,Yes,1.0,No,0.0,No,0.0,No,0.0,No,0.0,No,0.0,No,0.0,No,0.0
348,Svenska Cellulosa Aktiebolaget SCA,,SE0000112724,Basic Materials,SWEDEN,5.9,2.0,2,0,32,No,0.0,No,0.0,No,0.0,No,0.0,No,0.0,No,0.0,No,0.0,Yes,1.0,No,0.0,Yes,1.0,No,0.0,No,0.0,No,0.0,No,0.0,No,0.0,No,0.0,No,0.0,No,0.0,No,0.0,No,0.0,No,0.0,No,0.0,No,0.0,No,0.0,No,0.0,No,0.0,No,0.0,No,0.0,No,0.0,No,0.0,No,0.0,No,0.0,No,0.0,No,0.0
1495,Svenska Handelsbanken AB,,SE0007100599,Financials,SWEDEN,0.0,0.0,0,0,34,No,0.0,No,0.0,No,0.0,No,0.0,No,0.0,No,0.0,No,0.0,No,0.0,No,0.0,No,0.0,No,0.0,No,0.0,No,0.0,No,0.0,No,0.0,No,0.0,No,0.0,No,0.0,No,0.0,No,0.0,No,0.0,No,0.0,No,0.0,No,0.0,No,0.0,No,0.0,No,0.0,No,0.0,No,0.0,No,0.0,No,0.0,No,0.0,No,0.0,No,0.0
779,Swedbank AB,,SE0000242455,Financials,SWEDEN,2.9,1.0,1,0,33,No,0.0,No,0.0,No,0.0,No,0.0,No,0.0,No,0.0,No,0.0,No,0.0,No,0.0,No,0.0,No,0.0,No,0.0,No,0.0,No,0.0,No,0.0,No,0.0,No,0.0,No,0.0,No,0.0,No,0.0,No,0.0,No,0.0,No,0.0,No,0.0,No,0.0,No,0.0,No,0.0,No,0.0,Yes,1.0,No,0.0,No,0.0,No,0.0,No,0.0,No,0.0
924,Swedish Orphan Biovitrum AB (publ),,SE0000872095,Health Care,SWEDEN,5.9,2.0,2,0,32,No,0.0,No,0.0,No,0.0,No,0.0,No,0.0,Yes,1.0,No,0.0,No,0.0,No,0.0,No,0.0,No,0.0,No,0.0,No,0.0,No,0.0,No,0.0,No,0.0,No,0.0,No,0.0,No,0.0,No,0.0,No,0.0,No,0.0,No,0.0,No,0.0,Yes,1.0,No,0.0,No,0.0,No,0.0,No,0.0,No,0.0,No,0.0,No,0.0,No,0.0,No,0.0
2409,Swiggy Ltd,,INE00H001014,Consumer Discretion,INDIA,17.6,6.0,6,0,28,No,0.0,No,0.0,Yes,1.0,Yes,1.0,No,0.0,Yes,1.0,No,0.0,Yes,1.0,No,0.0,Yes,1.0,No,0.0,No,0.0,No,0.0,No,0.0,No,0.0,No,0.0,No,0.0,No,0.0,No,0.0,No,0.0,No,0.0,No,0.0,No,0.0,No,0.0,No,0.0,No,0.0,No,0.0,Yes,1.0,No,0.0,No,0.0,No,0.0,No,0.0,No,0.0,No,0.0
1497,SWIRE PACIFIC LIMITED,,HK0019000162,Consumer Staples,HONG KONG,14.7,5.0,5,2,27,Yes,1.0,No,0.0,No,0.0,No,0.0,No,0.0,Yes,1.0,No,0.0,No,0.0,No,0.0,No,0.0,No,0.0,No,0.0,No,0.0,No,0.0,Partial,0.0,Yes,1.0,Yes,1.0,Partial,0.0,Yes,1.0,No,0.0,No,0.0,No,0.0,No,0.0,No,0.0,No,0.0,No,0.0,No,0.0,No,0.0,No,0.0,No,0.0,No,0.0,No,0.0,No,0.0,No,0.0
1499,Swisscom AG,,CH0008742519,Telecommunications,SWITZERLAND,20.6,7.0,4,6,24,No,0.0,No,0.0,No,0.0,Partial,0.5,No,0.0,Partial,0.5,No,0.0,Partial,0.5,No,0.0,Partial,0.5,No,0.0,No,0.0,No,0.0,No,0.0,No,0.0,Yes,1.0,Yes,1.0,Partial,0.5,No,0.0,No,0.0,No,0.0,No,0.0,No,0.0,No,0.0,No,0.0,No,0.0,No,0.0,Partial,0.5,Yes,1.0,Yes,1.0,No,0.0,No,0.0,No,0.0,No,0.0
1429,Swiss Life Holding AG,,CH0014852781,Financials,SWITZERLAND,5.9,2.0,2,0,32,No,0.0,No,0.0,No,0.0,No,0.0,No,0.0,Yes,1.0,No,0.0,Yes,1.0,No,0.0,No,0.0,No,0.0,No,0.0,No,0.0,No,0.0,No,0.0,No,0.0,No,0.0,No,0.0,No,0.0,No,0.0,No,0.0,No,0.0,No,0.0,No,0.0,No,0.0,No,0.0,No,0.0,No,0.0,No,0.0,No,0.0,No,0.0,No,0.0,No,0.0,No,0.0
1498,Swiss Prime Site AG,,CH0008038389,Real Estate,SWITZERLAND,0.0,0.0,0,0,34,No,0.0,No,0.0,No,0.0,No,0.0,No,0.0,No,0.0,No,0.0,No,0.0,No,0.0,No,0.0,No,0.0,No,0.0,No,0.0,No,0.0,No,0.0,No,0.0,No,0.0,No,0.0,No,0.0,No,0.0,No,0.0,No,0.0,No,0.0,No,0.0,No,0.0,No,0.0,No,0.0,No,0.0,No,0.0,No,0.0,No,0.0,No,0.0,No,0.0,No,0.0
1887,Swiss Re AG,,CH0126881561,Financials,SWITZERLAND,29.4,10.0,10,1,23,Yes,1.0,No,0.0,No,0.0,Yes,1.0,Partial,0.0,Yes,1.0,No,0.0,Yes,1.0,No,0.0,Yes,1.0,Yes,1.0,No,0.0,No,0.0,No,0.0,No,0.0,Yes,1.0,Yes,1.0,No,0.0,No,0.0,No,0.0,No,0.0,No,0.0,No,0.0,No,0.0,Yes,1.0,No,0.0,No,0.0,No,0.0,No,0.0,No,0.0,Yes,1.0,No,0.0,No,0.0,No,0.0
2380,SYENSQO NV,,BE0974464977,Basic Materials,BELGIUM,13.2,4.5,4,1,29,No,0.0,No,0.0,No,0.0,No,0.0,No,0.0,Yes,1.0,No,0.0,Yes,1.0,No,0.0,Yes,1.0,No,0.0,No,0.0,No,0.0,No,0.0,No,0.0,No,0.0,No,0.0,No,0.0,No,0.0,No,0.0,No,0.0,No,0.0,No,0.0,No,0.0,No,0.0,No,0.0,No,0.0,Partial,0.5,Yes,1.0,No,0.0,No,0.0,No,0.0,No,0.0,No,0.0
625,Symrise AG,,DE000SYM9999,Basic Materials,GERMANY,16.2,5.5,5,1,28,Yes,1.0,No,0.0,Yes,1.0,No,0.0,No,0.0,Yes,1.0,No,0.0,Yes,1.0,No,0.0,Partial,0.5,No,0.0,No,0.0,No,0.0,No,0.0,No,0.0,No,0.0,No,0.0,No,0.0,No,0.0,No,0.0,No,0.0,No,0.0,No,0.0,No,0.0,No,0.0,No,0.0,No,0.0,Yes,1.0,No,0.0,No,0.0,No,0.0,No,0.0,No,0.0,No,0.0
1991,SYNCHRONY FINANCIAL,,US87165B1035,Industrials,UNITED STATES,11.8,4.0,4,1,29,No,0.0,No,0.0,No,0.0,No,0.0,No,0.0,Yes,1.0,No,0.0,Yes,1.0,No,0.0,Yes,1.0,Partial,0.0,No,0.0,No,0.0,No,0.0,No,0.0,No,0.0,No,0.0,No,0.0,No,0.0,No,0.0,No,0.0,No,0.0,No,0.0,No,0.0,No,0.0,No,0.0,No,0.0,No,0.0,No,0.0,No,0.0,Yes,1.0,No,0.0,No,0.0,No,0.0
580,"SYNOPSYS, INC.",,US8716071076,Technology,UNITED STATES,17.6,6.0,6,0,28,No,0.0,No,0.0,Yes,1.0,No,0.0,No,0.0,Yes,1.0,No,0.0,Yes,1.0,No,0.0,Yes,1.0,No,0.0,No,0.0,No,0.0,No,0.0,No,0.0,No,0.0,No,0.0,No,0.0,No,0.0,No,0.0,No,0.0,No,0.0,No,0.0,No,0.0,No,0.0,No,0.0,No,0.0,No,0.0,Yes,1.0,No,0.0,Yes,1.0,No,0.0,No,0.0,No,0.0
416,SYSCO CORPORATION,,US8718291078,Consumer Staples,UNITED STATES,20.6,7.0,7,0,27,No,0.0,No,0.0,Yes,1.0,No,0.0,No,0.0,Yes,1.0,No,0.0,Yes,1.0,No,0.0,Yes,1.0,No,0.0,No,0.0,No,0.0,No,0.0,No,0.0,No,0.0,No,0.0,No,0.0,No,0.0,No,0.0,Yes,1.0,No,0.0,No,0.0,No,0.0,No,0.0,No,0.0,No,0.0,No,0.0,No,0.0,No,0.0,Yes,1.0,No,0.0,Yes,1.0,No,0.0
1430,SYSMEX CORPORATION,,JP3351100007,Health Care,JAPAN,8.8,3.0,3,0,31,No,0.0,No,0.0,No,0.0,No,0.0,No,0.0,Yes,1.0,No,0.0,No,0.0,No,0.0,No,0.0,No,0.0,No,0.0,No,0.0,No,0.0,No,0.0,Yes,1.0,No,0.0,No,0.0,No,0.0,No,0.0,No,0.0,No,0.0,No,0.0,No,0.0,No,0.0,No,0.0,No,0.0,Yes,1.0,No,0.0,No,0.0,No,0.0,No,0.0,No,0.0,No,0.0
467,TAISEI CORPORATION,,JP3443600006,Industrials,JAPAN,32.4,11.0,10,2,22,Yes,1.0,No,0.0,Yes,1.0,Yes,1.0,No,0.0,Yes,1.0,No,0.0,Yes,1.0,No,0.0,Yes,1.0,No,0.0,No,0.0,No,0.0,No,0.0,No,0.0,Partial,0.5,Partial,0.5,No,0.0,No,0.0,No,0.0,Yes,1.0,No,0.0,Yes,1.0,No,0.0,Yes,1.0,No,0.0,No,0.0,No,0.0,No,0.0,No,0.0,No,0.0,No,0.0,Yes,1.0,No,0.0
1515,"TAIWAN BUSINESS BANK, LTD.",,TW0002834009,Financials,TAIWAN,0.0,0.0,0,0,34,No,0.0,No,0.0,No,0.0,No,0.0,No,0.0,No,0.0,No,0.0,No,0.0,No,0.0,No,0.0,No,0.0,No,0.0,No,0.0,No,0.0,No,0.0,No,0.0,No,0.0,No,0.0,No,0.0,No,0.0,No,0.0,No,0.0,No,0.0,No,0.0,No,0.0,No,0.0,No,0.0,No,0.0,No,0.0,No,0.0,No,0.0,No,0.0,No,0.0,No,0.0
1910,"Taiwan Cooperative Financial Holding Co., Ltd.",,TW0005880009,Financials,TAIWAN,0.0,0.0,0,0,34,No,0.0,No,0.0,No,0.0,No,0.0,No,0.0,No,0.0,No,0.0,No,0.0,No,0.0,No,0.0,No,0.0,No,0.0,No,0.0,No,0.0,No,0.0,No,0.0,No,0.0,No,0.0,No,0.0,No,0.0,No,0.0,No,0.0,No,0.0,No,0.0,No,0.0,No,0.0,No,0.0,No,0.0,No,0.0,No,0.0,No,0.0,No,0.0,No,0.0,No,0.0
1517,Taiwan High Speed Rail Corporation,,TW0002633005,Industrials,TAIWAN,5.9,2.0,2,0,32,No,0.0,No,0.0,No,0.0,Yes,1.0,No,0.0,Yes,1.0,No,0.0,No,0.0,No,0.0,No,0.0,No,0.0,No,0.0,No,0.0,No,0.0,No,0.0,No,0.0,No,0.0,No,0.0,No,0.0,No,0.0,No,0.0,No,0.0,No,0.0,No,0.0,No,0.0,No,0.0,No,0.0,No,0.0,No,0.0,No,0.0,No,0.0,No,0.0,No,0.0,No,0.0
1518,"TAIWAN MOBILE CO., LTD.",,TW0003045001,Telecommunications,TAIWAN,8.8,3.0,3,1,30,Yes,1.0,No,0.0,No,0.0,Partial,0.0,No,0.0,Yes,1.0,No,0.0,No,0.0,No,0.0,Yes,1.0,No,0.0,No,0.0,No,0.0,No,0.0,No,0.0,No,0.0,No,0.0,No,0.0,No,0.0,No,0.0,No,0.0,No,0.0,No,0.0,No,0.0,No,0.0,No,0.0,No,0.0,No,0.0,No,0.0,No,0.0,No,0.0,No,0.0,No,0.0,No,0.0
1519,Taiwan Semiconductor Manufacturing Company Limited,,TW0002330008,Technology,TAIWAN,2.9,1.0,1,0,33,No,0.0,No,0.0,No,0.0,No,0.0,No,0.0,No,0.0,No,0.0,No,0.0,No,0.0,No,0.0,No,0.0,No,0.0,No,0.0,No,0.0,No,0.0,No,0.0,No,0.0,No,0.0,No,0.0,No,0.0,No,0.0,No,0.0,No,0.0,No,0.0,No,0.0,No,0.0,No,0.0,No,0.0,No,0.0,No,0.0,No,0.0,No,0.0,Yes,1.0,No,0.0
1520,Takeda Pharmaceutical Company Limited,,JP3463000004,Health Care,JAPAN,32.4,11.0,11,0,23,Yes,1.0,No,0.0,No,0.0,Yes,1.0,No,0.0,Yes,1.0,No,0.0,Yes,1.0,No,0.0,Yes,1.0,No,0.0,No,0.0,Yes,1.0,No,0.0,No,0.0,Yes,1.0,Yes,1.0,Yes,1.0,No,0.0,No,0.0,No,0.0,No,0.0,No,0.0,No,0.0,Yes,1.0,Yes,1.0,No,0.0,No,0.0,No,0.0,No,0.0,No,0.0,No,0.0,No,0.0,No,0.0
587,"TAKE-TWO INTERACTIVE SOFTWARE, INC.",,US8740541094,Consumer Discretion,UNITED STATES,23.5,8.0,8,1,25,Yes,1.0,No,0.0,Yes,1.0,Yes,1.0,No,0.0,Yes,1.0,Yes,1.0,Yes,1.0,No,0.0,Partial,0.0,No,0.0,No,0.0,No,0.0,No,0.0,No,0.0,No,0.0,No,0.0,No,0.0,No,0.0,No,0.0,No,0.0,No,0.0,Yes,1.0,No,0.0,No,0.0,No,0.0,No,0.0,No,0.0,No,0.0,No,0.0,Yes,1.0,No,0.0,No,0.0,No,0.0
788,Talaat Moustafa Group Holding Company TMG Holding SAE,,EGS691S1C011,Real Estate,EGYPT,20.6,7.0,7,0,27,Yes,1.0,No,0.0,Yes,1.0,No,0.0,No,0.0,Yes,1.0,No,0.0,Yes,1.0,No,0.0,Yes,1.0,No,0.0,No,0.0,No,0.0,No,0.0,No,0.0,No,0.0,No,0.0,No,0.0,No,0.0,No,0.0,No,0.0,No,0.0,Yes,1.0,No,0.0,No,0.0,No,0.0,No,0.0,Yes,1.0,No,0.0,No,0.0,No,0.0,No,0.0,No,0.0,No,0.0
1658,Talanx Aktiengesellschaft,,DE000TLX1005,Financials,GERMANY,17.6,6.0,5,3,26,Yes,1.0,No,0.0,No,0.0,Yes,1.0,Partial,0.0,Yes,1.0,No,0.0,Partial,0.5,No,0.0,Partial,0.5,No,0.0,No,0.0,No,0.0,No,0.0,No,0.0,No,0.0,No,0.0,No,0.0,No,0.0,No,0.0,No,0.0,No,0.0,No,0.0,No,0.0,Yes,1.0,No,0.0,No,0.0,Yes,1.0,No,0.0,No,0.0,No,0.0,No,0.0,No,0.0,No,0.0
1845,TAL EDUCATION GROUP,,US8740801043,Consumer Discretion,CHINA,29.4,10.0,10,0,24,Yes,1.0,No,0.0,Yes,1.0,Yes,1.0,No,0.0,Yes,1.0,No,0.0,Yes,1.0,No,0.0,Yes,1.0,No,0.0,No,0.0,No,0.0,No,0.0,No,0.0,No,0.0,No,0.0,No,0.0,No,0.0,No,0.0,No,0.0,No,0.0,No,0.0,No,0.0,No,0.0,No,0.0,No,0.0,No,0.0,Yes,1.0,No,0.0,Yes,1.0,Yes,1.0,Yes,1.0,No,0.0
995,"TAPESTRY, INC.",,US8760301072,Consumer Discretion,UNITED STATES,8.8,3.0,3,1,30,No,0.0,No,0.0,No,0.0,No,0.0,No,0.0,Yes,1.0,No,0.0,No,0.0,No,0.0,No,0.0,No,0.0,No,0.0,No,0.0,No,0.0,No,0.0,No,0.0,No,0.0,No,0.0,No,0.0,No,0.0,No,0.0,No,0.0,No,0.0,No,0.0,Yes,1.0,Partial,0.0,No,0.0,No,0.0,No,0.0,No,0.0,Yes,1.0,No,0.0,No,0.0,No,0.0
1743,TARGA RESOURCES CORP.,,US87612G1013,Energy,UNITED STATES,2.9,1.0,1,0,33,No,0.0,No,0.0,No,0.0,No,0.0,No,0.0,No,0.0,No,0.0,No,0.0,No,0.0,No,0.0,No,0.0,No,0.0,No,0.0,No,0.0,No,0.0,No,0.0,No,0.0,No,0.0,No,0.0,No,0.0,No,0.0,No,0.0,No,0.0,No,0.0,No,0.0,No,0.0,No,0.0,No,0.0,No,0.0,No,0.0,Yes,1.0,No,0.0,No,0.0,No,0.0
1522,TARGET CORPORATION,,US87612E1064,Consumer Discretion,UNITED STATES,14.7,5.0,5,0,29,Yes,1.0,No,0.0,No,0.0,No,0.0,No,0.0,Yes,1.0,No,0.0,Yes,1.0,No,0.0,Yes,1.0,No,0.0,No,0.0,No,0.0,No,0.0,No,0.0,No,0.0,No,0.0,No,0.0,No,0.0,No,0.0,No,0.0,No,0.0,No,0.0,No,0.0,No,0.0,No,0.0,No,0.0,No,0.0,No,0.0,No,0.0,Yes,1.0,No,0.0,No,0.0,No,0.0
1523,TATA COMMUNICATIONS LIMITED,,INE151A01013,Telecommunications,INDIA,20.6,7.0,4,6,24,Yes,1.0,No,0.0,Yes,1.0,Partial,0.5,No,0.0,Partial,0.5,Yes,1.0,Partial,0.5,No,0.0,Partial,0.5,No,0.0,No,0.0,No,0.0,No,0.0,No,0.0,No,0.0,No,0.0,No,0.0,No,0.0,No,0.0,Yes,1.0,No,0.0,No,0.0,No,0.0,Partial,0.5,Partial,0.5,No,0.0,No,0.0,No,0.0,No,0.0,No,0.0,No,0.0,No,0.0,No,0.0
386,TATA CONSULTANCY SERVICES LIMITED,,INE467B01029,Technology,INDIA,11.8,4.0,4,0,30,Yes,1.0,No,0.0,No,0.0,Yes,1.0,No,0.0,Yes,1.0,No,0.0,No,0.0,No,0.0,No,0.0,No,0.0,No,0.0,No,0.0,No,0.0,No,0.0,No,0.0,No,0.0,No,0.0,No,0.0,No,0.0,No,0.0,No,0.0,No,0.0,No,0.0,No,0.0,No,0.0,No,0.0,Yes,1.0,No,0.0,No,0.0,No,0.0,No,0.0,No,0.0,No,0.0
388,TATA CONSUMER PRODUCTS LIMITED,,INE192A01025,Consumer Staples,INDIA,30.9,10.5,10,1,23,Partial,0.5,No,0.0,Yes,1.0,Yes,1.0,No,0.0,Yes,1.0,No,0.0,Yes,1.0,No,0.0,Yes,1.0,No,0.0,No,0.0,No,0.0,No,0.0,No,0.0,No,0.0,No,0.0,No,0.0,No,0.0,No,0.0,Yes,1.0,No,0.0,Yes,1.0,Yes,1.0,No,0.0,No,0.0,No,0.0,No,0.0,No,0.0,No,0.0,Yes,1.0,No,0.0,Yes,1.0,No,0.0
2441,TATA MOTORS LIMITED,,INE1TAE01010,Industrials,INDIA,11.8,4.0,4,0,30,Yes,1.0,No,0.0,No,0.0,No,0.0,No,0.0,Yes,1.0,No,0.0,Yes,1.0,No,0.0,No,0.0,No,0.0,No,0.0,No,0.0,No,0.0,No,0.0,No,0.0,No,0.0,No,0.0,No,0.0,No,0.0,No,0.0,No,0.0,No,0.0,No,0.0,Yes,1.0,No,0.0,No,0.0,No,0.0,No,0.0,No,0.0,No,0.0,No,0.0,No,0.0,No,0.0
601,TATA MOTORS PASSENGER VEHICLES LIMITED,,INE155A01022,Consumer Discretion,INDIA,17.6,6.0,6,1,27,Yes,1.0,No,0.0,No,0.0,Partial,0.0,No,0.0,Yes,1.0,Yes,1.0,Yes,1.0,No,0.0,Yes,1.0,No,0.0,No,0.0,No,0.0,No,0.0,No,0.0,No,0.0,No,0.0,No,0.0,No,0.0,No,0.0,No,0.0,No,0.0,No,0.0,No,0.0,Yes,1.0,No,0.0,No,0.0,No,0.0,No,0.0,No,0.0,No,0.0,No,0.0,No,0.0,No,0.0
604,TATA STEEL LIMITED,,INE081A01020,Basic Materials,INDIA,35.3,12.0,12,0,22,Yes,1.0,No,0.0,No,0.0,Yes,1.0,No,0.0,Yes,1.0,Yes,1.0,Yes,1.0,No,0.0,Yes,1.0,No,0.0,No,0.0,No,0.0,No,0.0,No,0.0,No,0.0,No,0.0,Yes,1.0,No,0.0,No,0.0,Yes,1.0,No,0.0,No,0.0,No,0.0,Yes,1.0,No,0.0,Yes,1.0,No,0.0,Yes,1.0,No,0.0,Yes,1.0,No,0.0,No,0.0,No,0.0
1502,"TBEA CO., LTD.",,CNE000000RB8,Industrials,CHINA,8.8,3.0,3,0,31,No,0.0,No,0.0,No,0.0,No,0.0,No,0.0,Yes,1.0,No,0.0,Yes,1.0,No,0.0,Yes,1.0,No,0.0,No,0.0,No,0.0,No,0.0,No,0.0,No,0.0,No,0.0,No,0.0,No,0.0,No,0.0,No,0.0,No,0.0,No,0.0,No,0.0,No,0.0,No,0.0,No,0.0,No,0.0,No,0.0,No,0.0,No,0.0,No,0.0,No,0.0,No,0.0
1516,"TCC Group Holdings CO., LTD.",,TW0001101004,Industrials,TAIWAN,16.2,5.5,5,2,27,No,0.0,No,0.0,No,0.0,Partial,0.0,No,0.0,Yes,1.0,No,0.0,Yes,1.0,No,0.0,Yes,1.0,Partial,0.5,No,0.0,No,0.0,No,0.0,No,0.0,Yes,1.0,No,0.0,No,0.0,No,0.0,No,0.0,No,0.0,No,0.0,No,0.0,No,0.0,No,0.0,No,0.0,No,0.0,Yes,1.0,No,0.0,No,0.0,No,0.0,No,0.0,No,0.0,No,0.0
804,TC Energy Corporation,,CA87807B1076,Energy,CANADA,35.3,12.0,12,2,20,Yes,1.0,No,0.0,No,0.0,No,0.0,Partial,0.0,Yes,1.0,No,0.0,Yes,1.0,No,0.0,Yes,1.0,Yes,1.0,No,0.0,No,0.0,No,0.0,No,0.0,Yes,1.0,Yes,1.0,Yes,1.0,Yes,1.0,Yes,1.0,Yes,1.0,No,0.0,No,0.0,No,0.0,Yes,1.0,No,0.0,Partial,0.0,No,0.0,No,0.0,No,0.0,No,0.0,No,0.0,No,0.0,No,0.0
203,TCL Technology Group Corporation,,CNE000001GL8,Technology,CHINA,19.1,6.5,6,3,25,Yes,1.0,No,0.0,Yes,1.0,Yes,1.0,Partial,0.0,Partial,0.5,No,0.0,No,0.0,No,0.0,No,0.0,No,0.0,No,0.0,No,0.0,No,0.0,No,0.0,Yes,1.0,No,0.0,Partial,0.0,No,0.0,Yes,1.0,No,0.0,No,0.0,No,0.0,No,0.0,No,0.0,No,0.0,No,0.0,No,0.0,No,0.0,No,0.0,Yes,1.0,No,0.0,No,0.0,No,0.0
1537,"TCL Zhonghuan Renewable Energy Technology Co.,Ltd.",,CNE1000000B8,Energy,CHINA,5.9,2.0,0,4,30,No,0.0,No,0.0,No,0.0,No,0.0,No,0.0,Partial,0.5,No,0.0,No,0.0,No,0.0,No,0.0,No,0.0,No,0.0,No,0.0,No,0.0,No,0.0,Partial,0.5,Partial,0.5,No,0.0,No,0.0,Partial,0.5,No,0.0,No,0.0,No,0.0,No,0.0,No,0.0,No,0.0,No,0.0,No,0.0,No,0.0,No,0.0,No,0.0,No,0.0,No,0.0,No,0.0
1501,"T&D Holdings, Inc.",,JP3539220008,Financials,JAPAN,0.0,0.0,0,0,34,No,0.0,No,0.0,No,0.0,No,0.0,No,0.0,No,0.0,No,0.0,No,0.0,No,0.0,No,0.0,No,0.0,No,0.0,No,0.0,No,0.0,No,0.0,No,0.0,No,0.0,No,0.0,No,0.0,No,0.0,No,0.0,No,0.0,No,0.0,No,0.0,No,0.0,No,0.0,No,0.0,No,0.0,No,0.0,No,0.0,No,0.0,No,0.0,No,0.0,No,0.0
33,TDK CORPORATION,,JP3538800008,Industrials,JAPAN,41.2,14.0,14,0,20,Yes,1.0,No,0.0,Yes,1.0,No,0.0,No,0.0,Yes,1.0,No,0.0,Yes,1.0,No,0.0,Yes,1.0,No,0.0,No,0.0,Yes,1.0,No,0.0,No,0.0,Yes,1.0,Yes,1.0,Yes,1.0,Yes,1.0,Yes,1.0,Yes,1.0,No,0.0,Yes,1.0,No,0.0,Yes,1.0,No,0.0,No,0.0,No,0.0,No,0.0,No,0.0,No,0.0,No,0.0,No,0.0,No,0.0
603,TECH MAHINDRA LIMITED,,INE669C01036,Technology,INDIA,26.5,9.0,9,0,25,Yes,1.0,No,0.0,Yes,1.0,Yes,1.0,No,0.0,Yes,1.0,No,0.0,Yes,1.0,No,0.0,Yes,1.0,No,0.0,No,0.0,No,0.0,No,0.0,No,0.0,No,0.0,Yes,1.0,No,0.0,No,0.0,No,0.0,No,0.0,No,0.0,No,0.0,No,0.0,Yes,1.0,No,0.0,No,0.0,No,0.0,No,0.0,No,0.0,No,0.0,No,0.0,Yes,1.0,No,0.0
451,TECHTRONIC INDUSTRIES COMPANY LIMITED,,HK0669013440,Industrials,HONG KONG,11.8,4.0,4,0,30,No,0.0,No,0.0,No,0.0,No,0.0,No,0.0,Yes,1.0,No,0.0,Yes,1.0,No,0.0,Yes,1.0,No,0.0,No,0.0,No,0.0,No,0.0,No,0.0,No,0.0,No,0.0,No,0.0,No,0.0,No,0.0,No,0.0,No,0.0,Yes,1.0,No,0.0,No,0.0,No,0.0,No,0.0,No,0.0,No,0.0,No,0.0,No,0.0,No,0.0,No,0.0,No,0.0
1524,TECK RESOURCES LTD,,CA8787422044,Basic Materials,CANADA,16.2,5.5,5,1,28,No,0.0,No,0.0,No,0.0,No,0.0,No,0.0,Yes,1.0,No,0.0,Yes,1.0,No,0.0,Yes,1.0,Partial,0.5,Yes,1.0,No,0.0,No,0.0,No,0.0,No,0.0,No,0.0,No,0.0,No,0.0,No,0.0,No,0.0,No,0.0,Yes,1.0,No,0.0,No,0.0,No,0.0,No,0.0,No,0.0,No,0.0,No,0.0,No,0.0,No,0.0,No,0.0,No,0.0
623,"TECO ELECTRIC & MACHINERY CO., LTD.",,TW0001504009,Industrials,TAIWAN,8.8,3.0,3,0,31,No,0.0,No,0.0,No,0.0,No,0.0,No,0.0,Yes,1.0,No,0.0,Yes,1.0,No,0.0,Yes,1.0,No,0.0,No,0.0,No,0.0,No,0.0,No,0.0,No,0.0,No,0.0,No,0.0,No,0.0,No,0.0,No,0.0,No,0.0,No,0.0,No,0.0,No,0.0,No,0.0,No,0.0,No,0.0,No,0.0,No,0.0,No,0.0,No,0.0,No,0.0,No,0.0
2414,TE CONNECTIVITY PUBLIC LIMITED COMPANY,,IE000IVNQZ81,Technology,UNITED STATES,0.0,0.0,0,0,34,No,0.0,No,0.0,No,0.0,No,0.0,No,0.0,No,0.0,No,0.0,No,0.0,No,0.0,No,0.0,No,0.0,No,0.0,No,0.0,No,0.0,No,0.0,No,0.0,No,0.0,No,0.0,No,0.0,No,0.0,No,0.0,No,0.0,No,0.0,No,0.0,No,0.0,No,0.0,No,0.0,No,0.0,No,0.0,No,0.0,No,0.0,No,0.0,No,0.0,No,0.0
1525,Tele2 AB,,SE0005190238,Telecommunications,SWEDEN,20.6,7.0,7,0,27,No,0.0,No,0.0,No,0.0,No,0.0,No,0.0,No,0.0,No,0.0,No,0.0,No,0.0,No,0.0,No,0.0,No,0.0,No,0.0,Yes,1.0,Yes,1.0,Yes,1.0,Yes,1.0,Yes,1.0,Yes,1.0,Yes,1.0,No,0.0,No,0.0,No,0.0,No,0.0,No,0.0,No,0.0,No,0.0,No,0.0,No,0.0,No,0.0,No,0.0,No,0.0,No,0.0,No,0.0
576,TELECOM ITALIA SPA,,IT0003497168,Telecommunications,ITALY,22.1,7.5,7,1,26,Yes,1.0,No,0.0,Yes,1.0,No,0.0,No,0.0,Yes,1.0,No,0.0,No,0.0,No,0.0,Yes,1.0,No,0.0,No,0.0,No,0.0,No,0.0,No,0.0,Yes,1.0,Partial,0.5,No,0.0,No,0.0,No,0.0,No,0.0,No,0.0,No,0.0,No,0.0,Yes,1.0,No,0.0,No,0.0,No,0.0,No,0.0,No,0.0,No,0.0,No,0.0,Yes,1.0,No,0.0
183,TELEDYNE TECHNOLOGIES INCORPORATED,,US8793601050,Industrials,UNITED STATES,17.6,6.0,6,0,28,No,0.0,No,0.0,No,0.0,Yes,1.0,No,0.0,Yes,1.0,No,0.0,No,0.0,No,0.0,No,0.0,Yes,1.0,Yes,1.0,No,0.0,No,0.0,No,0.0,No,0.0,No,0.0,No,0.0,No,0.0,No,0.0,No,0.0,No,0.0,No,0.0,No,0.0,No,0.0,No,0.0,No,0.0,No,0.0,No,0.0,No,0.0,Yes,1.0,No,0.0,Yes,1.0,No,0.0
1527,Telefonaktiebolaget LM Ericsson,,SE0000108656,Telecommunications,SWEDEN,2.9,1.0,1,0,33,No,0.0,No,0.0,No,0.0,No,0.0,No,0.0,No,0.0,No,0.0,No,0.0,No,0.0,No,0.0,No,0.0,No,0.0,No,0.0,No,0.0,No,0.0,No,0.0,No,0.0,No,0.0,No,0.0,No,0.0,No,0.0,No,0.0,No,0.0,No,0.0,No,0.0,No,0.0,No,0.0,No,0.0,Yes,1.0,No,0.0,No,0.0,No,0.0,No,0.0,No,0.0
1526,TELEFONICA BRASIL S.A,,BRVIVTACNOR0,Telecommunications,BRAZIL,38.2,13.0,12,2,20,Yes,1.0,No,0.0,No,0.0,Yes,1.0,No,0.0,Yes,1.0,No,0.0,Yes,1.0,No,0.0,Yes,1.0,Partial,0.5,No,0.0,No,0.0,No,0.0,No,0.0,Partial,0.5,Yes,1.0,Yes,1.0,Yes,1.0,Yes,1.0,No,0.0,No,0.0,No,0.0,No,0.0,Yes,1.0,Yes,1.0,No,0.0,No,0.0,No,0.0,Yes,1.0,No,0.0,No,0.0,No,0.0,No,0.0
1528,"Telefonica, S.A.",,ES0178430E18,Telecommunications,SPAIN,29.4,10.0,7,7,20,Yes,1.0,No,0.0,No,0.0,Partial,0.5,Partial,0.0,Yes,1.0,No,0.0,No,0.0,No,0.0,No,0.0,Partial,0.5,No,0.0,No,0.0,No,0.0,No,0.0,Partial,0.5,Yes,1.0,Partial,0.5,Yes,1.0,Yes,1.0,Yes,1.0,No,0.0,No,0.0,No,0.0,Partial,0.5,Partial,0.5,No,0.0,No,0.0,No,0.0,Yes,1.0,No,0.0,No,0.0,No,0.0,No,0.0
1529,TELEKOM MALAYSIA BERHAD,,MYL4863OO006,Telecommunications,MALAYSIA,23.5,8.0,6,4,24,Partial,0.5,No,0.0,No,0.0,No,0.0,No,0.0,Yes,1.0,No,0.0,Yes,1.0,No,0.0,Yes,1.0,No,0.0,No,0.0,No,0.0,No,0.0,No,0.0,Yes,1.0,Yes,1.0,Partial,0.5,No,0.0,No,0.0,No,0.0,No,0.0,No,0.0,No,0.0,Partial,0.5,No,0.0,No,0.0,No,0.0,Partial,0.5,No,0.0,Yes,1.0,No,0.0,No,0.0,No,0.0
798,TELENOR ASA,,NO0010063308,Telecommunications,NORWAY,30.9,10.5,10,1,23,Yes,1.0,No,0.0,No,0.0,Yes,1.0,No,0.0,Yes,1.0,No,0.0,Yes,1.0,No,0.0,No,0.0,No,0.0,No,0.0,No,0.0,No,0.0,No,0.0,Yes,1.0,Yes,1.0,Yes,1.0,Yes,1.0,No,0.0,No,0.0,No,0.0,No,0.0,No,0.0,No,0.0,No,0.0,No,0.0,No,0.0,Yes,1.0,Partial,0.5,Yes,1.0,No,0.0,No,0.0,No,0.0
1531,Telia Company AB,,SE0000667925,Telecommunications,SWEDEN,17.6,6.0,6,0,28,No,0.0,No,0.0,No,0.0,No,0.0,No,0.0,Yes,1.0,No,0.0,No,0.0,No,0.0,No,0.0,No,0.0,No,0.0,No,0.0,No,0.0,Yes,1.0,Yes,1.0,Yes,1.0,Yes,1.0,No,0.0,Yes,1.0,No,0.0,No,0.0,No,0.0,No,0.0,No,0.0,No,0.0,No,0.0,No,0.0,No,0.0,No,0.0,No,0.0,No,0.0,No,0.0,No,0.0
2357,TELSTRA GROUP LIMITED,,AU000000TLS2,Telecommunications,AUSTRALIA,42.6,14.5,14,2,18,Yes,1.0,No,0.0,No,0.0,Yes,1.0,Partial,0.0,Partial,0.5,No,0.0,Yes,1.0,No,0.0,No,0.0,Yes,1.0,No,0.0,No,0.0,Yes,1.0,No,0.0,Yes,1.0,Yes,1.0,Yes,1.0,Yes,1.0,Yes,1.0,Yes,1.0,No,0.0,No,0.0,No,0.0,Yes,1.0,No,0.0,No,0.0,No,0.0,No,0.0,Yes,1.0,Yes,1.0,No,0.0,No,0.0,No,0.0
2448,TELUS CORPORATION,,CA87971M1032,Telecommunications,CANADA,32.4,11.0,11,1,22,No,0.0,No,0.0,No,0.0,Yes,1.0,Partial,0.0,Yes,1.0,No,0.0,No,0.0,No,0.0,Yes,1.0,Yes,1.0,No,0.0,No,0.0,No,0.0,Yes,1.0,Yes,1.0,Yes,1.0,Yes,1.0,No,0.0,No,0.0,No,0.0,No,0.0,No,0.0,No,0.0,No,0.0,No,0.0,No,0.0,No,0.0,Yes,1.0,Yes,1.0,Yes,1.0,No,0.0,No,0.0,No,0.0
201,TENAGA NASIONAL BERHAD,,MYL5347OO009,Utilities,MALAYSIA,14.7,5.0,5,0,29,Yes,1.0,No,0.0,No,0.0,No,0.0,No,0.0,Yes,1.0,No,0.0,Yes,1.0,No,0.0,Yes,1.0,No,0.0,No,0.0,No,0.0,Yes,1.0,No,0.0,No,0.0,No,0.0,No,0.0,No,0.0,No,0.0,No,0.0,No,0.0,No,0.0,No,0.0,No,0.0,No,0.0,No,0.0,No,0.0,No,0.0,No,0.0,No,0.0,No,0.0,No,0.0,No,0.0
799,TENARIS S.A.,,LU2598331598,Energy,LUXEMBOURG,0.0,0.0,0,0,34,No,0.0,No,0.0,No,0.0,No,0.0,No,0.0,No,0.0,No,0.0,No,0.0,No,0.0,No,0.0,No,0.0,No,0.0,No,0.0,No,0.0,No,0.0,No,0.0,No,0.0,No,0.0,No,0.0,No,0.0,No,0.0,No,0.0,No,0.0,No,0.0,No,0.0,No,0.0,No,0.0,No,0.0,No,0.0,No,0.0,No,0.0,No,0.0,No,0.0,No,0.0
689,Tencent Holdings Limited,,KYG875721634,Technology,HONG KONG,38.2,13.0,13,0,21,Yes,1.0,No,0.0,No,0.0,No,0.0,No,0.0,Yes,1.0,Yes,1.0,Yes,1.0,No,0.0,Yes,1.0,No,0.0,No,0.0,No,0.0,Yes,1.0,Yes,1.0,Yes,1.0,Yes,1.0,Yes,1.0,Yes,1.0,Yes,1.0,Yes,1.0,No,0.0,No,0.0,No,0.0,No,0.0,No,0.0,No,0.0,No,0.0,No,0.0,No,0.0,No,0.0,No,0.0,No,0.0,No,0.0
2191,TENCENT MUSIC ENTERTAINMENT GROUP,,KYG875771134,Technology,CHINA,17.6,6.0,6,1,27,No,0.0,No,0.0,No,0.0,Yes,1.0,Partial,0.0,Yes,1.0,No,0.0,Yes,1.0,No,0.0,Yes,1.0,No,0.0,No,0.0,No,0.0,No,0.0,No,0.0,Yes,1.0,No,0.0,No,0.0,Yes,1.0,No,0.0,No,0.0,No,0.0,No,0.0,No,0.0,No,0.0,No,0.0,No,0.0,No,0.0,No,0.0,No,0.0,No,0.0,No,0.0,No,0.0,No,0.0
1532,"TERADYNE, INC.",,US8807701029,Technology,UNITED STATES,17.6,6.0,6,0,28,No,0.0,No,0.0,No,0.0,No,0.0,No,0.0,Yes,1.0,No,0.0,No,0.0,No,0.0,No,0.0,Yes,1.0,No,0.0,No,0.0,Yes,1.0,No,0.0,Yes,1.0,No,0.0,No,0.0,No,0.0,No,0.0,No,0.0,No,0.0,No,0.0,No,0.0,No,0.0,No,0.0,No,0.0,No,0.0,No,0.0,No,0.0,Yes,1.0,No,0.0,Yes,1.0,No,0.0
1503,TERNA - RETE ELETTRICA NAZIONALE SOCIETA PER AZIONI,,IT0003242622,Utilities,ITALY,11.8,4.0,4,0,30,No,0.0,No,0.0,No,0.0,No,0.0,No,0.0,Yes,1.0,No,0.0,Yes,1.0,No,0.0,Yes,1.0,No,0.0,No,0.0,No,0.0,No,0.0,No,0.0,No,0.0,No,0.0,No,0.0,No,0.0,No,0.0,Yes,1.0,No,0.0,No,0.0,No,0.0,No,0.0,No,0.0,No,0.0,No,0.0,No,0.0,No,0.0,No,0.0,No,0.0,No,0.0,No,0.0
1504,TERUMO CORPORATION,,JP3546800008,Health Care,JAPAN,8.8,3.0,3,0,31,No,0.0,No,0.0,No,0.0,No,0.0,No,0.0,Yes,1.0,No,0.0,Yes,1.0,No,0.0,Yes,1.0,No,0.0,No,0.0,No,0.0,No,0.0,No,0.0,No,0.0,No,0.0,No,0.0,No,0.0,No,0.0,No,0.0,No,0.0,No,0.0,No,0.0,No,0.0,No,0.0,No,0.0,No,0.0,No,0.0,No,0.0,No,0.0,No,0.0,No,0.0,No,0.0
800,TESCO PLC,,GB00BLGZ9862,Consumer Staples,UNITED KINGDOM,0.0,0.0,0,0,34,No,0.0,No,0.0,No,0.0,No,0.0,No,0.0,No,0.0,No,0.0,No,0.0,No,0.0,No,0.0,No,0.0,No,0.0,No,0.0,No,0.0,No,0.0,No,0.0,No,0.0,No,0.0,No,0.0,No,0.0,No,0.0,No,0.0,No,0.0,No,0.0,No,0.0,No,0.0,No,0.0,No,0.0,No,0.0,No,0.0,No,0.0,No,0.0,No,0.0,No,0.0
2412,"TESLA, INC.",,US88160R1014,Consumer Discretion,UNITED STATES,0.0,0.0,0,0,34,No,0.0,No,0.0,No,0.0,No,0.0,No,0.0,No,0.0,No,0.0,No,0.0,No,0.0,No,0.0,No,0.0,No,0.0,No,0.0,No,0.0,No,0.0,No,0.0,No,0.0,No,0.0,No,0.0,No,0.0,No,0.0,No,0.0,No,0.0,No,0.0,No,0.0,No,0.0,No,0.0,No,0.0,No,0.0,No,0.0,No,0.0,No,0.0,No,0.0,No,0.0
1533,TEVA PHARMACEUTICAL INDUSTRIES LIMITED...,,IL0006290147,Health Care,ISRAEL,38.2,13.0,13,0,21,Yes,1.0,No,0.0,No,0.0,Yes,1.0,Yes,1.0,Yes,1.0,No,0.0,Yes,1.0,No,0.0,Yes,1.0,Yes,1.0,Yes,1.0,No,0.0,No,0.0,No,0.0,Yes,1.0,Yes,1.0,Yes,1.0,No,0.0,No,0.0,No,0.0,No,0.0,No,0.0,No,0.0,Yes,1.0,No,0.0,No,0.0,No,0.0,No,0.0,No,0.0,Yes,1.0,No,0.0,No,0.0,No,0.0
1534,TEXAS INSTRUMENTS INCORPORATED,,US8825081040,Technology,UNITED STATES,5.9,2.0,2,0,32,No,0.0,No,0.0,No,0.0,No,0.0,No,0.0,Yes,1.0,No,0.0,No,0.0,No,0.0,Yes,1.0,No,0.0,No,0.0,No,0.0,No,0.0,No,0.0,No,0.0,No,0.0,No,0.0,No,0.0,No,0.0,No,0.0,No,0.0,No,0.0,No,0.0,No,0.0,No,0.0,No,0.0,No,0.0,No,0.0,No,0.0,No,0.0,No,0.0,No,0.0,No,0.0
2290,TEXAS PACIFIC LAND CORPORATION,,US88262P1021,Energy,UNITED STATES,1.5,0.5,0,2,32,No,0.0,No,0.0,No,0.0,Partial,0.0,No,0.0,No,0.0,No,0.0,No,0.0,No,0.0,No,0.0,No,0.0,No,0.0,No,0.0,No,0.0,No,0.0,No,0.0,No,0.0,No,0.0,No,0.0,No,0.0,No,0.0,No,0.0,No,0.0,No,0.0,No,0.0,No,0.0,No,0.0,Partial,0.5,No,0.0,No,0.0,No,0.0,No,0.0,No,0.0,No,0.0
1535,TEXTRON INC.,,US8832031012,Industrials,UNITED STATES,17.6,6.0,6,0,28,No,0.0,No,0.0,Yes,1.0,No,0.0,No,0.0,Yes,1.0,No,0.0,Yes,1.0,No,0.0,Yes,1.0,No,0.0,No,0.0,No,0.0,No,0.0,No,0.0,No,0.0,No,0.0,No,0.0,No,0.0,No,0.0,No,0.0,No,0.0,No,0.0,No,0.0,No,0.0,No,0.0,No,0.0,Yes,1.0,No,0.0,No,0.0,Yes,1.0,No,0.0,No,0.0,No,0.0
1647,TFI International Inc.,,CA87241L1094,Industrials,CANADA,2.9,1.0,1,0,33,No,0.0,No,0.0,No,0.0,No,0.0,No,0.0,No,0.0,No,0.0,No,0.0,No,0.0,No,0.0,No,0.0,No,0.0,No,0.0,No,0.0,No,0.0,No,0.0,Yes,1.0,No,0.0,No,0.0,No,0.0,No,0.0,No,0.0,No,0.0,No,0.0,No,0.0,No,0.0,No,0.0,No,0.0,No,0.0,No,0.0,No,0.0,No,0.0,No,0.0,No,0.0
801,THALES SA,,FR0000121329,Industrials,FRANCE,0.0,0.0,0,0,34,No,0.0,No,0.0,No,0.0,No,0.0,No,0.0,No,0.0,No,0.0,No,0.0,No,0.0,No,0.0,No,0.0,No,0.0,No,0.0,No,0.0,No,0.0,No,0.0,No,0.0,No,0.0,No,0.0,No,0.0,No,0.0,No,0.0,No,0.0,No,0.0,No,0.0,No,0.0,No,0.0,No,0.0,No,0.0,No,0.0,No,0.0,No,0.0,No,0.0,No,0.0
849,THE ALLSTATE CORPORATION,,US0200021014,Financials,UNITED STATES,29.4,10.0,10,0,24,Yes,1.0,No,0.0,No,0.0,Yes,1.0,No,0.0,Yes,1.0,No,0.0,Yes,1.0,No,0.0,No,0.0,Yes,1.0,No,0.0,No,0.0,Yes,1.0,No,0.0,Yes,1.0,No,0.0,Yes,1.0,No,0.0,Yes,1.0,No,0.0,No,0.0,No,0.0,No,0.0,Yes,1.0,No,0.0,No,0.0,No,0.0,No,0.0,No,0.0,No,0.0,No,0.0,No,0.0,No,0.0
447,THE BANK OF BARODA LIMITED,,INE028A01039,Financials,INDIA,2.9,1.0,1,0,33,No,0.0,No,0.0,No,0.0,No,0.0,No,0.0,Yes,1.0,No,0.0,No,0.0,No,0.0,No,0.0,No,0.0,No,0.0,No,0.0,No,0.0,No,0.0,No,0.0,No,0.0,No,0.0,No,0.0,No,0.0,No,0.0,No,0.0,No,0.0,No,0.0,No,0.0,No,0.0,No,0.0,No,0.0,No,0.0,No,0.0,No,0.0,No,0.0,No,0.0,No,0.0
912,The Bank of New York Mellon Corporation,,US0640581007,Financials,UNITED STATES,41.2,14.0,14,2,18,Yes,1.0,No,0.0,No,0.0,No,0.0,Partial,0.0,Yes,1.0,Yes,1.0,Yes,1.0,Yes,1.0,Yes,1.0,Yes,1.0,No,0.0,No,0.0,No,0.0,No,0.0,No,0.0,No,0.0,No,0.0,No,0.0,No,0.0,Yes,1.0,No,0.0,No,0.0,No,0.0,Yes,1.0,Yes,1.0,Partial,0.0,Yes,1.0,Yes,1.0,No,0.0,Yes,1.0,No,0.0,Yes,1.0,No,0.0
66,THE BANK OF NOVA SCOTIA,,CA0641491075,Financials,CANADA,32.4,11.0,11,0,23,Yes,1.0,No,0.0,No,0.0,Yes,1.0,No,0.0,Yes,1.0,No,0.0,Yes,1.0,No,0.0,No,0.0,Yes,1.0,No,0.0,No,0.0,No,0.0,No,0.0,Yes,1.0,Yes,1.0,Yes,1.0,No,0.0,No,0.0,Yes,1.0,No,0.0,Yes,1.0,No,0.0,No,0.0,No,0.0,No,0.0,No,0.0,No,0.0,No,0.0,Yes,1.0,No,0.0,No,0.0,No,0.0
923,THE BIDVEST GROUP LIMITED,,ZAE000117321,Industrials,SOUTH AFRICA,17.6,6.0,6,0,28,No,0.0,No,0.0,No,0.0,No,0.0,No,0.0,Yes,1.0,No,0.0,No,0.0,No,0.0,Yes,1.0,Yes,1.0,No,0.0,No,0.0,No,0.0,No,0.0,Yes,1.0,Yes,1.0,Yes,1.0,No,0.0,No,0.0,No,0.0,No,0.0,No,0.0,No,0.0,No,0.0,No,0.0,No,0.0,No,0.0,No,0.0,No,0.0,No,0.0,No,0.0,No,0.0,No,0.0
450,THE BOEING COMPANY,,US0970231058,Industrials,UNITED STATES,14.7,5.0,5,0,29,No,0.0,No,0.0,No,0.0,No,0.0,No,0.0,Yes,1.0,No,0.0,Yes,1.0,No,0.0,Yes,1.0,No,0.0,No,0.0,No,0.0,No,0.0,No,0.0,No,0.0,Yes,1.0,No,0.0,No,0.0,No,0.0,No,0.0,No,0.0,No,0.0,No,0.0,No,0.0,No,0.0,No,0.0,No,0.0,No,0.0,No,0.0,Yes,1.0,No,0.0,No,0.0,No,0.0
446,THE CANARA BANK LIMITED,,INE476A01022,Financials,INDIA,20.6,7.0,7,0,27,Yes,1.0,No,0.0,No,0.0,Yes,1.0,No,0.0,Yes,1.0,No,0.0,Yes,1.0,No,0.0,Yes,1.0,No,0.0,No,0.0,No,0.0,No,0.0,No,0.0,No,0.0,No,0.0,No,0.0,No,0.0,No,0.0,Yes,1.0,No,0.0,No,0.0,No,0.0,No,0.0,No,0.0,No,0.0,Yes,1.0,No,0.0,No,0.0,No,0.0,No,0.0,No,0.0,No,0.0
1907,THE CARLYLE GROUP INC.,,US14316J1088,Financials,UNITED STATES,2.9,1.0,1,0,33,No,0.0,No,0.0,Yes,1.0,No,0.0,No,0.0,No,0.0,No,0.0,No,0.0,No,0.0,No,0.0,No,0.0,No,0.0,No,0.0,No,0.0,No,0.0,No,0.0,No,0.0,No,0.0,No,0.0,No,0.0,No,0.0,No,0.0,No,0.0,No,0.0,No,0.0,No,0.0,No,0.0,No,0.0,No,0.0,No,0.0,No,0.0,No,0.0,No,0.0,No,0.0
166,THE CHARLES SCHWAB CORPORATION,,US8085131055,Financials,UNITED STATES,11.8,4.0,2,4,28,Yes,1.0,No,0.0,No,0.0,Yes,1.0,No,0.0,Partial,0.5,No,0.0,Partial,0.5,No,0.0,Partial,0.5,No,0.0,No,0.0,No,0.0,No,0.0,No,0.0,No,0.0,No,0.0,No,0.0,No,0.0,No,0.0,No,0.0,No,0.0,No,0.0,No,0.0,No,0.0,No,0.0,No,0.0,No,0.0,No,0.0,No,0.0,Partial,0.5,No,0.0,No,0.0,No,0.0
500,"The Chiba Bank, Ltd.",,JP3511800009,Financials,JAPAN,38.2,13.0,13,0,21,Yes,1.0,No,0.0,Yes,1.0,Yes,1.0,No,0.0,Yes,1.0,No,0.0,Yes,1.0,No,0.0,Yes,1.0,No,0.0,No,0.0,No,0.0,No,0.0,Yes,1.0,Yes,1.0,Yes,1.0,Yes,1.0,No,0.0,No,0.0,Yes,1.0,No,0.0,No,0.0,No,0.0,Yes,1.0,No,0.0,No,0.0,Yes,1.0,No,0.0,No,0.0,No,0.0,No,0.0,No,0.0,No,0.0
2178,THE CIGNA GROUP,,US1255231003,Health Care,UNITED STATES,41.2,14.0,13,2,19,Yes,1.0,No,0.0,No,0.0,Yes,1.0,Yes,1.0,Yes,1.0,No,0.0,No,0.0,No,0.0,Yes,1.0,Partial,0.5,Partial,0.5,No,0.0,Yes,1.0,Yes,1.0,Yes,1.0,Yes,1.0,Yes,1.0,Yes,1.0,No,0.0,No,0.0,No,0.0,No,0.0,No,0.0,Yes,1.0,No,0.0,No,0.0,No,0.0,No,0.0,No,0.0,Yes,1.0,No,0.0,No,0.0,No,0.0
221,THE CLOROX COMPANY,,US1890541097,Consumer Staples,UNITED STATES,20.6,7.0,7,0,27,No,0.0,No,0.0,No,0.0,Yes,1.0,No,0.0,Yes,1.0,No,0.0,Yes,1.0,No,0.0,Yes,1.0,No,0.0,No,0.0,No,0.0,No,0.0,No,0.0,No,0.0,No,0.0,No,0.0,No,0.0,No,0.0,No,0.0,No,0.0,No,0.0,No,0.0,Yes,1.0,No,0.0,No,0.0,No,0.0,No,0.0,No,0.0,Yes,1.0,No,0.0,Yes,1.0,No,0.0
759,THE COCA-COLA COMPANY,,US1912161007,Consumer Staples,UNITED STATES,2.9,1.0,0,2,32,No,0.0,No,0.0,No,0.0,No,0.0,No,0.0,No,0.0,No,0.0,No,0.0,No,0.0,No,0.0,No,0.0,No,0.0,No,0.0,Partial,0.5,No,0.0,Partial,0.5,No,0.0,No,0.0,No,0.0,No,0.0,No,0.0,No,0.0,No,0.0,No,0.0,No,0.0,No,0.0,No,0.0,No,0.0,No,0.0,No,0.0,No,0.0,No,0.0,No,0.0,No,0.0
999,The Commercial Bank (P.S.Q.C.),,QA0007227752,Financials,QATAR,26.5,9.0,9,0,25,Yes,1.0,No,0.0,Yes,1.0,Yes,1.0,No,0.0,Yes,1.0,Yes,1.0,Yes,1.0,No,0.0,Yes,1.0,No,0.0,No,0.0,No,0.0,No,0.0,No,0.0,No,0.0,No,0.0,No,0.0,No,0.0,No,0.0,Yes,1.0,No,0.0,Yes,1.0,No,0.0,No,0.0,No,0.0,No,0.0,No,0.0,No,0.0,No,0.0,No,0.0,No,0.0,No,0.0,No,0.0
355,The Company for Cooperative Insurance SJSC,,SA000A0DPSH3,Financials,SAUDI ARABIA,0.0,0.0,0,0,34,No,0.0,No,0.0,No,0.0,No,0.0,No,0.0,No,0.0,No,0.0,No,0.0,No,0.0,No,0.0,No,0.0,No,0.0,No,0.0,No,0.0,No,0.0,No,0.0,No,0.0,No,0.0,No,0.0,No,0.0,No,0.0,No,0.0,No,0.0,No,0.0,No,0.0,No,0.0,No,0.0,No,0.0,No,0.0,No,0.0,No,0.0,No,0.0,No,0.0,No,0.0
491,"THE COOPER COMPANIES, INC.",,US2166485019,Health Care,UNITED STATES,8.8,3.0,3,0,31,No,0.0,No,0.0,No,0.0,No,0.0,No,0.0,No,0.0,No,0.0,No,0.0,No,0.0,No,0.0,No,0.0,No,0.0,No,0.0,No,0.0,No,0.0,Yes,1.0,Yes,1.0,No,0.0,No,0.0,Yes,1.0,No,0.0,No,0.0,No,0.0,No,0.0,No,0.0,No,0.0,No,0.0,No,0.0,No,0.0,No,0.0,No,0.0,No,0.0,No,0.0,No,0.0
2339,The Descartes Systems Group Inc.,,CA2499061083,Technology,CANADA,14.7,5.0,4,3,27,No,0.0,No,0.0,No,0.0,No,0.0,Partial,0.0,Partial,0.5,No,0.0,Yes,1.0,No,0.0,Partial,0.5,Yes,1.0,No,0.0,No,0.0,No,0.0,No,0.0,No,0.0,Yes,1.0,No,0.0,No,0.0,No,0.0,No,0.0,No,0.0,Yes,1.0,No,0.0,No,0.0,No,0.0,No,0.0,No,0.0,No,0.0,No,0.0,No,0.0,No,0.0,No,0.0,No,0.0
1074,THE ESTEE LAUDER COMPANIES INC.,,US5184391044,Consumer Discretion,UNITED STATES,14.7,5.0,5,0,29,Yes,1.0,No,0.0,Yes,1.0,Yes,1.0,No,0.0,Yes,1.0,No,0.0,No,0.0,No,0.0,No,0.0,No,0.0,No,0.0,No,0.0,No,0.0,No,0.0,No,0.0,No,0.0,No,0.0,No,0.0,No,0.0,No,0.0,No,0.0,No,0.0,No,0.0,No,0.0,No,0.0,No,0.0,No,0.0,No,0.0,No,0.0,Yes,1.0,No,0.0,No,0.0,No,0.0
1114,"THE GOLDMAN SACHS GROUP, INC.",,US38141G1040,Financials,UNITED STATES,0.0,0.0,0,0,34,No,0.0,No,0.0,No,0.0,No,0.0,No,0.0,No,0.0,No,0.0,No,0.0,No,0.0,No,0.0,No,0.0,No,0.0,No,0.0,No,0.0,No,0.0,No,0.0,No,0.0,No,0.0,No,0.0,No,0.0,No,0.0,No,0.0,No,0.0,No,0.0,No,0.0,No,0.0,No,0.0,No,0.0,No,0.0,No,0.0,No,0.0,No,0.0,No,0.0,No,0.0
1137,"THE HARTFORD INSURANCE GROUP, INC.",,US4165151048,Financials,UNITED STATES,35.3,12.0,12,2,20,Yes,1.0,No,0.0,No,0.0,Partial,0.0,Partial,0.0,Yes,1.0,No,0.0,Yes,1.0,No,0.0,Yes,1.0,Yes,1.0,No,0.0,No,0.0,Yes,1.0,No,0.0,Yes,1.0,Yes,1.0,Yes,1.0,No,0.0,Yes,1.0,No,0.0,No,0.0,No,0.0,No,0.0,No,0.0,No,0.0,No,0.0,No,0.0,No,0.0,No,0.0,Yes,1.0,No,0.0,Yes,1.0,No,0.0
1146,THE HERSHEY COMPANY,,US4278661081,Consumer Staples,UNITED STATES,0.0,0.0,0,0,34,No,0.0,No,0.0,No,0.0,No,0.0,No,0.0,No,0.0,No,0.0,No,0.0,No,0.0,No,0.0,No,0.0,No,0.0,No,0.0,No,0.0,No,0.0,No,0.0,No,0.0,No,0.0,No,0.0,No,0.0,No,0.0,No,0.0,No,0.0,No,0.0,No,0.0,No,0.0,No,0.0,No,0.0,No,0.0,No,0.0,No,0.0,No,0.0,No,0.0,No,0.0
644,"THE HOME DEPOT, INC.",,US4370761029,Consumer Discretion,UNITED STATES,14.7,5.0,5,0,29,Yes,1.0,No,0.0,No,0.0,No,0.0,No,0.0,Yes,1.0,No,0.0,No,0.0,No,0.0,No,0.0,Yes,1.0,No,0.0,No,0.0,No,0.0,No,0.0,Yes,1.0,No,0.0,No,0.0,No,0.0,No,0.0,No,0.0,No,0.0,No,0.0,No,0.0,No,0.0,No,0.0,No,0.0,No,0.0,No,0.0,No,0.0,Yes,1.0,No,0.0,No,0.0,No,0.0
1152,THE HONG KONG AND CHINA GAS COMPANY LIMITED,,HK0003000038,Utilities,HONG KONG,26.5,9.0,9,0,25,Yes,1.0,No,0.0,No,0.0,No,0.0,No,0.0,Yes,1.0,No,0.0,Yes,1.0,No,0.0,Yes,1.0,No,0.0,No,0.0,No,0.0,No,0.0,No,0.0,Yes,1.0,Yes,1.0,No,0.0,Yes,1.0,No,0.0,No,0.0,No,0.0,No,0.0,No,0.0,Yes,1.0,No,0.0,No,0.0,Yes,1.0,No,0.0,No,0.0,No,0.0,No,0.0,No,0.0,No,0.0
1171,THE INDIAN HOTELS COMPANY LIMITED,,INE053A01029,Consumer Discretion,INDIA,0.0,0.0,0,0,34,No,0.0,No,0.0,No,0.0,No,0.0,No,0.0,No,0.0,No,0.0,No,0.0,No,0.0,No,0.0,No,0.0,No,0.0,No,0.0,No,0.0,No,0.0,No,0.0,No,0.0,No,0.0,No,0.0,No,0.0,No,0.0,No,0.0,No,0.0,No,0.0,No,0.0,No,0.0,No,0.0,No,0.0,No,0.0,No,0.0,No,0.0,No,0.0,No,0.0,No,0.0
1217,"The Kansai Electric Power Company, Incorporated",,JP3228600007,Utilities,JAPAN,4.4,1.5,0,3,31,No,0.0,No,0.0,No,0.0,No,0.0,No,0.0,Partial,0.5,No,0.0,Partial,0.5,No,0.0,Partial,0.5,No,0.0,No,0.0,No,0.0,No,0.0,No,0.0,No,0.0,No,0.0,No,0.0,No,0.0,No,0.0,No,0.0,No,0.0,No,0.0,No,0.0,No,0.0,No,0.0,No,0.0,No,0.0,No,0.0,No,0.0,No,0.0,No,0.0,No,0.0,No,0.0
1947,THE KRAFT HEINZ COMPANY,,US5007541064,Consumer Staples,UNITED STATES,14.7,5.0,5,0,29,Yes,1.0,No,0.0,No,0.0,No,0.0,No,0.0,Yes,1.0,No,0.0,No,0.0,No,0.0,No,0.0,Yes,1.0,Yes,1.0,No,0.0,No,0.0,No,0.0,No,0.0,No,0.0,No,0.0,No,0.0,Yes,1.0,No,0.0,No,0.0,No,0.0,No,0.0,No,0.0,No,0.0,No,0.0,No,0.0,No,0.0,No,0.0,No,0.0,No,0.0,No,0.0,No,0.0
1236,THE KROGER CO.,,US5010441013,Consumer Staples,UNITED STATES,35.3,12.0,12,1,21,Yes,1.0,No,0.0,No,0.0,Yes,1.0,Partial,0.0,Yes,1.0,No,0.0,Yes,1.0,No,0.0,Yes,1.0,No,0.0,No,0.0,No,0.0,Yes,1.0,No,0.0,Yes,1.0,Yes,1.0,Yes,1.0,No,0.0,Yes,1.0,No,0.0,No,0.0,No,0.0,No,0.0,No,0.0,No,0.0,No,0.0,No,0.0,No,0.0,No,0.0,Yes,1.0,No,0.0,Yes,1.0,No,0.0
2073,THE LOTTERY CORPORATION LIMITED,,AU0000219529,Consumer Discretion,AUSTRALIA,14.7,5.0,4,4,26,Yes,1.0,No,0.0,No,0.0,No,0.0,Partial,0.0,Partial,0.5,No,0.0,Yes,1.0,No,0.0,Partial,0.5,No,0.0,No,0.0,No,0.0,No,0.0,No,0.0,Partial,0.0,No,0.0,No,0.0,No,0.0,No,0.0,No,0.0,No,0.0,No,0.0,No,0.0,Yes,1.0,No,0.0,No,0.0,No,0.0,No,0.0,Yes,1.0,No,0.0,No,0.0,No,0.0,No,0.0
2442,The Magnum Ice Cream Company N.V.,,NL0015002MS2,Consumer Staples,NETHERLANDS,5.9,2.0,2,0,32,No,0.0,No,0.0,No,0.0,No,0.0,No,0.0,Yes,1.0,No,0.0,No,0.0,No,0.0,No,0.0,No,0.0,No,0.0,No,0.0,No,0.0,No,0.0,No,0.0,No,0.0,No,0.0,No,0.0,No,0.0,No,0.0,No,0.0,No,0.0,No,0.0,No,0.0,No,0.0,No,0.0,Yes,1.0,No,0.0,No,0.0,No,0.0,No,0.0,No,0.0,No,0.0
1919,The People's Insurance Company (Group) of China Limited,,CNE100003F27,Financials,CHINA,8.8,3.0,2,3,29,No,0.0,No,0.0,No,0.0,No,0.0,No,0.0,Partial,0.5,Partial,0.0,Yes,1.0,No,0.0,Partial,0.5,No,0.0,No,0.0,No,0.0,No,0.0,No,0.0,No,0.0,No,0.0,No,0.0,No,0.0,No,0.0,Yes,1.0,No,0.0,No,0.0,No,0.0,No,0.0,No,0.0,No,0.0,No,0.0,No,0.0,No,0.0,No,0.0,No,0.0,No,0.0,No,0.0
1363,THE PHOENIX MILLS LIMITED,,INE211B01039,Real Estate,INDIA,0.0,0.0,0,0,34,No,0.0,No,0.0,No,0.0,No,0.0,No,0.0,No,0.0,No,0.0,No,0.0,No,0.0,No,0.0,No,0.0,No,0.0,No,0.0,No,0.0,No,0.0,No,0.0,No,0.0,No,0.0,No,0.0,No,0.0,No,0.0,No,0.0,No,0.0,No,0.0,No,0.0,No,0.0,No,0.0,No,0.0,No,0.0,No,0.0,No,0.0,No,0.0,No,0.0,No,0.0
171,"THE PNC FINANCIAL SERVICES GROUP, INC.",,US6934751057,Financials,UNITED STATES,23.5,8.0,8,0,26,No,0.0,No,0.0,No,0.0,Yes,1.0,No,0.0,Yes,1.0,No,0.0,Yes,1.0,No,0.0,Yes,1.0,No,0.0,No,0.0,No,0.0,No,0.0,No,0.0,Yes,1.0,Yes,1.0,Yes,1.0,No,0.0,No,0.0,No,0.0,No,0.0,No,0.0,No,0.0,No,0.0,No,0.0,No,0.0,No,0.0,No,0.0,No,0.0,Yes,1.0,No,0.0,No,0.0,No,0.0
1370,THE PROCTER & GAMBLE COMPANY,,US7427181091,Consumer Staples,UNITED STATES,17.6,6.0,6,0,28,No,0.0,No,0.0,No,0.0,No,0.0,No,0.0,Yes,1.0,No,0.0,Yes,1.0,No,0.0,Yes,1.0,Yes,1.0,No,0.0,No,0.0,No,0.0,No,0.0,No,0.0,No,0.0,No,0.0,No,0.0,No,0.0,No,0.0,No,0.0,No,0.0,No,0.0,No,0.0,No,0.0,No,0.0,No,0.0,No,0.0,Yes,1.0,Yes,1.0,No,0.0,No,0.0,No,0.0
578,THE PROGRESSIVE CORPORATION,,US7433151039,Financials,UNITED STATES,20.6,7.0,7,0,27,No,0.0,No,0.0,No,0.0,Yes,1.0,No,0.0,Yes,1.0,No,0.0,Yes,1.0,No,0.0,No,0.0,Yes,1.0,Yes,1.0,No,0.0,No,0.0,No,0.0,Yes,1.0,No,0.0,No,0.0,No,0.0,No,0.0,No,0.0,No,0.0,No,0.0,No,0.0,No,0.0,No,0.0,No,0.0,No,0.0,No,0.0,No,0.0,Yes,1.0,No,0.0,No,0.0,No,0.0
803,THERMO FISHER SCIENTIFIC INCORPORATED,,US8835561023,Health Care,UNITED STATES,41.2,14.0,14,0,20,Yes,1.0,No,0.0,No,0.0,Yes,1.0,Yes,1.0,Yes,1.0,No,0.0,Yes,1.0,No,0.0,Yes,1.0,Yes,1.0,No,0.0,No,0.0,Yes,1.0,No,0.0,Yes,1.0,Yes,1.0,Yes,1.0,Yes,1.0,Yes,1.0,Yes,1.0,No,0.0,No,0.0,No,0.0,No,0.0,No,0.0,No,0.0,No,0.0,No,0.0,No,0.0,No,0.0,No,0.0,No,0.0,No,0.0
1433,THE SAGE GROUP PLC.,,GB00B8C3BL03,Technology,UNITED KINGDOM,47.1,16.0,16,0,18,Yes,1.0,No,0.0,No,0.0,Yes,1.0,Yes,1.0,Yes,1.0,No,0.0,Yes,1.0,No,0.0,Yes,1.0,No,0.0,No,0.0,No,0.0,Yes,1.0,No,0.0,Yes,1.0,Yes,1.0,Yes,1.0,Yes,1.0,Yes,1.0,No,0.0,No,0.0,No,0.0,No,0.0,Yes,1.0,No,0.0,No,0.0,Yes,1.0,No,0.0,Yes,1.0,Yes,1.0,No,0.0,No,0.0,No,0.0
391,THE SAUDI INVESTMENT BANK SJSC,,SA0007879063,Financials,SAUDI ARABIA,0.0,0.0,0,0,34,No,0.0,No,0.0,No,0.0,No,0.0,No,0.0,No,0.0,No,0.0,No,0.0,No,0.0,No,0.0,No,0.0,No,0.0,No,0.0,No,0.0,No,0.0,No,0.0,No,0.0,No,0.0,No,0.0,No,0.0,No,0.0,No,0.0,No,0.0,No,0.0,No,0.0,No,0.0,No,0.0,No,0.0,No,0.0,No,0.0,No,0.0,No,0.0,No,0.0,No,0.0
1688,The Saudi National Bank SJSC,,SA13L050IE10,Financials,SAUDI ARABIA,5.9,2.0,2,1,31,No,0.0,No,0.0,No,0.0,No,0.0,No,0.0,Yes,1.0,No,0.0,No,0.0,No,0.0,Partial,0.0,No,0.0,No,0.0,No,0.0,No,0.0,No,0.0,No,0.0,No,0.0,No,0.0,No,0.0,No,0.0,No,0.0,No,0.0,No,0.0,No,0.0,Yes,1.0,No,0.0,No,0.0,No,0.0,No,0.0,No,0.0,No,0.0,No,0.0,No,0.0,No,0.0
1668,"THE SHANGHAI COMMERCIAL & SAVINGS BANK, LTD.",,TW0005876007,Financials,TAIWAN,2.9,1.0,1,1,32,Yes,1.0,No,0.0,No,0.0,No,0.0,Partial,0.0,No,0.0,No,0.0,No,0.0,No,0.0,No,0.0,No,0.0,No,0.0,No,0.0,No,0.0,No,0.0,No,0.0,No,0.0,No,0.0,No,0.0,No,0.0,No,0.0,No,0.0,No,0.0,No,0.0,No,0.0,No,0.0,No,0.0,No,0.0,No,0.0,No,0.0,No,0.0,No,0.0,No,0.0,No,0.0
1460,THE SHERWIN-WILLIAMS COMPANY,,US8243481061,Industrials,UNITED STATES,5.9,2.0,2,0,32,No,0.0,No,0.0,No,0.0,No,0.0,No,0.0,No,0.0,No,0.0,No,0.0,No,0.0,No,0.0,Yes,1.0,No,0.0,No,0.0,No,0.0,No,0.0,No,0.0,No,0.0,No,0.0,No,0.0,No,0.0,No,0.0,No,0.0,No,0.0,No,0.0,No,0.0,No,0.0,No,0.0,No,0.0,No,0.0,No,0.0,Yes,1.0,No,0.0,No,0.0,No,0.0
589,The Siam Cement Public Company Limited,,TH0003010Z04,Industrials,THAILAND,20.6,7.0,5,4,25,Yes,1.0,No,0.0,No,0.0,Partial,0.5,No,0.0,Partial,0.5,No,0.0,Partial,0.5,No,0.0,Partial,0.5,Yes,1.0,No,0.0,No,0.0,No,0.0,No,0.0,Yes,1.0,No,0.0,Yes,1.0,No,0.0,No,0.0,No,0.0,No,0.0,No,0.0,No,0.0,Yes,1.0,No,0.0,No,0.0,No,0.0,No,0.0,No,0.0,No,0.0,No,0.0,No,0.0,No,0.0
11,THE SOUTHERN COMPANY,,US8425871071,Utilities,UNITED STATES,38.2,13.0,13,0,21,Yes,1.0,No,0.0,No,0.0,No,0.0,No,0.0,Yes,1.0,No,0.0,Yes,1.0,No,0.0,Yes,1.0,Yes,1.0,Yes,1.0,No,0.0,Yes,1.0,No,0.0,Yes,1.0,Yes,1.0,Yes,1.0,Yes,1.0,No,0.0,Yes,1.0,No,0.0,No,0.0,No,0.0,No,0.0,No,0.0,No,0.0,Yes,1.0,No,0.0,No,0.0,No,0.0,No,0.0,No,0.0,No,0.0
1492,THE SUPREME INDUSTRIES LIMITED,,INE195A01028,Industrials,INDIA,0.0,0.0,0,0,34,No,0.0,No,0.0,No,0.0,No,0.0,No,0.0,No,0.0,No,0.0,No,0.0,No,0.0,No,0.0,No,0.0,No,0.0,No,0.0,No,0.0,No,0.0,No,0.0,No,0.0,No,0.0,No,0.0,No,0.0,No,0.0,No,0.0,No,0.0,No,0.0,No,0.0,No,0.0,No,0.0,No,0.0,No,0.0,No,0.0,No,0.0,No,0.0,No,0.0,No,0.0
1496,The Swatch Group Ltd,,CH0012255151,Consumer Discretion,SWITZERLAND,0.0,0.0,0,0,34,No,0.0,No,0.0,No,0.0,No,0.0,No,0.0,No,0.0,No,0.0,No,0.0,No,0.0,No,0.0,No,0.0,No,0.0,No,0.0,No,0.0,No,0.0,No,0.0,No,0.0,No,0.0,No,0.0,No,0.0,No,0.0,No,0.0,No,0.0,No,0.0,No,0.0,No,0.0,No,0.0,No,0.0,No,0.0,No,0.0,No,0.0,No,0.0,No,0.0,No,0.0
606,THE TATA POWER COMPANY LIMITED,,INE245A01021,Utilities,INDIA,17.6,6.0,6,0,28,Yes,1.0,No,0.0,No,0.0,Yes,1.0,No,0.0,Yes,1.0,No,0.0,Yes,1.0,No,0.0,Yes,1.0,No,0.0,No,0.0,No,0.0,No,0.0,No,0.0,No,0.0,No,0.0,No,0.0,No,0.0,No,0.0,Yes,1.0,No,0.0,No,0.0,No,0.0,No,0.0,No,0.0,No,0.0,No,0.0,No,0.0,No,0.0,No,0.0,No,0.0,No,0.0,No,0.0
1505,"THE TJX COMPANIES, INC.",,US8725401090,Consumer Discretion,UNITED STATES,0.0,0.0,0,0,34,No,0.0,No,0.0,No,0.0,No,0.0,No,0.0,No,0.0,No,0.0,No,0.0,No,0.0,No,0.0,No,0.0,No,0.0,No,0.0,No,0.0,No,0.0,No,0.0,No,0.0,No,0.0,No,0.0,No,0.0,No,0.0,No,0.0,No,0.0,No,0.0,No,0.0,No,0.0,No,0.0,No,0.0,No,0.0,No,0.0,No,0.0,No,0.0,No,0.0,No,0.0
2419,"THE TRADE DESK, INC.",,US88339J1051,Consumer Discretion,UNITED STATES,0.0,0.0,0,0,34,No,0.0,No,0.0,No,0.0,No,0.0,No,0.0,No,0.0,No,0.0,No,0.0,No,0.0,No,0.0,No,0.0,No,0.0,No,0.0,No,0.0,No,0.0,No,0.0,No,0.0,No,0.0,No,0.0,No,0.0,No,0.0,No,0.0,No,0.0,No,0.0,No,0.0,No,0.0,No,0.0,No,0.0,No,0.0,No,0.0,No,0.0,No,0.0,No,0.0,No,0.0
415,"The Travelers Companies, Inc.",,US89417E1091,Financials,UNITED STATES,32.4,11.0,11,1,22,Yes,1.0,No,0.0,Yes,1.0,No,0.0,Partial,0.0,Yes,1.0,No,0.0,Yes,1.0,No,0.0,Yes,1.0,Yes,1.0,No,0.0,No,0.0,No,0.0,No,0.0,Yes,1.0,Yes,1.0,Yes,1.0,Yes,1.0,No,0.0,No,0.0,No,0.0,No,0.0,No,0.0,No,0.0,No,0.0,No,0.0,No,0.0,No,0.0,No,0.0,Yes,1.0,No,0.0,No,0.0,No,0.0
2199,THE WALT DISNEY COMPANY,,US2546871060,Consumer Discretion,UNITED STATES,29.4,10.0,10,0,24,Yes,1.0,No,0.0,Yes,1.0,No,0.0,No,0.0,Yes,1.0,No,0.0,Yes,1.0,No,0.0,No,0.0,Yes,1.0,No,0.0,No,0.0,No,0.0,No,0.0,Yes,1.0,Yes,1.0,Yes,1.0,No,0.0,No,0.0,No,0.0,No,0.0,No,0.0,No,0.0,No,0.0,No,0.0,No,0.0,Yes,1.0,No,0.0,No,0.0,Yes,1.0,No,0.0,No,0.0,No,0.0
1588,The Wharf (Holdings) Limited,,HK0004000045,Real Estate,HONG KONG,0.0,0.0,0,0,34,No,0.0,No,0.0,No,0.0,No,0.0,No,0.0,No,0.0,No,0.0,No,0.0,No,0.0,No,0.0,No,0.0,No,0.0,No,0.0,No,0.0,No,0.0,No,0.0,No,0.0,No,0.0,No,0.0,No,0.0,No,0.0,No,0.0,No,0.0,No,0.0,No,0.0,No,0.0,No,0.0,No,0.0,No,0.0,No,0.0,No,0.0,No,0.0,No,0.0,No,0.0
1589,"THE WILLIAMS COMPANIES, INC.",,US9694571004,Energy,UNITED STATES,8.8,3.0,3,1,30,No,0.0,No,0.0,No,0.0,No,0.0,No,0.0,Yes,1.0,No,0.0,No,0.0,No,0.0,No,0.0,Yes,1.0,No,0.0,No,0.0,No,0.0,No,0.0,Partial,0.0,No,0.0,No,0.0,No,0.0,No,0.0,No,0.0,No,0.0,No,0.0,No,0.0,No,0.0,No,0.0,No,0.0,No,0.0,No,0.0,No,0.0,Yes,1.0,No,0.0,No,0.0,No,0.0
1536,THOMSON REUTERS CORPORATION,,CA8849038812,Technology,CANADA,44.1,15.0,15,0,19,Yes,1.0,No,0.0,No,0.0,Yes,1.0,No,0.0,Yes,1.0,No,0.0,Yes,1.0,No,0.0,Yes,1.0,No,0.0,No,0.0,No,0.0,No,0.0,No,0.0,No,0.0,Yes,1.0,No,0.0,No,0.0,No,0.0,Yes,1.0,No,0.0,No,0.0,No,0.0,Yes,1.0,Yes,1.0,No,0.0,Yes,1.0,Yes,1.0,Yes,1.0,Yes,1.0,No,0.0,Yes,1.0,Yes,1.0
1886,"TIANFENG SECURITIES CO., LTD.",,CNE100003F43,Financials,CHINA,11.8,4.0,4,0,30,No,0.0,No,0.0,No,0.0,No,0.0,No,0.0,Yes,1.0,No,0.0,No,0.0,No,0.0,Yes,1.0,No,0.0,No,0.0,No,0.0,No,0.0,No,0.0,No,0.0,No,0.0,No,0.0,No,0.0,No,0.0,No,0.0,No,0.0,Yes,1.0,No,0.0,No,0.0,No,0.0,No,0.0,Yes,1.0,No,0.0,No,0.0,No,0.0,No,0.0,No,0.0,No,0.0
1836,Tianqi Lithium Corporation,,CNE100000T32,Basic Materials,CHINA,8.8,3.0,3,0,31,No,0.0,No,0.0,No,0.0,No,0.0,No,0.0,Yes,1.0,No,0.0,Yes,1.0,No,0.0,Yes,1.0,No,0.0,No,0.0,No,0.0,No,0.0,No,0.0,No,0.0,No,0.0,No,0.0,No,0.0,No,0.0,No,0.0,No,0.0,No,0.0,No,0.0,No,0.0,No,0.0,No,0.0,No,0.0,No,0.0,No,0.0,No,0.0,No,0.0,No,0.0,No,0.0
1861,"TIANSHAN ALUMINUM GROUP CO., LTD.",,CNE100000YJ6,Basic Materials,CHINA,0.0,0.0,0,0,34,No,0.0,No,0.0,No,0.0,No,0.0,No,0.0,No,0.0,No,0.0,No,0.0,No,0.0,No,0.0,No,0.0,No,0.0,No,0.0,No,0.0,No,0.0,No,0.0,No,0.0,No,0.0,No,0.0,No,0.0,No,0.0,No,0.0,No,0.0,No,0.0,No,0.0,No,0.0,No,0.0,No,0.0,No,0.0,No,0.0,No,0.0,No,0.0,No,0.0,No,0.0
1538,"Tianshui Huatian Technology Co., Ltd.",,CNE100000825,Technology,CHINA,0.0,0.0,0,0,34,No,0.0,No,0.0,No,0.0,No,0.0,No,0.0,No,0.0,No,0.0,No,0.0,No,0.0,No,0.0,No,0.0,No,0.0,No,0.0,No,0.0,No,0.0,No,0.0,No,0.0,No,0.0,No,0.0,No,0.0,No,0.0,No,0.0,No,0.0,No,0.0,No,0.0,No,0.0,No,0.0,No,0.0,No,0.0,No,0.0,No,0.0,No,0.0,No,0.0,No,0.0
2202,TIM S.A.,,BRTIMSACNOR5,Telecommunications,BRAZIL,32.4,11.0,11,0,23,Yes,1.0,No,0.0,No,0.0,No,0.0,No,0.0,Yes,1.0,No,0.0,Yes,1.0,No,0.0,Yes,1.0,No,0.0,No,0.0,No,0.0,No,0.0,No,0.0,Yes,1.0,Yes,1.0,No,0.0,No,0.0,No,0.0,Yes,1.0,No,0.0,No,0.0,No,0.0,Yes,1.0,Yes,1.0,Yes,1.0,No,0.0,No,0.0,No,0.0,No,0.0,No,0.0,Yes,1.0,No,0.0
378,TINGYI (CAYMAN ISLANDS) HOLDING CORP.,,KYG8878S1030,Consumer Staples,HONG KONG,11.8,4.0,4,0,30,Yes,1.0,No,0.0,No,0.0,No,0.0,No,0.0,Yes,1.0,No,0.0,Yes,1.0,No,0.0,Yes,1.0,No,0.0,No,0.0,No,0.0,No,0.0,No,0.0,No,0.0,No,0.0,No,0.0,No,0.0,No,0.0,No,0.0,No,0.0,No,0.0,No,0.0,No,0.0,No,0.0,No,0.0,No,0.0,No,0.0,No,0.0,No,0.0,No,0.0,No,0.0,No,0.0
1625,TIS Inc.,,JP3104890003,Technology,JAPAN,41.2,14.0,13,3,18,Yes,1.0,No,0.0,No,0.0,Yes,1.0,No,0.0,Yes,1.0,No,0.0,Yes,1.0,No,0.0,Yes,1.0,No,0.0,No,0.0,No,0.0,No,0.0,Partial,0.0,Partial,0.5,Partial,0.5,Yes,1.0,Yes,1.0,Yes,1.0,Yes,1.0,Yes,1.0,No,0.0,No,0.0,Yes,1.0,Yes,1.0,Yes,1.0,No,0.0,No,0.0,No,0.0,No,0.0,No,0.0,No,0.0,No,0.0
605,TITAN COMPANY LIMITED,,INE280A01028,Consumer Discretion,INDIA,8.8,3.0,1,4,29,No,0.0,No,0.0,No,0.0,No,0.0,No,0.0,Partial,0.5,No,0.0,Partial,0.5,No,0.0,Partial,0.5,No,0.0,No,0.0,No,0.0,No,0.0,No,0.0,No,0.0,No,0.0,No,0.0,No,0.0,No,0.0,No,0.0,No,0.0,Partial,0.5,Yes,1.0,No,0.0,No,0.0,No,0.0,No,0.0,No,0.0,No,0.0,No,0.0,No,0.0,No,0.0,No,0.0
1506,TMBTHANACHART BANK PUBLIC COMPANY LIMITED,,TH0068010Z07,Financials,THAILAND,7.4,2.5,1,3,30,No,0.0,No,0.0,No,0.0,No,0.0,No,0.0,Partial,0.5,No,0.0,Partial,0.5,No,0.0,Partial,0.5,No,0.0,No,0.0,No,0.0,No,0.0,No,0.0,No,0.0,No,0.0,No,0.0,No,0.0,No,0.0,No,0.0,No,0.0,No,0.0,No,0.0,No,0.0,No,0.0,No,0.0,Yes,1.0,No,0.0,No,0.0,No,0.0,No,0.0,No,0.0,No,0.0
1286,"T-MOBILE US, INC.",,US8725901040,Telecommunications,UNITED STATES,25.0,8.5,8,1,25,No,0.0,No,0.0,No,0.0,No,0.0,No,0.0,Yes,1.0,No,0.0,Yes,1.0,No,0.0,Yes,1.0,Yes,1.0,Yes,1.0,No,0.0,No,0.0,No,0.0,Yes,1.0,Yes,1.0,Partial,0.5,No,0.0,No,0.0,No,0.0,No,0.0,No,0.0,No,0.0,No,0.0,No,0.0,No,0.0,No,0.0,No,0.0,No,0.0,Yes,1.0,No,0.0,No,0.0,No,0.0
1934,TMX Group Limited,,CA87262K1057,Financials,CANADA,25.0,8.5,8,1,25,Yes,1.0,No,0.0,Yes,1.0,Yes,1.0,No,0.0,Yes,1.0,No,0.0,No,0.0,No,0.0,No,0.0,Yes,1.0,No,0.0,No,0.0,No,0.0,No,0.0,Yes,1.0,No,0.0,Yes,1.0,No,0.0,No,0.0,No,0.0,No,0.0,No,0.0,No,0.0,No,0.0,No,0.0,No,0.0,No,0.0,No,0.0,No,0.0,Partial,0.5,No,0.0,Yes,1.0,No,0.0
2208,"TOAST, INC.",,US8887871080,Technology,UNITED STATES,17.6,6.0,6,1,27,No,0.0,No,0.0,No,0.0,Yes,1.0,Partial,0.0,Yes,1.0,No,0.0,Yes,1.0,No,0.0,Yes,1.0,No,0.0,No,0.0,No,0.0,No,0.0,No,0.0,No,0.0,No,0.0,No,0.0,No,0.0,No,0.0,No,0.0,No,0.0,No,0.0,No,0.0,No,0.0,No,0.0,No,0.0,No,0.0,No,0.0,No,0.0,Yes,1.0,No,0.0,Yes,1.0,No,0.0
484,"TOHO CO., LTD.",,JP3598600009,Consumer Discretion,JAPAN,0.0,0.0,0,0,34,No,0.0,No,0.0,No,0.0,No,0.0,No,0.0,No,0.0,No,0.0,No,0.0,No,0.0,No,0.0,No,0.0,No,0.0,No,0.0,No,0.0,No,0.0,No,0.0,No,0.0,No,0.0,No,0.0,No,0.0,No,0.0,No,0.0,No,0.0,No,0.0,No,0.0,No,0.0,No,0.0,No,0.0,No,0.0,No,0.0,No,0.0,No,0.0,No,0.0,No,0.0
1290,"Tokio Marine Holdings, Inc.",,JP3910660004,Financials,JAPAN,16.2,5.5,5,2,27,Yes,1.0,No,0.0,No,0.0,No,0.0,Partial,0.0,Yes,1.0,No,0.0,No,0.0,No,0.0,Yes,1.0,No,0.0,No,0.0,No,0.0,No,0.0,No,0.0,Partial,0.5,Yes,1.0,No,0.0,Yes,1.0,No,0.0,No,0.0,No,0.0,No,0.0,No,0.0,No,0.0,No,0.0,No,0.0,No,0.0,No,0.0,No,0.0,No,0.0,No,0.0,No,0.0,No,0.0
1539,Tokyo Electron Limited,,JP3571400005,Technology,JAPAN,14.7,5.0,5,0,29,No,0.0,No,0.0,No,0.0,No,0.0,No,0.0,Yes,1.0,No,0.0,Yes,1.0,No,0.0,Yes,1.0,No,0.0,No,0.0,No,0.0,No,0.0,No,0.0,No,0.0,No,0.0,No,0.0,No,0.0,No,0.0,No,0.0,No,0.0,No,0.0,No,0.0,Yes,1.0,No,0.0,No,0.0,No,0.0,Yes,1.0,No,0.0,No,0.0,No,0.0,No,0.0,No,0.0
707,"TOKYO GAS CO.,LTD.",,JP3573000001,Utilities,JAPAN,2.9,1.0,1,0,33,No,0.0,No,0.0,No,0.0,No,0.0,No,0.0,Yes,1.0,No,0.0,No,0.0,No,0.0,No,0.0,No,0.0,No,0.0,No,0.0,No,0.0,No,0.0,No,0.0,No,0.0,No,0.0,No,0.0,No,0.0,No,0.0,No,0.0,No,0.0,No,0.0,No,0.0,No,0.0,No,0.0,No,0.0,No,0.0,No,0.0,No,0.0,No,0.0,No,0.0,No,0.0
1507,TOKYU CORPORATION,,JP3574200006,Consumer Discretion,JAPAN,5.9,2.0,2,0,32,No,0.0,No,0.0,No,0.0,Yes,1.0,No,0.0,Yes,1.0,No,0.0,No,0.0,No,0.0,No,0.0,No,0.0,No,0.0,No,0.0,No,0.0,No,0.0,No,0.0,No,0.0,No,0.0,No,0.0,No,0.0,No,0.0,No,0.0,No,0.0,No,0.0,No,0.0,No,0.0,No,0.0,No,0.0,No,0.0,No,0.0,No,0.0,No,0.0,No,0.0,No,0.0
2189,Tongcheng Travel Holdings Limited,,KYG8918W1069,Consumer Discretion,HONG KONG,16.2,5.5,5,1,28,Yes,1.0,No,0.0,Yes,1.0,Yes,1.0,No,0.0,Yes,1.0,No,0.0,Yes,1.0,No,0.0,Partial,0.5,No,0.0,No,0.0,No,0.0,No,0.0,No,0.0,No,0.0,No,0.0,No,0.0,No,0.0,No,0.0,No,0.0,No,0.0,No,0.0,No,0.0,No,0.0,No,0.0,No,0.0,No,0.0,No,0.0,No,0.0,No,0.0,No,0.0,No,0.0,No,0.0
213,"TongFu Microelectronics Co., Ltd.",,CNE1000006C3,Technology,CHINA,0.0,0.0,0,0,34,No,0.0,No,0.0,No,0.0,No,0.0,No,0.0,No,0.0,No,0.0,No,0.0,No,0.0,No,0.0,No,0.0,No,0.0,No,0.0,No,0.0,No,0.0,No,0.0,No,0.0,No,0.0,No,0.0,No,0.0,No,0.0,No,0.0,No,0.0,No,0.0,No,0.0,No,0.0,No,0.0,No,0.0,No,0.0,No,0.0,No,0.0,No,0.0,No,0.0,No,0.0
1540,"Tongling Nonferrous Metals Group Co., Ltd.",,CNE000000529,Basic Materials,CHINA,0.0,0.0,0,0,34,No,0.0,No,0.0,No,0.0,No,0.0,No,0.0,No,0.0,No,0.0,No,0.0,No,0.0,No,0.0,No,0.0,No,0.0,No,0.0,No,0.0,No,0.0,No,0.0,No,0.0,No,0.0,No,0.0,No,0.0,No,0.0,No,0.0,No,0.0,No,0.0,No,0.0,No,0.0,No,0.0,No,0.0,No,0.0,No,0.0,No,0.0,No,0.0,No,0.0,No,0.0
1541,"TONGWEI CO.,LTD",,CNE000001GS3,Energy,CHINA,2.9,1.0,1,0,33,No,0.0,No,0.0,No,0.0,No,0.0,No,0.0,Yes,1.0,No,0.0,No,0.0,No,0.0,No,0.0,No,0.0,No,0.0,No,0.0,No,0.0,No,0.0,No,0.0,No,0.0,No,0.0,No,0.0,No,0.0,No,0.0,No,0.0,No,0.0,No,0.0,No,0.0,No,0.0,No,0.0,No,0.0,No,0.0,No,0.0,No,0.0,No,0.0,No,0.0,No,0.0
1508,TOPPAN Holdings Inc.,,JP3629000005,Industrials,JAPAN,20.6,7.0,3,8,23,Partial,0.5,No,0.0,No,0.0,Yes,1.0,Partial,0.5,Partial,0.5,No,0.0,No,0.0,No,0.0,No,0.0,No,0.0,No,0.0,No,0.0,No,0.0,No,0.0,Partial,0.5,Partial,0.5,Partial,0.5,Yes,1.0,No,0.0,No,0.0,No,0.0,No,0.0,No,0.0,Partial,0.5,Yes,1.0,No,0.0,No,0.0,No,0.0,Partial,0.5,No,0.0,No,0.0,No,0.0,No,0.0
1509,"TORAY INDUSTRIES, INC.",,JP3621000003,Basic Materials,JAPAN,0.0,0.0,0,0,34,No,0.0,No,0.0,No,0.0,No,0.0,No,0.0,No,0.0,No,0.0,No,0.0,No,0.0,No,0.0,No,0.0,No,0.0,No,0.0,No,0.0,No,0.0,No,0.0,No,0.0,No,0.0,No,0.0,No,0.0,No,0.0,No,0.0,No,0.0,No,0.0,No,0.0,No,0.0,No,0.0,No,0.0,No,0.0,No,0.0,No,0.0,No,0.0,No,0.0,No,0.0
1542,TOROMONT INDUSTRIES LTD,,CA8911021050,Industrials,CANADA,5.9,2.0,2,0,32,No,0.0,No,0.0,No,0.0,No,0.0,No,0.0,Yes,1.0,No,0.0,No,0.0,No,0.0,Yes,1.0,No,0.0,No,0.0,No,0.0,No,0.0,No,0.0,No,0.0,No,0.0,No,0.0,No,0.0,No,0.0,No,0.0,No,0.0,No,0.0,No,0.0,No,0.0,No,0.0,No,0.0,No,0.0,No,0.0,No,0.0,No,0.0,No,0.0,No,0.0,No,0.0
379,TORONTO-DOMINION BANK,,CA8911605092,Financials,CANADA,41.2,14.0,14,0,20,No,0.0,No,0.0,No,0.0,Yes,1.0,Yes,1.0,Yes,1.0,No,0.0,Yes,1.0,No,0.0,Yes,1.0,Yes,1.0,No,0.0,No,0.0,No,0.0,Yes,1.0,Yes,1.0,Yes,1.0,Yes,1.0,No,0.0,Yes,1.0,Yes,1.0,No,0.0,No,0.0,No,0.0,Yes,1.0,No,0.0,No,0.0,No,0.0,No,0.0,Yes,1.0,No,0.0,No,0.0,No,0.0,No,0.0
602,TORRENT PHARMACEUTICALS LTD,,INE685A01028,Health Care,INDIA,5.9,2.0,2,0,32,No,0.0,No,0.0,No,0.0,No,0.0,No,0.0,Yes,1.0,No,0.0,No,0.0,No,0.0,Yes,1.0,No,0.0,No,0.0,No,0.0,No,0.0,No,0.0,No,0.0,No,0.0,No,0.0,No,0.0,No,0.0,No,0.0,No,0.0,No,0.0,No,0.0,No,0.0,No,0.0,No,0.0,No,0.0,No,0.0,No,0.0,No,0.0,No,0.0,No,0.0,No,0.0
1543,TORRENT POWER LIMITED,,INE813H01021,Utilities,INDIA,0.0,0.0,0,0,34,No,0.0,No,0.0,No,0.0,No,0.0,No,0.0,No,0.0,No,0.0,No,0.0,No,0.0,No,0.0,No,0.0,No,0.0,No,0.0,No,0.0,No,0.0,No,0.0,No,0.0,No,0.0,No,0.0,No,0.0,No,0.0,No,0.0,No,0.0,No,0.0,No,0.0,No,0.0,No,0.0,No,0.0,No,0.0,No,0.0,No,0.0,No,0.0,No,0.0,No,0.0
577,TOTALENERGIES SE,,FR0000120271,Energy,FRANCE,26.5,9.0,9,0,25,Yes,1.0,No,0.0,No,0.0,Yes,1.0,No,0.0,Yes,1.0,No,0.0,Yes,1.0,No,0.0,Yes,1.0,Yes,1.0,No,0.0,No,0.0,No,0.0,No,0.0,Yes,1.0,No,0.0,No,0.0,No,0.0,No,0.0,No,0.0,No,0.0,No,0.0,No,0.0,No,0.0,No,0.0,No,0.0,Yes,1.0,No,0.0,No,0.0,Yes,1.0,No,0.0,No,0.0,No,0.0
1544,TOTVS S.A.,,BRTOTSACNOR8,Technology,BRAZIL,41.2,14.0,14,1,19,Yes,1.0,No,0.0,Yes,1.0,Partial,0.0,No,0.0,Yes,1.0,No,0.0,Yes,1.0,No,0.0,Yes,1.0,Yes,1.0,No,0.0,No,0.0,No,0.0,Yes,1.0,Yes,1.0,Yes,1.0,Yes,1.0,Yes,1.0,Yes,1.0,Yes,1.0,No,0.0,No,0.0,No,0.0,Yes,1.0,No,0.0,No,0.0,No,0.0,No,0.0,No,0.0,No,0.0,No,0.0,No,0.0,No,0.0
2437,TOURMALINE OIL CORP.,,CA89156V1067,Energy,CANADA,5.9,2.0,2,0,32,No,0.0,No,0.0,No,0.0,No,0.0,No,0.0,Yes,1.0,No,0.0,No,0.0,No,0.0,Yes,1.0,No,0.0,No,0.0,No,0.0,No,0.0,No,0.0,No,0.0,No,0.0,No,0.0,No,0.0,No,0.0,No,0.0,No,0.0,No,0.0,No,0.0,No,0.0,No,0.0,No,0.0,No,0.0,No,0.0,No,0.0,No,0.0,No,0.0,No,0.0,No,0.0
1545,TOWER SEMICONDUCTOR LTD,,IL0010823792,Technology,ISRAEL,5.9,2.0,2,0,32,No,0.0,No,0.0,No,0.0,No,0.0,No,0.0,No,0.0,No,0.0,No,0.0,No,0.0,No,0.0,No,0.0,No,0.0,No,0.0,No,0.0,No,0.0,Yes,1.0,No,0.0,No,0.0,Yes,1.0,No,0.0,No,0.0,No,0.0,No,0.0,No,0.0,No,0.0,No,0.0,No,0.0,No,0.0,No,0.0,No,0.0,No,0.0,No,0.0,No,0.0,No,0.0
36,TOYOTA INDUSTRIES CORPORATION,,JP3634600005,Consumer Discretion,JAPAN,0.0,0.0,0,0,34,No,0.0,No,0.0,No,0.0,No,0.0,No,0.0,No,0.0,No,0.0,No,0.0,No,0.0,No,0.0,No,0.0,No,0.0,No,0.0,No,0.0,No,0.0,No,0.0,No,0.0,No,0.0,No,0.0,No,0.0,No,0.0,No,0.0,No,0.0,No,0.0,No,0.0,No,0.0,No,0.0,No,0.0,No,0.0,No,0.0,No,0.0,No,0.0,No,0.0,No,0.0
1510,TOYOTA MOTOR CORPORATION,,JP3633400001,Consumer Discretion,JAPAN,11.8,4.0,4,0,30,No,0.0,No,0.0,No,0.0,No,0.0,No,0.0,No,0.0,No,0.0,No,0.0,No,0.0,No,0.0,No,0.0,No,0.0,No,0.0,No,0.0,No,0.0,Yes,1.0,Yes,1.0,No,0.0,Yes,1.0,No,0.0,No,0.0,No,0.0,No,0.0,No,0.0,Yes,1.0,No,0.0,No,0.0,No,0.0,No,0.0,No,0.0,No,0.0,No,0.0,No,0.0,No,0.0
1511,TOYOTA TSUSHO CORPORATION,,JP3635000007,Industrials,JAPAN,4.4,1.5,1,1,32,No,0.0,No,0.0,No,0.0,No,0.0,No,0.0,Yes,1.0,No,0.0,No,0.0,No,0.0,No,0.0,No,0.0,No,0.0,No,0.0,No,0.0,No,0.0,No,0.0,No,0.0,No,0.0,No,0.0,No,0.0,No,0.0,No,0.0,No,0.0,No,0.0,Partial,0.5,No,0.0,No,0.0,No,0.0,No,0.0,No,0.0,No,0.0,No,0.0,No,0.0,No,0.0
584,TRACTOR SUPPLY COMPANY,,US8923561067,Consumer Discretion,UNITED STATES,13.2,4.5,4,1,29,No,0.0,No,0.0,No,0.0,No,0.0,No,0.0,Yes,1.0,No,0.0,No,0.0,No,0.0,Yes,1.0,Partial,0.5,No,0.0,No,0.0,No,0.0,No,0.0,No,0.0,No,0.0,No,0.0,No,0.0,No,0.0,No,0.0,No,0.0,No,0.0,No,0.0,No,0.0,No,0.0,No,0.0,No,0.0,No,0.0,No,0.0,Yes,1.0,No,0.0,Yes,1.0,No,0.0
2203,TRADEWEB MARKETS INC.,,US8926721064,Financials,UNITED STATES,19.1,6.5,6,1,27,Yes,1.0,No,0.0,Partial,0.5,No,0.0,No,0.0,Yes,1.0,No,0.0,Yes,1.0,No,0.0,Yes,1.0,Yes,1.0,No,0.0,No,0.0,No,0.0,No,0.0,No,0.0,No,0.0,No,0.0,No,0.0,No,0.0,No,0.0,No,0.0,No,0.0,No,0.0,No,0.0,No,0.0,No,0.0,No,0.0,No,0.0,No,0.0,Yes,1.0,No,0.0,No,0.0,No,0.0
1181,TRANE TECHNOLOGIES PLC,,IE00BK9ZQ967,Industrials,UNITED STATES,26.5,9.0,9,1,24,No,0.0,No,0.0,No,0.0,Yes,1.0,Partial,0.0,Yes,1.0,No,0.0,Yes,1.0,No,0.0,No,0.0,No,0.0,No,0.0,No,0.0,No,0.0,Yes,1.0,Yes,1.0,Yes,1.0,Yes,1.0,No,0.0,Yes,1.0,No,0.0,No,0.0,No,0.0,No,0.0,No,0.0,No,0.0,No,0.0,No,0.0,No,0.0,No,0.0,Yes,1.0,No,0.0,No,0.0,No,0.0
1546,TRANSDIGM GROUP INCORPORATED,,US8936411003,Industrials,UNITED STATES,2.9,1.0,1,0,33,No,0.0,No,0.0,No,0.0,No,0.0,No,0.0,No,0.0,No,0.0,No,0.0,No,0.0,No,0.0,No,0.0,No,0.0,No,0.0,No,0.0,No,0.0,No,0.0,No,0.0,No,0.0,No,0.0,No,0.0,No,0.0,No,0.0,No,0.0,No,0.0,No,0.0,No,0.0,No,0.0,No,0.0,No,0.0,No,0.0,Yes,1.0,No,0.0,No,0.0,No,0.0
1920,TRANSUNION,,US89400J1079,Industrials,UNITED STATES,33.8,11.5,10,3,21,Yes,1.0,No,0.0,No,0.0,Yes,1.0,Yes,1.0,Yes,1.0,No,0.0,Yes,1.0,No,0.0,No,0.0,Partial,0.5,Partial,0.5,No,0.0,Yes,1.0,No,0.0,Yes,1.0,Yes,1.0,Partial,0.5,No,0.0,No,0.0,Yes,1.0,No,0.0,No,0.0,No,0.0,No,0.0,No,0.0,No,0.0,No,0.0,No,0.0,No,0.0,Yes,1.0,No,0.0,No,0.0,No,0.0
1648,TRANSURBAN GROUP,,AU000000TCL6,Industrials,AUSTRALIA,0.0,0.0,0,0,34,No,0.0,No,0.0,No,0.0,No,0.0,No,0.0,No,0.0,No,0.0,No,0.0,No,0.0,No,0.0,No,0.0,No,0.0,No,0.0,No,0.0,No,0.0,No,0.0,No,0.0,No,0.0,No,0.0,No,0.0,No,0.0,No,0.0,No,0.0,No,0.0,No,0.0,No,0.0,No,0.0,No,0.0,No,0.0,No,0.0,No,0.0,No,0.0,No,0.0,No,0.0
154,Trelleborg AB,,SE0000114837,Industrials,SWEDEN,17.6,6.0,6,0,28,Yes,1.0,No,0.0,Yes,1.0,No,0.0,No,0.0,Yes,1.0,No,0.0,Yes,1.0,No,0.0,Yes,1.0,No,0.0,No,0.0,No,0.0,No,0.0,No,0.0,No,0.0,No,0.0,No,0.0,No,0.0,No,0.0,No,0.0,No,0.0,No,0.0,No,0.0,No,0.0,No,0.0,No,0.0,Yes,1.0,No,0.0,No,0.0,No,0.0,No,0.0,No,0.0,No,0.0
1547,TRENT LIMITED,,INE849A01020,Consumer Discretion,INDIA,8.8,3.0,3,1,30,No,0.0,No,0.0,No,0.0,Partial,0.0,No,0.0,Yes,1.0,No,0.0,Yes,1.0,No,0.0,Yes,1.0,No,0.0,No,0.0,No,0.0,No,0.0,No,0.0,No,0.0,No,0.0,No,0.0,No,0.0,No,0.0,No,0.0,No,0.0,No,0.0,No,0.0,No,0.0,No,0.0,No,0.0,No,0.0,No,0.0,No,0.0,No,0.0,No,0.0,No,0.0,No,0.0
2100,TRIMBLE INC.,,US8962391004,Industrials,UNITED STATES,44.1,15.0,15,1,18,Yes,1.0,No,0.0,Yes,1.0,Yes,1.0,Yes,1.0,Yes,1.0,No,0.0,Yes,1.0,No,0.0,No,0.0,No,0.0,No,0.0,No,0.0,Partial,0.0,No,0.0,Yes,1.0,Yes,1.0,Yes,1.0,Yes,1.0,No,0.0,Yes,1.0,No,0.0,No,0.0,No,0.0,Yes,1.0,Yes,1.0,No,0.0,No,0.0,No,0.0,No,0.0,Yes,1.0,No,0.0,Yes,1.0,No,0.0
2251,"Trina Solar Co., Ltd.",,CNE100003ZR0,Energy,CHINA,20.6,7.0,7,0,27,Yes,1.0,No,0.0,No,0.0,No,0.0,No,0.0,Yes,1.0,Yes,1.0,Yes,1.0,No,0.0,Yes,1.0,No,0.0,No,0.0,No,0.0,No,0.0,No,0.0,No,0.0,No,0.0,No,0.0,No,0.0,No,0.0,Yes,1.0,No,0.0,Yes,1.0,No,0.0,No,0.0,No,0.0,No,0.0,No,0.0,No,0.0,No,0.0,No,0.0,No,0.0,No,0.0,No,0.0
1636,TRIP.COM GROUP LIMITED,,KYG9066F1019,Consumer Discretion,CHINA,0.0,0.0,0,0,34,No,0.0,No,0.0,No,0.0,No,0.0,No,0.0,No,0.0,No,0.0,No,0.0,No,0.0,No,0.0,No,0.0,No,0.0,No,0.0,No,0.0,No,0.0,No,0.0,No,0.0,No,0.0,No,0.0,No,0.0,No,0.0,No,0.0,No,0.0,No,0.0,No,0.0,No,0.0,No,0.0,No,0.0,No,0.0,No,0.0,No,0.0,No,0.0,No,0.0,No,0.0
169,"T. ROWE PRICE GROUP, INC.",,US74144T1088,Financials,UNITED STATES,0.0,0.0,0,0,34,No,0.0,No,0.0,No,0.0,No,0.0,No,0.0,No,0.0,No,0.0,No,0.0,No,0.0,No,0.0,No,0.0,No,0.0,No,0.0,No,0.0,No,0.0,No,0.0,No,0.0,No,0.0,No,0.0,No,0.0,No,0.0,No,0.0,No,0.0,No,0.0,No,0.0,No,0.0,No,0.0,No,0.0,No,0.0,No,0.0,No,0.0,No,0.0,No,0.0,No,0.0
2373,TRUE CORPORATION PUBLIC COMPANY LIMITED,,THB231010000,Telecommunications,THAILAND,42.6,14.5,12,6,16,Partial,0.5,No,0.0,Partial,0.5,No,0.0,Partial,0.0,Yes,1.0,No,0.0,Yes,1.0,No,0.0,Yes,1.0,No,0.0,No,0.0,No,0.0,Yes,1.0,Yes,1.0,Yes,1.0,Yes,1.0,Yes,1.0,Yes,1.0,Partial,0.5,No,0.0,No,0.0,No,0.0,No,0.0,Yes,1.0,No,0.0,No,0.0,Partial,0.5,Yes,1.0,Yes,1.0,Partial,0.5,No,0.0,No,0.0,No,0.0
886,Truist Financial Corporation,,US89832Q1094,Financials,UNITED STATES,25.0,8.5,8,1,25,Yes,1.0,No,0.0,Yes,1.0,No,0.0,No,0.0,Partial,0.5,No,0.0,No,0.0,No,0.0,No,0.0,Yes,1.0,No,0.0,No,0.0,No,0.0,No,0.0,Yes,1.0,Yes,1.0,No,0.0,No,0.0,No,0.0,Yes,1.0,No,0.0,No,0.0,No,0.0,No,0.0,No,0.0,No,0.0,No,0.0,No,0.0,No,0.0,Yes,1.0,No,0.0,Yes,1.0,No,0.0
341,TRYG A/S,,DK0060636678,Financials,DENMARK,8.8,3.0,3,0,31,No,0.0,No,0.0,No,0.0,No,0.0,No,0.0,Yes,1.0,No,0.0,Yes,1.0,No,0.0,Yes,1.0,No,0.0,No,0.0,No,0.0,No,0.0,No,0.0,No,0.0,No,0.0,No,0.0,No,0.0,No,0.0,No,0.0,No,0.0,No,0.0,No,0.0,No,0.0,No,0.0,No,0.0,No,0.0,No,0.0,No,0.0,No,0.0,No,0.0,No,0.0,No,0.0
1514,"TS Financial Holding Co., Ltd.",,TW0002887007,Financials,TAIWAN,4.4,1.5,1,1,32,No,0.0,No,0.0,No,0.0,No,0.0,No,0.0,Yes,1.0,No,0.0,Partial,0.5,No,0.0,No,0.0,No,0.0,No,0.0,No,0.0,No,0.0,No,0.0,No,0.0,No,0.0,No,0.0,No,0.0,No,0.0,No,0.0,No,0.0,No,0.0,No,0.0,No,0.0,No,0.0,No,0.0,No,0.0,No,0.0,No,0.0,No,0.0,No,0.0,No,0.0,No,0.0
1549,Tsingtao Brewery Company Limited,,CNE0000009Y3,Consumer Staples,CHINA,0.0,0.0,0,0,34,No,0.0,No,0.0,No,0.0,No,0.0,No,0.0,No,0.0,No,0.0,No,0.0,No,0.0,No,0.0,No,0.0,No,0.0,No,0.0,No,0.0,No,0.0,No,0.0,No,0.0,No,0.0,No,0.0,No,0.0,No,0.0,No,0.0,No,0.0,No,0.0,No,0.0,No,0.0,No,0.0,No,0.0,No,0.0,No,0.0,No,0.0,No,0.0,No,0.0,No,0.0
1512,TSURUHA HOLDINGS INC.,,JP3536150000,Consumer Staples,JAPAN,0.0,0.0,0,0,34,No,0.0,No,0.0,No,0.0,No,0.0,No,0.0,No,0.0,No,0.0,No,0.0,No,0.0,No,0.0,No,0.0,No,0.0,No,0.0,No,0.0,No,0.0,No,0.0,No,0.0,No,0.0,No,0.0,No,0.0,No,0.0,No,0.0,No,0.0,No,0.0,No,0.0,No,0.0,No,0.0,No,0.0,No,0.0,No,0.0,No,0.0,No,0.0,No,0.0,No,0.0
2142,TUBE INVESTMENTS OF INDIA LIMITED,,INE974X01010,Basic Materials,INDIA,0.0,0.0,0,0,34,No,0.0,No,0.0,No,0.0,No,0.0,No,0.0,No,0.0,No,0.0,No,0.0,No,0.0,No,0.0,No,0.0,No,0.0,No,0.0,No,0.0,No,0.0,No,0.0,No,0.0,No,0.0,No,0.0,No,0.0,No,0.0,No,0.0,No,0.0,No,0.0,No,0.0,No,0.0,No,0.0,No,0.0,No,0.0,No,0.0,No,0.0,No,0.0,No,0.0,No,0.0
343,TURKCELL ILETISIM HIZMETLERI ANONIM SIRKETI,,TRATCELL91M1,Telecommunications,TURKEY,23.5,8.0,8,0,26,Yes,1.0,No,0.0,No,0.0,Yes,1.0,No,0.0,Yes,1.0,No,0.0,Yes,1.0,No,0.0,Yes,1.0,No,0.0,No,0.0,No,0.0,No,0.0,No,0.0,No,0.0,No,0.0,No,0.0,No,0.0,No,0.0,No,0.0,No,0.0,No,0.0,No,0.0,No,0.0,No,0.0,No,0.0,No,0.0,Yes,1.0,No,0.0,Yes,1.0,No,0.0,Yes,1.0,No,0.0
1551,TURK HAVA YOLLARI ANONIM ORTAKLIGI,,TRATHYAO91M5,Consumer Discretion,TURKEY,14.7,5.0,5,0,29,No,0.0,No,0.0,No,0.0,Yes,1.0,No,0.0,Yes,1.0,Yes,1.0,Yes,1.0,No,0.0,No,0.0,No,0.0,No,0.0,No,0.0,No,0.0,No,0.0,No,0.0,No,0.0,No,0.0,No,0.0,No,0.0,No,0.0,No,0.0,No,0.0,No,0.0,No,0.0,No,0.0,No,0.0,Yes,1.0,No,0.0,No,0.0,No,0.0,No,0.0,No,0.0,No,0.0
1552,TURKIYE IS BANKASI ANONIM SIRKETI,,TRAISCTR91N2,Financials,TURKEY,2.9,1.0,1,0,33,No,0.0,No,0.0,No,0.0,No,0.0,No,0.0,Yes,1.0,No,0.0,No,0.0,No,0.0,No,0.0,No,0.0,No,0.0,No,0.0,No,0.0,No,0.0,No,0.0,No,0.0,No,0.0,No,0.0,No,0.0,No,0.0,No,0.0,No,0.0,No,0.0,No,0.0,No,0.0,No,0.0,No,0.0,No,0.0,No,0.0,No,0.0,No,0.0,No,0.0,No,0.0
1550,TURKIYE PETROL RAFINERILERI ANONIM SIRKETI,,TRATUPRS91E8,Energy,TURKEY,14.7,5.0,5,0,29,No,0.0,No,0.0,No,0.0,No,0.0,No,0.0,Yes,1.0,No,0.0,Yes,1.0,No,0.0,Yes,1.0,No,0.0,No,0.0,No,0.0,No,0.0,No,0.0,No,0.0,No,0.0,No,0.0,No,0.0,No,0.0,Yes,1.0,No,0.0,No,0.0,No,0.0,No,0.0,No,0.0,No,0.0,No,0.0,No,0.0,No,0.0,Yes,1.0,No,0.0,No,0.0,No,0.0
806,TVS MOTOR COMPANY LIMITED,,INE494B01023,Consumer Discretion,INDIA,13.2,4.5,3,3,28,Yes,1.0,No,0.0,Yes,1.0,No,0.0,No,0.0,Partial,0.5,No,0.0,Yes,1.0,No,0.0,Partial,0.5,No,0.0,No,0.0,No,0.0,No,0.0,No,0.0,No,0.0,No,0.0,No,0.0,No,0.0,No,0.0,No,0.0,No,0.0,No,0.0,No,0.0,Partial,0.5,No,0.0,No,0.0,No,0.0,No,0.0,No,0.0,No,0.0,No,0.0,No,0.0,No,0.0
2088,TWILIO INC.,,US90138F1021,Technology,UNITED STATES,32.4,11.0,10,2,22,Yes,1.0,No,0.0,Yes,1.0,Yes,1.0,No,0.0,Yes,1.0,No,0.0,Yes,1.0,No,0.0,Yes,1.0,Partial,0.5,Partial,0.5,No,0.0,No,0.0,No,0.0,Yes,1.0,No,0.0,No,0.0,No,0.0,No,0.0,No,0.0,No,0.0,Yes,1.0,No,0.0,No,0.0,No,0.0,No,0.0,Yes,1.0,No,0.0,No,0.0,Yes,1.0,No,0.0,No,0.0,No,0.0
1553,"TYLER TECHNOLOGIES, INC.",,US9022521051,Technology,UNITED STATES,20.6,7.0,6,3,25,Yes,1.0,No,0.0,No,0.0,No,0.0,No,0.0,Yes,1.0,No,0.0,Partial,0.5,No,0.0,No,0.0,Partial,0.5,Yes,1.0,No,0.0,No,0.0,No,0.0,Yes,1.0,Partial,0.0,No,0.0,No,0.0,No,0.0,No,0.0,No,0.0,No,0.0,No,0.0,No,0.0,No,0.0,No,0.0,Yes,1.0,No,0.0,No,0.0,Yes,1.0,No,0.0,No,0.0,No,0.0
1554,"TYSON FOODS, INCORPORATED",,US9024941034,Consumer Staples,UNITED STATES,23.5,8.0,8,0,26,No,0.0,No,0.0,No,0.0,Yes,1.0,No,0.0,Yes,1.0,No,0.0,Yes,1.0,No,0.0,Yes,1.0,Yes,1.0,No,0.0,No,0.0,No,0.0,No,0.0,Yes,1.0,No,0.0,No,0.0,No,0.0,No,0.0,No,0.0,No,0.0,No,0.0,No,0.0,No,0.0,No,0.0,No,0.0,Yes,1.0,No,0.0,No,0.0,Yes,1.0,No,0.0,No,0.0,No,0.0
2056,"UBER TECHNOLOGIES, INC.",,US90353T1007,Consumer Discretion,UNITED STATES,47.1,16.0,16,1,17,Yes,1.0,No,0.0,No,0.0,Yes,1.0,Partial,0.0,Yes,1.0,No,0.0,Yes,1.0,No,0.0,Yes,1.0,Yes,1.0,No,0.0,No,0.0,Yes,1.0,Yes,1.0,Yes,1.0,Yes,1.0,Yes,1.0,Yes,1.0,No,0.0,Yes,1.0,No,0.0,No,0.0,No,0.0,Yes,1.0,No,0.0,No,0.0,No,0.0,No,0.0,Yes,1.0,Yes,1.0,No,0.0,No,0.0,No,0.0
2019,UBS Group AG,,CH0244767585,Financials,SWITZERLAND,0.0,0.0,0,0,34,No,0.0,No,0.0,No,0.0,No,0.0,No,0.0,No,0.0,No,0.0,No,0.0,No,0.0,No,0.0,No,0.0,No,0.0,No,0.0,No,0.0,No,0.0,No,0.0,No,0.0,No,0.0,No,0.0,No,0.0,No,0.0,No,0.0,No,0.0,No,0.0,No,0.0,No,0.0,No,0.0,No,0.0,No,0.0,No,0.0,No,0.0,No,0.0,No,0.0,No,0.0
2396,Ubtech Robotics Corp Ltd.,,CNE100006CQ4,Industrials,CHINA,14.7,5.0,5,0,29,Yes,1.0,No,0.0,No,0.0,No,0.0,No,0.0,Yes,1.0,No,0.0,Yes,1.0,No,0.0,Yes,1.0,No,0.0,No,0.0,No,0.0,No,0.0,No,0.0,No,0.0,No,0.0,No,0.0,No,0.0,No,0.0,No,0.0,No,0.0,No,0.0,No,0.0,No,0.0,No,0.0,No,0.0,No,0.0,Yes,1.0,No,0.0,No,0.0,No,0.0,No,0.0,No,0.0
1556,UCB SA,,BE0003739530,Health Care,BELGIUM,30.9,10.5,10,1,23,Yes,1.0,No,0.0,No,0.0,Yes,1.0,No,0.0,Partial,0.5,No,0.0,Yes,1.0,No,0.0,Yes,1.0,No,0.0,No,0.0,No,0.0,No,0.0,No,0.0,Yes,1.0,Yes,1.0,Yes,1.0,Yes,1.0,No,0.0,No,0.0,No,0.0,No,0.0,No,0.0,Yes,1.0,No,0.0,No,0.0,Yes,1.0,No,0.0,No,0.0,No,0.0,No,0.0,No,0.0,No,0.0
141,"UDR, INC.",,US9026531049,Real Estate,UNITED STATES,8.8,3.0,3,0,31,No,0.0,No,0.0,Yes,1.0,No,0.0,No,0.0,Yes,1.0,No,0.0,Yes,1.0,No,0.0,No,0.0,No,0.0,No,0.0,No,0.0,No,0.0,No,0.0,No,0.0,No,0.0,No,0.0,No,0.0,No,0.0,No,0.0,No,0.0,No,0.0,No,0.0,No,0.0,No,0.0,No,0.0,No,0.0,No,0.0,No,0.0,No,0.0,No,0.0,No,0.0,No,0.0
2115,"ULTA BEAUTY, INC.",,US90384S3031,Consumer Discretion,UNITED STATES,17.6,6.0,6,0,28,No,0.0,No,0.0,No,0.0,Yes,1.0,No,0.0,Yes,1.0,No,0.0,Yes,1.0,No,0.0,Yes,1.0,Yes,1.0,No,0.0,No,0.0,No,0.0,No,0.0,No,0.0,No,0.0,No,0.0,No,0.0,No,0.0,No,0.0,No,0.0,No,0.0,No,0.0,No,0.0,No,0.0,No,0.0,No,0.0,No,0.0,No,0.0,Yes,1.0,No,0.0,No,0.0,No,0.0
1560,Ultrapar Participacoes S.A.,,BRUGPAACNOR8,Energy,BRAZIL,0.0,0.0,0,0,34,No,0.0,No,0.0,No,0.0,No,0.0,No,0.0,No,0.0,No,0.0,No,0.0,No,0.0,No,0.0,No,0.0,No,0.0,No,0.0,No,0.0,No,0.0,No,0.0,No,0.0,No,0.0,No,0.0,No,0.0,No,0.0,No,0.0,No,0.0,No,0.0,No,0.0,No,0.0,No,0.0,No,0.0,No,0.0,No,0.0,No,0.0,No,0.0,No,0.0,No,0.0
1561,ULTRATECH CEMENT LIMITED,,INE481G01011,Industrials,INDIA,7.4,2.5,2,2,30,No,0.0,No,0.0,No,0.0,No,0.0,Partial,0.0,Yes,1.0,No,0.0,No,0.0,No,0.0,Yes,1.0,No,0.0,No,0.0,No,0.0,No,0.0,No,0.0,No,0.0,No,0.0,No,0.0,No,0.0,No,0.0,No,0.0,No,0.0,No,0.0,No,0.0,No,0.0,No,0.0,No,0.0,No,0.0,No,0.0,No,0.0,Partial,0.5,No,0.0,No,0.0,No,0.0
1563,UNIBAIL-RODAMCO-WESTFIELD SE,,US90459E1064,Real Estate,FRANCE,0.0,0.0,0,0,34,No,0.0,No,0.0,No,0.0,No,0.0,No,0.0,No,0.0,No,0.0,No,0.0,No,0.0,No,0.0,No,0.0,No,0.0,No,0.0,No,0.0,No,0.0,No,0.0,No,0.0,No,0.0,No,0.0,No,0.0,No,0.0,No,0.0,No,0.0,No,0.0,No,0.0,No,0.0,No,0.0,No,0.0,No,0.0,No,0.0,No,0.0,No,0.0,No,0.0,No,0.0
57,UNICHARM CORPORATION,,JP3951600000,Consumer Staples,JAPAN,8.8,3.0,3,0,31,No,0.0,No,0.0,No,0.0,No,0.0,No,0.0,Yes,1.0,No,0.0,Yes,1.0,No,0.0,Yes,1.0,No,0.0,No,0.0,No,0.0,No,0.0,No,0.0,No,0.0,No,0.0,No,0.0,No,0.0,No,0.0,No,0.0,No,0.0,No,0.0,No,0.0,No,0.0,No,0.0,No,0.0,No,0.0,No,0.0,No,0.0,No,0.0,No,0.0,No,0.0,No,0.0
136,"UNICREDIT, SOCIETA PER AZIONI",,IT0005239360,Financials,ITALY,22.1,7.5,7,1,26,Yes,1.0,No,0.0,No,0.0,No,0.0,No,0.0,Yes,1.0,No,0.0,No,0.0,No,0.0,Yes,1.0,Yes,1.0,No,0.0,No,0.0,No,0.0,No,0.0,Partial,0.5,No,0.0,No,0.0,No,0.0,No,0.0,No,0.0,No,0.0,No,0.0,No,0.0,Yes,1.0,Yes,1.0,No,0.0,Yes,1.0,No,0.0,No,0.0,No,0.0,No,0.0,No,0.0,No,0.0
1521,"Unigroup Guoxin Microelectronics Co., Ltd.",,CNE000001M14,Technology,CHINA,0.0,0.0,0,0,34,No,0.0,No,0.0,No,0.0,No,0.0,No,0.0,No,0.0,No,0.0,No,0.0,No,0.0,No,0.0,No,0.0,No,0.0,No,0.0,No,0.0,No,0.0,No,0.0,No,0.0,No,0.0,No,0.0,No,0.0,No,0.0,No,0.0,No,0.0,No,0.0,No,0.0,No,0.0,No,0.0,No,0.0,No,0.0,No,0.0,No,0.0,No,0.0,No,0.0,No,0.0
376,UNILEVER PLC,,GB00BVZK7T90,Consumer Staples,UNITED KINGDOM,50.0,17.0,17,0,17,Yes,1.0,No,0.0,Yes,1.0,Yes,1.0,No,0.0,Yes,1.0,No,0.0,Yes,1.0,No,0.0,Yes,1.0,Yes,1.0,No,0.0,No,0.0,Yes,1.0,Yes,1.0,Yes,1.0,Yes,1.0,Yes,1.0,No,0.0,Yes,1.0,Yes,1.0,No,0.0,No,0.0,No,0.0,No,0.0,No,0.0,No,0.0,Yes,1.0,No,0.0,No,0.0,Yes,1.0,No,0.0,Yes,1.0,No,0.0
1564,UNIMICRON TECHNOLOGY CORP.,,TW0003037008,Technology,TAIWAN,0.0,0.0,0,0,34,No,0.0,No,0.0,No,0.0,No,0.0,No,0.0,No,0.0,No,0.0,No,0.0,No,0.0,No,0.0,No,0.0,No,0.0,No,0.0,No,0.0,No,0.0,No,0.0,No,0.0,No,0.0,No,0.0,No,0.0,No,0.0,No,0.0,No,0.0,No,0.0,No,0.0,No,0.0,No,0.0,No,0.0,No,0.0,No,0.0,No,0.0,No,0.0,No,0.0,No,0.0
188,UNION BANK OF INDIA LIMITED,,INE692A01016,Financials,INDIA,2.9,1.0,1,0,33,No,0.0,No,0.0,No,0.0,No,0.0,No,0.0,Yes,1.0,No,0.0,No,0.0,No,0.0,No,0.0,No,0.0,No,0.0,No,0.0,No,0.0,No,0.0,No,0.0,No,0.0,No,0.0,No,0.0,No,0.0,No,0.0,No,0.0,No,0.0,No,0.0,No,0.0,No,0.0,No,0.0,No,0.0,No,0.0,No,0.0,No,0.0,No,0.0,No,0.0,No,0.0
656,UNION PACIFIC CORPORATION,,US9078181081,Industrials,UNITED STATES,0.0,0.0,0,0,34,No,0.0,No,0.0,No,0.0,No,0.0,No,0.0,No,0.0,No,0.0,No,0.0,No,0.0,No,0.0,No,0.0,No,0.0,No,0.0,No,0.0,No,0.0,No,0.0,No,0.0,No,0.0,No,0.0,No,0.0,No,0.0,No,0.0,No,0.0,No,0.0,No,0.0,No,0.0,No,0.0,No,0.0,No,0.0,No,0.0,No,0.0,No,0.0,No,0.0,No,0.0
375,UNIPOL ASSICURAZIONI S.P.A.,,IT0004810054,Financials,ITALY,33.8,11.5,10,4,20,Yes,1.0,No,0.0,No,0.0,Partial,0.0,Partial,0.5,Yes,1.0,No,0.0,No,0.0,No,0.0,Partial,0.5,No,0.0,No,0.0,No,0.0,No,0.0,Yes,1.0,Partial,0.5,Yes,1.0,Yes,1.0,Yes,1.0,Yes,1.0,No,0.0,No,0.0,Yes,1.0,No,0.0,No,0.0,No,0.0,No,0.0,Yes,1.0,No,0.0,Yes,1.0,No,0.0,No,0.0,No,0.0,No,0.0
1562,UNI-PRESIDENT ENTERPRISES CORP.,,TW0001216000,Consumer Staples,TAIWAN,0.0,0.0,0,0,34,No,0.0,No,0.0,No,0.0,No,0.0,No,0.0,No,0.0,No,0.0,No,0.0,No,0.0,No,0.0,No,0.0,No,0.0,No,0.0,No,0.0,No,0.0,No,0.0,No,0.0,No,0.0,No,0.0,No,0.0,No,0.0,No,0.0,No,0.0,No,0.0,No,0.0,No,0.0,No,0.0,No,0.0,No,0.0,No,0.0,No,0.0,No,0.0,No,0.0,No,0.0
1548,Unisplendour Corporation Limited,,CNE0000010T1,Technology,CHINA,17.6,6.0,5,2,27,Yes,1.0,No,0.0,No,0.0,No,0.0,No,0.0,Partial,0.5,No,0.0,Yes,1.0,No,0.0,Partial,0.5,No,0.0,No,0.0,No,0.0,No,0.0,No,0.0,No,0.0,No,0.0,No,0.0,No,0.0,No,0.0,Yes,1.0,Yes,1.0,No,0.0,No,0.0,No,0.0,No,0.0,No,0.0,No,0.0,No,0.0,No,0.0,Yes,1.0,No,0.0,No,0.0,No,0.0
1555,"UNITED AIRLINES HOLDINGS, INC.",,US9100471096,Consumer Discretion,UNITED STATES,38.2,13.0,13,0,21,Yes,1.0,No,0.0,Yes,1.0,Yes,1.0,No,0.0,Yes,1.0,No,0.0,Yes,1.0,No,0.0,Yes,1.0,No,0.0,No,0.0,No,0.0,No,0.0,No,0.0,Yes,1.0,Yes,1.0,Yes,1.0,No,0.0,No,0.0,Yes,1.0,Yes,1.0,No,0.0,No,0.0,No,0.0,No,0.0,No,0.0,Yes,1.0,No,0.0,No,0.0,Yes,1.0,No,0.0,No,0.0,No,0.0
597,UNITEDHEALTH GROUP INCORPORATED,,US91324P1021,Health Care,UNITED STATES,41.2,14.0,14,0,20,Yes,1.0,No,0.0,No,0.0,Yes,1.0,No,0.0,Yes,1.0,No,0.0,Yes,1.0,No,0.0,Yes,1.0,Yes,1.0,Yes,1.0,No,0.0,Yes,1.0,Yes,1.0,Yes,1.0,Yes,1.0,Yes,1.0,No,0.0,Yes,1.0,No,0.0,No,0.0,No,0.0,No,0.0,No,0.0,No,0.0,No,0.0,No,0.0,No,0.0,No,0.0,Yes,1.0,No,0.0,No,0.0,No,0.0
204,United Microelectronics Corporation,,TW0002303005,Technology,TAIWAN,0.0,0.0,0,0,34,No,0.0,No,0.0,No,0.0,No,0.0,No,0.0,No,0.0,No,0.0,No,0.0,No,0.0,No,0.0,No,0.0,No,0.0,No,0.0,No,0.0,No,0.0,No,0.0,No,0.0,No,0.0,No,0.0,No,0.0,No,0.0,No,0.0,No,0.0,No,0.0,No,0.0,No,0.0,No,0.0,No,0.0,No,0.0,No,0.0,No,0.0,No,0.0,No,0.0,No,0.0
2378,"United Nova Technology Co.,Ltd.",,CNE1000060N7,Technology,CHINA,2.9,1.0,1,0,33,No,0.0,No,0.0,No,0.0,No,0.0,No,0.0,Yes,1.0,No,0.0,No,0.0,No,0.0,No,0.0,No,0.0,No,0.0,No,0.0,No,0.0,No,0.0,No,0.0,No,0.0,No,0.0,No,0.0,No,0.0,No,0.0,No,0.0,No,0.0,No,0.0,No,0.0,No,0.0,No,0.0,No,0.0,No,0.0,No,0.0,No,0.0,No,0.0,No,0.0,No,0.0
1565,UNITED OVERSEAS BANK LIMITED,,SG1M31001969,Financials,SINGAPORE,35.3,12.0,11,3,20,Yes,1.0,No,0.0,Yes,1.0,Yes,1.0,Partial,0.0,Yes,1.0,No,0.0,Partial,0.5,No,0.0,Yes,1.0,Yes,1.0,No,0.0,No,0.0,Yes,1.0,No,0.0,Yes,1.0,Partial,0.5,Yes,1.0,No,0.0,No,0.0,Yes,1.0,No,0.0,No,0.0,No,0.0,No,0.0,No,0.0,No,0.0,Yes,1.0,No,0.0,No,0.0,No,0.0,No,0.0,No,0.0,No,0.0
1566,"UNITED PARCEL SERVICE, INC.",,US9113121068,Industrials,UNITED STATES,11.8,4.0,4,0,30,No,0.0,No,0.0,No,0.0,No,0.0,No,0.0,Yes,1.0,No,0.0,No,0.0,No,0.0,No,0.0,Yes,1.0,Yes,1.0,No,0.0,No,0.0,No,0.0,No,0.0,No,0.0,No,0.0,No,0.0,No,0.0,No,0.0,No,0.0,No,0.0,No,0.0,No,0.0,No,0.0,No,0.0,No,0.0,No,0.0,No,0.0,Yes,1.0,No,0.0,No,0.0,No,0.0
1568,"UNITED RENTALS, INC.",,US9113631090,Industrials,UNITED STATES,0.0,0.0,0,0,34,No,0.0,No,0.0,No,0.0,No,0.0,No,0.0,No,0.0,No,0.0,No,0.0,No,0.0,No,0.0,No,0.0,No,0.0,No,0.0,No,0.0,No,0.0,No,0.0,No,0.0,No,0.0,No,0.0,No,0.0,No,0.0,No,0.0,No,0.0,No,0.0,No,0.0,No,0.0,No,0.0,No,0.0,No,0.0,No,0.0,No,0.0,No,0.0,No,0.0,No,0.0
1569,UNITED SPIRITS LIMITED,,INE854D01024,Consumer Staples,INDIA,2.9,1.0,0,2,32,No,0.0,No,0.0,No,0.0,No,0.0,No,0.0,Partial,0.5,No,0.0,No,0.0,No,0.0,No,0.0,No,0.0,No,0.0,No,0.0,No,0.0,No,0.0,No,0.0,No,0.0,No,0.0,No,0.0,Partial,0.5,No,0.0,No,0.0,No,0.0,No,0.0,No,0.0,No,0.0,No,0.0,No,0.0,No,0.0,No,0.0,No,0.0,No,0.0,No,0.0,No,0.0
582,UNITED THERAPEUTICS CORPORATION,,US91307C1027,Health Care,UNITED STATES,2.9,1.0,1,0,33,No,0.0,No,0.0,No,0.0,No,0.0,No,0.0,No,0.0,No,0.0,No,0.0,No,0.0,No,0.0,Yes,1.0,No,0.0,No,0.0,No,0.0,No,0.0,No,0.0,No,0.0,No,0.0,No,0.0,No,0.0,No,0.0,No,0.0,No,0.0,No,0.0,No,0.0,No,0.0,No,0.0,No,0.0,No,0.0,No,0.0,No,0.0,No,0.0,No,0.0,No,0.0
383,UNITED UTILITIES GROUP PLC,,GB00B39J2M42,Utilities,UNITED KINGDOM,22.1,7.5,7,1,26,Yes,1.0,No,0.0,No,0.0,No,0.0,No,0.0,Yes,1.0,No,0.0,Yes,1.0,No,0.0,Partial,0.5,Yes,1.0,No,0.0,No,0.0,No,0.0,No,0.0,No,0.0,No,0.0,No,0.0,No,0.0,No,0.0,Yes,1.0,No,0.0,Yes,1.0,No,0.0,No,0.0,No,0.0,No,0.0,Yes,1.0,No,0.0,No,0.0,No,0.0,No,0.0,No,0.0,No,0.0
377,"UNIVERSAL HEALTH SERVICES, INC.",,US9139031002,Health Care,UNITED STATES,0.0,0.0,0,0,34,No,0.0,No,0.0,No,0.0,No,0.0,No,0.0,No,0.0,No,0.0,No,0.0,No,0.0,No,0.0,No,0.0,No,0.0,No,0.0,No,0.0,No,0.0,No,0.0,No,0.0,No,0.0,No,0.0,No,0.0,No,0.0,No,0.0,No,0.0,No,0.0,No,0.0,No,0.0,No,0.0,No,0.0,No,0.0,No,0.0,No,0.0,No,0.0,No,0.0,No,0.0
2317,Universal Music Group N.V.,,NL0015000IY2,Consumer Discretion,NETHERLANDS,29.4,10.0,10,2,22,Yes,1.0,No,0.0,Yes,1.0,Partial,0.0,Partial,0.0,Yes,1.0,No,0.0,Yes,1.0,No,0.0,Yes,1.0,Yes,1.0,No,0.0,No,0.0,No,0.0,No,0.0,No,0.0,No,0.0,No,0.0,No,0.0,No,0.0,Yes,1.0,No,0.0,No,0.0,No,0.0,No,0.0,No,0.0,No,0.0,Yes,1.0,No,0.0,Yes,1.0,No,0.0,No,0.0,Yes,1.0,No,0.0
1916,"Universal Scientific Industrial (Shanghai) Co., Ltd.",,CNE100001BZ8,Technology,CHINA,11.8,4.0,4,1,29,No,0.0,No,0.0,Yes,1.0,Partial,0.0,No,0.0,Yes,1.0,No,0.0,Yes,1.0,No,0.0,Yes,1.0,No,0.0,No,0.0,No,0.0,No,0.0,No,0.0,No,0.0,No,0.0,No,0.0,No,0.0,No,0.0,No,0.0,No,0.0,No,0.0,No,0.0,No,0.0,No,0.0,No,0.0,No,0.0,No,0.0,No,0.0,No,0.0,No,0.0,No,0.0,No,0.0
1567,UPL LIMITED,,IN9628A01026,Basic Materials,INDIA,30.9,10.5,10,1,23,Yes,1.0,No,0.0,No,0.0,No,0.0,No,0.0,Yes,1.0,No,0.0,Yes,1.0,No,0.0,Yes,1.0,No,0.0,No,0.0,No,0.0,No,0.0,No,0.0,Yes,1.0,Yes,1.0,Yes,1.0,No,0.0,Yes,1.0,Partial,0.5,No,0.0,No,0.0,No,0.0,Yes,1.0,No,0.0,No,0.0,No,0.0,No,0.0,No,0.0,Yes,1.0,No,0.0,No,0.0,No,0.0
1558,UPM-Kymmene Oyj,,FI0009005987,Basic Materials,FINLAND,14.7,5.0,5,0,29,Yes,1.0,No,0.0,No,0.0,No,0.0,No,0.0,Yes,1.0,No,0.0,No,0.0,No,0.0,Yes,1.0,No,0.0,No,0.0,No,0.0,No,0.0,No,0.0,No,0.0,No,0.0,No,0.0,No,0.0,No,0.0,No,0.0,No,0.0,No,0.0,No,0.0,Yes,1.0,No,0.0,No,0.0,No,0.0,No,0.0,No,0.0,Yes,1.0,No,0.0,No,0.0,No,0.0
1559,U.S. BANCORP,,US9029733048,Financials,UNITED STATES,4.4,1.5,1,1,32,No,0.0,No,0.0,No,0.0,No,0.0,No,0.0,No,0.0,No,0.0,No,0.0,No,0.0,No,0.0,Partial,0.5,Yes,1.0,No,0.0,No,0.0,No,0.0,No,0.0,No,0.0,No,0.0,No,0.0,No,0.0,No,0.0,No,0.0,No,0.0,No,0.0,No,0.0,No,0.0,No,0.0,No,0.0,No,0.0,No,0.0,No,0.0,No,0.0,No,0.0,No,0.0
1572,VALERO ENERGY CORPORATION,,US91913Y1001,Energy,UNITED STATES,8.8,3.0,3,0,31,No,0.0,No,0.0,No,0.0,Yes,1.0,No,0.0,No,0.0,No,0.0,No,0.0,No,0.0,No,0.0,Yes,1.0,No,0.0,No,0.0,No,0.0,No,0.0,No,0.0,No,0.0,No,0.0,No,0.0,No,0.0,No,0.0,No,0.0,No,0.0,No,0.0,No,0.0,No,0.0,No,0.0,No,0.0,No,0.0,No,0.0,Yes,1.0,No,0.0,No,0.0,No,0.0
176,VALE S.A.,,BRVALEACNOR0,Basic Materials,BRAZIL,11.8,4.0,4,0,30,Yes,1.0,No,0.0,No,0.0,No,0.0,No,0.0,Yes,1.0,No,0.0,Yes,1.0,No,0.0,Yes,1.0,No,0.0,No,0.0,No,0.0,No,0.0,No,0.0,No,0.0,No,0.0,No,0.0,No,0.0,No,0.0,No,0.0,No,0.0,No,0.0,No,0.0,No,0.0,No,0.0,No,0.0,No,0.0,No,0.0,No,0.0,No,0.0,No,0.0,No,0.0,No,0.0
685,VALTERRA PLATINUM LIMITED,,ZAE000013181,Basic Materials,SOUTH AFRICA,8.8,3.0,2,2,30,Yes,1.0,No,0.0,Yes,1.0,No,0.0,No,0.0,Partial,0.5,No,0.0,No,0.0,No,0.0,No,0.0,Partial,0.5,No,0.0,No,0.0,No,0.0,No,0.0,No,0.0,No,0.0,No,0.0,No,0.0,No,0.0,No,0.0,No,0.0,No,0.0,No,0.0,No,0.0,No,0.0,No,0.0,No,0.0,No,0.0,No,0.0,No,0.0,No,0.0,No,0.0,No,0.0
389,Vanguard International Semiconductor Corporation,,TW0005347009,Technology,TAIWAN,13.2,4.5,4,1,29,Yes,1.0,No,0.0,No,0.0,Partial,0.5,No,0.0,Yes,1.0,No,0.0,No,0.0,No,0.0,No,0.0,No,0.0,No,0.0,No,0.0,No,0.0,No,0.0,No,0.0,No,0.0,Yes,1.0,No,0.0,No,0.0,No,0.0,No,0.0,No,0.0,No,0.0,Yes,1.0,No,0.0,No,0.0,No,0.0,No,0.0,No,0.0,No,0.0,No,0.0,No,0.0,No,0.0
1747,VARUN BEVERAGES LIMITED,,INE200M01039,Consumer Staples,INDIA,0.0,0.0,0,0,34,No,0.0,No,0.0,No,0.0,No,0.0,No,0.0,No,0.0,No,0.0,No,0.0,No,0.0,No,0.0,No,0.0,No,0.0,No,0.0,No,0.0,No,0.0,No,0.0,No,0.0,No,0.0,No,0.0,No,0.0,No,0.0,No,0.0,No,0.0,No,0.0,No,0.0,No,0.0,No,0.0,No,0.0,No,0.0,No,0.0,No,0.0,No,0.0,No,0.0,No,0.0
2079,VAT Group AG,,CH0311864901,Industrials,SWITZERLAND,0.0,0.0,0,0,34,No,0.0,No,0.0,No,0.0,No,0.0,No,0.0,No,0.0,No,0.0,No,0.0,No,0.0,No,0.0,No,0.0,No,0.0,No,0.0,No,0.0,No,0.0,No,0.0,No,0.0,No,0.0,No,0.0,No,0.0,No,0.0,No,0.0,No,0.0,No,0.0,No,0.0,No,0.0,No,0.0,No,0.0,No,0.0,No,0.0,No,0.0,No,0.0,No,0.0,No,0.0
600,VEDANTA LIMITED,,INE205A01025,Basic Materials,INDIA,8.8,3.0,3,0,31,No,0.0,No,0.0,No,0.0,No,0.0,No,0.0,Yes,1.0,No,0.0,No,0.0,No,0.0,Yes,1.0,Yes,1.0,No,0.0,No,0.0,No,0.0,No,0.0,No,0.0,No,0.0,No,0.0,No,0.0,No,0.0,No,0.0,No,0.0,No,0.0,No,0.0,No,0.0,No,0.0,No,0.0,No,0.0,No,0.0,No,0.0,No,0.0,No,0.0,No,0.0,No,0.0
1967,VEEVA SYSTEMS INC.,,US9224751084,Health Care,UNITED STATES,32.4,11.0,11,0,23,Yes,1.0,No,0.0,Yes,1.0,Yes,1.0,No,0.0,Yes,1.0,No,0.0,Yes,1.0,No,0.0,Yes,1.0,Yes,1.0,No,0.0,No,0.0,No,0.0,No,0.0,Yes,1.0,Yes,1.0,Yes,1.0,No,0.0,No,0.0,No,0.0,No,0.0,No,0.0,No,0.0,No,0.0,No,0.0,No,0.0,No,0.0,No,0.0,No,0.0,Yes,1.0,No,0.0,No,0.0,No,0.0
1573,"VENTAS, INC.",,US92276F1003,Real Estate,UNITED STATES,17.6,6.0,6,0,28,No,0.0,No,0.0,No,0.0,No,0.0,No,0.0,Yes,1.0,No,0.0,No,0.0,No,0.0,Yes,1.0,Yes,1.0,No,0.0,No,0.0,No,0.0,No,0.0,Yes,1.0,Yes,1.0,No,0.0,No,0.0,No,0.0,No,0.0,No,0.0,No,0.0,No,0.0,No,0.0,No,0.0,No,0.0,No,0.0,No,0.0,No,0.0,Yes,1.0,No,0.0,No,0.0,No,0.0
1574,VEOLIA ENVIRONNEMENT SA,,FR0000124141,Utilities,FRANCE,35.3,12.0,12,1,21,Yes,1.0,Partial,0.0,Yes,1.0,Yes,1.0,No,0.0,Yes,1.0,No,0.0,Yes,1.0,No,0.0,Yes,1.0,No,0.0,No,0.0,No,0.0,No,0.0,No,0.0,No,0.0,Yes,1.0,No,0.0,No,0.0,No,0.0,Yes,1.0,No,0.0,Yes,1.0,No,0.0,Yes,1.0,No,0.0,No,0.0,Yes,1.0,No,0.0,Yes,1.0,No,0.0,No,0.0,No,0.0,No,0.0
2386,VERALTO CORPORATION,,US92338C1036,Industrials,UNITED STATES,29.4,10.0,10,0,24,No,0.0,No,0.0,No,0.0,No,0.0,No,0.0,Yes,1.0,No,0.0,No,0.0,No,0.0,Yes,1.0,Yes,1.0,No,0.0,No,0.0,Yes,1.0,Yes,1.0,Yes,1.0,Yes,1.0,Yes,1.0,Yes,1.0,Yes,1.0,No,0.0,No,0.0,No,0.0,No,0.0,No,0.0,No,0.0,No,0.0,No,0.0,No,0.0,No,0.0,No,0.0,No,0.0,No,0.0,No,0.0
566,VERBUND AG,,AT0000746409,Utilities,AUSTRIA,23.5,8.0,8,0,26,No,0.0,No,0.0,No,0.0,No,0.0,Yes,1.0,Yes,1.0,No,0.0,Yes,1.0,No,0.0,Yes,1.0,No,0.0,No,0.0,No,0.0,No,0.0,No,0.0,Yes,1.0,Yes,1.0,No,0.0,No,0.0,No,0.0,No,0.0,No,0.0,No,0.0,No,0.0,Yes,1.0,No,0.0,No,0.0,No,0.0,No,0.0,Yes,1.0,No,0.0,No,0.0,No,0.0,No,0.0
1575,"VERISIGN, INC.",,US92343E1029,Technology,UNITED STATES,8.8,3.0,3,0,31,No,0.0,No,0.0,No,0.0,No,0.0,No,0.0,Yes,1.0,No,0.0,No,0.0,No,0.0,No,0.0,No,0.0,No,0.0,No,0.0,Yes,1.0,No,0.0,No,0.0,No,0.0,No,0.0,No,0.0,No,0.0,No,0.0,No,0.0,No,0.0,No,0.0,No,0.0,No,0.0,No,0.0,No,0.0,No,0.0,No,0.0,No,0.0,No,0.0,Yes,1.0,No,0.0
2264,"Verisilicon Microelectronics (Shanghai) Co., Ltd",,CNE100004413,Technology,CHINA,14.7,5.0,5,0,29,Yes,1.0,No,0.0,Yes,1.0,No,0.0,No,0.0,Yes,1.0,No,0.0,No,0.0,No,0.0,Yes,1.0,No,0.0,No,0.0,No,0.0,No,0.0,No,0.0,No,0.0,No,0.0,No,0.0,No,0.0,No,0.0,No,0.0,No,0.0,No,0.0,No,0.0,No,0.0,No,0.0,No,0.0,Yes,1.0,No,0.0,No,0.0,No,0.0,No,0.0,No,0.0,No,0.0
1760,"VERISK ANALYTICS, INC.",,US92345Y1064,Industrials,UNITED STATES,55.9,19.0,19,0,15,Yes,1.0,No,0.0,Yes,1.0,Yes,1.0,Yes,1.0,Yes,1.0,Yes,1.0,Yes,1.0,No,0.0,Yes,1.0,Yes,1.0,Yes,1.0,No,0.0,Yes,1.0,Yes,1.0,Yes,1.0,Yes,1.0,Yes,1.0,Yes,1.0,Yes,1.0,No,0.0,No,0.0,No,0.0,No,0.0,Yes,1.0,No,0.0,No,0.0,Yes,1.0,No,0.0,No,0.0,No,0.0,No,0.0,No,0.0,No,0.0
2440,VERISURE P.L.C.,,GB00BVMN1558,Industrials,UNITED KINGDOM,7.4,2.5,2,1,31,Yes,1.0,No,0.0,No,0.0,No,0.0,Partial,0.5,Yes,1.0,No,0.0,No,0.0,No,0.0,No,0.0,No,0.0,No,0.0,No,0.0,No,0.0,No,0.0,No,0.0,No,0.0,No,0.0,No,0.0,No,0.0,No,0.0,No,0.0,No,0.0,No,0.0,No,0.0,No,0.0,No,0.0,No,0.0,No,0.0,No,0.0,No,0.0,No,0.0,No,0.0,No,0.0
1576,VERIZON COMMUNICATIONS INC.,,US92343V1044,Telecommunications,UNITED STATES,27.9,9.5,9,2,23,No,0.0,No,0.0,No,0.0,No,0.0,Partial,0.0,Yes,1.0,No,0.0,Yes,1.0,No,0.0,No,0.0,No,0.0,No,0.0,No,0.0,Yes,1.0,Yes,1.0,Yes,1.0,Partial,0.5,Yes,1.0,Yes,1.0,No,0.0,Yes,1.0,No,0.0,No,0.0,No,0.0,No,0.0,No,0.0,No,0.0,No,0.0,No,0.0,No,0.0,Yes,1.0,No,0.0,No,0.0,No,0.0
1577,VERTEX PHARMACEUTICALS INCORPORATED,,US92532F1003,Health Care,UNITED STATES,0.0,0.0,0,0,34,No,0.0,No,0.0,No,0.0,No,0.0,No,0.0,No,0.0,No,0.0,No,0.0,No,0.0,No,0.0,No,0.0,No,0.0,No,0.0,No,0.0,No,0.0,No,0.0,No,0.0,No,0.0,No,0.0,No,0.0,No,0.0,No,0.0,No,0.0,No,0.0,No,0.0,No,0.0,No,0.0,No,0.0,No,0.0,No,0.0,No,0.0,No,0.0,No,0.0,No,0.0
2164,VERTIV HOLDINGS CO,,US92537N1081,Technology,UNITED STATES,8.8,3.0,3,0,31,Yes,1.0,No,0.0,No,0.0,No,0.0,No,0.0,Yes,1.0,No,0.0,No,0.0,No,0.0,No,0.0,No,0.0,No,0.0,No,0.0,No,0.0,No,0.0,No,0.0,No,0.0,No,0.0,No,0.0,No,0.0,No,0.0,No,0.0,No,0.0,No,0.0,No,0.0,No,0.0,No,0.0,No,0.0,No,0.0,No,0.0,No,0.0,No,0.0,Yes,1.0,No,0.0
1578,VESTAS WIND SYSTEMS A/S,,DK0061539921,Energy,DENMARK,0.0,0.0,0,0,34,No,0.0,No,0.0,No,0.0,No,0.0,No,0.0,No,0.0,No,0.0,No,0.0,No,0.0,No,0.0,No,0.0,No,0.0,No,0.0,No,0.0,No,0.0,No,0.0,No,0.0,No,0.0,No,0.0,No,0.0,No,0.0,No,0.0,No,0.0,No,0.0,No,0.0,No,0.0,No,0.0,No,0.0,No,0.0,No,0.0,No,0.0,No,0.0,No,0.0,No,0.0
1357,Vibra Energia S.A.,,BRVBBRACNOR1,Energy,BRAZIL,29.4,10.0,10,0,24,Yes,1.0,No,0.0,Yes,1.0,No,0.0,No,0.0,Yes,1.0,No,0.0,Yes,1.0,No,0.0,Yes,1.0,No,0.0,No,0.0,No,0.0,No,0.0,No,0.0,Yes,1.0,Yes,1.0,No,0.0,No,0.0,No,0.0,Yes,1.0,No,0.0,Yes,1.0,Yes,1.0,No,0.0,No,0.0,No,0.0,No,0.0,No,0.0,No,0.0,No,0.0,No,0.0,No,0.0,No,0.0
2209,Vicinity Centres,,AU000000VCX7,Real Estate,AUSTRALIA,7.4,2.5,2,1,31,Partial,0.5,No,0.0,No,0.0,No,0.0,No,0.0,Yes,1.0,No,0.0,No,0.0,No,0.0,Yes,1.0,No,0.0,No,0.0,No,0.0,No,0.0,No,0.0,No,0.0,No,0.0,No,0.0,No,0.0,No,0.0,No,0.0,No,0.0,No,0.0,No,0.0,No,0.0,No,0.0,No,0.0,No,0.0,No,0.0,No,0.0,No,0.0,No,0.0,No,0.0,No,0.0
2139,VICI PROPERTIES INC.,,US9256521090,Real Estate,UNITED STATES,11.8,4.0,4,0,30,No,0.0,No,0.0,No,0.0,No,0.0,No,0.0,No,0.0,No,0.0,No,0.0,No,0.0,No,0.0,Yes,1.0,Yes,1.0,No,0.0,Yes,1.0,No,0.0,Yes,1.0,No,0.0,No,0.0,No,0.0,No,0.0,No,0.0,No,0.0,No,0.0,No,0.0,No,0.0,No,0.0,No,0.0,No,0.0,No,0.0,No,0.0,No,0.0,No,0.0,No,0.0,No,0.0
2050,Victory Giant Technology (HuiZhou) Co Ltd,,CNE1000020V4,Technology,CHINA,16.2,5.5,5,1,28,Partial,0.5,No,0.0,Yes,1.0,No,0.0,No,0.0,Yes,1.0,No,0.0,Yes,1.0,No,0.0,No,0.0,No,0.0,No,0.0,No,0.0,No,0.0,No,0.0,No,0.0,No,0.0,No,0.0,No,0.0,No,0.0,No,0.0,No,0.0,No,0.0,No,0.0,No,0.0,No,0.0,No,0.0,No,0.0,No,0.0,No,0.0,Yes,1.0,No,0.0,Yes,1.0,No,0.0
1579,VINCI SA,,FR0000125486,Industrials,FRANCE,38.2,13.0,13,0,21,Yes,1.0,No,0.0,No,0.0,Yes,1.0,No,0.0,Yes,1.0,No,0.0,Yes,1.0,No,0.0,Yes,1.0,No,0.0,No,0.0,Yes,1.0,No,0.0,No,0.0,Yes,1.0,No,0.0,No,0.0,No,0.0,No,0.0,Yes,1.0,Yes,1.0,No,0.0,No,0.0,Yes,1.0,Yes,1.0,Yes,1.0,Yes,1.0,No,0.0,No,0.0,No,0.0,No,0.0,No,0.0,No,0.0
1924,VIPSHOP HOLDINGS LIMITED,,US92763W1036,Consumer Discretion,CHINA,0.0,0.0,0,0,34,No,0.0,No,0.0,No,0.0,No,0.0,No,0.0,No,0.0,No,0.0,No,0.0,No,0.0,No,0.0,No,0.0,No,0.0,No,0.0,No,0.0,No,0.0,No,0.0,No,0.0,No,0.0,No,0.0,No,0.0,No,0.0,No,0.0,No,0.0,No,0.0,No,0.0,No,0.0,No,0.0,No,0.0,No,0.0,No,0.0,No,0.0,No,0.0,No,0.0,No,0.0
1629,VISA INC.,,US92826C8394,Industrials,UNITED STATES,41.2,14.0,14,0,20,Yes,1.0,No,0.0,No,0.0,Yes,1.0,Yes,1.0,Yes,1.0,No,0.0,Yes,1.0,No,0.0,Yes,1.0,Yes,1.0,Yes,1.0,No,0.0,No,0.0,No,0.0,Yes,1.0,Yes,1.0,Yes,1.0,No,0.0,No,0.0,No,0.0,Yes,1.0,No,0.0,No,0.0,No,0.0,No,0.0,No,0.0,No,0.0,No,0.0,Yes,1.0,Yes,1.0,No,0.0,No,0.0,No,0.0
2188,VISHAL MEGA MART LIMITED,,INE01EA01019,Consumer Discretion,INDIA,8.8,3.0,3,0,31,No,0.0,No,0.0,No,0.0,No,0.0,No,0.0,Yes,1.0,No,0.0,No,0.0,No,0.0,Yes,1.0,No,0.0,No,0.0,No,0.0,No,0.0,No,0.0,No,0.0,No,0.0,No,0.0,No,0.0,No,0.0,No,0.0,No,0.0,No,0.0,No,0.0,No,0.0,No,0.0,No,0.0,Yes,1.0,No,0.0,No,0.0,No,0.0,No,0.0,No,0.0,No,0.0
2095,VISTRA CORP.,,US92840M1027,Utilities,UNITED STATES,19.1,6.5,6,1,27,No,0.0,No,0.0,No,0.0,No,0.0,No,0.0,Yes,1.0,No,0.0,Yes,1.0,No,0.0,No,0.0,Yes,1.0,Yes,1.0,No,0.0,No,0.0,No,0.0,Yes,1.0,Partial,0.5,No,0.0,No,0.0,No,0.0,No,0.0,No,0.0,No,0.0,No,0.0,No,0.0,No,0.0,No,0.0,No,0.0,No,0.0,No,0.0,Yes,1.0,No,0.0,No,0.0,No,0.0
1821,VODACOM GROUP LIMITED,,ZAE000132577,Telecommunications,SOUTH AFRICA,32.4,11.0,10,2,22,Yes,1.0,No,0.0,No,0.0,No,0.0,No,0.0,Yes,1.0,No,0.0,Yes,1.0,No,0.0,Yes,1.0,Yes,1.0,Yes,1.0,No,0.0,Partial,0.5,No,0.0,Yes,1.0,Partial,0.5,Yes,1.0,Yes,1.0,No,0.0,No,0.0,No,0.0,No,0.0,No,0.0,Yes,1.0,No,0.0,No,0.0,No,0.0,No,0.0,No,0.0,No,0.0,No,0.0,No,0.0,No,0.0
1580,VODAFONE GROUP PUBLIC LIMITED COMPANY,,GB00BH4HKS39,Telecommunications,UNITED KINGDOM,41.2,14.0,14,0,20,Yes,1.0,No,0.0,Yes,1.0,Yes,1.0,Yes,1.0,Yes,1.0,No,0.0,No,0.0,No,0.0,Yes,1.0,No,0.0,No,0.0,No,0.0,Yes,1.0,Yes,1.0,Yes,1.0,Yes,1.0,Yes,1.0,No,0.0,No,0.0,No,0.0,No,0.0,No,0.0,No,0.0,Yes,1.0,No,0.0,No,0.0,Yes,1.0,No,0.0,Yes,1.0,No,0.0,No,0.0,No,0.0,No,0.0
1165,VODAFONE IDEA LIMITED,,INE669E01016,Telecommunications,INDIA,20.6,7.0,7,0,27,No,0.0,No,0.0,Yes,1.0,Yes,1.0,No,0.0,Yes,1.0,No,0.0,Yes,1.0,No,0.0,Yes,1.0,No,0.0,No,0.0,No,0.0,No,0.0,No,0.0,No,0.0,No,0.0,No,0.0,No,0.0,No,0.0,Yes,1.0,No,0.0,Yes,1.0,No,0.0,No,0.0,No,0.0,No,0.0,No,0.0,No,0.0,No,0.0,No,0.0,No,0.0,No,0.0,No,0.0
440,VOLKSWAGEN AKTIENGESELLSCHAFT,,DE0007664005,Consumer Discretion,GERMANY,26.5,9.0,9,0,25,Yes,1.0,No,0.0,No,0.0,Yes,1.0,No,0.0,Yes,1.0,No,0.0,Yes,1.0,No,0.0,Yes,1.0,Yes,1.0,No,0.0,No,0.0,No,0.0,No,0.0,No,0.0,No,0.0,Yes,1.0,No,0.0,No,0.0,No,0.0,No,0.0,No,0.0,No,0.0,Yes,1.0,Yes,1.0,No,0.0,No,0.0,No,0.0,No,0.0,No,0.0,No,0.0,No,0.0,No,0.0
387,VOLTAS LIMITED,,INE226A01021,Industrials,INDIA,0.0,0.0,0,0,34,No,0.0,No,0.0,No,0.0,No,0.0,No,0.0,No,0.0,No,0.0,No,0.0,No,0.0,No,0.0,No,0.0,No,0.0,No,0.0,No,0.0,No,0.0,No,0.0,No,0.0,No,0.0,No,0.0,No,0.0,No,0.0,No,0.0,No,0.0,No,0.0,No,0.0,No,0.0,No,0.0,No,0.0,No,0.0,No,0.0,No,0.0,No,0.0,No,0.0,No,0.0
1956,Vonovia SE,,DE000A1ML7J1,Real Estate,GERMANY,0.0,0.0,0,0,34,No,0.0,No,0.0,No,0.0,No,0.0,No,0.0,No,0.0,No,0.0,No,0.0,No,0.0,No,0.0,No,0.0,No,0.0,No,0.0,No,0.0,No,0.0,No,0.0,No,0.0,No,0.0,No,0.0,No,0.0,No,0.0,No,0.0,No,0.0,No,0.0,No,0.0,No,0.0,No,0.0,No,0.0,No,0.0,No,0.0,No,0.0,No,0.0,No,0.0,No,0.0
1633,VULCAN MATERIALS COMPANY,,US9291601097,Industrials,UNITED STATES,11.8,4.0,4,0,30,No,0.0,No,0.0,No,0.0,No,0.0,No,0.0,Yes,1.0,No,0.0,Yes,1.0,No,0.0,Yes,1.0,No,0.0,No,0.0,No,0.0,No,0.0,No,0.0,No,0.0,No,0.0,No,0.0,No,0.0,No,0.0,No,0.0,No,0.0,No,0.0,No,0.0,No,0.0,No,0.0,No,0.0,No,0.0,No,0.0,No,0.0,Yes,1.0,No,0.0,No,0.0,No,0.0
2148,WAAREE ENERGIES LIMITED,,INE377N01017,Energy,INDIA,23.5,8.0,8,0,26,Yes,1.0,No,0.0,No,0.0,Yes,1.0,No,0.0,Yes,1.0,No,0.0,Yes,1.0,No,0.0,Yes,1.0,No,0.0,No,0.0,No,0.0,No,0.0,No,0.0,Yes,1.0,Yes,1.0,No,0.0,No,0.0,Yes,1.0,No,0.0,No,0.0,No,0.0,No,0.0,No,0.0,No,0.0,No,0.0,No,0.0,No,0.0,No,0.0,No,0.0,No,0.0,No,0.0,No,0.0
628,"Wal-Mart de Mexico, S.A.B. de C.V.",,MX01WA000038,Consumer Discretion,MEXICO,17.6,6.0,6,0,28,No,0.0,No,0.0,No,0.0,No,0.0,No,0.0,Yes,1.0,No,0.0,Yes,1.0,No,0.0,Yes,1.0,No,0.0,No,0.0,No,0.0,No,0.0,No,0.0,No,0.0,No,0.0,No,0.0,No,0.0,No,0.0,Yes,1.0,No,0.0,No,0.0,No,0.0,Yes,1.0,Yes,1.0,No,0.0,No,0.0,No,0.0,No,0.0,No,0.0,No,0.0,No,0.0,No,0.0
410,WALMART INC.,,US9311421039,Consumer Discretion,UNITED STATES,27.9,9.5,8,3,23,Yes,1.0,No,0.0,No,0.0,No,0.0,Yes,1.0,Yes,1.0,No,0.0,No,0.0,No,0.0,No,0.0,Partial,0.5,No,0.0,No,0.0,Yes,1.0,No,0.0,Partial,0.5,Partial,0.5,Yes,1.0,No,0.0,Yes,1.0,No,0.0,No,0.0,No,0.0,No,0.0,Yes,1.0,No,0.0,No,0.0,No,0.0,No,0.0,No,0.0,Yes,1.0,No,0.0,No,0.0,No,0.0
1582,WAN HAI LINES LTD.,,TW0002615002,Industrials,TAIWAN,0.0,0.0,0,0,34,No,0.0,No,0.0,No,0.0,No,0.0,No,0.0,No,0.0,No,0.0,No,0.0,No,0.0,No,0.0,No,0.0,No,0.0,No,0.0,No,0.0,No,0.0,No,0.0,No,0.0,No,0.0,No,0.0,No,0.0,No,0.0,No,0.0,No,0.0,No,0.0,No,0.0,No,0.0,No,0.0,No,0.0,No,0.0,No,0.0,No,0.0,No,0.0,No,0.0,No,0.0
393,"Wanhua Chemical Group Co., Ltd.",,CNE0000016J9,Basic Materials,CHINA,0.0,0.0,0,0,34,No,0.0,No,0.0,No,0.0,No,0.0,No,0.0,No,0.0,No,0.0,No,0.0,No,0.0,No,0.0,No,0.0,No,0.0,No,0.0,No,0.0,No,0.0,No,0.0,No,0.0,No,0.0,No,0.0,No,0.0,No,0.0,No,0.0,No,0.0,No,0.0,No,0.0,No,0.0,No,0.0,No,0.0,No,0.0,No,0.0,No,0.0,No,0.0,No,0.0,No,0.0
1630,WANT WANT CHINA HOLDINGS LIMITED,,KYG9431R1039,Consumer Staples,HONG KONG,0.0,0.0,0,0,34,No,0.0,No,0.0,No,0.0,No,0.0,No,0.0,No,0.0,No,0.0,No,0.0,No,0.0,No,0.0,No,0.0,No,0.0,No,0.0,No,0.0,No,0.0,No,0.0,No,0.0,No,0.0,No,0.0,No,0.0,No,0.0,No,0.0,No,0.0,No,0.0,No,0.0,No,0.0,No,0.0,No,0.0,No,0.0,No,0.0,No,0.0,No,0.0,No,0.0,No,0.0
405,"WANXIANG QIANCHAO CO.,LTD.",,CNE000000FB3,Consumer Discretion,CHINA,1.5,0.5,0,2,32,No,0.0,No,0.0,No,0.0,No,0.0,No,0.0,Partial,0.5,No,0.0,No,0.0,No,0.0,Partial,0.0,No,0.0,No,0.0,No,0.0,No,0.0,No,0.0,No,0.0,No,0.0,No,0.0,No,0.0,No,0.0,No,0.0,No,0.0,No,0.0,No,0.0,No,0.0,No,0.0,No,0.0,No,0.0,No,0.0,No,0.0,No,0.0,No,0.0,No,0.0,No,0.0
1959,Warba Bank K.S.C.P.,,KW0EQB010944,Financials,KUWAIT,8.8,3.0,3,2,29,Yes,1.0,No,0.0,No,0.0,No,0.0,No,0.0,Yes,1.0,No,0.0,No,0.0,No,0.0,Partial,0.0,No,0.0,No,0.0,No,0.0,No,0.0,No,0.0,Partial,0.0,No,0.0,Yes,1.0,No,0.0,No,0.0,No,0.0,No,0.0,No,0.0,No,0.0,No,0.0,No,0.0,No,0.0,No,0.0,No,0.0,No,0.0,No,0.0,No,0.0,No,0.0,No,0.0
693,"WARNER BROS. DISCOVERY, INC.",,US9344231041,Consumer Discretion,UNITED STATES,19.1,6.5,6,1,27,No,0.0,No,0.0,No,0.0,No,0.0,No,0.0,Yes,1.0,No,0.0,No,0.0,No,0.0,Yes,1.0,Yes,1.0,No,0.0,No,0.0,Yes,1.0,No,0.0,Yes,1.0,No,0.0,Partial,0.5,Yes,1.0,No,0.0,No,0.0,No,0.0,No,0.0,No,0.0,No,0.0,No,0.0,No,0.0,No,0.0,No,0.0,No,0.0,No,0.0,No,0.0,No,0.0,No,0.0
1583,Wartsila Oyj Abp,,FI0009003727,Industrials,FINLAND,14.7,5.0,4,2,28,Yes,1.0,No,0.0,No,0.0,No,0.0,No,0.0,Partial,0.5,No,0.0,Yes,1.0,No,0.0,Partial,0.5,No,0.0,No,0.0,No,0.0,No,0.0,No,0.0,No,0.0,No,0.0,No,0.0,No,0.0,No,0.0,No,0.0,No,0.0,No,0.0,No,0.0,Yes,1.0,Yes,1.0,No,0.0,No,0.0,No,0.0,No,0.0,No,0.0,No,0.0,No,0.0,No,0.0
2439,WASHINGTON H. SOUL PATTINSON AND COMPANY LIMITED,,AU000000SOL3,Energy,AUSTRALIA,0.0,0.0,0,0,34,No,0.0,No,0.0,No,0.0,No,0.0,No,0.0,No,0.0,No,0.0,No,0.0,No,0.0,No,0.0,No,0.0,No,0.0,No,0.0,No,0.0,No,0.0,No,0.0,No,0.0,No,0.0,No,0.0,No,0.0,No,0.0,No,0.0,No,0.0,No,0.0,No,0.0,No,0.0,No,0.0,No,0.0,No,0.0,No,0.0,No,0.0,No,0.0,No,0.0,No,0.0
2086,"WASTE CONNECTIONS, INC.",,CA94106B1013,Utilities,CANADA,0.0,0.0,0,0,34,No,0.0,No,0.0,No,0.0,No,0.0,No,0.0,No,0.0,No,0.0,No,0.0,No,0.0,No,0.0,No,0.0,No,0.0,No,0.0,No,0.0,No,0.0,No,0.0,No,0.0,No,0.0,No,0.0,No,0.0,No,0.0,No,0.0,No,0.0,No,0.0,No,0.0,No,0.0,No,0.0,No,0.0,No,0.0,No,0.0,No,0.0,No,0.0,No,0.0,No,0.0
215,"WASTE MANAGEMENT, INC.",,US94106L1098,Utilities,UNITED STATES,2.9,1.0,1,0,33,No,0.0,No,0.0,No,0.0,No,0.0,No,0.0,No,0.0,No,0.0,No,0.0,No,0.0,No,0.0,No,0.0,No,0.0,No,0.0,No,0.0,No,0.0,Yes,1.0,No,0.0,No,0.0,No,0.0,No,0.0,No,0.0,No,0.0,No,0.0,No,0.0,No,0.0,No,0.0,No,0.0,No,0.0,No,0.0,No,0.0,No,0.0,No,0.0,No,0.0,No,0.0
595,WATERS CORPORATION,,US9418481035,Health Care,UNITED STATES,8.8,3.0,3,0,31,No,0.0,No,0.0,Yes,1.0,No,0.0,No,0.0,No,0.0,No,0.0,No,0.0,No,0.0,No,0.0,No,0.0,No,0.0,No,0.0,No,0.0,No,0.0,No,0.0,No,0.0,No,0.0,No,0.0,No,0.0,No,0.0,No,0.0,No,0.0,No,0.0,No,0.0,No,0.0,No,0.0,No,0.0,No,0.0,No,0.0,Yes,1.0,No,0.0,Yes,1.0,No,0.0
178,"WATSCO, INC.",,US9426222009,Industrials,UNITED STATES,20.6,7.0,7,0,27,Yes,1.0,No,0.0,Yes,1.0,No,0.0,No,0.0,Yes,1.0,No,0.0,No,0.0,No,0.0,Yes,1.0,No,0.0,No,0.0,No,0.0,No,0.0,No,0.0,Yes,1.0,No,0.0,No,0.0,No,0.0,No,0.0,Yes,1.0,No,0.0,No,0.0,No,0.0,No,0.0,No,0.0,No,0.0,No,0.0,No,0.0,No,0.0,Yes,1.0,No,0.0,No,0.0,No,0.0
177,WEC ENERGY GROUP INC.,,US92939U1060,Utilities,UNITED STATES,5.9,2.0,2,0,32,No,0.0,No,0.0,No,0.0,Yes,1.0,No,0.0,No,0.0,No,0.0,No,0.0,No,0.0,No,0.0,No,0.0,No,0.0,No,0.0,No,0.0,No,0.0,No,0.0,No,0.0,No,0.0,No,0.0,No,0.0,No,0.0,No,0.0,No,0.0,No,0.0,No,0.0,No,0.0,No,0.0,No,0.0,No,0.0,No,0.0,Yes,1.0,No,0.0,No,0.0,No,0.0
191,WEG S.A.,,BRWEGEACNOR0,Industrials,BRAZIL,0.0,0.0,0,0,34,No,0.0,No,0.0,No,0.0,No,0.0,No,0.0,No,0.0,No,0.0,No,0.0,No,0.0,No,0.0,No,0.0,No,0.0,No,0.0,No,0.0,No,0.0,No,0.0,No,0.0,No,0.0,No,0.0,No,0.0,No,0.0,No,0.0,No,0.0,No,0.0,No,0.0,No,0.0,No,0.0,No,0.0,No,0.0,No,0.0,No,0.0,No,0.0,No,0.0,No,0.0
1584,"Weichai Power Co., Ltd.",,CNE1000000D4,Industrials,CHINA,0.0,0.0,0,0,34,No,0.0,No,0.0,No,0.0,No,0.0,No,0.0,No,0.0,No,0.0,No,0.0,No,0.0,No,0.0,No,0.0,No,0.0,No,0.0,No,0.0,No,0.0,No,0.0,No,0.0,No,0.0,No,0.0,No,0.0,No,0.0,No,0.0,No,0.0,No,0.0,No,0.0,No,0.0,No,0.0,No,0.0,No,0.0,No,0.0,No,0.0,No,0.0,No,0.0,No,0.0
372,WELLS FARGO & COMPANY,,US9497461015,Financials,UNITED STATES,16.2,5.5,5,1,28,No,0.0,No,0.0,No,0.0,No,0.0,No,0.0,Yes,1.0,No,0.0,Yes,1.0,No,0.0,Yes,1.0,Partial,0.5,Yes,1.0,No,0.0,No,0.0,No,0.0,No,0.0,No,0.0,No,0.0,No,0.0,No,0.0,Yes,1.0,No,0.0,No,0.0,No,0.0,No,0.0,No,0.0,No,0.0,No,0.0,No,0.0,No,0.0,No,0.0,No,0.0,No,0.0,No,0.0
2350,WELLTOWER INC.,,US95040Q1040,Real Estate,UNITED STATES,23.5,8.0,7,3,24,No,0.0,No,0.0,Partial,0.5,No,0.0,Partial,0.0,Yes,1.0,No,0.0,Partial,0.5,No,0.0,Yes,1.0,Yes,1.0,Yes,1.0,No,0.0,No,0.0,No,0.0,No,0.0,No,0.0,No,0.0,No,0.0,No,0.0,No,0.0,No,0.0,No,0.0,No,0.0,Yes,1.0,Yes,1.0,No,0.0,No,0.0,No,0.0,No,0.0,Yes,1.0,No,0.0,No,0.0,No,0.0
1795,"WENS FOODSTUFF GROUP CO., LTD.",,CNE100002508,Consumer Staples,CHINA,8.8,3.0,3,0,31,Yes,1.0,No,0.0,No,0.0,No,0.0,No,0.0,Yes,1.0,No,0.0,No,0.0,No,0.0,No,0.0,No,0.0,No,0.0,No,0.0,No,0.0,No,0.0,No,0.0,No,0.0,No,0.0,No,0.0,No,0.0,No,0.0,No,0.0,No,0.0,No,0.0,No,0.0,No,0.0,No,0.0,Yes,1.0,No,0.0,No,0.0,No,0.0,No,0.0,No,0.0,No,0.0
93,WESFARMERS LIMITED,,AU000000WES1,Consumer Discretion,AUSTRALIA,4.4,1.5,1,1,32,No,0.0,No,0.0,No,0.0,No,0.0,No,0.0,No,0.0,No,0.0,No,0.0,No,0.0,No,0.0,Yes,1.0,No,0.0,No,0.0,No,0.0,No,0.0,No,0.0,No,0.0,No,0.0,No,0.0,No,0.0,No,0.0,No,0.0,No,0.0,No,0.0,No,0.0,No,0.0,No,0.0,No,0.0,No,0.0,No,0.0,Partial,0.5,No,0.0,No,0.0,No,0.0
1586,WESTERN DIGITAL CORPORATION,,US9581021055,Technology,UNITED STATES,26.5,9.0,9,0,25,Yes,1.0,No,0.0,Yes,1.0,No,0.0,No,0.0,Yes,1.0,No,0.0,Yes,1.0,No,0.0,Yes,1.0,Yes,1.0,No,0.0,No,0.0,No,0.0,No,0.0,Yes,1.0,Yes,1.0,No,0.0,No,0.0,No,0.0,No,0.0,No,0.0,No,0.0,No,0.0,Yes,1.0,No,0.0,No,0.0,No,0.0,No,0.0,No,0.0,No,0.0,No,0.0,No,0.0,No,0.0
321,"Western Mining Co., Ltd.",,CNE100000619,Basic Materials,CHINA,0.0,0.0,0,0,34,No,0.0,No,0.0,No,0.0,No,0.0,No,0.0,No,0.0,No,0.0,No,0.0,No,0.0,No,0.0,No,0.0,No,0.0,No,0.0,No,0.0,No,0.0,No,0.0,No,0.0,No,0.0,No,0.0,No,0.0,No,0.0,No,0.0,No,0.0,No,0.0,No,0.0,No,0.0,No,0.0,No,0.0,No,0.0,No,0.0,No,0.0,No,0.0,No,0.0,No,0.0
1704,"WESTERN SECURITIES CO., LTD.",,CNE100001D96,Financials,CHINA,0.0,0.0,0,0,34,No,0.0,No,0.0,No,0.0,No,0.0,No,0.0,No,0.0,No,0.0,No,0.0,No,0.0,No,0.0,No,0.0,No,0.0,No,0.0,No,0.0,No,0.0,No,0.0,No,0.0,No,0.0,No,0.0,No,0.0,No,0.0,No,0.0,No,0.0,No,0.0,No,0.0,No,0.0,No,0.0,No,0.0,No,0.0,No,0.0,No,0.0,No,0.0,No,0.0,No,0.0
1814,"Western Superconducting Technologies Co., Ltd.",,CNE100003MF3,Basic Materials,CHINA,0.0,0.0,0,0,34,No,0.0,No,0.0,No,0.0,No,0.0,No,0.0,No,0.0,No,0.0,No,0.0,No,0.0,No,0.0,No,0.0,No,0.0,No,0.0,No,0.0,No,0.0,No,0.0,No,0.0,No,0.0,No,0.0,No,0.0,No,0.0,No,0.0,No,0.0,No,0.0,No,0.0,No,0.0,No,0.0,No,0.0,No,0.0,No,0.0,No,0.0,No,0.0,No,0.0,No,0.0
592,WESTINGHOUSE AIR BRAKE TECHNOLOGIES CORPORATION,,US9297401088,Industrials,UNITED STATES,13.2,4.5,4,1,29,Yes,1.0,No,0.0,No,0.0,No,0.0,No,0.0,Yes,1.0,No,0.0,Yes,1.0,No,0.0,Yes,1.0,No,0.0,No,0.0,Partial,0.5,No,0.0,No,0.0,No,0.0,No,0.0,No,0.0,No,0.0,No,0.0,No,0.0,No,0.0,No,0.0,No,0.0,No,0.0,No,0.0,No,0.0,No,0.0,No,0.0,No,0.0,No,0.0,No,0.0,No,0.0,No,0.0
813,West Japan Railway Company,,JP3659000008,Industrials,JAPAN,8.8,3.0,3,1,30,No,0.0,No,0.0,No,0.0,Partial,0.0,No,0.0,Yes,1.0,No,0.0,Yes,1.0,No,0.0,Yes,1.0,No,0.0,No,0.0,No,0.0,No,0.0,No,0.0,No,0.0,No,0.0,No,0.0,No,0.0,No,0.0,No,0.0,No,0.0,No,0.0,No,0.0,No,0.0,No,0.0,No,0.0,No,0.0,No,0.0,No,0.0,No,0.0,No,0.0,No,0.0,No,0.0
96,WESTPAC BANKING CORPORATION,,AU000000WBC1,Financials,AUSTRALIA,35.3,12.0,12,1,21,Yes,1.0,No,0.0,No,0.0,Yes,1.0,No,0.0,Yes,1.0,No,0.0,Yes,1.0,No,0.0,Yes,1.0,Yes,1.0,No,0.0,No,0.0,No,0.0,No,0.0,Yes,1.0,Yes,1.0,No,0.0,No,0.0,No,0.0,Yes,1.0,Yes,1.0,Yes,1.0,Partial,0.0,Yes,1.0,No,0.0,No,0.0,No,0.0,No,0.0,No,0.0,No,0.0,No,0.0,No,0.0,No,0.0
1585,"WEST PHARMACEUTICAL SERVICES, INC.",,US9553061055,Health Care,UNITED STATES,2.9,1.0,1,0,33,No,0.0,No,0.0,No,0.0,No,0.0,No,0.0,Yes,1.0,No,0.0,No,0.0,No,0.0,No,0.0,No,0.0,No,0.0,No,0.0,No,0.0,No,0.0,No,0.0,No,0.0,No,0.0,No,0.0,No,0.0,No,0.0,No,0.0,No,0.0,No,0.0,No,0.0,No,0.0,No,0.0,No,0.0,No,0.0,No,0.0,No,0.0,No,0.0,No,0.0,No,0.0
651,WEYERHAEUSER COMPANY,,US9621661043,Real Estate,UNITED STATES,14.7,5.0,5,0,29,Yes,1.0,No,0.0,Yes,1.0,No,0.0,No,0.0,Yes,1.0,No,0.0,No,0.0,No,0.0,Yes,1.0,No,0.0,No,0.0,No,0.0,No,0.0,No,0.0,No,0.0,No,0.0,No,0.0,No,0.0,No,0.0,No,0.0,No,0.0,Yes,1.0,No,0.0,No,0.0,No,0.0,No,0.0,No,0.0,No,0.0,No,0.0,No,0.0,No,0.0,No,0.0,No,0.0
2144,WHARF REAL ESTATE INVESTMENT COMPANY LIMITED,,KYG9593A1040,Real Estate,HONG KONG,5.9,2.0,2,0,32,No,0.0,No,0.0,No,0.0,No,0.0,No,0.0,No,0.0,No,0.0,Yes,1.0,No,0.0,Yes,1.0,No,0.0,No,0.0,No,0.0,No,0.0,No,0.0,No,0.0,No,0.0,No,0.0,No,0.0,No,0.0,No,0.0,No,0.0,No,0.0,No,0.0,No,0.0,No,0.0,No,0.0,No,0.0,No,0.0,No,0.0,No,0.0,No,0.0,No,0.0,No,0.0
173,Wheaton Precious Metals Corp.,,CA9628791027,Basic Materials,CANADA,5.9,2.0,2,0,32,No,0.0,No,0.0,No,0.0,No,0.0,No,0.0,No,0.0,No,0.0,No,0.0,No,0.0,No,0.0,No,0.0,No,0.0,No,0.0,Yes,1.0,No,0.0,No,0.0,No,0.0,No,0.0,No,0.0,No,0.0,No,0.0,No,0.0,No,0.0,No,0.0,No,0.0,No,0.0,No,0.0,No,0.0,No,0.0,No,0.0,Yes,1.0,No,0.0,No,0.0,No,0.0
1958,WH GROUP LIMITED,,KYG960071028,Consumer Staples,HONG KONG,0.0,0.0,0,0,34,No,0.0,No,0.0,No,0.0,No,0.0,No,0.0,No,0.0,No,0.0,No,0.0,No,0.0,No,0.0,No,0.0,No,0.0,No,0.0,No,0.0,No,0.0,No,0.0,No,0.0,No,0.0,No,0.0,No,0.0,No,0.0,No,0.0,No,0.0,No,0.0,No,0.0,No,0.0,No,0.0,No,0.0,No,0.0,No,0.0,No,0.0,No,0.0,No,0.0,No,0.0
184,WHITBREAD PLC,,GB00B1KJJ408,Consumer Discretion,UNITED KINGDOM,0.0,0.0,0,0,34,No,0.0,No,0.0,No,0.0,No,0.0,No,0.0,No,0.0,No,0.0,No,0.0,No,0.0,No,0.0,No,0.0,No,0.0,No,0.0,No,0.0,No,0.0,No,0.0,No,0.0,No,0.0,No,0.0,No,0.0,No,0.0,No,0.0,No,0.0,No,0.0,No,0.0,No,0.0,No,0.0,No,0.0,No,0.0,No,0.0,No,0.0,No,0.0,No,0.0,No,0.0
2427,WHITECAP RESOURCES INC.,,CA96467A2002,Energy,CANADA,0.0,0.0,0,0,34,No,0.0,No,0.0,No,0.0,No,0.0,No,0.0,No,0.0,No,0.0,No,0.0,No,0.0,No,0.0,No,0.0,No,0.0,No,0.0,No,0.0,No,0.0,No,0.0,No,0.0,No,0.0,No,0.0,No,0.0,No,0.0,No,0.0,No,0.0,No,0.0,No,0.0,No,0.0,No,0.0,No,0.0,No,0.0,No,0.0,No,0.0,No,0.0,No,0.0,No,0.0
384,"WILLIAMS-SONOMA, INC.",,US9699041011,Consumer Discretion,UNITED STATES,8.8,3.0,3,0,31,Yes,1.0,No,0.0,No,0.0,No,0.0,No,0.0,Yes,1.0,No,0.0,No,0.0,No,0.0,No,0.0,No,0.0,No,0.0,No,0.0,No,0.0,No,0.0,No,0.0,No,0.0,No,0.0,No,0.0,No,0.0,No,0.0,No,0.0,No,0.0,No,0.0,No,0.0,No,0.0,No,0.0,No,0.0,No,0.0,No,0.0,Yes,1.0,No,0.0,No,0.0,No,0.0
596,WILLIS TOWERS WATSON PUBLIC LIMITED COMPANY,,IE00BDB6Q211,Financials,UNITED STATES,5.9,2.0,2,0,32,No,0.0,No,0.0,Yes,1.0,No,0.0,No,0.0,No,0.0,No,0.0,No,0.0,No,0.0,No,0.0,No,0.0,No,0.0,No,0.0,No,0.0,No,0.0,No,0.0,No,0.0,No,0.0,No,0.0,No,0.0,No,0.0,No,0.0,No,0.0,No,0.0,No,0.0,No,0.0,No,0.0,No,0.0,No,0.0,No,0.0,Yes,1.0,No,0.0,No,0.0,No,0.0
1590,WILMAR INTERNATIONAL LIMITED,,SG1T56930848,Consumer Staples,SINGAPORE,11.8,4.0,4,0,30,No,0.0,No,0.0,No,0.0,Yes,1.0,No,0.0,Yes,1.0,No,0.0,Yes,1.0,No,0.0,Yes,1.0,No,0.0,No,0.0,No,0.0,No,0.0,No,0.0,No,0.0,No,0.0,No,0.0,No,0.0,No,0.0,No,0.0,No,0.0,No,0.0,No,0.0,No,0.0,No,0.0,No,0.0,No,0.0,No,0.0,No,0.0,No,0.0,No,0.0,No,0.0,No,0.0
1156,"WINGTECH TECHNOLOGY CO., LTD",,CNE000000M72,Telecommunications,CHINA,8.8,3.0,3,0,31,No,0.0,No,0.0,No,0.0,No,0.0,No,0.0,Yes,1.0,No,0.0,Yes,1.0,No,0.0,No,0.0,No,0.0,No,0.0,No,0.0,No,0.0,No,0.0,No,0.0,No,0.0,No,0.0,No,0.0,No,0.0,No,0.0,No,0.0,No,0.0,No,0.0,No,0.0,No,0.0,No,0.0,Yes,1.0,No,0.0,No,0.0,No,0.0,No,0.0,No,0.0,No,0.0
1513,"WINTIME ENERGY GROUP CO.,LTD.",,CNE000000WD4,Utilities,CHINA,0.0,0.0,0,0,34,No,0.0,No,0.0,No,0.0,No,0.0,No,0.0,No,0.0,No,0.0,No,0.0,No,0.0,No,0.0,No,0.0,No,0.0,No,0.0,No,0.0,No,0.0,No,0.0,No,0.0,No,0.0,No,0.0,No,0.0,No,0.0,No,0.0,No,0.0,No,0.0,No,0.0,No,0.0,No,0.0,No,0.0,No,0.0,No,0.0,No,0.0,No,0.0,No,0.0,No,0.0
1591,WIPRO LIMITED,,INE075A01022,Technology,INDIA,51.5,17.5,17,1,16,Yes,1.0,No,0.0,Yes,1.0,Yes,1.0,Yes,1.0,Yes,1.0,No,0.0,Yes,1.0,No,0.0,Yes,1.0,No,0.0,No,0.0,Yes,1.0,Yes,1.0,Yes,1.0,Yes,1.0,Yes,1.0,Yes,1.0,Yes,1.0,Yes,1.0,Partial,0.5,No,0.0,No,0.0,No,0.0,Yes,1.0,No,0.0,No,0.0,Yes,1.0,No,0.0,No,0.0,No,0.0,No,0.0,No,0.0,No,0.0
2309,WISE PLC,,GB00BL9YR756,NA,NA,17.6,6.0,6,1,27,No,0.0,No,0.0,No,0.0,No,0.0,Partial,0.0,Yes,1.0,No,0.0,Yes,1.0,No,0.0,Yes,1.0,No,0.0,No,0.0,No,0.0,No,0.0,No,0.0,No,0.0,No,0.0,Yes,1.0,No,0.0,Yes,1.0,No,0.0,No,0.0,No,0.0,No,0.0,No,0.0,No,0.0,No,0.0,No,0.0,No,0.0,No,0.0,Yes,1.0,No,0.0,No,0.0,No,0.0
2077,WISETECH GLOBAL LIMITED,,AU000000WTC3,Technology,AUSTRALIA,8.8,3.0,3,0,31,No,0.0,No,0.0,No,0.0,No,0.0,No,0.0,Yes,1.0,No,0.0,Yes,1.0,No,0.0,Yes,1.0,No,0.0,No,0.0,No,0.0,No,0.0,No,0.0,No,0.0,No,0.0,No,0.0,No,0.0,No,0.0,No,0.0,No,0.0,No,0.0,No,0.0,No,0.0,No,0.0,No,0.0,No,0.0,No,0.0,No,0.0,No,0.0,No,0.0,No,0.0,No,0.0
314,Wistron Corporation,,TW0003231007,Technology,TAIWAN,38.2,13.0,13,0,21,No,0.0,No,0.0,No,0.0,Yes,1.0,Yes,1.0,Yes,1.0,Yes,1.0,Yes,1.0,No,0.0,Yes,1.0,No,0.0,No,0.0,No,0.0,No,0.0,No,0.0,No,0.0,Yes,1.0,Yes,1.0,No,0.0,No,0.0,Yes,1.0,Yes,1.0,Yes,1.0,Yes,1.0,No,0.0,No,0.0,No,0.0,Yes,1.0,No,0.0,No,0.0,No,0.0,No,0.0,No,0.0,No,0.0
2143,Wiwynn Corporation,,TW0006669005,Technology,TAIWAN,30.9,10.5,10,2,22,Partial,0.5,No,0.0,No,0.0,No,0.0,Partial,0.0,Yes,1.0,No,0.0,No,0.0,No,0.0,Yes,1.0,Yes,1.0,No,0.0,No,0.0,No,0.0,Yes,1.0,Yes,1.0,Yes,1.0,Yes,1.0,Yes,1.0,Yes,1.0,No,0.0,No,0.0,No,0.0,No,0.0,Yes,1.0,No,0.0,No,0.0,No,0.0,No,0.0,No,0.0,No,0.0,No,0.0,No,0.0,No,0.0
1592,"Wolong Electric Group Co., Ltd.",,CNE000001BJ3,Industrials,CHINA,4.4,1.5,1,1,32,No,0.0,No,0.0,No,0.0,No,0.0,No,0.0,No,0.0,No,0.0,No,0.0,No,0.0,No,0.0,No,0.0,No,0.0,No,0.0,No,0.0,No,0.0,No,0.0,No,0.0,No,0.0,No,0.0,No,0.0,No,0.0,No,0.0,No,0.0,No,0.0,No,0.0,No,0.0,No,0.0,Yes,1.0,No,0.0,No,0.0,Partial,0.5,No,0.0,No,0.0,No,0.0
156,Wolters Kluwer N.V.,,NL0000395903,Industrials,NETHERLANDS,47.1,16.0,15,2,17,Yes,1.0,No,0.0,Yes,1.0,Yes,1.0,Yes,1.0,Yes,1.0,No,0.0,Yes,1.0,No,0.0,Yes,1.0,No,0.0,No,0.0,No,0.0,No,0.0,Partial,0.5,Yes,1.0,Yes,1.0,Partial,0.5,Yes,1.0,No,0.0,Yes,1.0,Yes,1.0,Yes,1.0,No,0.0,No,0.0,No,0.0,No,0.0,Yes,1.0,No,0.0,Yes,1.0,No,0.0,No,0.0,No,0.0,No,0.0
1593,WOODSIDE ENERGY GROUP LTD,,AU0000224040,Energy,AUSTRALIA,32.4,11.0,11,0,23,No,0.0,No,0.0,No,0.0,No,0.0,No,0.0,Yes,1.0,No,0.0,Yes,1.0,No,0.0,Yes,1.0,Yes,1.0,No,0.0,No,0.0,No,0.0,No,0.0,Yes,1.0,Yes,1.0,Yes,1.0,Yes,1.0,No,0.0,No,0.0,No,0.0,No,0.0,No,0.0,No,0.0,No,0.0,No,0.0,Yes,1.0,No,0.0,Yes,1.0,Yes,1.0,No,0.0,No,0.0,No,0.0
1594,WOOLWORTHS GROUP LIMITED,,AU000000WOW2,Consumer Staples,AUSTRALIA,14.7,5.0,5,0,29,No,0.0,No,0.0,No,0.0,No,0.0,No,0.0,Yes,1.0,No,0.0,Yes,1.0,No,0.0,Yes,1.0,No,0.0,No,0.0,No,0.0,Yes,1.0,No,0.0,Yes,1.0,No,0.0,No,0.0,No,0.0,No,0.0,No,0.0,No,0.0,No,0.0,No,0.0,No,0.0,No,0.0,No,0.0,No,0.0,No,0.0,No,0.0,No,0.0,No,0.0,No,0.0,No,0.0
2197,Woori Financial Group Inc.,,KR7316140003,Financials,SOUTH KOREA,2.9,1.0,1,0,33,No,0.0,No,0.0,No,0.0,No,0.0,No,0.0,Yes,1.0,No,0.0,No,0.0,No,0.0,No,0.0,No,0.0,No,0.0,No,0.0,No,0.0,No,0.0,No,0.0,No,0.0,No,0.0,No,0.0,No,0.0,No,0.0,No,0.0,No,0.0,No,0.0,No,0.0,No,0.0,No,0.0,No,0.0,No,0.0,No,0.0,No,0.0,No,0.0,No,0.0,No,0.0
1938,"WORKDAY, INC.",,US98138H1014,Technology,UNITED STATES,41.2,14.0,13,2,19,Yes,1.0,No,0.0,Yes,1.0,Yes,1.0,No,0.0,Partial,0.5,No,0.0,Partial,0.5,No,0.0,Yes,1.0,Yes,1.0,No,0.0,Yes,1.0,No,0.0,Yes,1.0,Yes,1.0,Yes,1.0,Yes,1.0,Yes,1.0,No,0.0,No,0.0,No,0.0,No,0.0,No,0.0,No,0.0,No,0.0,No,0.0,No,0.0,No,0.0,Yes,1.0,Yes,1.0,No,0.0,No,0.0,No,0.0
1937,W.P. CAREY INC.,,US92936U1097,Real Estate,UNITED STATES,20.6,7.0,7,0,27,No,0.0,No,0.0,No,0.0,No,0.0,No,0.0,Yes,1.0,No,0.0,No,0.0,No,0.0,No,0.0,No,0.0,No,0.0,No,0.0,No,0.0,No,0.0,Yes,1.0,Yes,1.0,Yes,1.0,Yes,1.0,Yes,1.0,No,0.0,No,0.0,No,0.0,No,0.0,Yes,1.0,No,0.0,No,0.0,No,0.0,No,0.0,No,0.0,No,0.0,No,0.0,No,0.0,No,0.0
1581,W. R. BERKLEY CORPORATION,,US0844231029,Financials,UNITED STATES,8.8,3.0,3,0,31,No,0.0,No,0.0,No,0.0,Yes,1.0,Yes,1.0,No,0.0,No,0.0,No,0.0,No,0.0,No,0.0,No,0.0,No,0.0,No,0.0,No,0.0,No,0.0,No,0.0,No,0.0,No,0.0,No,0.0,No,0.0,No,0.0,No,0.0,No,0.0,No,0.0,No,0.0,No,0.0,No,0.0,No,0.0,No,0.0,No,0.0,Yes,1.0,No,0.0,No,0.0,No,0.0
1981,WSP GLOBAL INC.,,CA92938W2022,Industrials,CANADA,2.9,1.0,1,0,33,No,0.0,No,0.0,Yes,1.0,No,0.0,No,0.0,No,0.0,No,0.0,No,0.0,No,0.0,No,0.0,No,0.0,No,0.0,No,0.0,No,0.0,No,0.0,No,0.0,No,0.0,No,0.0,No,0.0,No,0.0,No,0.0,No,0.0,No,0.0,No,0.0,No,0.0,No,0.0,No,0.0,No,0.0,No,0.0,No,0.0,No,0.0,No,0.0,No,0.0,No,0.0
1824,"Wuhan Guide Infrared Co., Ltd.",,CNE100000RK8,Industrials,CHINA,11.8,4.0,4,0,30,No,0.0,No,0.0,No,0.0,No,0.0,No,0.0,Yes,1.0,No,0.0,Yes,1.0,No,0.0,Yes,1.0,No,0.0,No,0.0,No,0.0,No,0.0,No,0.0,No,0.0,No,0.0,No,0.0,No,0.0,No,0.0,No,0.0,No,0.0,Yes,1.0,No,0.0,No,0.0,No,0.0,No,0.0,No,0.0,No,0.0,No,0.0,No,0.0,No,0.0,No,0.0,No,0.0
1597,"Wuliangye Yibin Co., Ltd.",,CNE000000VQ8,Consumer Staples,CHINA,0.0,0.0,0,0,34,No,0.0,No,0.0,No,0.0,No,0.0,No,0.0,No,0.0,No,0.0,No,0.0,No,0.0,No,0.0,No,0.0,No,0.0,No,0.0,No,0.0,No,0.0,No,0.0,No,0.0,No,0.0,No,0.0,No,0.0,No,0.0,No,0.0,No,0.0,No,0.0,No,0.0,No,0.0,No,0.0,No,0.0,No,0.0,No,0.0,No,0.0,No,0.0,No,0.0,No,0.0
1834,Wus Printed Circuit Kunshan Co Ltd,,CNE100000SP5,Technology,CHINA,2.9,1.0,1,0,33,No,0.0,No,0.0,Yes,1.0,No,0.0,No,0.0,No,0.0,No,0.0,No,0.0,No,0.0,No,0.0,No,0.0,No,0.0,No,0.0,No,0.0,No,0.0,No,0.0,No,0.0,No,0.0,No,0.0,No,0.0,No,0.0,No,0.0,No,0.0,No,0.0,No,0.0,No,0.0,No,0.0,No,0.0,No,0.0,No,0.0,No,0.0,No,0.0,No,0.0,No,0.0
2158,"WuXi AppTec Co., Ltd.",,CNE1000031K4,Health Care,CHINA,2.9,1.0,1,0,33,No,0.0,No,0.0,No,0.0,No,0.0,No,0.0,Yes,1.0,No,0.0,No,0.0,No,0.0,No,0.0,No,0.0,No,0.0,No,0.0,No,0.0,No,0.0,No,0.0,No,0.0,No,0.0,No,0.0,No,0.0,No,0.0,No,0.0,No,0.0,No,0.0,No,0.0,No,0.0,No,0.0,No,0.0,No,0.0,No,0.0,No,0.0,No,0.0,No,0.0,No,0.0
2129,WUXI BIOLOGICS (CAYMAN) INC.,,KYG970081173,Health Care,HONG KONG,0.0,0.0,0,0,34,No,0.0,No,0.0,No,0.0,No,0.0,No,0.0,No,0.0,No,0.0,No,0.0,No,0.0,No,0.0,No,0.0,No,0.0,No,0.0,No,0.0,No,0.0,No,0.0,No,0.0,No,0.0,No,0.0,No,0.0,No,0.0,No,0.0,No,0.0,No,0.0,No,0.0,No,0.0,No,0.0,No,0.0,No,0.0,No,0.0,No,0.0,No,0.0,No,0.0,No,0.0
2395,WuXi XDC Cayman Inc,,KYG9808A1058,Health Care,HONG KONG,5.9,2.0,2,0,32,Yes,1.0,No,0.0,Yes,1.0,No,0.0,No,0.0,No,0.0,No,0.0,No,0.0,No,0.0,No,0.0,No,0.0,No,0.0,No,0.0,No,0.0,No,0.0,No,0.0,No,0.0,No,0.0,No,0.0,No,0.0,No,0.0,No,0.0,No,0.0,No,0.0,No,0.0,No,0.0,No,0.0,No,0.0,No,0.0,No,0.0,No,0.0,No,0.0,No,0.0,No,0.0
518,"W.W. GRAINGER, INC.",,US3848021040,Industrials,UNITED STATES,8.8,3.0,3,0,31,No,0.0,No,0.0,Yes,1.0,No,0.0,No,0.0,No,0.0,No,0.0,No,0.0,No,0.0,No,0.0,No,0.0,No,0.0,No,0.0,No,0.0,No,0.0,Yes,1.0,No,0.0,No,0.0,No,0.0,No,0.0,No,0.0,No,0.0,No,0.0,No,0.0,No,0.0,No,0.0,No,0.0,No,0.0,No,0.0,No,0.0,Yes,1.0,No,0.0,No,0.0,No,0.0
380,Xcel Energy Inc.,,US98389B1008,Utilities,UNITED STATES,5.9,2.0,2,0,32,No,0.0,No,0.0,No,0.0,No,0.0,No,0.0,No,0.0,No,0.0,No,0.0,No,0.0,No,0.0,Yes,1.0,No,0.0,No,0.0,No,0.0,No,0.0,No,0.0,No,0.0,No,0.0,No,0.0,No,0.0,No,0.0,No,0.0,No,0.0,No,0.0,No,0.0,No,0.0,No,0.0,No,0.0,No,0.0,No,0.0,Yes,1.0,No,0.0,No,0.0,No,0.0
1602,"XCMG Construction Machinery Co., Ltd.",,CNE000000FH0,Industrials,CHINA,13.2,4.5,4,1,29,Yes,1.0,No,0.0,Partial,0.5,No,0.0,No,0.0,Yes,1.0,Yes,1.0,No,0.0,No,0.0,Yes,1.0,No,0.0,No,0.0,No,0.0,No,0.0,No,0.0,No,0.0,No,0.0,No,0.0,No,0.0,No,0.0,No,0.0,No,0.0,No,0.0,No,0.0,No,0.0,No,0.0,No,0.0,No,0.0,No,0.0,No,0.0,No,0.0,No,0.0,No,0.0,No,0.0
97,XERO LIMITED,,NZXROE0001S2,Technology,NEW ZEALAND,19.1,6.5,4,5,25,Yes,1.0,No,0.0,No,0.0,Partial,0.5,No,0.0,Partial,0.5,No,0.0,Partial,0.5,No,0.0,Partial,0.5,No,0.0,No,0.0,No,0.0,No,0.0,No,0.0,Yes,1.0,Yes,1.0,Partial,0.5,No,0.0,No,0.0,No,0.0,No,0.0,No,0.0,No,0.0,No,0.0,No,0.0,No,0.0,No,0.0,No,0.0,No,0.0,Yes,1.0,No,0.0,No,0.0,No,0.0
1599,"Xiamen Tungsten Co., Ltd.",,CNE000001D15,Basic Materials,CHINA,0.0,0.0,0,0,34,No,0.0,No,0.0,No,0.0,No,0.0,No,0.0,No,0.0,No,0.0,No,0.0,No,0.0,No,0.0,No,0.0,No,0.0,No,0.0,No,0.0,No,0.0,No,0.0,No,0.0,No,0.0,No,0.0,No,0.0,No,0.0,No,0.0,No,0.0,No,0.0,No,0.0,No,0.0,No,0.0,No,0.0,No,0.0,No,0.0,No,0.0,No,0.0,No,0.0,No,0.0
2167,XIAOMI CORPORATION,,KYG9830T1067,Telecommunications,HONG KONG,32.4,11.0,10,2,22,Yes,1.0,No,0.0,Yes,1.0,No,0.0,No,0.0,Yes,1.0,No,0.0,Partial,0.5,No,0.0,Partial,0.5,Yes,1.0,No,0.0,No,0.0,Yes,1.0,No,0.0,Yes,1.0,Yes,1.0,Yes,1.0,Yes,1.0,No,0.0,Yes,1.0,No,0.0,No,0.0,No,0.0,No,0.0,No,0.0,No,0.0,No,0.0,No,0.0,No,0.0,No,0.0,No,0.0,No,0.0,No,0.0
2308,Xinjiang Daqo New Energy Co Ltd,,CNE100004P24,Basic Materials,CHINA,0.0,0.0,0,0,34,No,0.0,No,0.0,No,0.0,No,0.0,No,0.0,No,0.0,No,0.0,No,0.0,No,0.0,No,0.0,No,0.0,No,0.0,No,0.0,No,0.0,No,0.0,No,0.0,No,0.0,No,0.0,No,0.0,No,0.0,No,0.0,No,0.0,No,0.0,No,0.0,No,0.0,No,0.0,No,0.0,No,0.0,No,0.0,No,0.0,No,0.0,No,0.0,No,0.0,No,0.0
1977,XINYI SOLAR HOLDINGS LIMITED,,KYG9829N1025,Energy,HONG KONG,0.0,0.0,0,0,34,No,0.0,No,0.0,No,0.0,No,0.0,No,0.0,No,0.0,No,0.0,No,0.0,No,0.0,No,0.0,No,0.0,No,0.0,No,0.0,No,0.0,No,0.0,No,0.0,No,0.0,No,0.0,No,0.0,No,0.0,No,0.0,No,0.0,No,0.0,No,0.0,No,0.0,No,0.0,No,0.0,No,0.0,No,0.0,No,0.0,No,0.0,No,0.0,No,0.0,No,0.0
2267,XPENG INC.,,KYG982AW1003,Consumer Discretion,CHINA,10.3,3.5,3,1,30,No,0.0,No,0.0,Yes,1.0,No,0.0,No,0.0,No,0.0,No,0.0,Yes,1.0,No,0.0,No,0.0,No,0.0,No,0.0,No,0.0,No,0.0,Partial,0.5,Yes,1.0,No,0.0,No,0.0,No,0.0,No,0.0,No,0.0,No,0.0,No,0.0,No,0.0,No,0.0,No,0.0,No,0.0,No,0.0,No,0.0,No,0.0,No,0.0,No,0.0,No,0.0,No,0.0
2233,XP Inc.,,KYG982391099,Financials,UNITED STATES,0.0,0.0,0,0,34,No,0.0,No,0.0,No,0.0,No,0.0,No,0.0,No,0.0,No,0.0,No,0.0,No,0.0,No,0.0,No,0.0,No,0.0,No,0.0,No,0.0,No,0.0,No,0.0,No,0.0,No,0.0,No,0.0,No,0.0,No,0.0,No,0.0,No,0.0,No,0.0,No,0.0,No,0.0,No,0.0,No,0.0,No,0.0,No,0.0,No,0.0,No,0.0,No,0.0,No,0.0
2407,XtalPi Holdings Limited,,KYG7S12M1051,Health Care,CHINA,8.8,3.0,3,0,31,No,0.0,No,0.0,No,0.0,No,0.0,No,0.0,Yes,1.0,No,0.0,Yes,1.0,No,0.0,Yes,1.0,No,0.0,No,0.0,No,0.0,No,0.0,No,0.0,No,0.0,No,0.0,No,0.0,No,0.0,No,0.0,No,0.0,No,0.0,No,0.0,No,0.0,No,0.0,No,0.0,No,0.0,No,0.0,No,0.0,No,0.0,No,0.0,No,0.0,No,0.0,No,0.0
1899,XYLEM INC.,,US98419M1009,Industrials,UNITED STATES,36.8,12.5,12,1,21,Yes,1.0,No,0.0,Yes,1.0,Yes,1.0,No,0.0,Yes,1.0,No,0.0,Yes,1.0,No,0.0,Yes,1.0,Yes,1.0,No,0.0,Partial,0.5,No,0.0,No,0.0,Yes,1.0,Yes,1.0,No,0.0,No,0.0,No,0.0,Yes,1.0,No,0.0,No,0.0,No,0.0,Yes,1.0,No,0.0,No,0.0,No,0.0,No,0.0,No,0.0,Yes,1.0,No,0.0,No,0.0,No,0.0
2082,Yadea Group Holdings Ltd,,KYG9830F1063,Consumer Discretion,HONG KONG,0.0,0.0,0,0,34,No,0.0,No,0.0,No,0.0,No,0.0,No,0.0,No,0.0,No,0.0,No,0.0,No,0.0,No,0.0,No,0.0,No,0.0,No,0.0,No,0.0,No,0.0,No,0.0,No,0.0,No,0.0,No,0.0,No,0.0,No,0.0,No,0.0,No,0.0,No,0.0,No,0.0,No,0.0,No,0.0,No,0.0,No,0.0,No,0.0,No,0.0,No,0.0,No,0.0,No,0.0
207,YAGEO CORPORATION,,TW0002327004,Technology,TAIWAN,11.8,4.0,4,1,29,Yes,1.0,No,0.0,Yes,1.0,No,0.0,No,0.0,Yes,1.0,No,0.0,No,0.0,No,0.0,No,0.0,No,0.0,No,0.0,No,0.0,No,0.0,No,0.0,No,0.0,No,0.0,No,0.0,No,0.0,No,0.0,No,0.0,No,0.0,No,0.0,No,0.0,Yes,1.0,Partial,0.0,No,0.0,No,0.0,No,0.0,No,0.0,No,0.0,No,0.0,No,0.0,No,0.0
1605,"Yamaha Motor Co., Ltd.",,JP3942800008,Consumer Discretion,JAPAN,8.8,3.0,3,0,31,No,0.0,No,0.0,No,0.0,Yes,1.0,No,0.0,Yes,1.0,No,0.0,No,0.0,No,0.0,No,0.0,No,0.0,No,0.0,No,0.0,No,0.0,No,0.0,No,0.0,No,0.0,No,0.0,No,0.0,No,0.0,No,0.0,No,0.0,No,0.0,No,0.0,No,0.0,No,0.0,No,0.0,Yes,1.0,No,0.0,No,0.0,No,0.0,No,0.0,No,0.0,No,0.0
611,YANBU NATIONAL PETROCHEMICAL COMPANY (YANSAB) SJSC,,SA000A0HNF36,Basic Materials,SAUDI ARABIA,17.6,6.0,6,0,28,Yes,1.0,No,0.0,No,0.0,No,0.0,No,0.0,Yes,1.0,No,0.0,Yes,1.0,No,0.0,Yes,1.0,No,0.0,No,0.0,No,0.0,No,0.0,No,0.0,No,0.0,No,0.0,No,0.0,No,0.0,No,0.0,No,0.0,No,0.0,Yes,1.0,No,0.0,No,0.0,No,0.0,No,0.0,No,0.0,No,0.0,No,0.0,Yes,1.0,No,0.0,No,0.0,No,0.0
1607,YANG MING MARINE TRANSPORT CORPORATION,,TW0002609005,Industrials,TAIWAN,19.1,6.5,6,1,27,Yes,1.0,No,0.0,Yes,1.0,No,0.0,Yes,1.0,Yes,1.0,No,0.0,No,0.0,No,0.0,Yes,1.0,Partial,0.5,No,0.0,No,0.0,No,0.0,No,0.0,No,0.0,No,0.0,No,0.0,No,0.0,No,0.0,No,0.0,No,0.0,No,0.0,No,0.0,No,0.0,No,0.0,No,0.0,Yes,1.0,No,0.0,No,0.0,No,0.0,No,0.0,No,0.0,No,0.0
2004,Yangtze Optical Fibre and Cable Joint Stock Limited Company,,CNE1000036B2,Telecommunications,CHINA,4.4,1.5,1,1,32,Partial,0.5,No,0.0,No,0.0,No,0.0,No,0.0,Yes,1.0,No,0.0,No,0.0,No,0.0,No,0.0,No,0.0,No,0.0,No,0.0,No,0.0,No,0.0,No,0.0,No,0.0,No,0.0,No,0.0,No,0.0,No,0.0,No,0.0,No,0.0,No,0.0,No,0.0,No,0.0,No,0.0,No,0.0,No,0.0,No,0.0,No,0.0,No,0.0,No,0.0,No,0.0
1608,YANGZIJIANG SHIPBUILDING (HOLDINGS) LTD.,,SG1U76934819,Industrials,SINGAPORE,0.0,0.0,0,0,34,No,0.0,No,0.0,No,0.0,No,0.0,No,0.0,No,0.0,No,0.0,No,0.0,No,0.0,No,0.0,No,0.0,No,0.0,No,0.0,No,0.0,No,0.0,No,0.0,No,0.0,No,0.0,No,0.0,No,0.0,No,0.0,No,0.0,No,0.0,No,0.0,No,0.0,No,0.0,No,0.0,No,0.0,No,0.0,No,0.0,No,0.0,No,0.0,No,0.0,No,0.0
1609,Yankuang Energy Group Company Limited,,CNE000000WV6,Energy,CHINA,8.8,3.0,3,0,31,No,0.0,No,0.0,No,0.0,No,0.0,No,0.0,Yes,1.0,No,0.0,Yes,1.0,No,0.0,Yes,1.0,No,0.0,No,0.0,No,0.0,No,0.0,No,0.0,No,0.0,No,0.0,No,0.0,No,0.0,No,0.0,No,0.0,No,0.0,No,0.0,No,0.0,No,0.0,No,0.0,No,0.0,No,0.0,No,0.0,No,0.0,No,0.0,No,0.0,No,0.0,No,0.0
1806,"Yantai Jereh Oilfield Services Group Co., Ltd.",,CNE100000L55,Energy,CHINA,25.0,8.5,7,3,24,Yes,1.0,No,0.0,Partial,0.5,No,0.0,No,0.0,Partial,0.5,No,0.0,Yes,1.0,No,0.0,Partial,0.5,No,0.0,No,0.0,No,0.0,No,0.0,No,0.0,Yes,1.0,Yes,1.0,No,0.0,No,0.0,No,0.0,Yes,1.0,Yes,1.0,No,0.0,No,0.0,No,0.0,No,0.0,No,0.0,No,0.0,Yes,1.0,No,0.0,No,0.0,No,0.0,No,0.0,No,0.0
1610,YAPI VE KREDI BANKASI ANONIM SIRKETI,,TRAYKBNK91N6,Financials,TURKEY,0.0,0.0,0,0,34,No,0.0,No,0.0,No,0.0,No,0.0,No,0.0,No,0.0,No,0.0,No,0.0,No,0.0,No,0.0,No,0.0,No,0.0,No,0.0,No,0.0,No,0.0,No,0.0,No,0.0,No,0.0,No,0.0,No,0.0,No,0.0,No,0.0,No,0.0,No,0.0,No,0.0,No,0.0,No,0.0,No,0.0,No,0.0,No,0.0,No,0.0,No,0.0,No,0.0,No,0.0
179,YARA INTERNATIONAL ASA,,NO0010208051,Basic Materials,NORWAY,2.9,1.0,1,0,33,No,0.0,No,0.0,No,0.0,No,0.0,No,0.0,Yes,1.0,No,0.0,No,0.0,No,0.0,No,0.0,No,0.0,No,0.0,No,0.0,No,0.0,No,0.0,No,0.0,No,0.0,No,0.0,No,0.0,No,0.0,No,0.0,No,0.0,No,0.0,No,0.0,No,0.0,No,0.0,No,0.0,No,0.0,No,0.0,No,0.0,No,0.0,No,0.0,No,0.0,No,0.0
2119,Yealink Xiamen Network Technology Co Ltd,,CNE100002PC5,Telecommunications,CHINA,4.4,1.5,1,1,32,No,0.0,No,0.0,No,0.0,No,0.0,Partial,0.5,Yes,1.0,No,0.0,No,0.0,No,0.0,No,0.0,No,0.0,No,0.0,No,0.0,No,0.0,No,0.0,No,0.0,No,0.0,No,0.0,No,0.0,No,0.0,No,0.0,No,0.0,No,0.0,No,0.0,No,0.0,No,0.0,No,0.0,No,0.0,No,0.0,No,0.0,No,0.0,No,0.0,No,0.0,No,0.0
189,YES BANK LIMITED,,INE528G01035,Financials,INDIA,4.4,1.5,1,1,32,No,0.0,No,0.0,No,0.0,No,0.0,No,0.0,Yes,1.0,No,0.0,No,0.0,No,0.0,Partial,0.5,No,0.0,No,0.0,No,0.0,No,0.0,No,0.0,No,0.0,No,0.0,No,0.0,No,0.0,No,0.0,No,0.0,No,0.0,No,0.0,No,0.0,No,0.0,No,0.0,No,0.0,No,0.0,No,0.0,No,0.0,No,0.0,No,0.0,No,0.0,No,0.0
59,Yokogawa Electric Corporation,,JP3955000009,Industrials,JAPAN,29.4,10.0,9,3,22,Yes,1.0,No,0.0,No,0.0,Yes,1.0,No,0.0,Partial,0.5,No,0.0,Yes,1.0,No,0.0,Yes,1.0,No,0.0,No,0.0,No,0.0,No,0.0,No,0.0,Partial,0.5,Yes,1.0,Yes,1.0,Yes,1.0,No,0.0,Yes,1.0,No,0.0,No,0.0,No,0.0,Yes,1.0,No,0.0,No,0.0,No,0.0,No,0.0,Partial,0.0,No,0.0,No,0.0,No,0.0,No,0.0
2074,"Yokohama Financial Group, Inc.",,JP3305990008,Financials,JAPAN,0.0,0.0,0,0,34,No,0.0,No,0.0,No,0.0,No,0.0,No,0.0,No,0.0,No,0.0,No,0.0,No,0.0,No,0.0,No,0.0,No,0.0,No,0.0,No,0.0,No,0.0,No,0.0,No,0.0,No,0.0,No,0.0,No,0.0,No,0.0,No,0.0,No,0.0,No,0.0,No,0.0,No,0.0,No,0.0,No,0.0,No,0.0,No,0.0,No,0.0,No,0.0,No,0.0,No,0.0
1857,"Yonghui Superstores Co., Ltd.",,CNE100000XX9,Consumer Staples,CHINA,8.8,3.0,3,0,31,Yes,1.0,No,0.0,No,0.0,No,0.0,No,0.0,Yes,1.0,No,0.0,No,0.0,No,0.0,No,0.0,No,0.0,No,0.0,No,0.0,No,0.0,No,0.0,No,0.0,No,0.0,No,0.0,No,0.0,No,0.0,No,0.0,No,0.0,No,0.0,No,0.0,No,0.0,No,0.0,No,0.0,Yes,1.0,No,0.0,No,0.0,No,0.0,No,0.0,No,0.0,No,0.0
1557,"YONYOU NETWORK TECHNOLOGY CO.,LTD.",,CNE0000017Y6,Technology,CHINA,32.4,11.0,10,3,21,Partial,0.5,No,0.0,No,0.0,Yes,1.0,Partial,0.0,Yes,1.0,No,0.0,Yes,1.0,No,0.0,Yes,1.0,No,0.0,No,0.0,No,0.0,No,0.0,No,0.0,Yes,1.0,Yes,1.0,Yes,1.0,Yes,1.0,Partial,0.5,Yes,1.0,No,0.0,No,0.0,No,0.0,No,0.0,No,0.0,No,0.0,No,0.0,No,0.0,No,0.0,Yes,1.0,No,0.0,No,0.0,No,0.0
1603,YTL CORPORATION BERHAD,,MYL4677OO000,Utilities,MALAYSIA,17.6,6.0,4,4,26,Partial,0.5,No,0.0,No,0.0,No,0.0,No,0.0,Partial,0.5,No,0.0,Yes,1.0,No,0.0,Partial,0.5,No,0.0,No,0.0,No,0.0,No,0.0,No,0.0,Yes,1.0,Yes,1.0,No,0.0,No,0.0,No,0.0,No,0.0,No,0.0,No,0.0,No,0.0,Partial,0.5,No,0.0,No,0.0,No,0.0,No,0.0,No,0.0,No,0.0,Yes,1.0,No,0.0,No,0.0
619,YTL POWER INTERNATIONAL BERHAD,,MYL6742OO000,Utilities,MALAYSIA,8.8,3.0,3,0,31,Yes,1.0,No,0.0,Yes,1.0,No,0.0,No,0.0,No,0.0,No,0.0,No,0.0,No,0.0,No,0.0,No,0.0,No,0.0,No,0.0,No,0.0,No,0.0,No,0.0,No,0.0,No,0.0,No,0.0,No,0.0,No,0.0,No,0.0,No,0.0,No,0.0,No,0.0,No,0.0,No,0.0,Yes,1.0,No,0.0,No,0.0,No,0.0,No,0.0,No,0.0,No,0.0
1026,"YTO Express Group Co.,Ltd.",,CNE0000012J8,Industrials,CHINA,0.0,0.0,0,0,34,No,0.0,No,0.0,No,0.0,No,0.0,No,0.0,No,0.0,No,0.0,No,0.0,No,0.0,No,0.0,No,0.0,No,0.0,No,0.0,No,0.0,No,0.0,No,0.0,No,0.0,No,0.0,No,0.0,No,0.0,No,0.0,No,0.0,No,0.0,No,0.0,No,0.0,No,0.0,No,0.0,No,0.0,No,0.0,No,0.0,No,0.0,No,0.0,No,0.0,No,0.0
2363,Yuanjie Semiconductor Technology Co Ltd,,CNE100005VF9,Technology,CHINA,2.9,1.0,1,0,33,No,0.0,No,0.0,Yes,1.0,No,0.0,No,0.0,No,0.0,No,0.0,No,0.0,No,0.0,No,0.0,No,0.0,No,0.0,No,0.0,No,0.0,No,0.0,No,0.0,No,0.0,No,0.0,No,0.0,No,0.0,No,0.0,No,0.0,No,0.0,No,0.0,No,0.0,No,0.0,No,0.0,No,0.0,No,0.0,No,0.0,No,0.0,No,0.0,No,0.0,No,0.0
753,"Yuanta Financial Holding Co., Ltd",,TW0002885001,Financials,TAIWAN,14.7,5.0,5,0,29,No,0.0,No,0.0,No,0.0,Yes,1.0,No,0.0,Yes,1.0,No,0.0,Yes,1.0,No,0.0,Yes,1.0,No,0.0,No,0.0,No,0.0,No,0.0,No,0.0,No,0.0,No,0.0,No,0.0,No,0.0,No,0.0,No,0.0,No,0.0,No,0.0,No,0.0,No,0.0,No,0.0,No,0.0,No,0.0,Yes,1.0,No,0.0,No,0.0,No,0.0,No,0.0,No,0.0
1611,YUHAN CORPORATION,,KR7000100008,Health Care,SOUTH KOREA,2.9,1.0,1,0,33,No,0.0,No,0.0,No,0.0,No,0.0,No,0.0,Yes,1.0,No,0.0,No,0.0,No,0.0,No,0.0,No,0.0,No,0.0,No,0.0,No,0.0,No,0.0,No,0.0,No,0.0,No,0.0,No,0.0,No,0.0,No,0.0,No,0.0,No,0.0,No,0.0,No,0.0,No,0.0,No,0.0,No,0.0,No,0.0,No,0.0,No,0.0,No,0.0,No,0.0,No,0.0
1604,"YUM! Brands, Inc.",,US9884981013,Consumer Discretion,UNITED STATES,14.7,5.0,5,0,29,Yes,1.0,No,0.0,No,0.0,No,0.0,No,0.0,Yes,1.0,No,0.0,No,0.0,No,0.0,Yes,1.0,No,0.0,No,0.0,No,0.0,No,0.0,No,0.0,No,0.0,No,0.0,No,0.0,No,0.0,No,0.0,Yes,1.0,No,0.0,No,0.0,No,0.0,No,0.0,No,0.0,No,0.0,No,0.0,No,0.0,No,0.0,Yes,1.0,No,0.0,No,0.0,No,0.0
2098,"YUM CHINA HOLDINGS, INC.",,US98850P1093,Consumer Discretion,UNITED STATES,32.4,11.0,11,1,22,Yes,1.0,No,0.0,No,0.0,Yes,1.0,No,0.0,Yes,1.0,No,0.0,Yes,1.0,No,0.0,Yes,1.0,Yes,1.0,No,0.0,No,0.0,No,0.0,No,0.0,Yes,1.0,No,0.0,Yes,1.0,No,0.0,No,0.0,No,0.0,No,0.0,No,0.0,No,0.0,Yes,1.0,Partial,0.0,Yes,1.0,No,0.0,No,0.0,No,0.0,Yes,1.0,No,0.0,No,0.0,No,0.0
636,"Yunnan Aluminium Co., Ltd.",,CNE000000VG9,Basic Materials,CHINA,0.0,0.0,0,0,34,No,0.0,No,0.0,No,0.0,No,0.0,No,0.0,No,0.0,No,0.0,No,0.0,No,0.0,No,0.0,No,0.0,No,0.0,No,0.0,No,0.0,No,0.0,No,0.0,No,0.0,No,0.0,No,0.0,No,0.0,No,0.0,No,0.0,No,0.0,No,0.0,No,0.0,No,0.0,No,0.0,No,0.0,No,0.0,No,0.0,No,0.0,No,0.0,No,0.0,No,0.0
1612,"YUNNAN BAIYAO GROUP CO., LTD",,CNE0000008X7,Health Care,CHINA,14.7,5.0,5,0,29,Yes,1.0,No,0.0,Yes,1.0,No,0.0,No,0.0,Yes,1.0,No,0.0,No,0.0,No,0.0,Yes,1.0,No,0.0,No,0.0,No,0.0,No,0.0,No,0.0,No,0.0,No,0.0,No,0.0,No,0.0,No,0.0,No,0.0,No,0.0,No,0.0,No,0.0,No,0.0,No,0.0,No,0.0,Yes,1.0,No,0.0,No,0.0,No,0.0,No,0.0,No,0.0,No,0.0
2091,"Yunnan Energy New Material (Group) Co., Ltd.",,CNE100002BR3,Industrials,CHINA,0.0,0.0,0,0,34,No,0.0,No,0.0,No,0.0,No,0.0,No,0.0,No,0.0,No,0.0,No,0.0,No,0.0,No,0.0,No,0.0,No,0.0,No,0.0,No,0.0,No,0.0,No,0.0,No,0.0,No,0.0,No,0.0,No,0.0,No,0.0,No,0.0,No,0.0,No,0.0,No,0.0,No,0.0,No,0.0,No,0.0,No,0.0,No,0.0,No,0.0,No,0.0,No,0.0,No,0.0
211,"Yunnan Tin Co., Ltd.",,CNE0000011D3,Basic Materials,CHINA,8.8,3.0,2,2,30,No,0.0,No,0.0,No,0.0,No,0.0,No,0.0,Partial,0.5,No,0.0,Yes,1.0,No,0.0,Partial,0.5,No,0.0,No,0.0,No,0.0,No,0.0,No,0.0,No,0.0,No,0.0,No,0.0,No,0.0,No,0.0,No,0.0,No,0.0,Yes,1.0,No,0.0,No,0.0,No,0.0,No,0.0,No,0.0,No,0.0,No,0.0,No,0.0,No,0.0,No,0.0,No,0.0
197,"YUNNAN YUNTIANHUA CO., LTD",,CNE000000S01,Basic Materials,CHINA,2.9,1.0,1,0,33,No,0.0,No,0.0,No,0.0,No,0.0,No,0.0,No,0.0,No,0.0,Yes,1.0,No,0.0,No,0.0,No,0.0,No,0.0,No,0.0,No,0.0,No,0.0,No,0.0,No,0.0,No,0.0,No,0.0,No,0.0,No,0.0,No,0.0,No,0.0,No,0.0,No,0.0,No,0.0,No,0.0,No,0.0,No,0.0,No,0.0,No,0.0,No,0.0,No,0.0,No,0.0
616,"YUTONG BUS CO., LTD.",,CNE000000PY4,Industrials,CHINA,7.4,2.5,2,1,31,No,0.0,No,0.0,No,0.0,No,0.0,No,0.0,Yes,1.0,No,0.0,Yes,1.0,No,0.0,Partial,0.5,No,0.0,No,0.0,No,0.0,No,0.0,No,0.0,No,0.0,No,0.0,No,0.0,No,0.0,No,0.0,No,0.0,No,0.0,No,0.0,No,0.0,No,0.0,No,0.0,No,0.0,No,0.0,No,0.0,No,0.0,No,0.0,No,0.0,No,0.0,No,0.0
2415,Zabka Group SA,,LU2910446546,Consumer Staples,LUXEMBOURG,14.7,5.0,5,0,29,Yes,1.0,No,0.0,Yes,1.0,No,0.0,No,0.0,Yes,1.0,No,0.0,Yes,1.0,No,0.0,Yes,1.0,No,0.0,No,0.0,No,0.0,No,0.0,No,0.0,No,0.0,No,0.0,No,0.0,No,0.0,No,0.0,No,0.0,No,0.0,No,0.0,No,0.0,No,0.0,No,0.0,No,0.0,No,0.0,No,0.0,No,0.0,No,0.0,No,0.0,No,0.0,No,0.0
2009,Zalando SE,,DE000ZAL1111,Consumer Discretion,GERMANY,17.6,6.0,6,0,28,Yes,1.0,No,0.0,Yes,1.0,No,0.0,No,0.0,Yes,1.0,No,0.0,Yes,1.0,No,0.0,Yes,1.0,No,0.0,No,0.0,No,0.0,No,0.0,Yes,1.0,No,0.0,No,0.0,No,0.0,No,0.0,No,0.0,No,0.0,No,0.0,No,0.0,No,0.0,No,0.0,No,0.0,No,0.0,No,0.0,No,0.0,No,0.0,No,0.0,No,0.0,No,0.0,No,0.0
1613,ZANGGE MINING COMPANY LIMITED,,CNE000000L08,Basic Materials,CHINA,0.0,0.0,0,0,34,No,0.0,No,0.0,No,0.0,No,0.0,No,0.0,No,0.0,No,0.0,No,0.0,No,0.0,No,0.0,No,0.0,No,0.0,No,0.0,No,0.0,No,0.0,No,0.0,No,0.0,No,0.0,No,0.0,No,0.0,No,0.0,No,0.0,No,0.0,No,0.0,No,0.0,No,0.0,No,0.0,No,0.0,No,0.0,No,0.0,No,0.0,No,0.0,No,0.0,No,0.0
586,ZEBRA TECHNOLOGIES CORPORATION,,US9892071054,Industrials,UNITED STATES,26.5,9.0,9,0,25,Yes,1.0,No,0.0,No,0.0,No,0.0,Yes,1.0,Yes,1.0,No,0.0,Yes,1.0,No,0.0,Yes,1.0,Yes,1.0,No,0.0,No,0.0,No,0.0,No,0.0,No,0.0,No,0.0,No,0.0,No,0.0,No,0.0,Yes,1.0,No,0.0,No,0.0,No,0.0,No,0.0,No,0.0,No,0.0,No,0.0,No,0.0,No,0.0,Yes,1.0,No,0.0,Yes,1.0,No,0.0
755,"ZENSHO HOLDINGS CO.,LTD.",,JP3429300001,Consumer Discretion,JAPAN,11.8,4.0,4,0,30,Yes,1.0,No,0.0,No,0.0,No,0.0,No,0.0,Yes,1.0,No,0.0,Yes,1.0,No,0.0,Yes,1.0,No,0.0,No,0.0,No,0.0,No,0.0,No,0.0,No,0.0,No,0.0,No,0.0,No,0.0,No,0.0,No,0.0,No,0.0,No,0.0,No,0.0,No,0.0,No,0.0,No,0.0,No,0.0,No,0.0,No,0.0,No,0.0,No,0.0,No,0.0,No,0.0
1615,"ZHANGZHOU PIENTZEHUANG PHARMACEUTICAL CO., LTD.",,CNE000001F21,Health Care,CHINA,0.0,0.0,0,0,34,No,0.0,No,0.0,No,0.0,No,0.0,No,0.0,No,0.0,No,0.0,No,0.0,No,0.0,No,0.0,No,0.0,No,0.0,No,0.0,No,0.0,No,0.0,No,0.0,No,0.0,No,0.0,No,0.0,No,0.0,No,0.0,No,0.0,No,0.0,No,0.0,No,0.0,No,0.0,No,0.0,No,0.0,No,0.0,No,0.0,No,0.0,No,0.0,No,0.0,No,0.0
699,Zhaojin Mining Industry Company Limited,,CNE1000004R6,Basic Materials,CHINA,4.4,1.5,1,2,31,No,0.0,No,0.0,No,0.0,No,0.0,No,0.0,Yes,1.0,No,0.0,No,0.0,No,0.0,Partial,0.0,No,0.0,No,0.0,No,0.0,No,0.0,No,0.0,No,0.0,No,0.0,No,0.0,No,0.0,No,0.0,No,0.0,No,0.0,No,0.0,No,0.0,No,0.0,No,0.0,No,0.0,Partial,0.5,No,0.0,No,0.0,No,0.0,No,0.0,No,0.0,No,0.0
1893,"ZHEJIANG CENTURY HUATONG GROUP CO., LTD",,CNE1000015R2,Consumer Discretion,CHINA,11.8,4.0,4,0,30,Yes,1.0,No,0.0,Yes,1.0,No,0.0,No,0.0,Yes,1.0,No,0.0,No,0.0,No,0.0,Yes,1.0,No,0.0,No,0.0,No,0.0,No,0.0,No,0.0,No,0.0,No,0.0,No,0.0,No,0.0,No,0.0,No,0.0,No,0.0,No,0.0,No,0.0,No,0.0,No,0.0,No,0.0,No,0.0,No,0.0,No,0.0,No,0.0,No,0.0,No,0.0,No,0.0
295,"Zhejiang China Commodities City Group Co., Ltd",,CNE000001BC8,Consumer Discretion,CHINA,7.4,2.5,2,1,31,No,0.0,No,0.0,No,0.0,No,0.0,No,0.0,Partial,0.5,No,0.0,No,0.0,No,0.0,Yes,1.0,No,0.0,No,0.0,No,0.0,No,0.0,No,0.0,No,0.0,No,0.0,No,0.0,No,0.0,No,0.0,No,0.0,No,0.0,Yes,1.0,No,0.0,No,0.0,No,0.0,No,0.0,No,0.0,No,0.0,No,0.0,No,0.0,No,0.0,No,0.0,No,0.0
1803,"ZHEJIANG CHINT ELECTRICS CO., LTD",,CNE100000KD8,Industrials,CHINA,0.0,0.0,0,0,34,No,0.0,No,0.0,No,0.0,No,0.0,No,0.0,No,0.0,No,0.0,No,0.0,No,0.0,No,0.0,No,0.0,No,0.0,No,0.0,No,0.0,No,0.0,No,0.0,No,0.0,No,0.0,No,0.0,No,0.0,No,0.0,No,0.0,No,0.0,No,0.0,No,0.0,No,0.0,No,0.0,No,0.0,No,0.0,No,0.0,No,0.0,No,0.0,No,0.0,No,0.0
1650,"ZHEJIANG DAHUA TECHNOLOGY CO., LTD.",,CNE100000BJ4,Technology,CHINA,23.5,8.0,8,1,25,No,0.0,No,0.0,No,0.0,No,0.0,Partial,0.0,Yes,1.0,No,0.0,Yes,1.0,No,0.0,Yes,1.0,No,0.0,No,0.0,No,0.0,No,0.0,Yes,1.0,Yes,1.0,No,0.0,Yes,1.0,No,0.0,No,0.0,Yes,1.0,Yes,1.0,No,0.0,No,0.0,No,0.0,No,0.0,No,0.0,No,0.0,No,0.0,No,0.0,No,0.0,No,0.0,No,0.0,No,0.0
1932,"ZHEJIANG HUAYOU COBALT CO., LTD",,CNE100001VW3,Basic Materials,CHINA,2.9,1.0,1,0,33,Yes,1.0,No,0.0,No,0.0,No,0.0,No,0.0,No,0.0,No,0.0,No,0.0,No,0.0,No,0.0,No,0.0,No,0.0,No,0.0,No,0.0,No,0.0,No,0.0,No,0.0,No,0.0,No,0.0,No,0.0,No,0.0,No,0.0,No,0.0,No,0.0,No,0.0,No,0.0,No,0.0,No,0.0,No,0.0,No,0.0,No,0.0,No,0.0,No,0.0,No,0.0
1925,Zhejiang Jingsheng Mechanical & Electrical Co Ltd,,CNE100001DJ8,Technology,CHINA,4.4,1.5,0,3,31,No,0.0,No,0.0,Partial,0.5,No,0.0,No,0.0,Partial,0.5,No,0.0,No,0.0,No,0.0,Partial,0.5,No,0.0,No,0.0,No,0.0,No,0.0,No,0.0,No,0.0,No,0.0,No,0.0,No,0.0,No,0.0,No,0.0,No,0.0,No,0.0,No,0.0,No,0.0,No,0.0,No,0.0,No,0.0,No,0.0,No,0.0,No,0.0,No,0.0,No,0.0,No,0.0
193,"Zhejiang Juhua Co., Ltd.",,CNE000000WQ6,Basic Materials,CHINA,8.8,3.0,2,2,30,No,0.0,No,0.0,No,0.0,No,0.0,No,0.0,Partial,0.5,No,0.0,Partial,0.5,No,0.0,Yes,1.0,No,0.0,No,0.0,No,0.0,No,0.0,No,0.0,No,0.0,No,0.0,No,0.0,No,0.0,No,0.0,No,0.0,Yes,1.0,No,0.0,No,0.0,No,0.0,No,0.0,No,0.0,No,0.0,No,0.0,No,0.0,No,0.0,No,0.0,No,0.0,No,0.0
2353,Zhejiang Leapmotor Technology Co Ltd,,CNE100005K77,Consumer Discretion,CHINA,0.0,0.0,0,0,34,No,0.0,No,0.0,No,0.0,No,0.0,No,0.0,No,0.0,No,0.0,No,0.0,No,0.0,No,0.0,No,0.0,No,0.0,No,0.0,No,0.0,No,0.0,No,0.0,No,0.0,No,0.0,No,0.0,No,0.0,No,0.0,No,0.0,No,0.0,No,0.0,No,0.0,No,0.0,No,0.0,No,0.0,No,0.0,No,0.0,No,0.0,No,0.0,No,0.0,No,0.0
478,"Zhejiang Longsheng Group Co., Ltd.",,CNE000001FJ4,Basic Materials,CHINA,0.0,0.0,0,0,34,No,0.0,No,0.0,No,0.0,No,0.0,No,0.0,No,0.0,No,0.0,No,0.0,No,0.0,No,0.0,No,0.0,No,0.0,No,0.0,No,0.0,No,0.0,No,0.0,No,0.0,No,0.0,No,0.0,No,0.0,No,0.0,No,0.0,No,0.0,No,0.0,No,0.0,No,0.0,No,0.0,No,0.0,No,0.0,No,0.0,No,0.0,No,0.0,No,0.0,No,0.0
212,ZHEJIANG NHU COMPANY LTD.,,CNE000001J84,Consumer Staples,CHINA,5.9,2.0,2,0,32,No,0.0,No,0.0,No,0.0,No,0.0,No,0.0,Yes,1.0,No,0.0,No,0.0,No,0.0,Yes,1.0,No,0.0,No,0.0,No,0.0,No,0.0,No,0.0,No,0.0,No,0.0,No,0.0,No,0.0,No,0.0,No,0.0,No,0.0,No,0.0,No,0.0,No,0.0,No,0.0,No,0.0,No,0.0,No,0.0,No,0.0,No,0.0,No,0.0,No,0.0,No,0.0
1617,"ZHEJIANG SANHUA INTELLIGENT CONTROLS CO.,LTD.",,CNE000001M22,Industrials,CHINA,5.9,2.0,2,0,32,Yes,1.0,No,0.0,No,0.0,No,0.0,No,0.0,Yes,1.0,No,0.0,No,0.0,No,0.0,No,0.0,No,0.0,No,0.0,No,0.0,No,0.0,No,0.0,No,0.0,No,0.0,No,0.0,No,0.0,No,0.0,No,0.0,No,0.0,No,0.0,No,0.0,No,0.0,No,0.0,No,0.0,No,0.0,No,0.0,No,0.0,No,0.0,No,0.0,No,0.0,No,0.0
406,"Zhejiang Wanfeng Auto Wheel Co., Ltd.",,CNE000001PF1,Consumer Discretion,CHINA,0.0,0.0,0,0,34,No,0.0,No,0.0,No,0.0,No,0.0,No,0.0,No,0.0,No,0.0,No,0.0,No,0.0,No,0.0,No,0.0,No,0.0,No,0.0,No,0.0,No,0.0,No,0.0,No,0.0,No,0.0,No,0.0,No,0.0,No,0.0,No,0.0,No,0.0,No,0.0,No,0.0,No,0.0,No,0.0,No,0.0,No,0.0,No,0.0,No,0.0,No,0.0,No,0.0,No,0.0
2049,"Zhejiang Weiming Environment Protection Co., Ltd.",,CNE1000023N5,Utilities,CHINA,11.8,4.0,4,0,30,Yes,1.0,No,0.0,No,0.0,No,0.0,No,0.0,Yes,1.0,No,0.0,Yes,1.0,No,0.0,Yes,1.0,No,0.0,No,0.0,No,0.0,No,0.0,No,0.0,No,0.0,No,0.0,No,0.0,No,0.0,No,0.0,No,0.0,No,0.0,No,0.0,No,0.0,No,0.0,No,0.0,No,0.0,No,0.0,No,0.0,No,0.0,No,0.0,No,0.0,No,0.0,No,0.0
1979,"Zhejiang Zheneng Electric Power CO., LTD",,CNE100001SP3,Utilities,CHINA,2.9,1.0,1,0,33,No,0.0,No,0.0,No,0.0,No,0.0,No,0.0,Yes,1.0,No,0.0,No,0.0,No,0.0,No,0.0,No,0.0,No,0.0,No,0.0,No,0.0,No,0.0,No,0.0,No,0.0,No,0.0,No,0.0,No,0.0,No,0.0,No,0.0,No,0.0,No,0.0,No,0.0,No,0.0,No,0.0,No,0.0,No,0.0,No,0.0,No,0.0,No,0.0,No,0.0,No,0.0
1912,ZHEN DING TECHNOLOGY HOLDING LIMITED,,KYG989221000,Technology,TAIWAN,17.6,6.0,6,0,28,Yes,1.0,No,0.0,Yes,1.0,No,0.0,No,0.0,Yes,1.0,No,0.0,Yes,1.0,No,0.0,Yes,1.0,No,0.0,No,0.0,No,0.0,No,0.0,No,0.0,No,0.0,No,0.0,No,0.0,No,0.0,No,0.0,No,0.0,No,0.0,No,0.0,No,0.0,No,0.0,No,0.0,No,0.0,No,0.0,Yes,1.0,No,0.0,No,0.0,No,0.0,No,0.0,No,0.0
1721,"ZHESHANG SECURITIES CO.,LTD.",,CNE100002R65,Financials,CHINA,8.8,3.0,1,4,29,Partial,0.5,No,0.0,Partial,0.5,No,0.0,No,0.0,Partial,0.5,No,0.0,Partial,0.5,No,0.0,Yes,1.0,No,0.0,No,0.0,No,0.0,No,0.0,No,0.0,No,0.0,No,0.0,No,0.0,No,0.0,No,0.0,No,0.0,No,0.0,No,0.0,No,0.0,No,0.0,No,0.0,No,0.0,No,0.0,No,0.0,No,0.0,No,0.0,No,0.0,No,0.0,No,0.0
1923,Zhongji Innolight Co Ltd,,CNE100001CY9,Telecommunications,CHINA,17.6,6.0,6,0,28,Yes,1.0,No,0.0,Yes,1.0,No,0.0,No,0.0,Yes,1.0,No,0.0,No,0.0,No,0.0,Yes,1.0,Yes,1.0,No,0.0,No,0.0,No,0.0,No,0.0,No,0.0,No,0.0,No,0.0,No,0.0,No,0.0,No,0.0,No,0.0,Yes,1.0,No,0.0,No,0.0,No,0.0,No,0.0,No,0.0,No,0.0,No,0.0,No,0.0,No,0.0,No,0.0,No,0.0
1618,"ZHONGJIN GOLD CORP., LTD",,CNE000001FM8,Basic Materials,CHINA,0.0,0.0,0,0,34,No,0.0,No,0.0,No,0.0,No,0.0,No,0.0,No,0.0,No,0.0,No,0.0,No,0.0,No,0.0,No,0.0,No,0.0,No,0.0,No,0.0,No,0.0,No,0.0,No,0.0,No,0.0,No,0.0,No,0.0,No,0.0,No,0.0,No,0.0,No,0.0,No,0.0,No,0.0,No,0.0,No,0.0,No,0.0,No,0.0,No,0.0,No,0.0,No,0.0,No,0.0
1718,"ZHONGTAI SECURITIES CO., LTD.",,CNE100004900,Financials,CHINA,5.9,2.0,0,4,30,Partial,0.5,No,0.0,No,0.0,No,0.0,No,0.0,Partial,0.5,No,0.0,Partial,0.5,No,0.0,Partial,0.5,No,0.0,No,0.0,No,0.0,No,0.0,No,0.0,No,0.0,No,0.0,No,0.0,No,0.0,No,0.0,No,0.0,No,0.0,No,0.0,No,0.0,No,0.0,No,0.0,No,0.0,No,0.0,No,0.0,No,0.0,No,0.0,No,0.0,No,0.0,No,0.0
1619,"Zhuzhou CRRC Times Electric Co., Ltd.",,CNE100004QK2,Industrials,CHINA,0.0,0.0,0,0,34,No,0.0,No,0.0,No,0.0,No,0.0,No,0.0,No,0.0,No,0.0,No,0.0,No,0.0,No,0.0,No,0.0,No,0.0,No,0.0,No,0.0,No,0.0,No,0.0,No,0.0,No,0.0,No,0.0,No,0.0,No,0.0,No,0.0,No,0.0,No,0.0,No,0.0,No,0.0,No,0.0,No,0.0,No,0.0,No,0.0,No,0.0,No,0.0,No,0.0,No,0.0
2428,Zijin Gold International Co Ltd,,HK0001200002,Basic Materials,HONG KONG,8.8,3.0,3,0,31,Yes,1.0,No,0.0,Yes,1.0,No,0.0,No,0.0,Yes,1.0,No,0.0,No,0.0,No,0.0,No,0.0,No,0.0,No,0.0,No,0.0,No,0.0,No,0.0,No,0.0,No,0.0,No,0.0,No,0.0,No,0.0,No,0.0,No,0.0,No,0.0,No,0.0,No,0.0,No,0.0,No,0.0,No,0.0,No,0.0,No,0.0,No,0.0,No,0.0,No,0.0,No,0.0
1620,Zijin Mining Group Company Limited,,CNE100000B24,Basic Materials,CHINA,0.0,0.0,0,0,34,No,0.0,No,0.0,No,0.0,No,0.0,No,0.0,No,0.0,No,0.0,No,0.0,No,0.0,No,0.0,No,0.0,No,0.0,No,0.0,No,0.0,No,0.0,No,0.0,No,0.0,No,0.0,No,0.0,No,0.0,No,0.0,No,0.0,No,0.0,No,0.0,No,0.0,No,0.0,No,0.0,No,0.0,No,0.0,No,0.0,No,0.0,No,0.0,No,0.0,No,0.0
2035,"ZILLOW GROUP, INC.",,US98954M2008,Real Estate,UNITED STATES,20.6,7.0,7,1,26,No,0.0,No,0.0,Yes,1.0,No,0.0,Partial,0.0,Yes,1.0,No,0.0,Yes,1.0,No,0.0,No,0.0,Yes,1.0,No,0.0,No,0.0,No,0.0,No,0.0,Yes,1.0,Yes,1.0,No,0.0,No,0.0,No,0.0,No,0.0,No,0.0,No,0.0,No,0.0,No,0.0,No,0.0,No,0.0,No,0.0,No,0.0,No,0.0,Yes,1.0,No,0.0,No,0.0,No,0.0
1621,"ZIMMER BIOMET HOLDINGS, INC.",,US98956P1021,Health Care,UNITED STATES,5.9,2.0,2,0,32,No,0.0,No,0.0,No,0.0,No,0.0,No,0.0,Yes,1.0,No,0.0,No,0.0,No,0.0,No,0.0,No,0.0,No,0.0,No,0.0,No,0.0,No,0.0,No,0.0,No,0.0,No,0.0,No,0.0,No,0.0,No,0.0,No,0.0,No,0.0,No,0.0,No,0.0,No,0.0,No,0.0,No,0.0,No,0.0,No,0.0,Yes,1.0,No,0.0,No,0.0,No,0.0
1944,ZOETIS INC.,,US98978V1035,Health Care,UNITED STATES,20.6,7.0,7,1,26,No,0.0,No,0.0,No,0.0,Yes,1.0,Partial,0.0,Yes,1.0,No,0.0,Yes,1.0,No,0.0,Yes,1.0,No,0.0,No,0.0,No,0.0,No,0.0,No,0.0,Yes,1.0,Yes,1.0,No,0.0,No,0.0,No,0.0,No,0.0,No,0.0,No,0.0,No,0.0,No,0.0,No,0.0,No,0.0,No,0.0,No,0.0,No,0.0,Yes,1.0,No,0.0,No,0.0,No,0.0
2207,"ZOOM COMMUNICATIONS, INC.",,US98980L1017,Technology,UNITED STATES,32.4,11.0,11,0,23,Yes,1.0,No,0.0,Yes,1.0,No,0.0,No,0.0,Yes,1.0,No,0.0,Yes,1.0,No,0.0,Yes,1.0,No,0.0,No,0.0,No,0.0,No,0.0,Yes,1.0,Yes,1.0,Yes,1.0,Yes,1.0,Yes,1.0,No,0.0,No,0.0,No,0.0,No,0.0,No,0.0,No,0.0,No,0.0,No,0.0,Yes,1.0,No,0.0,No,0.0,No,0.0,No,0.0,No,0.0,No,0.0
740,"Zoomlion Heavy Industry Science And Technology Co., Ltd",,CNE000001527,Industrials,CHINA,17.6,6.0,6,0,28,Yes,1.0,No,0.0,No,0.0,No,0.0,No,0.0,Yes,1.0,No,0.0,Yes,1.0,No,0.0,Yes,1.0,No,0.0,No,0.0,No,0.0,No,0.0,No,0.0,No,0.0,No,0.0,No,0.0,No,0.0,No,0.0,Yes,1.0,No,0.0,No,0.0,No,0.0,No,0.0,No,0.0,No,0.0,Yes,1.0,No,0.0,No,0.0,No,0.0,No,0.0,No,0.0,No,0.0
1425,"ZOZO, Inc.",,JP3399310006,Consumer Discretion,JAPAN,32.4,11.0,9,4,21,Yes,1.0,No,0.0,Partial,0.5,Yes,1.0,No,0.0,Yes,1.0,Yes,1.0,Yes,1.0,No,0.0,Yes,1.0,Partial,0.5,No,0.0,No,0.0,No,0.0,No,0.0,No,0.0,No,0.0,Partial,0.5,No,0.0,No,0.0,Yes,1.0,Yes,1.0,No,0.0,No,0.0,Yes,1.0,Partial,0.5,No,0.0,No,0.0,No,0.0,No,0.0,No,0.0,No,0.0,No,0.0,No,0.0
2151,"ZSCALER, INC.",,US98980G1022,Technology,UNITED STATES,33.8,11.5,11,1,22,No,0.0,No,0.0,Yes,1.0,Yes,1.0,Yes,1.0,Yes,1.0,No,0.0,Yes,1.0,No,0.0,Yes,1.0,No,0.0,No,0.0,No,0.0,No,0.0,Yes,1.0,Yes,1.0,Yes,1.0,Yes,1.0,Partial,0.5,Yes,1.0,No,0.0,No,0.0,No,0.0,No,0.0,No,0.0,No,0.0,No,0.0,No,0.0,No,0.0,No,0.0,No,0.0,No,0.0,No,0.0,No,0.0
1614,ZTE Corporation,,CNE000000TK5,Telecommunications,CHINA,29.4,10.0,8,4,22,Partial,0.5,No,0.0,No,0.0,No,0.0,No,0.0,Yes,1.0,No,0.0,Yes,1.0,No,0.0,Partial,0.5,No,0.0,No,0.0,No,0.0,Partial,0.5,Yes,1.0,Yes,1.0,Partial,0.5,Yes,1.0,No,0.0,No,0.0,Yes,1.0,No,0.0,Yes,1.0,No,0.0,Yes,1.0,No,0.0,No,0.0,No,0.0,No,0.0,No,0.0,No,0.0,No,0.0,No,0.0,No,0.0
2097,ZTO EXPRESS (CAYMAN) INC.,,KYG9897K1058,Industrials,CHINA,16.2,5.5,5,1,28,Yes,1.0,No,0.0,Partial,0.5,No,0.0,No,0.0,Yes,1.0,No,0.0,Yes,1.0,No,0.0,Yes,1.0,No,0.0,No,0.0,No,0.0,No,0.0,No,0.0,No,0.0,No,0.0,No,0.0,No,0.0,No,0.0,Yes,1.0,No,0.0,No,0.0,No,0.0,No,0.0,No,0.0,No,0.0,No,0.0,No,0.0,No,0.0,No,0.0,No,0.0,No,0.0,No,0.0
805,Zurich Insurance Group AG,,CH0011075394,Financials,SWITZERLAND,47.1,16.0,16,0,18,Yes,1.0,No,0.0,Yes,1.0,Yes,1.0,No,0.0,Yes,1.0,Yes,1.0,Yes,1.0,No,0.0,Yes,1.0,Yes,1.0,No,0.0,No,0.0,No,0.0,No,0.0,Yes,1.0,Yes,1.0,Yes,1.0,No,0.0,No,0.0,Yes,1.0,No,0.0,Yes,1.0,No,0.0,Yes,1.0,No,0.0,No,0.0,Yes,1.0,No,0.0,No,0.0,Yes,1.0,No,0.0,No,0.0,No,0.0
949,ZYDUS LIFESCIENCES LIMITED,,INE010B01027,Health Care,INDIA,8.8,3.0,3,0,31,No,0.0,No,0.0,No,0.0,No,0.0,No,0.0,Yes,1.0,No,0.0,Yes,1.0,No,0.0,Yes,1.0,No,0.0,No,0.0,No,0.0,No,0.0,No,0.0,No,0.0,No,0.0,No,0.0,No,0.0,No,0.0,No,0.0,No,0.0,No,0.0,No,0.0,No,0.0,No,0.0,No,0.0,No,0.0,No,0.0,No,0.0,No,0.0,No,0.0,No,0.0,No,0.0
