companyId,companyName,measureId,measureTitle,r12Verdict,r14Verdict,r12Conf,r14Conf,r12Quotes,r14Quotes,r12SourceUrls,r14SourceUrls,snapshotR12Id,runR14
853,Amazon,1.1-ai-strategy-objectives,Does the company state a formal AI strategy with defined objectives?,No,No,High,High,0,0,,,85,batch135
853,Amazon,1.1a-ai-strategic-priority,Does the company name AI as a stated strategic priority?,No,No,High,High,0,0,,,85,batch135
853,Amazon,1.2-ai-competitive-driver,Is AI mentioned as a material driver of the company's competitive strategy?,No,No,High,High,0,1,,https://www.sec.gov/Archives/edgar/data/1018724/000101872426000004/amzn-20251231.htm,85,batch135
853,Amazon,1.3-ai-technology-differentiation,Does the company distinguish between traditional/predictive AI and generative AI in its disclosures?,Yes,Yes,High,High,3,4,https://www.sec.gov/Archives/edgar/data/1018724/000110465924045910/tm2329302d4_def14a.htm ; https://d1.awsstatic.com/onedam/marketing-channels/website/aws/en_US/whitepapers/compliance/AWS-User-Guide-Governance-Risk-Compliance-for-Responsible-AI-Adoption-Financial-Services.pdf ; https://d1.awsstatic.com/onedam/marketing-channels/website/aws/en_US/whitepapers/compliance/AWS-User-Guide-Governance-Risk-Compliance-for-Responsible-AI-Adoption-Financial-Services.pdf,https://www.sec.gov/Archives/edgar/data/1018724/000110465924045910/tm2329302d4_def14a.htm ; https://d1.awsstatic.com/onedam/marketing-channels/website/aws/en_US/whitepapers/compliance/AWS-User-Guide-Governance-Risk-Compliance-for-Responsible-AI-Adoption-Financial-Services.pdf ; https://d1.awsstatic.com/onedam/marketing-channels/website/aws/en_US/whitepapers/compliance/AWS-User-Guide-Governance-Risk-Compliance-for-Responsible-AI-Adoption-Financial-Services.pdf ; https://aws.amazon.com/blogs/publicsector/national-framework-for-ai-assurance-in-australian-government-guidance-when-building-with-aws-ai-ml-solutions/,85,batch135
853,Amazon,1.4-ai-regulation-readiness,Does the company disclose readiness for emerging AI regulations?,Yes,Yes,High,High,3,3,https://www.sec.gov/Archives/edgar/data/1018724/000110465925033442/tm252295-1_def14a.htm ; https://www.sec.gov/Archives/edgar/data/1018724/000110465925033442/tm252295-1_def14a.htm ; https://www.sec.gov/Archives/edgar/data/1018724/000110465925033442/tm252295-1_def14a.htm,https://www.sec.gov/Archives/edgar/data/1018724/000110465925033442/tm252295-1_def14a.htm ; https://aws.amazon.com/blogs/security/enabling-ai-adoption-at-scale-through-enterprise-risk-management-framework-part-2/ ; https://d1.awsstatic.com/onedam/marketing-channels/website/aws/en_US/whitepapers/compliance/AWS-User-Guide-Governance-Risk-Compliance-for-Responsible-AI-Adoption-Financial-Services.pdf,85,batch135
853,Amazon,2.1-ai-use-cases-count,Does the company disclose a specific number of AI use cases (in production or piloting)?,No,No,High,High,0,0,,,85,batch135
853,Amazon,2.1a-ai-use-cases-qualitative,Does the company reference multiple AI use cases qualitatively?,No,Yes,High,High,0,3,,https://www.sec.gov/Archives/edgar/data/1018724/000101872426000004/amzn-20251231.htm ; https://www.sec.gov/Archives/edgar/data/1018724/000110465926041026/tm261382-1_def14a.htm ; https://d1.awsstatic.com/onedam/marketing-channels/website/aws/en_US/whitepapers/compliance/AWS-User-Guide-Governance-Risk-Compliance-for-Responsible-AI-Adoption-Financial-Services.pdf,85,batch135
853,Amazon,2.2-ai-production-pilot-breakdown,Does the company disclose a breakdown of AI use cases by production vs pilot stage?,No,No,High,High,0,0,,,85,batch135
853,Amazon,2.2a-ai-production-deployment,Has the company stated any AI use case as in production?,No,No,High,High,0,1,,https://www.sec.gov/Archives/edgar/data/1018724/000101872426000004/amzn-20251231.htm,85,batch135
853,Amazon,2.3-ai-use-case-descriptions,Does the company provide qualitative descriptions of AI use cases in key business areas?,No,No,High,High,0,2,,https://www.sec.gov/Archives/edgar/data/1018724/000101872426000004/amzn-20251231.htm ; https://www.sec.gov/Archives/edgar/data/1018724/000110465926041026/tm261382-1_def14a.htm,85,batch135
853,Amazon,3.1-board-oversight-ai-charter,"Does the board (or a board committee) have an explicit, documented charter mandate for AI strategy and risk?",No,No,High,High,0,4,,https://www.sec.gov/Archives/edgar/data/1018724/000110465925033442/tm252295-1_def14a.htm ; https://www.sec.gov/Archives/edgar/data/1018724/000110465925033442/tm252295-1_def14a.htm ; https://www.sec.gov/Archives/edgar/data/1018724/000110465925033442/tm252295-1_def14a.htm ; https://www.sec.gov/Archives/edgar/data/1018724/000110465926041026/tm261382-1_def14a.htm,85,batch135
853,Amazon,3.1a-ai-board-discussion,Is AI risk or oversight discussed by the board in proxy or 10-K?,Yes,Yes,High,High,3,4,https://www.stocktitan.net/sec-filings/AMZN/def-14a-amazon-com-inc-definitive-proxy-statement-0223e31377e8.html ; https://www.stocktitan.net/sec-filings/AMZN/def-14a-amazon-com-inc-definitive-proxy-statement-0223e31377e8.html ; https://www.stocktitan.net/sec-filings/AMZN/def-14a-amazon-com-inc-definitive-proxy-statement-0223e31377e8.html,https://www.stocktitan.net/sec-filings/AMZN/def-14a-amazon-com-inc-definitive-proxy-statement-0223e31377e8.html ; https://www.stocktitan.net/sec-filings/AMZN/def-14a-amazon-com-inc-definitive-proxy-statement-0223e31377e8.html ; https://www.stocktitan.net/sec-filings/AMZN/def-14a-amazon-com-inc-definitive-proxy-statement-0223e31377e8.html ; https://www.stocktitan.net/sec-filings/AMZN/def-14a-amazon-com-inc-definitive-proxy-statement-0223e31377e8.html,85,batch135
853,Amazon,3.2-ai-leadership-accountability,Has the company appointed a named senior executive accountable for AI?,No,No,High,High,0,0,,,85,batch135
853,Amazon,3.3-ai-governance-committees,Has the company established a cross-functional AI governance/ethics committee at management level?,No,No,High,High,0,0,,,85,batch135
853,Amazon,3.4-ai-safety-robustness,Does the company disclose AI safety and robustness testing practices?,No,Yes,High,High,0,3,,https://aws.amazon.com/blogs/publicsector/national-framework-for-ai-assurance-in-australian-government-guidance-when-building-with-aws-ai-ml-solutions/ ; https://aws.amazon.com/blogs/publicsector/national-framework-for-ai-assurance-in-australian-government-guidance-when-building-with-aws-ai-ml-solutions/ ; https://aws.amazon.com/blogs/machine-learning/responsible-ai-in-action-how-data-reply-red-teaming-supports-generative-ai-safety-on-aws/,85,batch135
853,Amazon,4.1-ai-policy-published,"Has the company published a formal AI policy, principles, or responsible-AI framework?",Yes,Yes,High,High,2,3,https://d1.awsstatic.com/onedam/marketing-channels/website/aws/en_US/whitepapers/compliance/AWS-User-Guide-Governance-Risk-Compliance-for-Responsible-AI-Adoption-Financial-Services.pdf ; https://d1.awsstatic.com/onedam/marketing-channels/website/aws/en_US/whitepapers/compliance/AWS-User-Guide-Governance-Risk-Compliance-for-Responsible-AI-Adoption-Financial-Services.pdf,https://d1.awsstatic.com/onedam/marketing-channels/website/aws/en_US/whitepapers/compliance/AWS-User-Guide-Governance-Risk-Compliance-for-Responsible-AI-Adoption-Financial-Services.pdf ; https://d1.awsstatic.com/onedam/marketing-channels/website/aws/en_US/whitepapers/compliance/AWS-User-Guide-Governance-Risk-Compliance-for-Responsible-AI-Adoption-Financial-Services.pdf ; https://d1.awsstatic.com/onedam/marketing-channels/website/aws/en_US/whitepapers/compliance/AWS-User-Guide-Governance-Risk-Compliance-for-Responsible-AI-Adoption-Financial-Services.pdf,85,batch135
853,Amazon,4.1a-ai-policy-internal,Has the company referenced an internal AI policy or guidelines?,Yes,No,High,High,2,1,https://d1.awsstatic.com/onedam/marketing-channels/website/aws/en_US/whitepapers/compliance/AWS-User-Guide-Governance-Risk-Compliance-for-Responsible-AI-Adoption-Financial-Services.pdf ; https://aws.amazon.com/blogs/security/enabling-ai-adoption-at-scale-through-enterprise-risk-management-framework-part-2/,https://d1.awsstatic.com/onedam/marketing-channels/website/aws/en_US/whitepapers/compliance/AWS-User-Guide-Governance-Risk-Compliance-for-Responsible-AI-Adoption-Financial-Services.pdf,85,batch135
853,Amazon,4.2-operationalisation-ai-principles,"Does the company describe how AI principles are operationalised (controls, processes, KPIs)?",No,No,High,High,2,2,https://d1.awsstatic.com/onedam/marketing-channels/website/aws/en_US/whitepapers/compliance/AWS-User-Guide-Governance-Risk-Compliance-for-Responsible-AI-Adoption-Financial-Services.pdf ; https://d1.awsstatic.com/onedam/marketing-channels/website/aws/en_US/whitepapers/compliance/AWS-User-Guide-Governance-Risk-Compliance-for-Responsible-AI-Adoption-Financial-Services.pdf,https://d1.awsstatic.com/onedam/marketing-channels/website/aws/en_US/whitepapers/compliance/AWS-User-Guide-Governance-Risk-Compliance-for-Responsible-AI-Adoption-Financial-Services.pdf ; https://d1.awsstatic.com/onedam/marketing-channels/website/aws/en_US/whitepapers/compliance/AWS-User-Guide-Governance-Risk-Compliance-for-Responsible-AI-Adoption-Financial-Services.pdf,85,batch135
853,Amazon,4.3-data-security-privacy-ai,Does the AI policy explicitly cover data security and personal data privacy?,No,No,High,High,0,0,,,85,batch135
853,Amazon,4.4-third-party-ai-risk,Does the company have a policy for managing third-party AI risks?,No,No,High,High,0,0,,,85,batch135
853,Amazon,5.1-ai-kpis-quantified,Does the company disclose quantified AI-specific KPIs that it tracks internally?,No,No,High,High,0,0,,,85,batch135
853,Amazon,5.1a-ai-kpis-qualitative,Does the company reference internally tracked AI metrics qualitatively?,No,No,High,High,1,2,https://www.sec.gov/Archives/edgar/data/1018724/000110465926041026/tm261382-1_def14a.htm,https://www.sec.gov/Archives/edgar/data/1018724/000110465926041026/tm261382-1_def14a.htm ; https://www.sec.gov/Archives/edgar/data/1018724/000101872426000004/amzn-20251231.htm,85,batch135
853,Amazon,5.2-ai-financial-impact-quantified,Does the company disclose quantified AI-attributable revenue or cost savings?,No,No,High,High,0,0,,,85,batch135
853,Amazon,5.2a-ai-financial-impact-qualitative,Does the company qualitatively attribute revenue or cost impact to AI?,No,No,High,High,0,1,,https://www.sec.gov/Archives/edgar/data/1018724/000101872426000004/amzn-20251231.htm,85,batch135
853,Amazon,6.1-ai-reskilling-programme,Has the company established a named workforce AI reskilling/upskilling programme?,No,No,High,High,2,0,https://www.sec.gov/Archives/edgar/data/1018724/000119312521157863/d123111d424b2.htm ; https://www.stocktitan.net/sec-filings/AMZN/def-14a-amazon-com-inc-definitive-proxy-statement-0223e31377e8.html,,85,batch135
853,Amazon,6.1a-ai-reskilling-commitment,Has the company stated a commitment to AI reskilling or upskilling?,No,No,High,High,1,1,https://www.stocktitan.net/sec-filings/AMZN/def-14a-amazon-com-inc-definitive-proxy-statement-0223e31377e8.html,https://www.stocktitan.net/sec-filings/AMZN/def-14a-amazon-com-inc-definitive-proxy-statement-0223e31377e8.html,85,batch135
853,Amazon,6.2-ai-training-headcount,Does the company disclose the number of employees that completed AI training in the reporting year?,No,No,High,High,1,1,https://www.aboutamazon.com/news/policy-news-views/amazon-responsible-ai,https://www.aboutamazon.com/news/policy-news-views/amazon-responsible-ai,85,batch135
853,Amazon,7.1-strategic-ai-partnerships,Has the company disclosed strategic partnerships with foundation-model providers or hyperscalers?,No,No,High,High,1,1,https://aws.amazon.com/ai/responsible-ai/,https://aws.amazon.com/ai/responsible-ai/,85,batch135
853,Amazon,8.1-ai-literacy-community,Does the company support AI literacy or digital-skills initiatives in the wider community?,Yes,Yes,High,High,1,1,https://aws.amazon.com/blogs/publicsector/national-framework-for-ai-assurance-in-australian-government-guidance-when-building-with-aws-ai-ml-solutions/,https://aws.amazon.com/blogs/publicsector/national-framework-for-ai-assurance-in-australian-government-guidance-when-building-with-aws-ai-ml-solutions/,85,batch135
853,Amazon,8.2-ai-public-policy-advocacy,Does the company engage in public policy advocacy related to AI ethics and governance?,No,No,High,High,2,0,https://www.sec.gov/Archives/edgar/data/1018724/000110465926041026/tm261382-1_def14a.htm ; https://d1.awsstatic.com/onedam/marketing-channels/website/aws/en_US/whitepapers/compliance/AWS-User-Guide-Governance-Risk-Compliance-for-Responsible-AI-Adoption-Financial-Services.pdf,,85,batch135
853,Amazon,9.1-ai-risk-factor-disclosure,"Does the company disclose AI as a material risk factor in its 10-K, 20-F or equivalent annual filing?",Yes,Yes,High,High,3,3,https://www.sec.gov/Archives/edgar/data/1018724/000101872426000004/amzn-20251231.htm ; https://www.sec.gov/Archives/edgar/data/1018724/000101872426000004/amzn-20251231.htm ; https://www.sec.gov/Archives/edgar/data/1018724/000101872426000004/amzn-20251231.htm,https://www.sec.gov/Archives/edgar/data/1018724/000101872426000004/amzn-20251231.htm ; https://www.sec.gov/Archives/edgar/data/1018724/000101872426000004/amzn-20251231.htm ; https://www.sec.gov/Archives/edgar/data/1018724/000101872426000004/amzn-20251231.htm,85,batch135
853,Amazon,9.2-ai-capex-rd-quantified,"Does the company quantify AI-related capex, R&D investment, or infrastructure commitment?",No,No,High,High,0,0,,,85,batch135
853,Amazon,9.3-ai-business-model-risk,Does the company disclose AI as a competitive risk to its existing business model?,Yes,Yes,High,High,1,1,https://www.sec.gov/Archives/edgar/data/1018724/000101872426000004/amzn-20251231.htm,https://www.sec.gov/Archives/edgar/data/1018724/000101872426000004/amzn-20251231.htm,85,batch135
853,Amazon,9.4-ai-incident-disclosure,Has the company disclosed any AI-related incidents or near-misses?,No,No,High,High,0,0,,,85,batch135
552,Oracle,1.1-ai-strategy-objectives,Does the company state a formal AI strategy with defined objectives?,No,No,High,High,2,1,https://www.arabsolutionsgroup.com/2025/07/05/ethics-and-responsible-ai-development-oracles-approach/ ; https://blogs.oracle.com/fusioninsider/bookmark-this-fusion-ai-governance-security-bias-docs,https://www.sec.gov/Archives/edgar/data/1341439/000095017025087926/orcl-20250531.htm,85,batch135
552,Oracle,1.1a-ai-strategic-priority,Does the company name AI as a stated strategic priority?,No,No,High,High,1,0,https://www.sec.gov/Archives/edgar/data/1341439/000095017025087926/orcl-20250531.htm,,85,batch135
552,Oracle,1.2-ai-competitive-driver,Is AI mentioned as a material driver of the company's competitive strategy?,No,No,High,High,1,2,https://www.arabsolutionsgroup.com/2025/07/05/ethics-and-responsible-ai-development-oracles-approach/,https://www.sec.gov/Archives/edgar/data/1341439/000095017025087926/orcl-20250531.htm ; https://www.arabsolutionsgroup.com/2025/07/05/ethics-and-responsible-ai-development-oracles-approach/,85,batch135
552,Oracle,1.3-ai-technology-differentiation,Does the company distinguish between traditional/predictive AI and generative AI in its disclosures?,Yes,Partial,High,Low,3,3,https://www.oracle.com/artificial-intelligence/ai-vs-gen-ai-vs-ml/ ; https://www.oracle.com/artificial-intelligence/ai-vs-gen-ai-vs-ml/ ; https://www.oracle.com/artificial-intelligence/ai-vs-gen-ai-vs-ml/,https://www.sec.gov/Archives/edgar/data/1341439/000095017025087926/orcl-20250531.htm ; https://www.oracle.com/artificial-intelligence/ai-vs-gen-ai-vs-ml/ ; https://www.oracle.com/artificial-intelligence/machine-learning/,85,batch135
552,Oracle,1.4-ai-regulation-readiness,Does the company disclose readiness for emerging AI regulations?,Yes,Yes,High,High,2,3,https://blogs.oracle.com/cloud-infrastructure/raising-the-bar-for-trustworthy-ai-at-oracle ; https://blogs.oracle.com/cloud-infrastructure/raising-the-bar-for-trustworthy-ai-at-oracle,https://www.oracle.com/contracts/docs/oracle-ai-terms.pdf ; https://blogs.oracle.com/cloud-infrastructure/raising-the-bar-for-trustworthy-ai-at-oracle ; https://blogs.oracle.com/cloud-infrastructure/raising-the-bar-for-trustworthy-ai-at-oracle,85,batch135
552,Oracle,2.1-ai-use-cases-count,Does the company disclose a specific number of AI use cases (in production or piloting)?,No,No,High,High,0,0,,,85,batch135
552,Oracle,2.1a-ai-use-cases-qualitative,Does the company reference multiple AI use cases qualitatively?,Yes,Yes,High,High,2,2,https://www.sec.gov/Archives/edgar/data/1341439/000095017025087926/orcl-20250531.htm ; https://www.oracle.com/artificial-intelligence/machine-learning/,https://www.oracle.com/artificial-intelligence/ai-vs-gen-ai-vs-ml/ ; https://www.oracle.com/artificial-intelligence/ai-vs-gen-ai-vs-ml/,85,batch135
552,Oracle,2.2-ai-production-pilot-breakdown,Does the company disclose a breakdown of AI use cases by production vs pilot stage?,No,No,High,High,0,0,,,85,batch135
552,Oracle,2.2a-ai-production-deployment,Has the company stated any AI use case as in production?,No,No,High,High,0,0,,,85,batch135
552,Oracle,2.3-ai-use-case-descriptions,Does the company provide qualitative descriptions of AI use cases in key business areas?,No,No,High,High,1,1,https://www.oracle.com/artificial-intelligence/ai-vs-gen-ai-vs-ml/,https://www.oracle.com/artificial-intelligence/ai-vs-gen-ai-vs-ml/,85,batch135
552,Oracle,3.1-board-oversight-ai-charter,"Does the board (or a board committee) have an explicit, documented charter mandate for AI strategy and risk?",No,No,High,High,2,2,https://www.sec.gov/Archives/edgar/data/1341439/000095017025087926/orcl-20250531.htm ; https://www.sec.gov/Archives/edgar/data/1341439/000119312525220801/d72066ddef14a.htm?ref=wheresyoured.at,https://www.sec.gov/Archives/edgar/data/1341439/000095017025087926/orcl-20250531.htm ; https://www.sec.gov/Archives/edgar/data/1341439/000119312525220801/d72066ddef14a.htm?ref=wheresyoured.at,85,batch135
552,Oracle,3.1a-ai-board-discussion,Is AI risk or oversight discussed by the board in proxy or 10-K?,Yes,Yes,High,High,1,1,https://www.sec.gov/Archives/edgar/data/1341439/000119312525220801/d72066ddef14a.htm?ref=wheresyoured.at,https://www.sec.gov/Archives/edgar/data/1341439/000119312525220801/d72066ddef14a.htm?ref=wheresyoured.at,85,batch135
552,Oracle,3.2-ai-leadership-accountability,Has the company appointed a named senior executive accountable for AI?,No,No,High,High,0,0,,,85,batch135
552,Oracle,3.3-ai-governance-committees,Has the company established a cross-functional AI governance/ethics committee at management level?,No,No,High,High,0,0,,,85,batch135
552,Oracle,3.4-ai-safety-robustness,Does the company disclose AI safety and robustness testing practices?,Yes,Yes,High,High,2,2,https://blogs.oracle.com/ai-and-datascience/building-trustworthy-ai-at-oracle ; https://blogs.oracle.com/ai-and-datascience/building-trustworthy-ai-at-oracle,https://blogs.oracle.com/ai-and-datascience/building-trustworthy-ai-at-oracle ; https://blogs.oracle.com/ai-and-datascience/building-trustworthy-ai-at-oracle,85,batch135
552,Oracle,4.1-ai-policy-published,"Has the company published a formal AI policy, principles, or responsible-AI framework?",Yes,Yes,High,High,2,3,https://www.arabsolutionsgroup.com/2025/07/05/ethics-and-responsible-ai-development-oracles-approach/ ; https://www.arabsolutionsgroup.com/2025/07/05/ethics-and-responsible-ai-development-oracles-approach/,https://blogs.oracle.com/fusioninsider/bookmark-this-fusion-ai-governance-security-bias-docs ; https://blogs.oracle.com/fusioninsider/bookmark-this-fusion-ai-governance-security-bias-docs ; https://www.arabsolutionsgroup.com/2025/07/05/ethics-and-responsible-ai-development-oracles-approach/,85,batch135
552,Oracle,4.1a-ai-policy-internal,Has the company referenced an internal AI policy or guidelines?,Yes,Yes,High,Medium,2,2,https://www.oracle.com/contracts/docs/oracle-ai-terms.pdf ; https://www.oracle.com/a/ocom/docs/corporate/netsuite-inapp-disclaimers-terms.pdf,https://www.oracle.com/contracts/docs/oracle-ai-terms.pdf ; https://www.oracle.com/a/ocom/docs/corporate/netsuite-inapp-disclaimers-terms.pdf,85,batch135
552,Oracle,4.2-operationalisation-ai-principles,"Does the company describe how AI principles are operationalised (controls, processes, KPIs)?",Yes,Partial,High,Low,3,3,https://blogs.oracle.com/cloud-infrastructure/raising-the-bar-for-trustworthy-ai-at-oracle ; https://www.oracle.com/il-en/corporate/responsible-ai-iso-42001/ ; https://www.ateam-oracle.com/ciso-perspectives-a-practical-guide-to-implementing-the-nist-ai-risk-management-framework-ai-rmf,https://blogs.oracle.com/cloud-infrastructure/raising-the-bar-for-trustworthy-ai-at-oracle ; https://www.oracle.com/il-en/corporate/responsible-ai-iso-42001/ ; https://www.ateam-oracle.com/ciso-perspectives-a-practical-guide-to-implementing-the-nist-ai-risk-management-framework-ai-rmf,85,batch135
552,Oracle,4.3-data-security-privacy-ai,Does the AI policy explicitly cover data security and personal data privacy?,No,No,High,High,3,3,https://www.arabsolutionsgroup.com/2025/07/05/ethics-and-responsible-ai-development-oracles-approach/ ; https://www.ateam-oracle.com/ciso-perspectives-a-practical-guide-to-implementing-the-nist-ai-risk-management-framework-ai-rmf ; https://www.oracle.com/a/ocom/docs/sovereign-ai-brief.pdf,https://www.arabsolutionsgroup.com/2025/07/05/ethics-and-responsible-ai-development-oracles-approach/ ; https://www.ateam-oracle.com/ciso-perspectives-a-practical-guide-to-implementing-the-nist-ai-risk-management-framework-ai-rmf ; https://www.oracle.com/a/ocom/docs/sovereign-ai-brief.pdf,85,batch135
552,Oracle,4.4-third-party-ai-risk,Does the company have a policy for managing third-party AI risks?,No,No,High,High,0,2,,https://www.sec.gov/Archives/edgar/data/1341439/000095017025087926/orcl-20250531.htm ; https://www.sec.gov/Archives/edgar/data/1341439/000119312525220801/d72066ddef14a.htm?ref=wheresyoured.at,85,batch135
552,Oracle,5.1-ai-kpis-quantified,Does the company disclose quantified AI-specific KPIs that it tracks internally?,No,No,High,High,0,0,,,85,batch135
552,Oracle,5.1a-ai-kpis-qualitative,Does the company reference internally tracked AI metrics qualitatively?,No,No,High,High,0,0,,,85,batch135
552,Oracle,5.2-ai-financial-impact-quantified,Does the company disclose quantified AI-attributable revenue or cost savings?,No,No,High,High,0,0,,,85,batch135
552,Oracle,5.2a-ai-financial-impact-qualitative,Does the company qualitatively attribute revenue or cost impact to AI?,No,No,High,High,1,2,https://www.oracle.com/il-en/corporate/responsible-ai-iso-42001/,https://www.sec.gov/Archives/edgar/data/1341439/000095017025087926/orcl-20250531.htm ; https://www.oracle.com/il-en/corporate/responsible-ai-iso-42001/,85,batch135
552,Oracle,6.1-ai-reskilling-programme,Has the company established a named workforce AI reskilling/upskilling programme?,No,No,High,High,0,0,,,85,batch135
552,Oracle,6.1a-ai-reskilling-commitment,Has the company stated a commitment to AI reskilling or upskilling?,No,No,High,High,0,0,,,85,batch135
552,Oracle,6.2-ai-training-headcount,Does the company disclose the number of employees that completed AI training in the reporting year?,No,No,High,High,0,0,,,85,batch135
552,Oracle,7.1-strategic-ai-partnerships,Has the company disclosed strategic partnerships with foundation-model providers or hyperscalers?,No,No,High,High,0,1,,https://www.sec.gov/Archives/edgar/data/1341439/000095017025087926/orcl-20250531.htm,85,batch135
552,Oracle,8.1-ai-literacy-community,Does the company support AI literacy or digital-skills initiatives in the wider community?,Yes,Yes,High,High,1,1,https://blogs.oracle.com/academy/oracle-champions-sustainable-and-responsible-ai-at-the-global-data-science-and-ai-summit-ilabafrica-centre-at-strathmore-university-nairobi,https://blogs.oracle.com/academy/oracle-champions-sustainable-and-responsible-ai-at-the-global-data-science-and-ai-summit-ilabafrica-centre-at-strathmore-university-nairobi,85,batch135
552,Oracle,8.2-ai-public-policy-advocacy,Does the company engage in public policy advocacy related to AI ethics and governance?,No,No,High,High,0,0,,,85,batch135
552,Oracle,9.1-ai-risk-factor-disclosure,"Does the company disclose AI as a material risk factor in its 10-K, 20-F or equivalent annual filing?",Yes,Yes,High,High,1,1,https://www.sec.gov/Archives/edgar/data/1341439/000095017025087926/orcl-20250531.htm,https://www.sec.gov/Archives/edgar/data/1341439/000095017025087926/orcl-20250531.htm,85,batch135
552,Oracle,9.2-ai-capex-rd-quantified,"Does the company quantify AI-related capex, R&D investment, or infrastructure commitment?",No,No,High,High,1,1,https://www.sec.gov/Archives/edgar/data/1341439/000095017025087926/orcl-20250531.htm,https://www.sec.gov/Archives/edgar/data/1341439/000095017025087926/orcl-20250531.htm,85,batch135
552,Oracle,9.3-ai-business-model-risk,Does the company disclose AI as a competitive risk to its existing business model?,Partial,Partial,Low,Low,1,1,https://www.sec.gov/Archives/edgar/data/1341439/000095017025087926/orcl-20250531.htm,https://www.sec.gov/Archives/edgar/data/1341439/000095017025087926/orcl-20250531.htm,85,batch135
552,Oracle,9.4-ai-incident-disclosure,Has the company disclosed any AI-related incidents or near-misses?,No,No,High,High,0,0,,,85,batch135
1918,Meta,1.1-ai-strategy-objectives,Does the company state a formal AI strategy with defined objectives?,No,No,High,High,1,2,https://www.sec.gov/Archives/edgar/data/1326801/000162828026025532/meta-20260416.htm,https://www.sec.gov/Archives/edgar/data/1326801/000162828026003942/meta-20251231.htm ; https://www.sec.gov/Archives/edgar/data/1326801/000162828026003942/meta-20251231.htm,85,batch135
1918,Meta,1.1a-ai-strategic-priority,Does the company name AI as a stated strategic priority?,No,No,High,High,0,0,,,85,batch135
1918,Meta,1.2-ai-competitive-driver,Is AI mentioned as a material driver of the company's competitive strategy?,No,Partial,High,Low,1,2,https://www.sec.gov/Archives/edgar/data/1326801/000162828026003942/meta-20251231.htm,https://www.sec.gov/Archives/edgar/data/1326801/000162828026025532/meta-20260416.htm ; https://www.sec.gov/Archives/edgar/data/1326801/000162828026025532/meta-20260416.htm,85,batch135
1918,Meta,1.3-ai-technology-differentiation,Does the company distinguish between traditional/predictive AI and generative AI in its disclosures?,Yes,Yes,High,High,2,2,https://www.sec.gov/Archives/edgar/data/1326801/000162828026025532/meta-20260416.htm ; https://www.sec.gov/Archives/edgar/data/1326801/000162828026025532/meta-20260416.htm,https://www.sec.gov/Archives/edgar/data/1326801/000162828026025532/meta-20260416.htm ; https://www.sec.gov/Archives/edgar/data/1326801/000162828026025532/meta-20260416.htm,85,batch135
1918,Meta,1.4-ai-regulation-readiness,Does the company disclose readiness for emerging AI regulations?,Yes,Partial,High,High,4,2,https://www.sec.gov/Archives/edgar/data/1326801/000162828026003942/meta-20251231.htm ; https://www.sec.gov/Archives/edgar/data/1326801/000132680124000022/meta-20240329.htm ; https://techstrong.ai/articles/meta-takes-a-cautionary-approach-with-ai-policy-document/ ; https://techstrong.ai/articles/meta-takes-a-cautionary-approach-with-ai-policy-document/,https://www.sec.gov/Archives/edgar/data/1326801/000162828026003942/meta-20251231.htm ; https://techstrong.ai/articles/meta-takes-a-cautionary-approach-with-ai-policy-document/,85,batch135
1918,Meta,2.1-ai-use-cases-count,Does the company disclose a specific number of AI use cases (in production or piloting)?,No,No,High,High,0,0,,,85,batch135
1918,Meta,2.1a-ai-use-cases-qualitative,Does the company reference multiple AI use cases qualitatively?,Partial,Yes,Low,High,2,1,https://www.sec.gov/Archives/edgar/data/1326801/000162828026025532/meta-20260416.htm ; https://www.sec.gov/Archives/edgar/data/1326801/000162828026003942/meta-20251231.htm,https://www.sec.gov/Archives/edgar/data/1326801/000162828026025532/meta-20260416.htm,85,batch135
1918,Meta,2.2-ai-production-pilot-breakdown,Does the company disclose a breakdown of AI use cases by production vs pilot stage?,No,No,High,High,0,0,,,85,batch135
1918,Meta,2.2a-ai-production-deployment,Has the company stated any AI use case as in production?,Yes,Yes,High,High,1,2,https://www.sec.gov/Archives/edgar/data/1326801/000162828026025532/meta-20260416.htm,https://www.sec.gov/Archives/edgar/data/1326801/000162828026025532/meta-20260416.htm ; https://www.sec.gov/Archives/edgar/data/1326801/000162828026003942/meta-20251231.htm,85,batch135
1918,Meta,2.3-ai-use-case-descriptions,Does the company provide qualitative descriptions of AI use cases in key business areas?,No,No,High,High,1,0,https://www.sec.gov/Archives/edgar/data/1326801/000162828026025532/meta-20260416.htm,,85,batch135
1918,Meta,3.1-board-oversight-ai-charter,"Does the board (or a board committee) have an explicit, documented charter mandate for AI strategy and risk?",No,No,High,High,0,1,,https://www.sec.gov/Archives/edgar/data/1326801/000162828026025532/meta-20260416.htm,85,batch135
1918,Meta,3.1a-ai-board-discussion,Is AI risk or oversight discussed by the board in proxy or 10-K?,Yes,Yes,High,High,1,1,https://www.sec.gov/Archives/edgar/data/1326801/000162828026025532/meta-20260416.htm,https://www.sec.gov/Archives/edgar/data/1326801/000162828026025532/meta-20260416.htm,85,batch135
1918,Meta,3.2-ai-leadership-accountability,Has the company appointed a named senior executive accountable for AI?,No,No,High,High,0,0,,,85,batch135
1918,Meta,3.3-ai-governance-committees,Has the company established a cross-functional AI governance/ethics committee at management level?,No,No,High,High,1,1,https://www.sec.gov/Archives/edgar/data/1326801/000162828026025532/meta-20260416.htm,https://www.sec.gov/Archives/edgar/data/1326801/000162828026025532/meta-20260416.htm,85,batch135
1918,Meta,3.4-ai-safety-robustness,Does the company disclose AI safety and robustness testing practices?,Yes,Yes,High,High,2,2,https://ai.meta.com/blog/responsible-ai-connect-2024/ ; https://ai.meta.com/blog/responsible-ai-connect-2024/,https://ai.meta.com/blog/responsible-ai-connect-2024/ ; https://ai.meta.com/blog/responsible-ai-connect-2024/,85,batch135
1918,Meta,4.1-ai-policy-published,"Has the company published a formal AI policy, principles, or responsible-AI framework?",Yes,Yes,High,High,3,3,https://techstrong.ai/articles/meta-takes-a-cautionary-approach-with-ai-policy-document/ ; https://techstrong.ai/articles/meta-takes-a-cautionary-approach-with-ai-policy-document/ ; https://techstrong.ai/articles/meta-takes-a-cautionary-approach-with-ai-policy-document/,https://techstrong.ai/articles/meta-takes-a-cautionary-approach-with-ai-policy-document/ ; https://techstrong.ai/articles/meta-takes-a-cautionary-approach-with-ai-policy-document/ ; https://techstrong.ai/articles/meta-takes-a-cautionary-approach-with-ai-policy-document/,85,batch135
1918,Meta,4.1a-ai-policy-internal,Has the company referenced an internal AI policy or guidelines?,Yes,Yes,High,High,2,2,https://www.sec.gov/Archives/edgar/data/1326801/000162828026025532/meta-20260416.htm ; https://techstrong.ai/articles/meta-takes-a-cautionary-approach-with-ai-policy-document/,https://www.sec.gov/Archives/edgar/data/1326801/000162828026025532/meta-20260416.htm ; https://techstrong.ai/articles/meta-takes-a-cautionary-approach-with-ai-policy-document/,85,batch135
1918,Meta,4.2-operationalisation-ai-principles,"Does the company describe how AI principles are operationalised (controls, processes, KPIs)?",No,No,High,High,2,1,https://www.sec.gov/Archives/edgar/data/1326801/000162828026025532/meta-20260416.htm ; https://www.sec.gov/Archives/edgar/data/1326801/000162828026025532/meta-20260416.htm,https://www.sec.gov/Archives/edgar/data/1326801/000162828026025532/meta-20260416.htm,85,batch135
1918,Meta,4.3-data-security-privacy-ai,Does the AI policy explicitly cover data security and personal data privacy?,No,No,High,High,2,2,https://www.sec.gov/Archives/edgar/data/1326801/000162828026025532/meta-20260416.htm ; https://www.sec.gov/Archives/edgar/data/1326801/000162828026025532/meta-20260416.htm,https://www.sec.gov/Archives/edgar/data/1326801/000162828026025532/meta-20260416.htm ; https://www.sec.gov/Archives/edgar/data/1326801/000162828026025532/meta-20260416.htm,85,batch135
1918,Meta,4.4-third-party-ai-risk,Does the company have a policy for managing third-party AI risks?,No,No,High,High,1,2,https://www.sec.gov/Archives/edgar/data/1326801/000162828026003942/meta-20251231.htm,https://www.sec.gov/Archives/edgar/data/1326801/000162828026003942/meta-20251231.htm ; https://www.sec.gov/Archives/edgar/data/1326801/000162828026003942/meta-20251231.htm,85,batch135
1918,Meta,5.1-ai-kpis-quantified,Does the company disclose quantified AI-specific KPIs that it tracks internally?,No,No,High,High,0,0,,,85,batch135
1918,Meta,5.1a-ai-kpis-qualitative,Does the company reference internally tracked AI metrics qualitatively?,No,No,High,High,0,0,,,85,batch135
1918,Meta,5.2-ai-financial-impact-quantified,Does the company disclose quantified AI-attributable revenue or cost savings?,No,No,High,High,0,0,,,85,batch135
1918,Meta,5.2a-ai-financial-impact-qualitative,Does the company qualitatively attribute revenue or cost impact to AI?,No,No,High,High,0,0,,,85,batch135
1918,Meta,6.1-ai-reskilling-programme,Has the company established a named workforce AI reskilling/upskilling programme?,No,No,High,High,0,0,,,85,batch135
1918,Meta,6.1a-ai-reskilling-commitment,Has the company stated a commitment to AI reskilling or upskilling?,No,No,High,High,0,0,,,85,batch135
1918,Meta,6.2-ai-training-headcount,Does the company disclose the number of employees that completed AI training in the reporting year?,No,No,High,High,0,0,,,85,batch135
1918,Meta,7.1-strategic-ai-partnerships,Has the company disclosed strategic partnerships with foundation-model providers or hyperscalers?,No,No,High,High,0,0,,,85,batch135
1918,Meta,8.1-ai-literacy-community,Does the company support AI literacy or digital-skills initiatives in the wider community?,No,No,High,High,0,0,,,85,batch135
1918,Meta,8.2-ai-public-policy-advocacy,Does the company engage in public policy advocacy related to AI ethics and governance?,No,No,High,High,0,0,,,85,batch135
1918,Meta,9.1-ai-risk-factor-disclosure,"Does the company disclose AI as a material risk factor in its 10-K, 20-F or equivalent annual filing?",Yes,Yes,High,High,4,4,https://www.sec.gov/Archives/edgar/data/1326801/000162828026003942/meta-20251231.htm ; https://www.sec.gov/Archives/edgar/data/1326801/000162828026003942/meta-20251231.htm ; https://www.sec.gov/Archives/edgar/data/1326801/000162828026003942/meta-20251231.htm ; https://www.sec.gov/Archives/edgar/data/1326801/000162828026003942/meta-20251231.htm,https://www.sec.gov/Archives/edgar/data/1326801/000162828026003942/meta-20251231.htm ; https://www.sec.gov/Archives/edgar/data/1326801/000162828026003942/meta-20251231.htm ; https://www.sec.gov/Archives/edgar/data/1326801/000162828026003942/meta-20251231.htm ; https://www.sec.gov/Archives/edgar/data/1326801/000162828026003942/meta-20251231.htm,85,batch135
1918,Meta,9.2-ai-capex-rd-quantified,"Does the company quantify AI-related capex, R&D investment, or infrastructure commitment?",No,No,High,High,0,0,,,85,batch135
1918,Meta,9.3-ai-business-model-risk,Does the company disclose AI as a competitive risk to its existing business model?,Yes,Yes,High,High,1,1,https://www.sec.gov/Archives/edgar/data/1326801/000162828026003942/meta-20251231.htm,https://www.sec.gov/Archives/edgar/data/1326801/000162828026003942/meta-20251231.htm,85,batch135
1918,Meta,9.4-ai-incident-disclosure,Has the company disclosed any AI-related incidents or near-misses?,No,No,High,High,0,2,,https://www.sec.gov/Archives/edgar/data/1326801/000162828026003942/meta-20251231.htm ; https://www.sec.gov/Archives/edgar/data/1326801/000162828026025532/meta-20260416.htm,85,batch135
1312,NVIDIA,1.1-ai-strategy-objectives,Does the company state a formal AI strategy with defined objectives?,No,No,High,High,2,0,https://fortune.com/company-assets/1936/quartr/annual-report-10-k-4ccfc-2026-02-25-09-13-43.pdf ; https://fortune.com/company-assets/1936/quartr/annual-report-10-k-4ccfc-2026-02-25-09-13-43.pdf,,85,batch135
1312,NVIDIA,1.1a-ai-strategic-priority,Does the company name AI as a stated strategic priority?,Yes,Yes,High,High,1,2,https://www.sec.gov/Archives/edgar/data/1045810/000104581026000021/nvda-20260125.htm,https://www.sec.gov/Archives/edgar/data/1045810/000104581026000021/nvda-20260125.htm ; https://images.nvidia.com/aem-dam/Solutions/documents/FY2024-NVIDIA-Corporate-Sustainability-Report.pdf,85,batch135
1312,NVIDIA,1.2-ai-competitive-driver,Is AI mentioned as a material driver of the company's competitive strategy?,Yes,Yes,High,High,2,2,https://investor.nvidia.com/files/doc_financials/2026/q4/10K-NVDA.pdf ; https://www.sec.gov/Archives/edgar/data/1045810/000104581026000021/nvda-20260125.htm,https://investor.nvidia.com/files/doc_financials/2026/q4/10K-NVDA.pdf ; https://www.sec.gov/Archives/edgar/data/1045810/000104581026000021/nvda-20260125.htm,85,batch135
1312,NVIDIA,1.3-ai-technology-differentiation,Does the company distinguish between traditional/predictive AI and generative AI in its disclosures?,Yes,Yes,High,High,5,5,https://www.sec.gov/Archives/edgar/data/1045810/000104581021000010/nvda-20210131.htm ; https://www.sec.gov/Archives/edgar/data/1045810/000104581026000021/nvda-20260125.htm ; https://images.nvidia.com/aem-dam/Solutions/documents/FY2024-NVIDIA-Corporate-Sustainability-Report.pdf ; https://images.nvidia.com/aem-dam/Solutions/documents/NVIDIA-Sustainability-Report-Fiscal-Year-2025.pdf ; https://images.nvidia.com/aem-dam/Solutions/documents/NVIDIA-Sustainability-Report-Fiscal-Year-2025.pdf,https://images.nvidia.com/aem-dam/Solutions/documents/FY2024-NVIDIA-Corporate-Sustainability-Report.pdf ; https://images.nvidia.com/aem-dam/Solutions/documents/NVIDIA-Sustainability-Report-Fiscal-Year-2025.pdf ; https://images.nvidia.com/aem-dam/Solutions/documents/NVIDIA-Sustainability-Report-Fiscal-Year-2025.pdf ; https://www.sec.gov/Archives/edgar/data/1045810/000104581026000021/nvda-20260125.htm ; https://www.sec.gov/Archives/edgar/data/1045810/000104581021000010/nvda-20210131.htm,85,batch135
1312,NVIDIA,1.4-ai-regulation-readiness,Does the company disclose readiness for emerging AI regulations?,Partial,Partial,High,High,2,2,https://images.nvidia.com/aem-dam/Solutions/documents/FY2024-NVIDIA-Corporate-Sustainability-Report.pdf ; https://images.nvidia.com/aem-dam/Solutions/documents/FY2024-NVIDIA-Corporate-Sustainability-Report.pdf,https://images.nvidia.com/aem-dam/Solutions/documents/FY2024-NVIDIA-Corporate-Sustainability-Report.pdf ; https://images.nvidia.com/aem-dam/Solutions/documents/FY2024-NVIDIA-Corporate-Sustainability-Report.pdf,85,batch135
1312,NVIDIA,2.1-ai-use-cases-count,Does the company disclose a specific number of AI use cases (in production or piloting)?,No,No,High,High,0,0,,,85,batch135
1312,NVIDIA,2.1a-ai-use-cases-qualitative,Does the company reference multiple AI use cases qualitatively?,Partial,Partial,Low,Low,3,3,https://investor.nvidia.com/files/doc_financials/2026/q4/10K-NVDA.pdf ; https://www.nvidia.com/en-us/solutions/ai/cybersecurity/ ; https://www.sec.gov/Archives/edgar/data/1045810/000104581026000021/nvda-20260125.htm,https://investor.nvidia.com/files/doc_financials/2026/q4/10K-NVDA.pdf ; https://www.nvidia.com/en-us/solutions/ai/cybersecurity/ ; https://www.sec.gov/Archives/edgar/data/1045810/000104581026000021/nvda-20260125.htm,85,batch135
1312,NVIDIA,2.2-ai-production-pilot-breakdown,Does the company disclose a breakdown of AI use cases by production vs pilot stage?,No,No,High,High,0,0,,,85,batch135
1312,NVIDIA,2.2a-ai-production-deployment,Has the company stated any AI use case as in production?,Yes,Yes,High,High,3,2,https://www.sec.gov/Archives/edgar/data/1045810/000104581026000021/nvda-20260125.htm ; https://docs.nvidia.com/ai-enterprise/planning-resource/ai-factory-white-paper/latest/ai-factory-overview.html ; https://images.nvidia.com/content/pdf/NVIDIA-Frontier-AI-Risk-Assessment.pdf,https://www.sec.gov/Archives/edgar/data/1045810/000104581026000021/nvda-20260125.htm ; https://docs.nvidia.com/ai-enterprise/planning-resource/ai-factory-white-paper/latest/ai-factory-overview.html,85,batch135
1312,NVIDIA,2.3-ai-use-case-descriptions,Does the company provide qualitative descriptions of AI use cases in key business areas?,Yes,Yes,High,High,3,3,https://investor.nvidia.com/files/doc_financials/2026/q4/10K-NVDA.pdf ; https://www.nvidia.com/en-us/solutions/ai/cybersecurity/ ; https://images.nvidia.com/aem-dam/Solutions/documents/telco-state-of-ai-report.pdf,https://investor.nvidia.com/files/doc_financials/2026/q4/10K-NVDA.pdf ; https://www.nvidia.com/en-us/solutions/ai/cybersecurity/ ; https://images.nvidia.com/aem-dam/Solutions/documents/telco-state-of-ai-report.pdf,85,batch135
1312,NVIDIA,3.1-board-oversight-ai-charter,"Does the board (or a board committee) have an explicit, documented charter mandate for AI strategy and risk?",No,No,High,High,5,0,https://images.nvidia.com/aem-dam/Solutions/documents/FY2024-NVIDIA-Corporate-Sustainability-Report.pdf ; https://images.nvidia.com/aem-dam/Solutions/documents/FY2024-NVIDIA-Corporate-Sustainability-Report.pdf ; https://images.nvidia.com/aem-dam/Solutions/documents/FY2024-NVIDIA-Corporate-Sustainability-Report.pdf ; https://images.nvidia.com/aem-dam/Solutions/documents/NVIDIA-Sustainability-Report-Fiscal-Year-2025.pdf ; https://investor.nvidia.com/governance/governance-documents/default.aspx,,85,batch135
1312,NVIDIA,3.1a-ai-board-discussion,Is AI risk or oversight discussed by the board in proxy or 10-K?,Yes,Yes,High,High,1,1,https://images.nvidia.com/aem-dam/Solutions/documents/FY2024-NVIDIA-Corporate-Sustainability-Report.pdf,https://images.nvidia.com/aem-dam/Solutions/documents/FY2024-NVIDIA-Corporate-Sustainability-Report.pdf,85,batch135
1312,NVIDIA,3.2-ai-leadership-accountability,Has the company appointed a named senior executive accountable for AI?,No,No,High,High,2,1,https://images.nvidia.com/aem-dam/Solutions/documents/FY2024-NVIDIA-Corporate-Sustainability-Report.pdf ; https://images.nvidia.com/content/pdf/NVIDIA-Frontier-AI-Risk-Assessment.pdf,https://images.nvidia.com/aem-dam/Solutions/documents/FY2024-NVIDIA-Corporate-Sustainability-Report.pdf,85,batch135
1312,NVIDIA,3.3-ai-governance-committees,Has the company established a cross-functional AI governance/ethics committee at management level?,Yes,Yes,High,High,3,2,https://images.nvidia.com/aem-dam/Solutions/documents/FY2024-NVIDIA-Corporate-Sustainability-Report.pdf ; https://images.nvidia.com/aem-dam/Solutions/documents/NVIDIA-Sustainability-Report-Fiscal-Year-2025.pdf ; https://images.nvidia.com/content/pdf/NVIDIA-Frontier-AI-Risk-Assessment.pdf,https://images.nvidia.com/aem-dam/Solutions/documents/FY2024-NVIDIA-Corporate-Sustainability-Report.pdf ; https://images.nvidia.com/aem-dam/Solutions/documents/NVIDIA-Sustainability-Report-Fiscal-Year-2025.pdf,85,batch135
1312,NVIDIA,3.4-ai-safety-robustness,Does the company disclose AI safety and robustness testing practices?,Yes,Yes,High,High,3,5,https://images.nvidia.com/content/pdf/NVIDIA-Frontier-AI-Risk-Assessment.pdf ; https://images.nvidia.com/aem-dam/Solutions/documents/NVIDIA-Sustainability-Report-Fiscal-Year-2025.pdf ; https://images.nvidia.com/aem-dam/Solutions/documents/NVIDIA-Sustainability-Report-Fiscal-Year-2025.pdf,https://images.nvidia.com/content/pdf/NVIDIA-Frontier-AI-Risk-Assessment.pdf ; https://images.nvidia.com/content/pdf/NVIDIA-Frontier-AI-Risk-Assessment.pdf ; https://images.nvidia.com/content/pdf/NVIDIA-Frontier-AI-Risk-Assessment.pdf ; https://images.nvidia.com/aem-dam/Solutions/documents/NVIDIA-Sustainability-Report-Fiscal-Year-2025.pdf ; https://images.nvidia.com/aem-dam/Solutions/documents/NVIDIA-Sustainability-Report-Fiscal-Year-2025.pdf,85,batch135
1312,NVIDIA,4.1-ai-policy-published,"Has the company published a formal AI policy, principles, or responsible-AI framework?",Yes,Yes,High,High,4,2,https://images.nvidia.com/aem-dam/Solutions/documents/FY2024-NVIDIA-Corporate-Sustainability-Report.pdf ; https://images.nvidia.com/aem-dam/Solutions/documents/FY2024-NVIDIA-Corporate-Sustainability-Report.pdf ; https://images.nvidia.com/aem-dam/Solutions/documents/FY2024-NVIDIA-Corporate-Sustainability-Report.pdf ; https://images.nvidia.com/content/pdf/NVIDIA-Frontier-AI-Risk-Assessment.pdf,https://images.nvidia.com/aem-dam/Solutions/documents/FY2024-NVIDIA-Corporate-Sustainability-Report.pdf ; https://images.nvidia.com/aem-dam/Solutions/documents/NVIDIA-Sustainability-Report-Fiscal-Year-2025.pdf,85,batch135
1312,NVIDIA,4.1a-ai-policy-internal,Has the company referenced an internal AI policy or guidelines?,Yes,Yes,High,High,2,3,https://images.nvidia.com/aem-dam/Solutions/documents/FY2024-NVIDIA-Corporate-Sustainability-Report.pdf ; https://images.nvidia.com/aem-dam/Solutions/documents/FY2024-NVIDIA-Corporate-Sustainability-Report.pdf,https://images.nvidia.com/aem-dam/Solutions/documents/FY2023-NVIDIA-Corporate-Responsibility-Report-1.pdf ; https://images.nvidia.com/aem-dam/Solutions/documents/FY2024-NVIDIA-Corporate-Sustainability-Report.pdf ; https://images.nvidia.com/aem-dam/Solutions/documents/FY2024-NVIDIA-Corporate-Sustainability-Report.pdf,85,batch135
1312,NVIDIA,4.2-operationalisation-ai-principles,"Does the company describe how AI principles are operationalised (controls, processes, KPIs)?",Partial,Partial,Low,Low,5,6,https://images.nvidia.com/aem-dam/Solutions/documents/FY2024-NVIDIA-Corporate-Sustainability-Report.pdf ; https://images.nvidia.com/aem-dam/Solutions/documents/NVIDIA-Sustainability-Report-Fiscal-Year-2025.pdf ; https://images.nvidia.com/aem-dam/Solutions/documents/FY2024-NVIDIA-Corporate-Sustainability-Report.pdf ; https://images.nvidia.com/aem-dam/Solutions/documents/FY2024-NVIDIA-Corporate-Sustainability-Report.pdf ; https://images.nvidia.com/content/pdf/NVIDIA-Frontier-AI-Risk-Assessment.pdf,https://images.nvidia.com/aem-dam/Solutions/documents/FY2024-NVIDIA-Corporate-Sustainability-Report.pdf ; https://images.nvidia.com/aem-dam/Solutions/documents/NVIDIA-Sustainability-Report-Fiscal-Year-2025.pdf ; https://images.nvidia.com/aem-dam/Solutions/documents/FY2024-NVIDIA-Corporate-Sustainability-Report.pdf ; https://images.nvidia.com/aem-dam/Solutions/documents/NVIDIA-Sustainability-Report-Fiscal-Year-2025.pdf ; https://images.nvidia.com/aem-dam/Solutions/documents/NVIDIA-Sustainability-Report-Fiscal-Year-2025.pdf ; https://images.nvidia.com/content/pdf/NVIDIA-Frontier-AI-Risk-Assessment.pdf,85,batch135
1312,NVIDIA,4.3-data-security-privacy-ai,Does the AI policy explicitly cover data security and personal data privacy?,No,No,High,High,2,2,https://images.nvidia.com/aem-dam/Solutions/documents/FY2024-NVIDIA-Corporate-Sustainability-Report.pdf ; https://images.nvidia.com/aem-dam/Solutions/documents/FY2024-NVIDIA-Corporate-Sustainability-Report.pdf,https://images.nvidia.com/aem-dam/Solutions/documents/FY2024-NVIDIA-Corporate-Sustainability-Report.pdf ; https://images.nvidia.com/aem-dam/Solutions/documents/FY2024-NVIDIA-Corporate-Sustainability-Report.pdf,85,batch135
1312,NVIDIA,4.4-third-party-ai-risk,Does the company have a policy for managing third-party AI risks?,No,No,High,High,1,1,https://www.sec.gov/Archives/edgar/data/1045810/000104581026000021/nvda-20260125.htm,https://www.sec.gov/Archives/edgar/data/1045810/000104581026000021/nvda-20260125.htm,85,batch135
1312,NVIDIA,5.1-ai-kpis-quantified,Does the company disclose quantified AI-specific KPIs that it tracks internally?,No,No,High,High,2,2,https://images.nvidia.com/aem-dam/Solutions/documents/FY2024-NVIDIA-Corporate-Sustainability-Report.pdf ; https://images.nvidia.com/aem-dam/Solutions/documents/NVIDIA-Sustainability-Report-Fiscal-Year-2025.pdf,https://images.nvidia.com/aem-dam/Solutions/documents/NVIDIA-Sustainability-Report-Fiscal-Year-2025.pdf ; https://images.nvidia.com/aem-dam/Solutions/documents/FY2024-NVIDIA-Corporate-Sustainability-Report.pdf,85,batch135
1312,NVIDIA,5.1a-ai-kpis-qualitative,Does the company reference internally tracked AI metrics qualitatively?,No,Partial,High,Low,0,1,,https://images.nvidia.com/content/pdf/NVIDIA-Frontier-AI-Risk-Assessment.pdf,85,batch135
1312,NVIDIA,5.2-ai-financial-impact-quantified,Does the company disclose quantified AI-attributable revenue or cost savings?,No,No,High,High,0,0,,,85,batch135
1312,NVIDIA,5.2a-ai-financial-impact-qualitative,Does the company qualitatively attribute revenue or cost impact to AI?,No,No,High,High,0,0,,,85,batch135
1312,NVIDIA,6.1-ai-reskilling-programme,Has the company established a named workforce AI reskilling/upskilling programme?,Yes,Yes,High,High,1,1,https://images.nvidia.com/aem-dam/Solutions/documents/FY2023-NVIDIA-Corporate-Responsibility-Report-1.pdf,https://images.nvidia.com/aem-dam/Solutions/documents/FY2023-NVIDIA-Corporate-Responsibility-Report-1.pdf,85,batch135
1312,NVIDIA,6.1a-ai-reskilling-commitment,Has the company stated a commitment to AI reskilling or upskilling?,Yes,Yes,High,High,2,1,https://images.nvidia.com/aem-dam/Solutions/documents/FY2023-NVIDIA-Corporate-Responsibility-Report-1.pdf ; https://images.nvidia.com/aem-dam/Solutions/documents/FY2024-NVIDIA-Corporate-Sustainability-Report.pdf,https://images.nvidia.com/aem-dam/Solutions/documents/FY2023-NVIDIA-Corporate-Responsibility-Report-1.pdf,85,batch135
1312,NVIDIA,6.2-ai-training-headcount,Does the company disclose the number of employees that completed AI training in the reporting year?,No,No,High,High,0,0,,,85,batch135
1312,NVIDIA,7.1-strategic-ai-partnerships,Has the company disclosed strategic partnerships with foundation-model providers or hyperscalers?,No,No,High,High,0,0,,,85,batch135
1312,NVIDIA,8.1-ai-literacy-community,Does the company support AI literacy or digital-skills initiatives in the wider community?,Yes,Yes,High,High,1,1,https://images.nvidia.com/aem-dam/Solutions/documents/NVIDIA-Sustainability-Report-Fiscal-Year-2025.pdf,https://images.nvidia.com/aem-dam/Solutions/documents/NVIDIA-Sustainability-Report-Fiscal-Year-2025.pdf,85,batch135
1312,NVIDIA,8.2-ai-public-policy-advocacy,Does the company engage in public policy advocacy related to AI ethics and governance?,Yes,Yes,High,High,3,4,https://images.nvidia.com/aem-dam/Solutions/documents/FY2023-NVIDIA-Corporate-Responsibility-Report-1.pdf ; https://images.nvidia.com/aem-dam/Solutions/documents/NVIDIA-Sustainability-Report-Fiscal-Year-2025.pdf ; https://images.nvidia.com/aem-dam/Solutions/documents/NVIDIA-Sustainability-Report-Fiscal-Year-2025.pdf,https://images.nvidia.com/aem-dam/Solutions/documents/FY2023-NVIDIA-Corporate-Responsibility-Report-1.pdf ; https://images.nvidia.com/aem-dam/Solutions/documents/FY2023-NVIDIA-Corporate-Responsibility-Report-1.pdf ; https://images.nvidia.com/aem-dam/Solutions/documents/NVIDIA-Sustainability-Report-Fiscal-Year-2025.pdf ; https://images.nvidia.com/aem-dam/Solutions/documents/NVIDIA-Sustainability-Report-Fiscal-Year-2025.pdf,85,batch135
1312,NVIDIA,9.1-ai-risk-factor-disclosure,"Does the company disclose AI as a material risk factor in its 10-K, 20-F or equivalent annual filing?",Yes,Yes,High,High,1,3,https://www.sec.gov/Archives/edgar/data/1045810/000104581026000021/nvda-20260125.htm,https://www.sec.gov/Archives/edgar/data/1045810/000104581026000021/nvda-20260125.htm ; https://www.sec.gov/Archives/edgar/data/1045810/000104581026000021/nvda-20260125.htm ; https://www.sec.gov/Archives/edgar/data/1045810/000104581026000021/nvda-20260125.htm,85,batch135
1312,NVIDIA,9.2-ai-capex-rd-quantified,"Does the company quantify AI-related capex, R&D investment, or infrastructure commitment?",No,No,High,High,0,0,,,85,batch135
1312,NVIDIA,9.3-ai-business-model-risk,Does the company disclose AI as a competitive risk to its existing business model?,No,No,High,High,2,2,https://www.sec.gov/Archives/edgar/data/1045810/000104581026000021/nvda-20260125.htm ; https://www.sec.gov/Archives/edgar/data/1045810/000104581026000021/nvda-20260125.htm,https://www.sec.gov/Archives/edgar/data/1045810/000104581026000021/nvda-20260125.htm ; https://www.sec.gov/Archives/edgar/data/1045810/000104581026000021/nvda-20260125.htm,85,batch135
1312,NVIDIA,9.4-ai-incident-disclosure,Has the company disclosed any AI-related incidents or near-misses?,No,No,High,High,0,0,,,85,batch135
553,Microsoft,1.1-ai-strategy-objectives,Does the company state a formal AI strategy with defined objectives?,No,No,High,High,0,0,,,85,batch135
553,Microsoft,1.1a-ai-strategic-priority,Does the company name AI as a stated strategic priority?,Yes,Yes,High,High,1,1,https://www.sec.gov/Archives/edgar/data/789019/000095017025100235/msft-20250630.htm,https://www.sec.gov/Archives/edgar/data/789019/000095017025100235/msft-20250630.htm,85,batch135
553,Microsoft,1.2-ai-competitive-driver,Is AI mentioned as a material driver of the company's competitive strategy?,Yes,Yes,High,High,1,2,https://www.sec.gov/Archives/edgar/data/789019/000119312525245150/d908201ddef14a.htm,https://www.sec.gov/Archives/edgar/data/789019/000119312525245150/d908201ddef14a.htm ; https://www.sec.gov/Archives/edgar/data/789019/000095017025100235/msft-20250630.htm,85,batch135
553,Microsoft,1.3-ai-technology-differentiation,Does the company distinguish between traditional/predictive AI and generative AI in its disclosures?,Yes,Yes,High,High,3,4,https://cdn-dynmedia-1.microsoft.com/is/content/microsoftcorp/microsoft/final/en-us/microsoft-brand/documents/responsible-aI-transparency-report-2024.pdf ; https://www.sec.gov/Archives/edgar/data/789019/000121465925016180/u1110251px14a6g.htm ; https://verifywise.ai/ai-governance-library/governance-frameworks/microsoft-responsible-ai-standard,https://cdn-dynmedia-1.microsoft.com/is/content/microsoftcorp/microsoft/final/en-us/microsoft-brand/documents/responsible-aI-transparency-report-2024.pdf ; https://www.sec.gov/Archives/edgar/data/789019/000121465925016180/u1110251px14a6g.htm ; https://www.sec.gov/Archives/edgar/data/789019/000095017025100235/msft-20250630.htm ; https://verifywise.ai/ai-governance-library/governance-frameworks/microsoft-responsible-ai-standard,85,batch135
553,Microsoft,1.4-ai-regulation-readiness,Does the company disclose readiness for emerging AI regulations?,Yes,Yes,High,High,2,4,https://cdn-dynmedia-1.microsoft.com/is/content/microsoftcorp/microsoft/msc/documents/presentations/CSR/Responsible-AI-Transparency-Report-2025-vertical.pdf ; https://learn.microsoft.com/en-us/azure/cloud-adoption-framework/ai-agents/responsible-ai-across-organization,https://cdn-dynmedia-1.microsoft.com/is/content/microsoftcorp/microsoft/msc/documents/presentations/CSR/Responsible-AI-Transparency-Report-2025-vertical.pdf ; https://cdn-dynmedia-1.microsoft.com/is/content/microsoftcorp/microsoft/msc/documents/presentations/CSR/Responsible-AI-Transparency-Report-2025-vertical.pdf ; https://learn.microsoft.com/en-us/azure/cloud-adoption-framework/ai-agents/responsible-ai-across-organization ; https://www.sec.gov/Archives/edgar/data/789019/000095017025100235/msft-20250630.htm,85,batch135
553,Microsoft,2.1-ai-use-cases-count,Does the company disclose a specific number of AI use cases (in production or piloting)?,No,No,High,High,0,0,,,85,batch135
553,Microsoft,2.1a-ai-use-cases-qualitative,Does the company reference multiple AI use cases qualitatively?,Yes,Yes,High,High,5,6,https://www.sec.gov/Archives/edgar/data/789019/000121465925016180/u1110251px14a6g.htm ; https://blogs.microsoft.com/on-the-issues/2023/10/26/microsofts-ai-safety-policies/ ; https://blogs.microsoft.com/on-the-issues/2023/10/26/microsofts-ai-safety-policies/ ; https://blogs.microsoft.com/on-the-issues/2023/10/26/microsofts-ai-safety-policies/ ; https://blogs.microsoft.com/on-the-issues/2023/10/26/microsofts-ai-safety-policies/,https://www.sec.gov/Archives/edgar/data/789019/000121465925016180/u1110251px14a6g.htm ; https://www.sec.gov/Archives/edgar/data/789019/000095017025100235/msft-20250630.htm ; https://blogs.microsoft.com/on-the-issues/2023/10/26/microsofts-ai-safety-policies/ ; https://blogs.microsoft.com/on-the-issues/2023/10/26/microsofts-ai-safety-policies/ ; https://blogs.microsoft.com/on-the-issues/2023/10/26/microsofts-ai-safety-policies/ ; https://blogs.microsoft.com/on-the-issues/2023/10/26/microsofts-ai-safety-policies/,85,batch135
553,Microsoft,2.2-ai-production-pilot-breakdown,Does the company disclose a breakdown of AI use cases by production vs pilot stage?,No,No,High,High,0,0,,,85,batch135
553,Microsoft,2.2a-ai-production-deployment,Has the company stated any AI use case as in production?,Yes,Yes,High,High,3,5,https://www.microsoft.com/en-us/corporate-responsibility/responsible-ai-transparency-report/ ; https://www.microsoft.com/en-us/corporate-responsibility/responsible-ai-transparency-report/ ; https://www.microsoft.com/en-us/corporate-responsibility/responsible-ai-transparency-report/,https://www.microsoft.com/en-us/corporate-responsibility/responsible-ai-transparency-report/ ; https://www.microsoft.com/en-us/corporate-responsibility/responsible-ai-transparency-report/ ; https://www.microsoft.com/en-us/corporate-responsibility/responsible-ai-transparency-report/ ; https://learn.microsoft.com/en-us/agents/adoption-maturity-model/maturity-model-security-governance ; https://learn.microsoft.com/en-us/agents/adoption-maturity-model/maturity-model-security-governance,85,batch135
553,Microsoft,2.3-ai-use-case-descriptions,Does the company provide qualitative descriptions of AI use cases in key business areas?,No,No,High,High,0,0,,,85,batch135
553,Microsoft,3.1-board-oversight-ai-charter,"Does the board (or a board committee) have an explicit, documented charter mandate for AI strategy and risk?",Partial,Yes,Low,Medium,2,2,https://cdn-dynmedia-1.microsoft.com/is/content/microsoftcorp/microsoft/msc/documents/presentations/CSR/Responsible-AI-Transparency-Report-2025-vertical.pdf ; https://cdn-dynmedia-1.microsoft.com/is/content/microsoftcorp/microsoft/msc/documents/presentations/CSR/2024-Microsoft-TCFD-Report.pdf,https://cdn-dynmedia-1.microsoft.com/is/content/microsoftcorp/microsoft/msc/documents/presentations/CSR/2024-Microsoft-TCFD-Report.pdf ; https://cdn-dynmedia-1.microsoft.com/is/content/microsoftcorp/microsoft/msc/documents/presentations/CSR/Responsible-AI-Transparency-Report-2025-vertical.pdf,85,batch135
553,Microsoft,3.1a-ai-board-discussion,Is AI risk or oversight discussed by the board in proxy or 10-K?,No,No,High,High,0,0,,,85,batch135
553,Microsoft,3.2-ai-leadership-accountability,Has the company appointed a named senior executive accountable for AI?,Yes,Yes,High,High,1,1,https://cdn-dynmedia-1.microsoft.com/is/content/microsoftcorp/microsoft/msc/documents/presentations/CSR/Responsible-AI-Transparency-Report-2025-vertical.pdf,https://cdn-dynmedia-1.microsoft.com/is/content/microsoftcorp/microsoft/final/en-us/microsoft-brand/documents/responsible-aI-transparency-report-2024.pdf,85,batch135
553,Microsoft,3.3-ai-governance-committees,Has the company established a cross-functional AI governance/ethics committee at management level?,Yes,Yes,High,High,1,1,https://cdn-dynmedia-1.microsoft.com/is/content/microsoftcorp/microsoft/msc/documents/presentations/CSR/Responsible-AI-Transparency-Report-2025-vertical.pdf,https://cdn-dynmedia-1.microsoft.com/is/content/microsoftcorp/microsoft/msc/documents/presentations/CSR/Responsible-AI-Transparency-Report-2025-vertical.pdf,85,batch135
553,Microsoft,3.4-ai-safety-robustness,Does the company disclose AI safety and robustness testing practices?,Yes,Yes,High,High,3,2,https://learn.microsoft.com/en-us/compliance/assurance/assurance-artificial-intelligence ; https://learn.microsoft.com/en-us/compliance/assurance/assurance-artificial-intelligence ; https://learn.microsoft.com/en-us/compliance/assurance/assurance-artificial-intelligence,https://learn.microsoft.com/en-us/compliance/assurance/assurance-artificial-intelligence ; https://learn.microsoft.com/en-us/compliance/assurance/assurance-artificial-intelligence,85,batch135
553,Microsoft,4.1-ai-policy-published,"Has the company published a formal AI policy, principles, or responsible-AI framework?",Yes,Yes,High,High,3,2,https://cdn-dynmedia-1.microsoft.com/is/content/microsoftcorp/microsoft/final/en-us/microsoft-brand/documents/responsible-aI-transparency-report-2024.pdf ; https://www.microsoft.com/en-us/ai/principles-and-approach ; https://blogs.microsoft.com/on-the-issues/2023/10/26/microsofts-ai-safety-policies/,https://cdn-dynmedia-1.microsoft.com/is/content/microsoftcorp/microsoft/final/en-us/microsoft-brand/documents/responsible-aI-transparency-report-2024.pdf ; https://www.microsoft.com/en-us/ai/principles-and-approach,85,batch135
553,Microsoft,4.1a-ai-policy-internal,Has the company referenced an internal AI policy or guidelines?,Yes,Yes,High,High,2,2,https://blogs.microsoft.com/on-the-issues/2023/10/26/microsofts-ai-safety-policies/ ; https://www.microsoft.com/en-us/ai/principles-and-approach,https://blogs.microsoft.com/on-the-issues/2023/10/26/microsofts-ai-safety-policies/ ; https://www.microsoft.com/en-us/ai/principles-and-approach,85,batch135
553,Microsoft,4.2-operationalisation-ai-principles,"Does the company describe how AI principles are operationalised (controls, processes, KPIs)?",Yes,Yes,High,High,3,3,https://cdn-dynmedia-1.microsoft.com/is/content/microsoftcorp/microsoft/final/en-us/microsoft-brand/documents/responsible-aI-transparency-report-2024.pdf ; https://cdn-dynmedia-1.microsoft.com/is/content/microsoftcorp/microsoft/final/en-us/microsoft-brand/documents/responsible-aI-transparency-report-2024.pdf ; https://cdn-dynmedia-1.microsoft.com/is/content/microsoftcorp/microsoft/final/en-us/microsoft-brand/documents/responsible-aI-transparency-report-2024.pdf,https://cdn-dynmedia-1.microsoft.com/is/content/microsoftcorp/microsoft/final/en-us/microsoft-brand/documents/responsible-aI-transparency-report-2024.pdf ; https://cdn-dynmedia-1.microsoft.com/is/content/microsoftcorp/microsoft/final/en-us/microsoft-brand/documents/responsible-aI-transparency-report-2024.pdf ; https://cdn-dynmedia-1.microsoft.com/is/content/microsoftcorp/microsoft/final/en-us/microsoft-brand/documents/responsible-aI-transparency-report-2024.pdf,85,batch135
553,Microsoft,4.3-data-security-privacy-ai,Does the AI policy explicitly cover data security and personal data privacy?,No,No,High,High,2,2,https://www.microsoft.com/en-us/ai/principles-and-approach ; https://www.microsoft.com/en-us/ai/responsible-ai,https://www.microsoft.com/en-us/ai/principles-and-approach ; https://www.sec.gov/Archives/edgar/data/789019/000095017025100235/msft-20250630.htm,85,batch135
553,Microsoft,4.4-third-party-ai-risk,Does the company have a policy for managing third-party AI risks?,No,No,High,High,0,0,,,85,batch135
553,Microsoft,5.1-ai-kpis-quantified,Does the company disclose quantified AI-specific KPIs that it tracks internally?,No,No,High,High,0,0,,,85,batch135
553,Microsoft,5.1a-ai-kpis-qualitative,Does the company reference internally tracked AI metrics qualitatively?,No,No,High,High,0,0,,,85,batch135
553,Microsoft,5.2-ai-financial-impact-quantified,Does the company disclose quantified AI-attributable revenue or cost savings?,No,No,High,High,0,0,,,85,batch135
553,Microsoft,5.2a-ai-financial-impact-qualitative,Does the company qualitatively attribute revenue or cost impact to AI?,No,No,High,High,0,0,,,85,batch135
553,Microsoft,6.1-ai-reskilling-programme,Has the company established a named workforce AI reskilling/upskilling programme?,No,No,High,High,0,0,,,85,batch135
553,Microsoft,6.1a-ai-reskilling-commitment,Has the company stated a commitment to AI reskilling or upskilling?,No,No,High,High,0,0,,,85,batch135
553,Microsoft,6.2-ai-training-headcount,Does the company disclose the number of employees that completed AI training in the reporting year?,No,No,High,High,0,0,,,85,batch135
553,Microsoft,7.1-strategic-ai-partnerships,Has the company disclosed strategic partnerships with foundation-model providers or hyperscalers?,No,No,High,High,0,0,,,85,batch135
553,Microsoft,8.1-ai-literacy-community,Does the company support AI literacy or digital-skills initiatives in the wider community?,No,No,High,High,0,0,,,85,batch135
553,Microsoft,8.2-ai-public-policy-advocacy,Does the company engage in public policy advocacy related to AI ethics and governance?,Yes,Yes,High,High,2,2,https://blogs.microsoft.com/on-the-issues/2023/10/26/microsofts-ai-safety-policies/ ; https://cdn-dynmedia-1.microsoft.com/is/content/microsoftcorp/microsoft/msc/documents/presentations/CSR/Responsible-AI-Transparency-Report-2025-vertical.pdf,https://blogs.microsoft.com/on-the-issues/2023/10/26/microsofts-ai-safety-policies/ ; https://cdn-dynmedia-1.microsoft.com/is/content/microsoftcorp/microsoft/msc/documents/presentations/CSR/Accelerating-Sustainability-with-AI-2025.pdf,85,batch135
553,Microsoft,9.1-ai-risk-factor-disclosure,"Does the company disclose AI as a material risk factor in its 10-K, 20-F or equivalent annual filing?",Yes,Yes,High,High,4,4,https://www.sec.gov/Archives/edgar/data/789019/000095017025100235/msft-20250630.htm ; https://www.sec.gov/Archives/edgar/data/789019/000095017025100235/msft-20250630.htm ; https://www.sec.gov/Archives/edgar/data/789019/000095017025100235/msft-20250630.htm ; https://www.sec.gov/Archives/edgar/data/789019/000095017025100235/msft-20250630.htm,https://www.sec.gov/Archives/edgar/data/789019/000095017025100235/msft-20250630.htm ; https://www.sec.gov/Archives/edgar/data/789019/000095017025100235/msft-20250630.htm ; https://www.sec.gov/Archives/edgar/data/789019/000095017025100235/msft-20250630.htm ; https://www.sec.gov/Archives/edgar/data/789019/000095017025100235/msft-20250630.htm,85,batch135
553,Microsoft,9.2-ai-capex-rd-quantified,"Does the company quantify AI-related capex, R&D investment, or infrastructure commitment?",No,No,High,High,1,1,https://www.sec.gov/Archives/edgar/data/789019/000095017025100235/msft-20250630.htm,https://www.sec.gov/Archives/edgar/data/789019/000095017025100235/msft-20250630.htm,85,batch135
553,Microsoft,9.3-ai-business-model-risk,Does the company disclose AI as a competitive risk to its existing business model?,Yes,Yes,High,High,1,1,https://www.sec.gov/Archives/edgar/data/789019/000095017025100235/msft-20250630.htm,https://www.sec.gov/Archives/edgar/data/789019/000095017025100235/msft-20250630.htm,85,batch135
553,Microsoft,9.4-ai-incident-disclosure,Has the company disclosed any AI-related incidents or near-misses?,No,No,High,High,0,0,,,85,batch135
420,Salesforce,1.1-ai-strategy-objectives,Does the company state a formal AI strategy with defined objectives?,No,No,High,High,0,2,,https://www.sec.gov/Archives/edgar/data/1108524/000110852426000060/crm-20260131.htm ; https://www.sec.gov/Archives/edgar/data/1108524/000110852425000025/salesforce2025proxysupplem.htm,85,batch135
420,Salesforce,1.1a-ai-strategic-priority,Does the company name AI as a stated strategic priority?,No,No,High,High,0,0,,,85,batch135
420,Salesforce,1.2-ai-competitive-driver,Is AI mentioned as a material driver of the company's competitive strategy?,No,Yes,High,High,2,2,https://www.sec.gov/Archives/edgar/data/1108524/000110852426000060/crm-20260131.htm ; https://www.sec.gov/Archives/edgar/data/1108524/000110852426000060/crm-20260131.htm,https://www.sec.gov/Archives/edgar/data/1108524/000110852426000060/crm-20260131.htm ; https://www.salesforce.com/artificial-intelligence/ai-compliance/,85,batch135
420,Salesforce,1.3-ai-technology-differentiation,Does the company distinguish between traditional/predictive AI and generative AI in its disclosures?,Yes,Yes,High,High,1,3,https://www.salesforce.com/artificial-intelligence/ai-safety/,https://www.salesforce.com/artificial-intelligence/ai-safety/ ; https://www.sec.gov/Archives/edgar/data/1108524/000110852426000060/crm-20260131.htm ; https://www.salesforce.com/artificial-intelligence/ai-risk-management/,85,batch135
420,Salesforce,1.4-ai-regulation-readiness,Does the company disclose readiness for emerging AI regulations?,Yes,Yes,High,High,4,2,https://www.sec.gov/Archives/edgar/data/1108524/000110852426000060/crm-20260131.htm ; https://www.sec.gov/Archives/edgar/data/1108524/000110852426000060/crm-20260131.htm ; https://www.salesforce.com/artificial-intelligence/ai-compliance/ ; https://www.salesforce.com/company/ethical-and-humane-use/,https://www.sec.gov/Archives/edgar/data/1108524/000110852426000060/crm-20260131.htm ; https://www.sec.gov/Archives/edgar/data/1108524/000110852426000060/crm-20260131.htm,85,batch135
420,Salesforce,2.1-ai-use-cases-count,Does the company disclose a specific number of AI use cases (in production or piloting)?,No,No,High,High,0,0,,,85,batch135
420,Salesforce,2.1a-ai-use-cases-qualitative,Does the company reference multiple AI use cases qualitatively?,Yes,Yes,High,High,3,2,https://www.salesforce.com/artificial-intelligence/ai-governance/ ; https://www.salesforce.com/company/ethical-and-humane-use/explore-trusted-ai-resources/ ; https://www.salesforce.com/company/ethical-and-humane-use/explore-trusted-ai-resources/,https://www.sec.gov/Archives/edgar/data/1108524/000110852426000060/crm-20260131.htm ; https://www.sec.gov/Archives/edgar/data/1108524/000110852426000060/crm-20260131.htm,85,batch135
420,Salesforce,2.2-ai-production-pilot-breakdown,Does the company disclose a breakdown of AI use cases by production vs pilot stage?,No,No,High,High,0,0,,,85,batch135
420,Salesforce,2.2a-ai-production-deployment,Has the company stated any AI use case as in production?,No,Yes,High,High,0,1,,https://www.sec.gov/Archives/edgar/data/1108524/000110852426000060/crm-20260131.htm,85,batch135
420,Salesforce,2.3-ai-use-case-descriptions,Does the company provide qualitative descriptions of AI use cases in key business areas?,No,No,High,High,0,0,,,85,batch135
420,Salesforce,3.1-board-oversight-ai-charter,"Does the board (or a board committee) have an explicit, documented charter mandate for AI strategy and risk?",Yes,Yes,High,High,1,1,https://www.sec.gov/Archives/edgar/data/1108524/000110852426000085/crm-20260416.htm,https://www.sec.gov/Archives/edgar/data/1108524/000110852426000085/crm-20260416.htm,85,batch135
420,Salesforce,3.1a-ai-board-discussion,Is AI risk or oversight discussed by the board in proxy or 10-K?,Yes,Yes,High,High,1,1,https://www.sec.gov/Archives/edgar/data/1108524/000110852425000025/salesforce2025proxysupplem.htm,https://www.sec.gov/Archives/edgar/data/1108524/000110852425000025/salesforce2025proxysupplem.htm,85,batch135
420,Salesforce,3.2-ai-leadership-accountability,Has the company appointed a named senior executive accountable for AI?,Yes,Yes,High,High,1,2,https://www.sec.gov/Archives/edgar/data/1108524/000110852426000085/crm-20260416.htm,https://www.sec.gov/Archives/edgar/data/1108524/000110852426000085/crm-20260416.htm ; https://www.salesforce.com/company/ethical-and-humane-use/responsible-ai-governance/,85,batch135
420,Salesforce,3.3-ai-governance-committees,Has the company established a cross-functional AI governance/ethics committee at management level?,Yes,Yes,High,High,1,1,https://www.salesforce.com/en-us/wp-content/uploads/sites/4/documents/guides/ai-literacy-and-compliance.pdf,https://www.salesforce.com/en-us/wp-content/uploads/sites/4/documents/guides/ai-literacy-and-compliance.pdf,85,batch135
420,Salesforce,3.4-ai-safety-robustness,Does the company disclose AI safety and robustness testing practices?,Yes,Yes,High,High,3,6,https://www.salesforce.com/company/ethical-and-humane-use/responsible-ai-governance/ ; https://www.salesforce.com/company/ethical-and-humane-use/how-we-build-trusted-ai/ ; https://www.salesforce.com/company/ethical-and-humane-use/,https://www.salesforce.com/company/ethical-and-humane-use/how-we-build-trusted-ai/ ; https://www.salesforce.com/company/ethical-and-humane-use/how-we-build-trusted-ai/ ; https://www.salesforce.com/company/ethical-and-humane-use/how-we-build-trusted-ai/ ; https://www.salesforce.com/company/ethical-and-humane-use/how-we-build-trusted-ai/ ; https://www.salesforce.com/company/ethical-and-humane-use/ ; https://www.salesforce.com/artificial-intelligence/ai-compliance/,85,batch135
420,Salesforce,4.1-ai-policy-published,"Has the company published a formal AI policy, principles, or responsible-AI framework?",Yes,Yes,High,High,3,2,https://www.salesforce.com/company/human-rights/ ; https://www.salesforce.com/company/ethical-and-humane-use/explore-trusted-ai-resources/ ; https://www.salesforce.com/company/ethical-and-humane-use/explore-trusted-ai-resources/,https://www.salesforce.com/company/human-rights/ ; https://www.salesforce.com/company/ethical-and-humane-use/,85,batch135
420,Salesforce,4.1a-ai-policy-internal,Has the company referenced an internal AI policy or guidelines?,Yes,Yes,High,High,3,3,https://www.sec.gov/Archives/edgar/data/1108524/000110852425000025/salesforce2025proxysupplem.htm ; https://www.sec.gov/Archives/edgar/data/1108524/000110852425000025/salesforce2025proxysupplem.htm ; https://www.salesforce.com/en-us/wp-content/uploads/sites/4/documents/legal/Agreements/policies/ai-acceptable-use-policy.pdf,https://www.sec.gov/Archives/edgar/data/1108524/000110852425000025/salesforce2025proxysupplem.htm ; https://www.sec.gov/Archives/edgar/data/1108524/000110852425000025/salesforce2025proxysupplem.htm ; https://www.salesforce.com/en-us/wp-content/uploads/sites/4/documents/legal/Agreements/policies/ai-acceptable-use-policy.pdf,85,batch135
420,Salesforce,4.2-operationalisation-ai-principles,"Does the company describe how AI principles are operationalised (controls, processes, KPIs)?",Yes,Yes,High,High,4,5,https://www.salesforce.com/eu/artificial-intelligence/ai-governance/ ; https://www.salesforce.com/eu/artificial-intelligence/ai-governance/ ; https://www.salesforce.com/eu/artificial-intelligence/ai-governance/ ; https://trailhead.salesforce.com/content/learn/modules/ai-strategy/establish-ai-governance,https://www.salesforce.com/eu/artificial-intelligence/ai-governance/ ; https://www.salesforce.com/eu/artificial-intelligence/ai-governance/ ; https://trailhead.salesforce.com/content/learn/modules/ai-strategy/establish-ai-governance ; https://www.salesforce.com/en-us/wp-content/uploads/sites/4/documents/guides/ai-literacy-and-compliance.pdf ; https://www.salesforce.com/en-us/wp-content/uploads/sites/4/documents/guides/ai-literacy-and-compliance.pdf,85,batch135
420,Salesforce,4.3-data-security-privacy-ai,Does the AI policy explicitly cover data security and personal data privacy?,Yes,No,High,High,3,2,https://www.salesforce.com/eu/artificial-intelligence/ai-governance/ ; https://www.salesforce.com/eu/artificial-intelligence/ai-governance/ ; https://www.salesforce.com/ca/artificial-intelligence/ai-ethics/,https://www.salesforce.com/artificial-intelligence/ai-governance/ ; https://www.salesforce.com/artificial-intelligence/ai-governance/,85,batch135
420,Salesforce,4.4-third-party-ai-risk,Does the company have a policy for managing third-party AI risks?,Yes,Yes,High,High,3,1,https://www.salesforce.com/artificial-intelligence/ai-compliance/ ; https://www.salesforce.com/in/artificial-intelligence/ai-compliance/ ; https://www.salesforce.com/uk/artificial-intelligence/ai-compliance/,https://www.salesforce.com/uk/artificial-intelligence/ai-compliance/,85,batch135
420,Salesforce,5.1-ai-kpis-quantified,Does the company disclose quantified AI-specific KPIs that it tracks internally?,No,No,High,High,0,0,,,85,batch135
420,Salesforce,5.1a-ai-kpis-qualitative,Does the company reference internally tracked AI metrics qualitatively?,No,No,High,High,0,0,,,85,batch135
420,Salesforce,5.2-ai-financial-impact-quantified,Does the company disclose quantified AI-attributable revenue or cost savings?,No,No,High,High,0,0,,,85,batch135
420,Salesforce,5.2a-ai-financial-impact-qualitative,Does the company qualitatively attribute revenue or cost impact to AI?,No,No,High,High,0,0,,,85,batch135
420,Salesforce,6.1-ai-reskilling-programme,Has the company established a named workforce AI reskilling/upskilling programme?,Yes,Yes,High,High,1,3,https://www.salesforce.com/en-us/wp-content/uploads/sites/4/documents/white-papers/salesforce-fy25-stakeholder-impact-report.pdf,https://www.salesforce.com/en-us/wp-content/uploads/sites/4/documents/white-papers/salesforce-fy25-stakeholder-impact-report.pdf ; https://www.salesforce.com/en-us/wp-content/uploads/sites/4/documents/guides/ai-literacy-and-compliance.pdf ; https://www.salesforce.com/en-us/wp-content/uploads/sites/4/documents/guides/ai-literacy-and-compliance.pdf,85,batch135
420,Salesforce,6.1a-ai-reskilling-commitment,Has the company stated a commitment to AI reskilling or upskilling?,Yes,Yes,High,High,2,2,https://www.salesforce.com/en-us/wp-content/uploads/sites/4/documents/white-papers/salesforce-fy25-stakeholder-impact-report.pdf ; https://www.salesforce.com/en-us/wp-content/uploads/sites/4/documents/white-papers/salesforce-fy25-stakeholder-impact-report.pdf,https://www.salesforce.com/en-us/wp-content/uploads/sites/4/documents/white-papers/salesforce-fy25-stakeholder-impact-report.pdf ; https://www.salesforce.com/en-us/wp-content/uploads/sites/4/documents/white-papers/salesforce-fy25-stakeholder-impact-report.pdf,85,batch135
420,Salesforce,6.2-ai-training-headcount,Does the company disclose the number of employees that completed AI training in the reporting year?,No,No,High,High,2,0,https://www.salesforce.com/en-us/wp-content/uploads/sites/4/documents/white-papers/salesforce-fy25-stakeholder-impact-report.pdf ; https://www.salesforce.com/en-us/wp-content/uploads/sites/4/documents/guides/ai-literacy-and-compliance.pdf,,85,batch135
420,Salesforce,7.1-strategic-ai-partnerships,Has the company disclosed strategic partnerships with foundation-model providers or hyperscalers?,No,No,High,High,1,1,https://www.salesforce.com/en-us/wp-content/uploads/sites/4/documents/company/sustainability/salesforce-ai-sustainability-outlook.pdf,https://www.salesforce.com/en-us/wp-content/uploads/sites/4/documents/company/sustainability/salesforce-ai-sustainability-outlook.pdf,85,batch135
420,Salesforce,8.1-ai-literacy-community,Does the company support AI literacy or digital-skills initiatives in the wider community?,Yes,Yes,High,High,3,3,https://www.salesforce.com/en-us/wp-content/uploads/sites/4/documents/white-papers/salesforce-fy25-stakeholder-impact-report.pdf ; https://www.salesforce.com/en-us/wp-content/uploads/sites/4/documents/white-papers/salesforce-fy25-stakeholder-impact-report.pdf ; https://www.salesforce.com/en-us/wp-content/uploads/sites/4/documents/white-papers/salesforce-fy25-stakeholder-impact-report.pdf,https://www.salesforce.com/en-us/wp-content/uploads/sites/4/documents/white-papers/salesforce-fy25-stakeholder-impact-report.pdf ; https://www.salesforce.com/en-us/wp-content/uploads/sites/4/documents/white-papers/salesforce-fy25-stakeholder-impact-report.pdf ; https://www.salesforce.com/en-us/wp-content/uploads/sites/4/documents/white-papers/salesforce-fy25-stakeholder-impact-report.pdf,85,batch135
420,Salesforce,8.2-ai-public-policy-advocacy,Does the company engage in public policy advocacy related to AI ethics and governance?,Yes,Yes,High,High,5,5,https://www.salesforce.com/company/ethical-and-humane-use/ ; https://www.salesforce.com/company/ethical-and-humane-use/ ; https://www.salesforce.com/company/ethical-and-humane-use/ ; https://www.salesforce.com/en-us/wp-content/uploads/sites/4/documents/guides/ai-literacy-and-compliance.pdf ; https://www.salesforce.com/en-us/wp-content/uploads/sites/4/documents/guides/ai-literacy-and-compliance.pdf,https://www.salesforce.com/en-us/wp-content/uploads/sites/4/documents/white-papers/salesforce-fy25-stakeholder-impact-report.pdf ; https://www.salesforce.com/en-us/wp-content/uploads/sites/4/documents/guides/ai-literacy-and-compliance.pdf ; https://www.salesforce.com/en-us/wp-content/uploads/sites/4/documents/guides/ai-literacy-and-compliance.pdf ; https://www.salesforce.com/company/ethical-and-humane-use/ ; https://www.salesforce.com/company/ethical-and-humane-use/,85,batch135
420,Salesforce,9.1-ai-risk-factor-disclosure,"Does the company disclose AI as a material risk factor in its 10-K, 20-F or equivalent annual filing?",Yes,Yes,High,High,4,3,https://www.sec.gov/Archives/edgar/data/1108524/000110852426000060/crm-20260131.htm ; https://www.sec.gov/Archives/edgar/data/1108524/000110852426000060/crm-20260131.htm ; https://www.sec.gov/Archives/edgar/data/1108524/000110852426000060/crm-20260131.htm ; https://www.sec.gov/Archives/edgar/data/1108524/000110852426000060/crm-20260131.htm,https://www.sec.gov/Archives/edgar/data/1108524/000110852426000060/crm-20260131.htm ; https://www.sec.gov/Archives/edgar/data/1108524/000110852426000060/crm-20260131.htm ; https://www.sec.gov/Archives/edgar/data/1108524/000110852426000060/crm-20260131.htm,85,batch135
420,Salesforce,9.2-ai-capex-rd-quantified,"Does the company quantify AI-related capex, R&D investment, or infrastructure commitment?",No,No,High,High,2,0,https://www.sec.gov/Archives/edgar/data/1108524/000110852426000060/crm-20260131.htm ; https://www.sec.gov/Archives/edgar/data/1108524/000110852426000060/crm-20260131.htm,,85,batch135
420,Salesforce,9.3-ai-business-model-risk,Does the company disclose AI as a competitive risk to its existing business model?,Yes,Yes,High,High,1,1,https://www.sec.gov/Archives/edgar/data/1108524/000110852426000060/crm-20260131.htm,https://www.sec.gov/Archives/edgar/data/1108524/000110852426000060/crm-20260131.htm,85,batch135
420,Salesforce,9.4-ai-incident-disclosure,Has the company disclosed any AI-related incidents or near-misses?,No,No,High,High,0,0,,,85,batch135
2063,Alphabet,1.1-ai-strategy-objectives,Does the company state a formal AI strategy with defined objectives?,No,No,High,High,0,0,,,85,batch135
2063,Alphabet,1.1a-ai-strategic-priority,Does the company name AI as a stated strategic priority?,No,No,High,High,0,0,,,85,batch135
2063,Alphabet,1.2-ai-competitive-driver,Is AI mentioned as a material driver of the company's competitive strategy?,No,No,High,High,0,0,,,85,batch135
2063,Alphabet,1.3-ai-technology-differentiation,Does the company distinguish between traditional/predictive AI and generative AI in its disclosures?,Yes,No,High,High,3,2,https://www.sec.gov/Archives/edgar/data/1652044/000165204426000018/goog-20251231.htm ; https://www.sec.gov/Archives/edgar/data/1652044/000130817925000511/goog012701-def14a.htm ; https://www.sec.gov/Archives/edgar/data/1652044/000165204417000008/goog10-kq42016.htm,https://www.sec.gov/Archives/edgar/data/1652044/000130817925000511/goog012701-def14a.htm ; https://www.sec.gov/Archives/edgar/data/1652044/000130817926000342/goog-20260424.htm,85,batch135
2063,Alphabet,1.4-ai-regulation-readiness,Does the company disclose readiness for emerging AI regulations?,Partial,Yes,High,High,2,3,https://www.sec.gov/Archives/edgar/data/1652044/000165204426000018/goog-20251231.htm ; https://finnhub.io/api/news?id=dfb09ad1bc5ff79f26a1f5504ee3d6551be4ae1c4630d2319334e3c1ccb9cc53,https://www.sec.gov/Archives/edgar/data/1652044/000165204426000018/goog-20251231.htm ; https://www.sec.gov/Archives/edgar/data/1652044/000165204426000018/goog-20251231.htm ; https://finnhub.io/api/news?id=dfb09ad1bc5ff79f26a1f5504ee3d6551be4ae1c4630d2319334e3c1ccb9cc53,85,batch135
2063,Alphabet,2.1-ai-use-cases-count,Does the company disclose a specific number of AI use cases (in production or piloting)?,No,No,High,High,0,0,,,85,batch135
2063,Alphabet,2.1a-ai-use-cases-qualitative,Does the company reference multiple AI use cases qualitatively?,Yes,No,High,High,2,0,https://www.sec.gov/Archives/edgar/data/1652044/000130817926000342/goog-20260424.htm ; https://collaborate.unpri.org/system/files/supporting-materials/2026-05/Alphabet_Exempt-Solicitation-Letter_Final.pdf,,85,batch135
2063,Alphabet,2.2-ai-production-pilot-breakdown,Does the company disclose a breakdown of AI use cases by production vs pilot stage?,No,No,High,High,0,0,,,85,batch135
2063,Alphabet,2.2a-ai-production-deployment,Has the company stated any AI use case as in production?,Yes,No,High,High,2,0,https://www.sec.gov/Archives/edgar/data/1652044/000130817926000342/goog-20260424.htm ; https://www.sec.gov/Archives/edgar/data/1652044/000130817925000511/goog012701-def14a.htm,,85,batch135
2063,Alphabet,2.3-ai-use-case-descriptions,Does the company provide qualitative descriptions of AI use cases in key business areas?,No,No,High,High,0,0,,,85,batch135
2063,Alphabet,3.1-board-oversight-ai-charter,"Does the board (or a board committee) have an explicit, documented charter mandate for AI strategy and risk?",No,No,High,High,2,2,https://www.sec.gov/Archives/edgar/data/1652044/000121465926005268/o429268px14a6g.htm ; https://www.sec.gov/Archives/edgar/data/1652044/000121465926005268/o429268px14a6g.htm,https://www.sec.gov/Archives/edgar/data/1652044/000130817926000342/goog-20260424.htm ; https://www.sec.gov/Archives/edgar/data/1652044/000121465926005268/o429268px14a6g.htm,85,batch135
2063,Alphabet,3.1a-ai-board-discussion,Is AI risk or oversight discussed by the board in proxy or 10-K?,Yes,Yes,High,High,2,2,https://finnhub.io/api/news?id=dfb09ad1bc5ff79f26a1f5504ee3d6551be4ae1c4630d2319334e3c1ccb9cc53 ; https://finnhub.io/api/news?id=dfb09ad1bc5ff79f26a1f5504ee3d6551be4ae1c4630d2319334e3c1ccb9cc53,https://finnhub.io/api/news?id=dfb09ad1bc5ff79f26a1f5504ee3d6551be4ae1c4630d2319334e3c1ccb9cc53 ; https://finnhub.io/api/news?id=dfb09ad1bc5ff79f26a1f5504ee3d6551be4ae1c4630d2319334e3c1ccb9cc53,85,batch135
2063,Alphabet,3.2-ai-leadership-accountability,Has the company appointed a named senior executive accountable for AI?,No,No,High,High,0,0,,,85,batch135
2063,Alphabet,3.3-ai-governance-committees,Has the company established a cross-functional AI governance/ethics committee at management level?,No,No,High,High,2,2,https://www.sec.gov/Archives/edgar/data/1652044/000121465924008582/e58244px14a6g.htm ; https://www.sec.gov/Archives/edgar/data/1652044/000130817926000342/goog-20260424.htm,https://www.sec.gov/Archives/edgar/data/1652044/000121465924008582/e58244px14a6g.htm ; https://www.sec.gov/Archives/edgar/data/1652044/000121465926005268/o429268px14a6g.htm,85,batch135
2063,Alphabet,3.4-ai-safety-robustness,Does the company disclose AI safety and robustness testing practices?,Yes,Yes,High,High,2,2,https://www.sec.gov/Archives/edgar/data/1652044/000130817925000511/goog012701-def14a.htm ; https://www.sec.gov/Archives/edgar/data/1652044/000130817925000511/goog012701-def14a.htm,https://www.sec.gov/Archives/edgar/data/1652044/000130817925000511/goog012701-def14a.htm ; https://www.sec.gov/Archives/edgar/data/1652044/000130817925000511/goog012701-def14a.htm,85,batch135
2063,Alphabet,4.1-ai-policy-published,"Has the company published a formal AI policy, principles, or responsible-AI framework?",Yes,Yes,High,High,3,2,https://collaborate.unpri.org/system/files/supporting-materials/2026-05/Alphabet_Exempt-Solicitation-Letter_Final.pdf ; https://www.sec.gov/Archives/edgar/data/1652044/000130817926000342/goog-20260424.htm ; https://www.sec.gov/Archives/edgar/data/1652044/000130817926000342/goog-20260424.htm,https://www.sec.gov/Archives/edgar/data/1652044/000130817926000342/goog-20260424.htm ; https://www.sec.gov/Archives/edgar/data/1652044/000121465926005268/o429268px14a6g.htm,85,batch135
2063,Alphabet,4.1a-ai-policy-internal,Has the company referenced an internal AI policy or guidelines?,Yes,Yes,High,High,3,2,https://www.sec.gov/Archives/edgar/data/1652044/000130817925000511/goog012701-def14a.htm ; https://www.sec.gov/Archives/edgar/data/1652044/000130817926000342/goog-20260424.htm ; https://www.sec.gov/Archives/edgar/data/1652044/000130817925000511/goog012701-def14a.htm,https://www.sec.gov/Archives/edgar/data/1652044/000130817926000342/goog-20260424.htm ; https://www.sec.gov/Archives/edgar/data/1652044/000130817926000342/goog-20260424.htm,85,batch135
2063,Alphabet,4.2-operationalisation-ai-principles,"Does the company describe how AI principles are operationalised (controls, processes, KPIs)?",Yes,Yes,High,High,3,2,https://www.sec.gov/Archives/edgar/data/1652044/000130817926000342/goog-20260424.htm ; https://www.sec.gov/Archives/edgar/data/1652044/000130817926000342/goog-20260424.htm ; https://www.sec.gov/Archives/edgar/data/1652044/000130817926000342/goog-20260424.htm,https://www.sec.gov/Archives/edgar/data/1652044/000130817926000342/goog-20260424.htm ; https://www.sec.gov/Archives/edgar/data/1652044/000130817925000511/goog012701-def14a.htm,85,batch135
2063,Alphabet,4.3-data-security-privacy-ai,Does the AI policy explicitly cover data security and personal data privacy?,Yes,No,High,High,3,2,https://www.sec.gov/Archives/edgar/data/1652044/000130817926000342/goog-20260424.htm ; https://www.sec.gov/Archives/edgar/data/1652044/000130817926000342/goog-20260424.htm ; https://www.sec.gov/Archives/edgar/data/1652044/000130817925000511/goog012701-def14a.htm,https://www.sec.gov/Archives/edgar/data/1652044/000130817926000342/goog-20260424.htm ; https://www.sec.gov/Archives/edgar/data/1652044/000130817925000511/goog012701-def14a.htm,85,batch135
2063,Alphabet,4.4-third-party-ai-risk,Does the company have a policy for managing third-party AI risks?,No,No,High,High,2,1,https://www.sec.gov/Archives/edgar/data/1652044/000165204424000022/goog-20231231.htm ; https://www.board-cybersecurity.com/annual-reports/tracker/20250204-alphabet-inc-cybersecurity-10k,https://www.board-cybersecurity.com/annual-reports/tracker/20250204-alphabet-inc-cybersecurity-10k,85,batch135
2063,Alphabet,5.1-ai-kpis-quantified,Does the company disclose quantified AI-specific KPIs that it tracks internally?,No,No,High,High,0,0,,,85,batch135
2063,Alphabet,5.1a-ai-kpis-qualitative,Does the company reference internally tracked AI metrics qualitatively?,No,No,High,High,0,0,,,85,batch135
2063,Alphabet,5.2-ai-financial-impact-quantified,Does the company disclose quantified AI-attributable revenue or cost savings?,No,No,High,High,0,0,,,85,batch135
2063,Alphabet,5.2a-ai-financial-impact-qualitative,Does the company qualitatively attribute revenue or cost impact to AI?,No,No,High,High,0,0,,,85,batch135
2063,Alphabet,6.1-ai-reskilling-programme,Has the company established a named workforce AI reskilling/upskilling programme?,No,No,High,High,0,0,,,85,batch135
2063,Alphabet,6.1a-ai-reskilling-commitment,Has the company stated a commitment to AI reskilling or upskilling?,No,No,High,High,0,0,,,85,batch135
2063,Alphabet,6.2-ai-training-headcount,Does the company disclose the number of employees that completed AI training in the reporting year?,No,No,High,High,0,0,,,85,batch135
2063,Alphabet,7.1-strategic-ai-partnerships,Has the company disclosed strategic partnerships with foundation-model providers or hyperscalers?,No,No,High,High,0,0,,,85,batch135
2063,Alphabet,8.1-ai-literacy-community,Does the company support AI literacy or digital-skills initiatives in the wider community?,No,No,High,High,0,0,,,85,batch135
2063,Alphabet,8.2-ai-public-policy-advocacy,Does the company engage in public policy advocacy related to AI ethics and governance?,Yes,Yes,High,High,1,1,https://www.sec.gov/Archives/edgar/data/1652044/000130817926000342/goog-20260424.htm,https://www.sec.gov/Archives/edgar/data/1652044/000130817926000342/goog-20260424.htm,85,batch135
2063,Alphabet,9.1-ai-risk-factor-disclosure,"Does the company disclose AI as a material risk factor in its 10-K, 20-F or equivalent annual filing?",Yes,Yes,High,High,3,3,https://www.sec.gov/Archives/edgar/data/1652044/000165204426000018/goog-20251231.htm ; https://www.sec.gov/Archives/edgar/data/1652044/000165204426000018/goog-20251231.htm ; https://www.sec.gov/Archives/edgar/data/1652044/000165204426000018/goog-20251231.htm,https://www.sec.gov/Archives/edgar/data/1652044/000165204426000018/goog-20251231.htm ; https://www.sec.gov/Archives/edgar/data/1652044/000165204426000018/goog-20251231.htm ; https://www.sec.gov/Archives/edgar/data/1652044/000165204426000018/goog-20251231.htm,85,batch135
2063,Alphabet,9.2-ai-capex-rd-quantified,"Does the company quantify AI-related capex, R&D investment, or infrastructure commitment?",No,No,High,High,0,1,,https://www.bitget.com/wiki/alphabet-stock-earnings,85,batch135
2063,Alphabet,9.3-ai-business-model-risk,Does the company disclose AI as a competitive risk to its existing business model?,Yes,Yes,High,High,2,2,https://www.sec.gov/Archives/edgar/data/1652044/000165204426000018/goog-20251231.htm ; https://www.sec.gov/Archives/edgar/data/1652044/000165204426000018/goog-20251231.htm,https://www.sec.gov/Archives/edgar/data/1652044/000165204426000018/goog-20251231.htm ; https://www.sec.gov/Archives/edgar/data/1652044/000165204426000018/goog-20251231.htm,85,batch135
2063,Alphabet,9.4-ai-incident-disclosure,Has the company disclosed any AI-related incidents or near-misses?,No,No,High,High,0,0,,,85,batch135
866,Apple,1.1-ai-strategy-objectives,Does the company state a formal AI strategy with defined objectives?,No,No,High,High,0,0,,,85,batch135
866,Apple,1.1a-ai-strategic-priority,Does the company name AI as a stated strategic priority?,No,No,High,High,0,1,,https://www.sec.gov/Archives/edgar/data/320193/000032019325000079/aapl-20250927.htm,85,batch135
866,Apple,1.2-ai-competitive-driver,Is AI mentioned as a material driver of the company's competitive strategy?,No,No,High,High,0,2,,https://www.sec.gov/Archives/edgar/data/320193/000032019325000079/aapl-20250927.htm ; https://www.sec.gov/Archives/edgar/data/320193/000109690625000100/nlpc_px14a6g.htm,85,batch135
866,Apple,1.3-ai-technology-differentiation,Does the company distinguish between traditional/predictive AI and generative AI in its disclosures?,Yes,Yes,High,High,6,4,https://developer.apple.com/machine-learning/ ; https://developer.apple.com/machine-learning/ ; https://developer.apple.com/videos/play/wwdc2025/360/ ; https://developer.apple.com/videos/play/wwdc2025/360/ ; https://www.apple.com/legal/ai-regulations/training-data/ ; https://www.apple.com/legal/ai-regulations/training-data/,https://developer.apple.com/machine-learning/ ; https://developer.apple.com/machine-learning/ ; https://www.apple.com/legal/ai-regulations/training-data/ ; https://developer.apple.com/machine-learning/,85,batch135
866,Apple,1.4-ai-regulation-readiness,Does the company disclose readiness for emerging AI regulations?,No,No,High,High,2,0,https://www.sec.gov/Archives/edgar/data/320193/000130817925000008/aapl4359751-def14a.htm ; https://www.sec.gov/Archives/edgar/data/320193/000130817925000008/aapl4359751-def14a.htm,,85,batch135
866,Apple,2.1-ai-use-cases-count,Does the company disclose a specific number of AI use cases (in production or piloting)?,No,No,High,High,0,0,,,85,batch135
866,Apple,2.1a-ai-use-cases-qualitative,Does the company reference multiple AI use cases qualitatively?,Yes,Partial,High,Low,2,2,https://www.apple.com/legal/dsa/20232808_app-store_risk-assessment-report_non-confidential.pdf ; https://developer.apple.com/videos/play/wwdc2025/360/,https://www.apple.com/legal/dsa/20232808_app-store_risk-assessment-report_non-confidential.pdf ; https://developer.apple.com/machine-learning/,85,batch135
866,Apple,2.2-ai-production-pilot-breakdown,Does the company disclose a breakdown of AI use cases by production vs pilot stage?,No,No,High,High,0,0,,,85,batch135
866,Apple,2.2a-ai-production-deployment,Has the company stated any AI use case as in production?,Yes,Yes,High,High,1,2,https://www.sec.gov/files/corpfin/no-action/14a-8/aflcioapple010324-14a8.pdf,https://www.sec.gov/files/corpfin/no-action/14a-8/aflcioapple010324-14a8.pdf ; https://developer.apple.com/machine-learning/,85,batch135
866,Apple,2.3-ai-use-case-descriptions,Does the company provide qualitative descriptions of AI use cases in key business areas?,No,No,High,High,0,0,,,85,batch135
866,Apple,3.1-board-oversight-ai-charter,"Does the board (or a board committee) have an explicit, documented charter mandate for AI strategy and risk?",No,No,High,High,2,1,https://www.sec.gov/Archives/edgar/data/320193/000130817926000008/aapl014016-def14a.htm ; https://www.sec.gov/Archives/edgar/data/320193/000130817925000008/aapl4359751-def14a.htm,https://www.sec.gov/Archives/edgar/data/320193/000130817926000008/aapl014016-def14a.htm,85,batch135
866,Apple,3.1a-ai-board-discussion,Is AI risk or oversight discussed by the board in proxy or 10-K?,Yes,Yes,High,High,1,1,https://s2.q4cdn.com/470004039/files/doc_financials/2026/Proxy_Statement_2026.pdf,https://s2.q4cdn.com/470004039/files/doc_financials/2026/Proxy_Statement_2026.pdf,85,batch135
866,Apple,3.2-ai-leadership-accountability,Has the company appointed a named senior executive accountable for AI?,Yes,Yes,High,Medium,1,1,https://www.sec.gov/Archives/edgar/data/320193/000130817925000008/aapl4359751-def14a.htm,https://www.sec.gov/Archives/edgar/data/320193/000130817925000008/aapl4359751-def14a.htm,85,batch135
866,Apple,3.3-ai-governance-committees,Has the company established a cross-functional AI governance/ethics committee at management level?,Partial,Yes,High,High,2,2,https://www.sec.gov/Archives/edgar/data/320193/000130817925000008/aapl4359751-def14a.htm ; https://www.apple.com/legal/dsa/20232808_app-store_risk-assessment-report_non-confidential.pdf,https://www.sec.gov/Archives/edgar/data/320193/000130817925000008/aapl4359751-def14a.htm ; https://www.apple.com/legal/privacy/en-ww/governance/,85,batch135
866,Apple,3.4-ai-safety-robustness,Does the company disclose AI safety and robustness testing practices?,Yes,Yes,High,High,3,4,https://machinelearning.apple.com/research/apple-foundation-models-2025-updates ; https://machinelearning.apple.com/research/apple-foundation-models-2025-updates ; https://machinelearning.apple.com/research/apple-foundation-models-2025-updates,https://machinelearning.apple.com/research/apple-foundation-models-2025-updates ; https://machinelearning.apple.com/research/apple-foundation-models-2025-updates ; https://machinelearning.apple.com/research/apple-foundation-models-2025-updates ; https://machinelearning.apple.com/research/apple-foundation-models-2025-updates,85,batch135
866,Apple,4.1-ai-policy-published,"Has the company published a formal AI policy, principles, or responsible-AI framework?",Yes,Yes,High,High,2,2,https://www.sec.gov/Archives/edgar/data/320193/000130817926000008/aapl014016-def14a.htm ; https://www.sec.gov/Archives/edgar/data/320193/000130817925000008/aapl4359751-def14a.htm,https://www.sec.gov/Archives/edgar/data/320193/000130817926000008/aapl014016-def14a.htm ; https://www.sec.gov/Archives/edgar/data/320193/000130817925000008/aapl4359751-def14a.htm,85,batch135
866,Apple,4.1a-ai-policy-internal,Has the company referenced an internal AI policy or guidelines?,Yes,Yes,High,High,3,3,https://www.sec.gov/Archives/edgar/data/320193/000130817925000008/aapl4359751-def14a.htm ; https://machinelearning.apple.com/research/apple-foundation-models-2025-updates ; https://machinelearning.apple.com/research/apple-foundation-models-2025-updates,https://www.sec.gov/Archives/edgar/data/320193/000130817925000008/aapl4359751-def14a.htm ; https://www.sec.gov/Archives/edgar/data/320193/000130817925000008/aapl4359751-def14a.htm ; https://machinelearning.apple.com/research/apple-foundation-models-2025-updates,85,batch135
866,Apple,4.2-operationalisation-ai-principles,"Does the company describe how AI principles are operationalised (controls, processes, KPIs)?",Yes,Yes,High,High,4,4,https://machinelearning.apple.com/research/apple-foundation-models-2025-updates ; https://machinelearning.apple.com/research/apple-foundation-models-2025-updates ; https://machinelearning.apple.com/research/apple-foundation-models-2025-updates ; https://www.sec.gov/Archives/edgar/data/320193/000130817925000008/aapl4359751-def14a.htm,https://machinelearning.apple.com/research/apple-foundation-models-2025-updates ; https://machinelearning.apple.com/research/apple-foundation-models-2025-updates ; https://machinelearning.apple.com/research/apple-foundation-models-2025-updates ; https://www.sec.gov/Archives/edgar/data/320193/000130817925000008/aapl4359751-def14a.htm,85,batch135
866,Apple,4.3-data-security-privacy-ai,Does the AI policy explicitly cover data security and personal data privacy?,No,No,High,High,3,3,https://www.sec.gov/Archives/edgar/data/320193/000130817926000008/aapl014016-def14a.htm ; https://www.apple.com/legal/ai-regulations/training-data/ ; https://www.apple.com/legal/privacy/en-ww/governance/,https://www.sec.gov/Archives/edgar/data/320193/000130817926000008/aapl014016-def14a.htm ; https://www.apple.com/legal/ai-regulations/training-data/ ; https://www.apple.com/legal/privacy/en-ww/governance/,85,batch135
866,Apple,4.4-third-party-ai-risk,Does the company have a policy for managing third-party AI risks?,No,No,High,High,0,0,,,85,batch135
866,Apple,5.1-ai-kpis-quantified,Does the company disclose quantified AI-specific KPIs that it tracks internally?,No,No,High,High,0,0,,,85,batch135
866,Apple,5.1a-ai-kpis-qualitative,Does the company reference internally tracked AI metrics qualitatively?,No,No,High,High,0,0,,,85,batch135
866,Apple,5.2-ai-financial-impact-quantified,Does the company disclose quantified AI-attributable revenue or cost savings?,No,No,High,High,0,0,,,85,batch135
866,Apple,5.2a-ai-financial-impact-qualitative,Does the company qualitatively attribute revenue or cost impact to AI?,No,No,High,High,0,0,,,85,batch135
866,Apple,6.1-ai-reskilling-programme,Has the company established a named workforce AI reskilling/upskilling programme?,No,No,High,High,0,0,,,85,batch135
866,Apple,6.1a-ai-reskilling-commitment,Has the company stated a commitment to AI reskilling or upskilling?,No,No,High,High,0,0,,,85,batch135
866,Apple,6.2-ai-training-headcount,Does the company disclose the number of employees that completed AI training in the reporting year?,No,No,High,High,0,0,,,85,batch135
866,Apple,7.1-strategic-ai-partnerships,Has the company disclosed strategic partnerships with foundation-model providers or hyperscalers?,Yes,Yes,High,High,2,1,https://www.sec.gov/Archives/edgar/data/320193/000130817925000008/aapl4359751-def14a.htm ; https://www.sec.gov/Archives/edgar/data/320193/000130817925000008/aapl4359751-def14a.htm,https://www.sec.gov/Archives/edgar/data/320193/000130817925000008/aapl4359751-def14a.htm,85,batch135
866,Apple,8.1-ai-literacy-community,Does the company support AI literacy or digital-skills initiatives in the wider community?,No,No,High,High,0,0,,,85,batch135
866,Apple,8.2-ai-public-policy-advocacy,Does the company engage in public policy advocacy related to AI ethics and governance?,No,No,High,High,0,0,,,85,batch135
866,Apple,9.1-ai-risk-factor-disclosure,"Does the company disclose AI as a material risk factor in its 10-K, 20-F or equivalent annual filing?",Yes,Yes,High,High,2,1,https://www.sec.gov/Archives/edgar/data/320193/000032019325000079/aapl-20250927.htm ; https://www.sec.gov/Archives/edgar/data/320193/000032019325000079/aapl-20250927.htm,https://www.sec.gov/Archives/edgar/data/320193/000032019325000079/aapl-20250927.htm,85,batch135
866,Apple,9.2-ai-capex-rd-quantified,"Does the company quantify AI-related capex, R&D investment, or infrastructure commitment?",No,No,High,High,0,0,,,85,batch135
866,Apple,9.3-ai-business-model-risk,Does the company disclose AI as a competitive risk to its existing business model?,No,No,High,High,2,2,https://www.sec.gov/Archives/edgar/data/320193/000032019325000079/aapl-20250927.htm ; https://www.sec.gov/Archives/edgar/data/320193/000032019325000079/aapl-20250927.htm,https://www.sec.gov/Archives/edgar/data/320193/000032019325000079/aapl-20250927.htm ; https://www.sec.gov/Archives/edgar/data/320193/000032019325000079/aapl-20250927.htm,85,batch135
866,Apple,9.4-ai-incident-disclosure,Has the company disclosed any AI-related incidents or near-misses?,No,No,High,High,0,0,,,85,batch135
2412,Tesla,1.1-ai-strategy-objectives,Does the company state a formal AI strategy with defined objectives?,No,No,High,High,3,2,https://www.sec.gov/Archives/edgar/data/1318605/000162828026003952/tsla-20251231.htm ; https://www.sec.gov/Archives/edgar/data/1318605/000162828026026673/tsla-20260331.htm ; https://www.sec.gov/Archives/edgar/data/1318605/000110465925087598/tm252289-4_pre14a.htm,https://www.sec.gov/Archives/edgar/data/1318605/000162828026003952/tsla-20251231.htm ; https://www.sec.gov/Archives/edgar/data/1318605/000162828026003952/tsla-20251231.htm,85,batch135
2412,Tesla,1.1a-ai-strategic-priority,Does the company name AI as a stated strategic priority?,Yes,Yes,High,High,2,2,https://www.sec.gov/Archives/edgar/data/1318605/000110465925087598/tm252289-4_pre14a.htm ; https://www.sec.gov/Archives/edgar/data/1318605/000110465925087598/tm252289-4_pre14a.htm,https://www.sec.gov/Archives/edgar/data/1318605/000162828026003952/tsla-20251231.htm ; https://www.sec.gov/Archives/edgar/data/1318605/000162828026003952/tsla-20251231.htm,85,batch135
2412,Tesla,1.2-ai-competitive-driver,Is AI mentioned as a material driver of the company's competitive strategy?,Yes,Yes,High,High,3,2,https://www.sec.gov/Archives/edgar/data/1318605/000162828026003952/tsla-20251231.htm ; https://www.fool.com/earnings/call-transcripts/2026/01/28/tesla-tsla-q4-2025-earnings-call-transcript/ ; https://www.sec.gov/Archives/edgar/data/1318605/000110465925087598/tm252289-4_pre14a.htm,https://www.sec.gov/Archives/edgar/data/1318605/000162828026003952/tsla-20251231.htm ; https://www.sec.gov/Archives/edgar/data/1318605/000162828026003952/tsla-20251231.htm,85,batch135
2412,Tesla,1.3-ai-technology-differentiation,Does the company distinguish between traditional/predictive AI and generative AI in its disclosures?,No,No,Medium,High,1,2,https://www.stockinsights.ai/us/TSLA/earnings-transcript/fy25-q2-70d9,https://www.sec.gov/Archives/edgar/data/1318605/000162828026003952/tsla-20251231.htm ; https://www.fool.com/earnings/call-transcripts/2026/01/28/tesla-tsla-q4-2025-earnings-call-transcript/,85,batch135
2412,Tesla,1.4-ai-regulation-readiness,Does the company disclose readiness for emerging AI regulations?,No,No,High,High,0,0,,,85,batch135
2412,Tesla,2.1-ai-use-cases-count,Does the company disclose a specific number of AI use cases (in production or piloting)?,No,No,High,High,0,0,,,85,batch135
2412,Tesla,2.1a-ai-use-cases-qualitative,Does the company reference multiple AI use cases qualitatively?,Yes,Yes,High,High,1,2,https://www.sec.gov/Archives/edgar/data/1318605/000162828026003952/tsla-20251231.htm,https://www.sec.gov/Archives/edgar/data/1318605/000162828026003952/tsla-20251231.htm ; https://www.sec.gov/Archives/edgar/data/1318605/000162828026003952/tsla-20251231.htm,85,batch135
2412,Tesla,2.2-ai-production-pilot-breakdown,Does the company disclose a breakdown of AI use cases by production vs pilot stage?,No,No,High,High,0,0,,,85,batch135
2412,Tesla,2.2a-ai-production-deployment,Has the company stated any AI use case as in production?,Yes,Yes,High,High,1,2,https://ir.tesla.com/_flysystem/s3/sec/000162828025003063/tsla-20241231-gen.pdf,https://ir.tesla.com/_flysystem/s3/sec/000162828025003063/tsla-20241231-gen.pdf ; https://www.sec.gov/Archives/edgar/data/1318605/000162828026003952/tsla-20251231.htm,85,batch135
2412,Tesla,2.3-ai-use-case-descriptions,Does the company provide qualitative descriptions of AI use cases in key business areas?,Yes,Yes,High,High,2,1,https://www.sec.gov/Archives/edgar/data/1318605/000162828026026673/tsla-20260331.htm ; https://www.fool.com/earnings/call-transcripts/2026/01/28/tesla-tsla-q4-2025-earnings-call-transcript/,https://www.sec.gov/Archives/edgar/data/1318605/000162828026003952/tsla-20251231.htm,85,batch135
2412,Tesla,3.1-board-oversight-ai-charter,"Does the board (or a board committee) have an explicit, documented charter mandate for AI strategy and risk?",No,No,High,High,2,0,https://www.sec.gov/Archives/edgar/data/1318605/000162828026003952/tsla-20251231.htm ; https://www.sec.gov/Archives/edgar/data/1318605/000110465924048040/tm2326076d13_pre14a.htm,,85,batch135
2412,Tesla,3.1a-ai-board-discussion,Is AI risk or oversight discussed by the board in proxy or 10-K?,No,No,High,High,0,0,,,85,batch135
2412,Tesla,3.2-ai-leadership-accountability,Has the company appointed a named senior executive accountable for AI?,No,No,High,High,0,0,,,85,batch135
2412,Tesla,3.3-ai-governance-committees,Has the company established a cross-functional AI governance/ethics committee at management level?,No,No,High,High,0,0,,,85,batch135
2412,Tesla,3.4-ai-safety-robustness,Does the company disclose AI safety and robustness testing practices?,No,No,High,High,1,0,https://www.fool.com/earnings/call-transcripts/2026/01/28/tesla-tsla-q4-2025-earnings-call-transcript/,,85,batch135
2412,Tesla,4.1-ai-policy-published,"Has the company published a formal AI policy, principles, or responsible-AI framework?",No,No,High,High,0,0,,,85,batch135
2412,Tesla,4.1a-ai-policy-internal,Has the company referenced an internal AI policy or guidelines?,No,No,High,High,0,0,,,85,batch135
2412,Tesla,4.2-operationalisation-ai-principles,"Does the company describe how AI principles are operationalised (controls, processes, KPIs)?",No,No,High,High,0,0,,,85,batch135
2412,Tesla,4.3-data-security-privacy-ai,Does the AI policy explicitly cover data security and personal data privacy?,No,No,High,High,0,0,,,85,batch135
2412,Tesla,4.4-third-party-ai-risk,Does the company have a policy for managing third-party AI risks?,No,No,High,High,1,1,https://www.sec.gov/Archives/edgar/data/1318605/000162828026003952/tsla-20251231.htm,https://www.sec.gov/Archives/edgar/data/1318605/000162828026003952/tsla-20251231.htm,85,batch135
2412,Tesla,5.1-ai-kpis-quantified,Does the company disclose quantified AI-specific KPIs that it tracks internally?,No,No,High,High,0,0,,,85,batch135
2412,Tesla,5.1a-ai-kpis-qualitative,Does the company reference internally tracked AI metrics qualitatively?,Yes,No,High,High,1,0,https://www.fool.com/earnings/call-transcripts/2026/01/28/tesla-tsla-q4-2025-earnings-call-transcript/,,85,batch135
2412,Tesla,5.2-ai-financial-impact-quantified,Does the company disclose quantified AI-attributable revenue or cost savings?,No,No,High,High,1,2,https://www.sec.gov/Archives/edgar/data/1318605/000162828026026673/tsla-20260331.htm,https://www.sec.gov/Archives/edgar/data/1318605/000162828026026673/tsla-20260331.htm ; https://www.sec.gov/Archives/edgar/data/1318605/000162828026026673/tsla-20260331.htm,85,batch135
2412,Tesla,5.2a-ai-financial-impact-qualitative,Does the company qualitatively attribute revenue or cost impact to AI?,No,No,High,High,2,2,https://www.sec.gov/Archives/edgar/data/1318605/000110465925087598/tm252289-4_pre14a.htm ; https://www.sec.gov/Archives/edgar/data/1318605/000162828026003952/tsla-20251231.htm,https://www.sec.gov/Archives/edgar/data/1318605/000110465925087598/tm252289-4_pre14a.htm ; https://www.sec.gov/Archives/edgar/data/1318605/000162828026026673/tsla-20260331.htm,85,batch135
2412,Tesla,6.1-ai-reskilling-programme,Has the company established a named workforce AI reskilling/upskilling programme?,No,No,High,High,2,1,https://www.sec.gov/Archives/edgar/data/1318605/000162828026003952/tsla-20251231.htm ; https://ir.tesla.com/_flysystem/s3/sec/000162828025003063/tsla-20241231-gen.pdf,https://ir.tesla.com/_flysystem/s3/sec/000162828025003063/tsla-20241231-gen.pdf,85,batch135
2412,Tesla,6.1a-ai-reskilling-commitment,Has the company stated a commitment to AI reskilling or upskilling?,No,No,High,High,0,0,,,85,batch135
2412,Tesla,6.2-ai-training-headcount,Does the company disclose the number of employees that completed AI training in the reporting year?,No,No,High,High,0,0,,,85,batch135
2412,Tesla,7.1-strategic-ai-partnerships,Has the company disclosed strategic partnerships with foundation-model providers or hyperscalers?,No,Yes,High,High,2,1,https://www.sec.gov/Archives/edgar/data/1318605/000110465925087598/tm252289-4_pre14a.htm ; https://www.sec.gov/Archives/edgar/data/1318605/000162828026003952/tsla-20251231.htm,https://www.sec.gov/Archives/edgar/data/1318605/000162828026003952/tsla-20251231.htm,85,batch135
2412,Tesla,8.1-ai-literacy-community,Does the company support AI literacy or digital-skills initiatives in the wider community?,No,No,High,High,0,0,,,85,batch135
2412,Tesla,8.2-ai-public-policy-advocacy,Does the company engage in public policy advocacy related to AI ethics and governance?,No,No,High,High,0,0,,,85,batch135
2412,Tesla,9.1-ai-risk-factor-disclosure,"Does the company disclose AI as a material risk factor in its 10-K, 20-F or equivalent annual filing?",Yes,Yes,High,High,2,1,https://www.sec.gov/Archives/edgar/data/1318605/000162828026003952/tsla-20251231.htm ; https://www.sec.gov/Archives/edgar/data/1318605/000162828026003952/tsla-20251231.htm,https://www.sec.gov/Archives/edgar/data/1318605/000162828026003952/tsla-20251231.htm,85,batch135
2412,Tesla,9.2-ai-capex-rd-quantified,"Does the company quantify AI-related capex, R&D investment, or infrastructure commitment?",Yes,Yes,High,High,2,1,https://www.fool.com/earnings/call-transcripts/2026/01/28/tesla-tsla-q4-2025-earnings-call-transcript/ ; https://www.sec.gov/Archives/edgar/data/1318605/000162828026026673/tsla-20260331.htm,https://www.sec.gov/Archives/edgar/data/1318605/000162828026026673/tsla-20260331.htm,85,batch135
2412,Tesla,9.3-ai-business-model-risk,Does the company disclose AI as a competitive risk to its existing business model?,No,No,High,High,0,0,,,85,batch135
2412,Tesla,9.4-ai-incident-disclosure,Has the company disclosed any AI-related incidents or near-misses?,No,No,High,High,0,0,,,85,batch135
1914,360 Security,1.1-ai-strategy-objectives,Does the company state a formal AI strategy with defined objectives?,No,MISSING,High,,2,0,https://static.cninfo.com.cn/finalpage/2026-04-30/1225257356.PDF ; https://static.cninfo.com.cn/finalpage/2026-04-30/1225257356.PDF,,85,batch135
1914,360 Security,1.1a-ai-strategic-priority,Does the company name AI as a stated strategic priority?,Yes,MISSING,High,,3,0,https://static.cninfo.com.cn/finalpage/2026-04-30/1225257356.PDF ; https://static.cninfo.com.cn/finalpage/2026-04-30/1225257356.PDF ; https://static.cninfo.com.cn/finalpage/2026-04-30/1225257356.PDF,,85,batch135
1914,360 Security,1.2-ai-competitive-driver,Is AI mentioned as a material driver of the company's competitive strategy?,Yes,MISSING,High,,2,0,https://static.cninfo.com.cn/finalpage/2026-04-30/1225257356.PDF ; https://static.cninfo.com.cn/finalpage/2026-04-30/1225257356.PDF,,85,batch135
1914,360 Security,1.3-ai-technology-differentiation,Does the company distinguish between traditional/predictive AI and generative AI in its disclosures?,Yes,MISSING,High,,2,0,https://static.cninfo.com.cn/finalpage/2026-04-30/1225257356.PDF ; https://static.cninfo.com.cn/finalpage/2026-04-30/1225257356.PDF,,85,batch135
1914,360 Security,1.4-ai-regulation-readiness,Does the company disclose readiness for emerging AI regulations?,No,MISSING,High,,1,0,https://static.cninfo.com.cn/finalpage/2026-04-30/1225257356.PDF,,85,batch135
1914,360 Security,2.1-ai-use-cases-count,Does the company disclose a specific number of AI use cases (in production or piloting)?,No,MISSING,High,,1,0,https://static.cninfo.com.cn/finalpage/2026-04-30/1225257356.PDF,,85,batch135
1914,360 Security,2.1a-ai-use-cases-qualitative,Does the company reference multiple AI use cases qualitatively?,Yes,MISSING,High,,1,0,https://static.cninfo.com.cn/finalpage/2026-04-30/1225257356.PDF,,85,batch135
1914,360 Security,2.2-ai-production-pilot-breakdown,Does the company disclose a breakdown of AI use cases by production vs pilot stage?,No,MISSING,High,,1,0,https://static.cninfo.com.cn/finalpage/2026-04-30/1225257356.PDF,,85,batch135
1914,360 Security,2.2a-ai-production-deployment,Has the company stated any AI use case as in production?,Yes,MISSING,High,,2,0,https://static.cninfo.com.cn/finalpage/2026-04-30/1225257356.PDF ; https://static.cninfo.com.cn/finalpage/2026-04-30/1225257356.PDF,,85,batch135
1914,360 Security,2.3-ai-use-case-descriptions,Does the company provide qualitative descriptions of AI use cases in key business areas?,Yes,MISSING,High,,4,0,https://static.cninfo.com.cn/finalpage/2026-04-30/1225257356.PDF ; https://static.cninfo.com.cn/finalpage/2026-04-30/1225257356.PDF ; https://static.cninfo.com.cn/finalpage/2026-04-30/1225257356.PDF ; https://static.cninfo.com.cn/finalpage/2026-04-30/1225257356.PDF,,85,batch135
1914,360 Security,3.1-board-oversight-ai-charter,"Does the board (or a board committee) have an explicit, documented charter mandate for AI strategy and risk?",No,MISSING,High,,0,0,,,85,batch135
1914,360 Security,3.1a-ai-board-discussion,Is AI risk or oversight discussed by the board in proxy or 10-K?,Insufficient evidence,MISSING,Low,,0,0,,,85,batch135
1914,360 Security,3.2-ai-leadership-accountability,Has the company appointed a named senior executive accountable for AI?,No,MISSING,High,,0,0,,,85,batch135
1914,360 Security,3.3-ai-governance-committees,Has the company established a cross-functional AI governance/ethics committee at management level?,No,MISSING,High,,0,0,,,85,batch135
1914,360 Security,3.4-ai-safety-robustness,Does the company disclose AI safety and robustness testing practices?,No,MISSING,High,,2,0,https://static.cninfo.com.cn/finalpage/2026-04-30/1225257356.PDF ; https://static.cninfo.com.cn/finalpage/2026-04-30/1225257356.PDF,,85,batch135
1914,360 Security,4.1-ai-policy-published,"Has the company published a formal AI policy, principles, or responsible-AI framework?",No,MISSING,High,,0,0,,,85,batch135
1914,360 Security,4.1a-ai-policy-internal,Has the company referenced an internal AI policy or guidelines?,No,MISSING,High,,0,0,,,85,batch135
1914,360 Security,4.2-operationalisation-ai-principles,"Does the company describe how AI principles are operationalised (controls, processes, KPIs)?",No,MISSING,High,,0,0,,,85,batch135
1914,360 Security,4.3-data-security-privacy-ai,Does the AI policy explicitly cover data security and personal data privacy?,No,MISSING,High,,1,0,https://static.cninfo.com.cn/finalpage/2026-04-30/1225257356.PDF,,85,batch135
1914,360 Security,4.4-third-party-ai-risk,Does the company have a policy for managing third-party AI risks?,No,MISSING,High,,0,0,,,85,batch135
1914,360 Security,5.1-ai-kpis-quantified,Does the company disclose quantified AI-specific KPIs that it tracks internally?,No,MISSING,High,,2,0,https://static.cninfo.com.cn/finalpage/2026-04-30/1225257356.PDF ; https://static.cninfo.com.cn/finalpage/2026-04-30/1225257356.PDF,,85,batch135
1914,360 Security,5.1a-ai-kpis-qualitative,Does the company reference internally tracked AI metrics qualitatively?,No,MISSING,High,,0,0,,,85,batch135
1914,360 Security,5.2-ai-financial-impact-quantified,Does the company disclose quantified AI-attributable revenue or cost savings?,No,MISSING,High,,0,0,,,85,batch135
1914,360 Security,5.2a-ai-financial-impact-qualitative,Does the company qualitatively attribute revenue or cost impact to AI?,Partial,MISSING,Low,,2,0,https://static.cninfo.com.cn/finalpage/2026-04-30/1225257356.PDF ; https://static.cninfo.com.cn/finalpage/2026-04-30/1225257356.PDF,,85,batch135
1914,360 Security,6.1-ai-reskilling-programme,Has the company established a named workforce AI reskilling/upskilling programme?,No,MISSING,High,,0,0,,,85,batch135
1914,360 Security,6.1a-ai-reskilling-commitment,Has the company stated a commitment to AI reskilling or upskilling?,No,MISSING,High,,0,0,,,85,batch135
1914,360 Security,6.2-ai-training-headcount,Does the company disclose the number of employees that completed AI training in the reporting year?,No,MISSING,High,,0,0,,,85,batch135
1914,360 Security,7.1-strategic-ai-partnerships,Has the company disclosed strategic partnerships with foundation-model providers or hyperscalers?,No,MISSING,High,,0,0,,,85,batch135
1914,360 Security,8.1-ai-literacy-community,Does the company support AI literacy or digital-skills initiatives in the wider community?,No,MISSING,High,,0,0,,,85,batch135
1914,360 Security,8.2-ai-public-policy-advocacy,Does the company engage in public policy advocacy related to AI ethics and governance?,No,MISSING,High,,0,0,,,85,batch135
1914,360 Security,9.1-ai-risk-factor-disclosure,"Does the company disclose AI as a material risk factor in its 10-K, 20-F or equivalent annual filing?",Insufficient evidence,MISSING,Low,,0,0,,,85,batch135
1914,360 Security,9.2-ai-capex-rd-quantified,"Does the company quantify AI-related capex, R&D investment, or infrastructure commitment?",Insufficient evidence,MISSING,Low,,0,0,,,85,batch135
1914,360 Security,9.3-ai-business-model-risk,Does the company disclose AI as a competitive risk to its existing business model?,Insufficient evidence,MISSING,Low,,0,0,,,85,batch135
1914,360 Security,9.4-ai-incident-disclosure,Has the company disclosed any AI-related incidents or near-misses?,Insufficient evidence,MISSING,Low,,0,0,,,85,batch135
